{
    "bans": {
        "previous": {},
        "current": "not banned"
    },
    "id": "175974530098003968",
    "game": {
        "previous": {},
        "current": {
            "url": null,
            "type": null,
            "name": null
        }
    },
    "status": {
        "previous": {
            "26-11-2018_20-36-46-531378": "idle",
            "29-11-2018_21-17-26-105126": "offline",
            "30-11-2018_14-33-05-991723": "online",
            "04-12-2018_21-50-21-537905": "idle",
            "27-11-2018_01-45-46-914286": "online",
            "30-11-2018_15-49-54-556422": "online",
            "28-11-2018_00-16-39-854123": "online",
            "05-12-2018_13-17-03-081678": "online"
        },
        "current": "offline"
    },
    "activity": {},
    "name": {
        "previous": {},
        "current": "Devnepte"
    },
    "colour": {
        "previous": {},
        "current": 15765983
    },
    "discriminator": {
        "previous": {},
        "current": "3909"
    },
    "roles": {
        "previous": {
            "29-11-2018_15-14-54-884202": {
                "403243508833452032": {
                    "colour": 0,
                    "position": 0,
                    "permissions": 104324161,
                    "created_at": "17-01-2018_17-45-44-408000",
                    "name": "@everyone"
                },
                "406515511464165378": {
                    "colour": 15765983,
                    "position": 3,
                    "permissions": 104324169,
                    "created_at": "26-01-2018_18-27-30-626000",
                    "name": "Powwaahhh"
                }
            }
        },
        "current": {
            "403243508833452032": {
                "colour": 0,
                "position": 0,
                "permissions": 104324161,
                "created_at": "17-01-2018_17-45-44-408000",
                "name": "@everyone"
            },
            "406515511464165378": {
                "colour": 15765983,
                "position": 4,
                "permissions": 104324169,
                "created_at": "26-01-2018_18-27-30-626000",
                "name": "Powwaahhh"
            }
        }
    },
    "bot": false,
    "cookies": {
        "cookies_in_jar": 0,
        "get": {
            "average": 0.0,
            "total_cookies": 0
        },
        "cookie_interest": 0,
        "cookie_transfer_quota": 0,
        "current_cookies": 0,
        "total_cookies": 0,
        "active_this_epoch": false,
        "give": {
            "average": 0.0,
            "total_cookies": 0
        },
        "measured_epochs": 2,
        "active_epochs": 0
    },
    "voice": {
        "previous": {},
        "current": {
            "is_afk": false,
            "channel": {
                "private": null,
                "id": null,
                "name": null
            },
            "server_deaf": false,
            "self_deaf": false,
            "self_mute": false,
            "server_mute": false
        }
    },
    "created_at": "30-04-2016_14-19-57-424000",
    "joined_at": {
        "previous": {},
        "current": "26-01-2018_18-26-33-034000"
    },
    "display_name": {
        "previous": {},
        "current": "More Porn Bot"
    }
}