{
    "bans": {
        "previous": {},
        "current": "not banned"
    },
    "id": "327078510558445570",
    "game": {
        "previous": {},
        "current": {
            "url": null,
            "type": null,
            "name": null
        }
    },
    "status": {
        "previous": {
            "23-11-2018_09-56-35-181914": "offline",
            "04-12-2018_21-50-21-537905": "offline",
            "29-11-2018_15-09-24-930495": "online",
            "26-11-2018_18-53-23-927794": "online",
            "29-11-2018_17-47-07-067353": "offline",
            "05-12-2018_14-52-09-779290": "offline",
            "28-11-2018_00-16-39-854123": "offline"
        },
        "current": "online"
    },
    "activity": {
        "2018": {
            "12": {
                "5": {
                    "15": {
                        "403514718482071554": 8,
                        "403243509324447755": 8
                    },
                    "23": {
                        "403514718482071554": 15,
                        "403243509324447755": 12
                    }
                }
            }
        }
    },
    "name": {
        "previous": {},
        "current": "Ely"
    },
    "colour": {
        "previous": {},
        "current": 0
    },
    "discriminator": {
        "previous": {},
        "current": "3141"
    },
    "roles": {
        "previous": {
            "29-11-2018_15-14-54-884202": {
                "403243508833452032": {
                    "colour": 0,
                    "position": 0,
                    "permissions": 104324161,
                    "created_at": "17-01-2018_17-45-44-408000",
                    "name": "@everyone"
                },
                "403244217817628672": {
                    "colour": 0,
                    "position": 2,
                    "permissions": 268823616,
                    "created_at": "17-01-2018_17-48-33-443000",
                    "name": "Elybot"
                }
            }
        },
        "current": {
            "403243508833452032": {
                "colour": 0,
                "position": 0,
                "permissions": 104324161,
                "created_at": "17-01-2018_17-45-44-408000",
                "name": "@everyone"
            },
            "403244217817628672": {
                "colour": 0,
                "position": 3,
                "permissions": 268823616,
                "created_at": "17-01-2018_17-48-33-443000",
                "name": "Elybot"
            }
        }
    },
    "bot": true,
    "cookies": {
        "cookies_in_jar": 0,
        "get": {
            "average": 0.0,
            "total_cookies": 0
        },
        "cookie_interest": 0,
        "cookie_transfer_quota": 0,
        "current_cookies": 0,
        "total_cookies": 0,
        "active_this_epoch": false,
        "give": {
            "average": 0.0,
            "total_cookies": 0
        },
        "measured_epochs": 4,
        "active_epochs": 0
    },
    "voice": {
        "previous": {},
        "current": {
            "is_afk": false,
            "channel": {
                "private": null,
                "id": null,
                "name": null
            },
            "server_deaf": false,
            "self_deaf": false,
            "self_mute": false,
            "server_mute": false
        }
    },
    "created_at": "21-06-2017_13-33-13-742000",
    "joined_at": {
        "previous": {},
        "current": "17-01-2018_17-48-33-459000"
    },
    "display_name": {
        "previous": {},
        "current": "Ely"
    }
}