{
    "status": {
        "current": "offline",
        "previous": {
            "06-12-2018_00-25-10-559318": "online",
            "09-12-2018_10-12-40-202519": "online",
            "06-12-2018_15-40-12-725739": "online",
            "06-12-2018_00-51-35-336974": "offline",
            "06-12-2018_00-22-50-820027": "offline",
            "06-12-2018_19-01-41-672098": "offline",
            "07-12-2018_09-02-35-892853": "online",
            "08-12-2018_15-44-11-058097": "offline",
            "06-12-2018_00-55-15-699438": "online",
            "05-12-2018_23-17-11-812802": "online",
            "06-12-2018_00-34-49-354655": "offline",
            "06-12-2018_00-37-40-719440": "online",
            "05-12-2018_16-27-33-714312": "offline",
            "07-12-2018_19-07-03-633575": "online",
            "06-12-2018_01-05-49-556858": "online",
            "06-12-2018_17-09-51-137367": "online",
            "05-12-2018_23-34-35-600797": "online"
        }
    },
    "voice": {
        "current": {
            "self_mute": false,
            "self_deaf": false,
            "channel": {
                "private": null,
                "name": null,
                "id": null
            },
            "is_afk": false,
            "server_deaf": false,
            "server_mute": false
        },
        "previous": {}
    },
    "discriminator": {
        "current": "9768",
        "previous": {}
    },
    "id": "142379989046788096",
    "display_name": {
        "current": "Ghost of Cwimbus Past",
        "previous": {}
    },
    "colour": {
        "current": 16777215,
        "previous": {
            "07-12-2018_09-02-35-892853": 0,
            "07-12-2018_07-51-11-182069": 1033914
        }
    },
    "joined_at": {
        "current": "03-04-2018_22-07-18-687322",
        "previous": {}
    },
    "roles": {
        "current": {
            "178667818152230912": {
                "colour": 0,
                "name": "@everyone",
                "position": 0,
                "permissions": 0,
                "created_at": "08-05-2016_00-42-07-335000"
            },
            "430760351248809986": {
                "colour": 0,
                "name": "Current Iteration",
                "position": 9,
                "permissions": 0,
                "created_at": "03-04-2018_16-07-50-878000"
            },
            "403266285313589250": {
                "colour": 16777215,
                "name": "Abandoned Ones",
                "position": 11,
                "permissions": 0,
                "created_at": "17-01-2018_19-16-14-744000"
            },
            "403272352223461387": {
                "colour": 0,
                "name": "Members",
                "position": 10,
                "permissions": 104187968,
                "created_at": "17-01-2018_19-40-21-208000"
            }
        },
        "previous": {
            "06-12-2018_01-05-49-556858": {
                "403266269220175892": {
                    "colour": 1033914,
                    "name": "Mythical Ones",
                    "position": 16,
                    "permissions": 262208,
                    "created_at": "17-01-2018_19-16-10-907000"
                },
                "178667818152230912": {
                    "colour": 0,
                    "name": "@everyone",
                    "position": 0,
                    "permissions": 0,
                    "created_at": "08-05-2016_00-42-07-335000"
                },
                "430760351248809986": {
                    "colour": 0,
                    "name": "Current Iteration",
                    "position": 10,
                    "permissions": 0,
                    "created_at": "03-04-2018_16-07-50-878000"
                },
                "403272352223461387": {
                    "colour": 0,
                    "name": "Members",
                    "position": 12,
                    "permissions": 104187968,
                    "created_at": "17-01-2018_19-40-21-208000"
                }
            },
            "07-12-2018_09-02-35-892853": {
                "178667818152230912": {
                    "colour": 0,
                    "name": "@everyone",
                    "position": 0,
                    "permissions": 0,
                    "created_at": "08-05-2016_00-42-07-335000"
                },
                "430760351248809986": {
                    "colour": 0,
                    "name": "Current Iteration",
                    "position": 9,
                    "permissions": 0,
                    "created_at": "03-04-2018_16-07-50-878000"
                },
                "403266285313589250": {
                    "colour": 16777215,
                    "name": "Abandoned Ones",
                    "position": 12,
                    "permissions": 0,
                    "created_at": "17-01-2018_19-16-14-744000"
                },
                "403272352223461387": {
                    "colour": 0,
                    "name": "Members",
                    "position": 11,
                    "permissions": 104187968,
                    "created_at": "17-01-2018_19-40-21-208000"
                }
            },
            "07-12-2018_07-51-11-182069": {
                "403266269220175892": {
                    "colour": 1033914,
                    "name": "Mythical Ones",
                    "position": 15,
                    "permissions": 262208,
                    "created_at": "17-01-2018_19-16-10-907000"
                },
                "178667818152230912": {
                    "colour": 0,
                    "name": "@everyone",
                    "position": 0,
                    "permissions": 0,
                    "created_at": "08-05-2016_00-42-07-335000"
                },
                "430760351248809986": {
                    "colour": 0,
                    "name": "Current Iteration",
                    "position": 9,
                    "permissions": 0,
                    "created_at": "03-04-2018_16-07-50-878000"
                },
                "403272352223461387": {
                    "colour": 0,
                    "name": "Members",
                    "position": 11,
                    "permissions": 104187968,
                    "created_at": "17-01-2018_19-40-21-208000"
                }
            }
        }
    },
    "name": {
        "current": "The Ghost of Crimbus Shiny",
        "previous": {}
    },
    "created_at": "28-01-2016_21-27-14-681000",
    "activity": {
        "2018": {
            "12": {
                "6": {
                    "6": {
                        "403084813680115712": 1
                    }
                }
            }
        }
    },
    "bot": false,
    "cookies": {
        "active_epochs": 0,
        "cookie_interest": 0,
        "measured_epochs": 1,
        "get": {
            "total_cookies": 0,
            "average": 0.0
        },
        "cookies_in_jar": 0,
        "total_cookies": 0,
        "active_this_epoch": false,
        "give": {
            "total_cookies": 0,
            "average": 0.0
        },
        "current_cookies": 0,
        "cookie_transfer_quota": 0
    },
    "bans": {
        "current": "not banned",
        "previous": {}
    },
    "game": {
        "current": {
            "name": null,
            "url": null,
            "type": null
        },
        "previous": {}
    }
}