{
    "status": {
        "current": "offline",
        "previous": {
            "09-12-2018_10-10-43-790279": "offline",
            "06-12-2018_19-01-41-672098": "offline",
            "06-12-2018_15-04-14-303670": "offline",
            "06-12-2018_00-51-35-336974": "online",
            "06-12-2018_17-09-51-137367": "online",
            "06-12-2018_15-16-54-897558": "online",
            "07-12-2018_09-02-35-892853": "online",
            "05-12-2018_15-38-01-422650": "online",
            "07-12-2018_07-42-43-243407": "online",
            "08-12-2018_15-44-11-058097": "online",
            "06-12-2018_15-12-52-654103": "online",
            "05-12-2018_16-23-43-417186": "offline",
            "09-12-2018_10-12-40-202519": "online",
            "05-12-2018_16-27-33-714312": "offline",
            "07-12-2018_19-07-03-633575": "idle",
            "06-12-2018_15-40-12-725739": "online",
            "06-12-2018_01-05-49-556858": "online",
            "06-12-2018_15-14-45-002165": "offline",
            "07-12-2018_07-51-11-182069": "online"
        }
    },
    "voice": {
        "current": {
            "self_mute": false,
            "self_deaf": false,
            "channel": {
                "private": null,
                "name": null,
                "id": null
            },
            "is_afk": false,
            "server_deaf": false,
            "server_mute": false
        },
        "previous": {}
    },
    "discriminator": {
        "current": "6009",
        "previous": {}
    },
    "id": "142379949783777281",
    "display_name": {
        "current": "FrostFlame",
        "previous": {}
    },
    "colour": {
        "current": 16777215,
        "previous": {}
    },
    "joined_at": {
        "current": "20-02-2018_20-57-08-520487",
        "previous": {}
    },
    "roles": {
        "current": {
            "178667818152230912": {
                "position": 0,
                "colour": 0,
                "name": "@everyone",
                "permissions": 0,
                "created_at": "08-05-2016_00-42-07-335000"
            },
            "430760351248809986": {
                "position": 9,
                "colour": 0,
                "name": "Current Iteration",
                "permissions": 0,
                "created_at": "03-04-2018_16-07-50-878000"
            },
            "403266285313589250": {
                "position": 11,
                "colour": 16777215,
                "name": "Abandoned Ones",
                "permissions": 0,
                "created_at": "17-01-2018_19-16-14-744000"
            },
            "403272352223461387": {
                "position": 10,
                "colour": 0,
                "name": "Members",
                "permissions": 104187968,
                "created_at": "17-01-2018_19-40-21-208000"
            }
        },
        "previous": {
            "06-12-2018_01-05-49-556858": {
                "178667818152230912": {
                    "position": 0,
                    "colour": 0,
                    "name": "@everyone",
                    "permissions": 0,
                    "created_at": "08-05-2016_00-42-07-335000"
                },
                "430760351248809986": {
                    "position": 10,
                    "colour": 0,
                    "name": "Current Iteration",
                    "permissions": 0,
                    "created_at": "03-04-2018_16-07-50-878000"
                },
                "403266285313589250": {
                    "position": 13,
                    "colour": 16777215,
                    "name": "Abandoned Ones",
                    "permissions": 0,
                    "created_at": "17-01-2018_19-16-14-744000"
                },
                "403272352223461387": {
                    "position": 12,
                    "colour": 0,
                    "name": "Members",
                    "permissions": 104187968,
                    "created_at": "17-01-2018_19-40-21-208000"
                }
            },
            "07-12-2018_09-02-35-892853": {
                "178667818152230912": {
                    "position": 0,
                    "colour": 0,
                    "name": "@everyone",
                    "permissions": 0,
                    "created_at": "08-05-2016_00-42-07-335000"
                },
                "430760351248809986": {
                    "position": 9,
                    "colour": 0,
                    "name": "Current Iteration",
                    "permissions": 0,
                    "created_at": "03-04-2018_16-07-50-878000"
                },
                "403266285313589250": {
                    "position": 12,
                    "colour": 16777215,
                    "name": "Abandoned Ones",
                    "permissions": 0,
                    "created_at": "17-01-2018_19-16-14-744000"
                },
                "403272352223461387": {
                    "position": 11,
                    "colour": 0,
                    "name": "Members",
                    "permissions": 104187968,
                    "created_at": "17-01-2018_19-40-21-208000"
                }
            }
        }
    },
    "name": {
        "current": "FrostFlame",
        "previous": {}
    },
    "created_at": "28-01-2016_21-27-05-320000",
    "activity": {},
    "bot": false,
    "cookies": {
        "active_epochs": 0,
        "cookie_interest": 0,
        "measured_epochs": 1,
        "get": {
            "total_cookies": 0,
            "average": 0.0
        },
        "cookies_in_jar": 0,
        "total_cookies": 0,
        "active_this_epoch": false,
        "give": {
            "total_cookies": 0,
            "average": 0.0
        },
        "current_cookies": 0,
        "cookie_transfer_quota": 0
    },
    "bans": {
        "current": "not banned",
        "previous": {}
    },
    "game": {
        "current": {
            "name": null,
            "url": null,
            "type": null
        },
        "previous": {}
    }
}