{
    "status": {
        "current": "online",
        "previous": {
            "06-12-2018_14-21-28-866312": "online",
            "07-12-2018_19-07-03-633575": "offline",
            "06-12-2018_14-35-48-128249": "offline",
            "06-12-2018_01-05-49-556858": "offline",
            "06-12-2018_19-01-41-672098": "offline",
            "08-12-2018_15-44-11-058097": "offline"
        }
    },
    "voice": {
        "current": {
            "self_mute": false,
            "self_deaf": false,
            "channel": {
                "private": null,
                "name": null,
                "id": null
            },
            "is_afk": false,
            "server_deaf": false,
            "server_mute": false
        },
        "previous": {}
    },
    "discriminator": {
        "current": "6045",
        "previous": {}
    },
    "display_name": {
        "current": "Miki",
        "previous": {}
    },
    "id": "160105994217586689",
    "created_at": "17-03-2016_19-24-03-647000",
    "joined_at": {
        "current": "26-01-2018_22-00-23-635313",
        "previous": {}
    },
    "bot": true,
    "game": {
        "current": {
            "name": null,
            "url": null,
            "type": null
        },
        "previous": {}
    },
    "colour": {
        "current": 7506394,
        "previous": {
            "07-12-2018_09-02-35-892853": 7506394,
            "07-12-2018_19-07-03-633575": 16777215
        }
    },
    "activity": {},
    "bans": {
        "current": "not banned",
        "previous": {}
    },
    "roles": {
        "current": {
            "406569085380329472": {
                "colour": 0,
                "created_at": "26-01-2018_22-00-23-643000",
                "position": 5,
                "permissions": 3405888,
                "name": "Miki"
            },
            "403239438802485259": {
                "colour": 7506394,
                "created_at": "17-01-2018_17-29-34-037000",
                "position": 12,
                "permissions": 7168,
                "name": "Bots"
            },
            "403266285313589250": {
                "colour": 16777215,
                "created_at": "17-01-2018_19-16-14-744000",
                "position": 11,
                "permissions": 0,
                "name": "Abandoned Ones"
            },
            "178667818152230912": {
                "colour": 0,
                "created_at": "08-05-2016_00-42-07-335000",
                "position": 0,
                "permissions": 0,
                "name": "@everyone"
            }
        },
        "previous": {
            "06-12-2018_01-05-49-556858": {
                "406569085380329472": {
                    "colour": 0,
                    "created_at": "26-01-2018_22-00-23-643000",
                    "position": 6,
                    "permissions": 3405888,
                    "name": "Miki"
                },
                "403239438802485259": {
                    "colour": 7506394,
                    "created_at": "17-01-2018_17-29-34-037000",
                    "position": 11,
                    "permissions": 7168,
                    "name": "Bots"
                },
                "178667818152230912": {
                    "colour": 0,
                    "created_at": "08-05-2016_00-42-07-335000",
                    "position": 0,
                    "permissions": 0,
                    "name": "@everyone"
                }
            },
            "07-12-2018_09-02-35-892853": {
                "406569085380329472": {
                    "colour": 0,
                    "created_at": "26-01-2018_22-00-23-643000",
                    "position": 5,
                    "permissions": 3405888,
                    "name": "Miki"
                },
                "403239438802485259": {
                    "colour": 7506394,
                    "created_at": "17-01-2018_17-29-34-037000",
                    "position": 10,
                    "permissions": 7168,
                    "name": "Bots"
                },
                "403266285313589250": {
                    "colour": 16777215,
                    "created_at": "17-01-2018_19-16-14-744000",
                    "position": 12,
                    "permissions": 0,
                    "name": "Abandoned Ones"
                },
                "178667818152230912": {
                    "colour": 0,
                    "created_at": "08-05-2016_00-42-07-335000",
                    "position": 0,
                    "permissions": 0,
                    "name": "@everyone"
                }
            }
        }
    },
    "cookies": {
        "active_epochs": 0,
        "cookie_interest": 0,
        "measured_epochs": 8,
        "get": {
            "total_cookies": 0,
            "average": 0.0
        },
        "cookies_in_jar": 0,
        "total_cookies": 0,
        "active_this_epoch": false,
        "give": {
            "total_cookies": 0,
            "average": 0.0
        },
        "current_cookies": 0,
        "cookie_transfer_quota": 0
    },
    "name": {
        "current": "Miki",
        "previous": {}
    }
}