{
    "status": {
        "current": "offline",
        "previous": {
            "07-12-2018_19-07-03-633575": "idle",
            "06-12-2018_01-05-49-556858": "online",
            "06-12-2018_19-01-41-672098": "online",
            "09-12-2018_10-10-43-790279": "online",
            "08-12-2018_15-44-11-058097": "idle",
            "07-12-2018_07-42-43-243407": "idle",
            "06-12-2018_00-11-55-269398": "offline"
        }
    },
    "voice": {
        "current": {
            "self_mute": false,
            "self_deaf": false,
            "channel": {
                "private": null,
                "name": null,
                "id": null
            },
            "is_afk": false,
            "server_deaf": false,
            "server_mute": false
        },
        "previous": {
            "08-12-2018_15-44-11-058097": {
                "self_mute": false,
                "self_deaf": false,
                "channel": {
                    "private": false,
                    "name": "Under Where",
                    "id": "403086522146095104"
                },
                "is_afk": false,
                "server_deaf": false,
                "server_mute": false
            }
        }
    },
    "discriminator": {
        "current": "3909",
        "previous": {}
    },
    "display_name": {
        "current": "Santa's little daughter",
        "previous": {}
    },
    "id": "175974530098003968",
    "created_at": "30-04-2016_14-19-57-424000",
    "joined_at": {
        "current": "17-01-2018_14-50-31-122000",
        "previous": {}
    },
    "bot": false,
    "game": {
        "current": {
            "name": null,
            "url": null,
            "type": null
        },
        "previous": {}
    },
    "colour": {
        "current": 14747399,
        "previous": {}
    },
    "activity": {},
    "bans": {
        "current": "not banned",
        "previous": {}
    },
    "roles": {
        "current": {
            "404068252361162759": {
                "colour": 0,
                "created_at": "20-01-2018_00-22-58-588000",
                "position": 16,
                "permissions": 0,
                "name": "Under Where?"
            },
            "373129696960970762": {
                "colour": 16711680,
                "created_at": "26-10-2017_15-24-12-170000",
                "position": 18,
                "permissions": 0,
                "name": "Staff"
            },
            "430760351248809986": {
                "colour": 0,
                "created_at": "03-04-2018_16-07-50-878000",
                "position": 9,
                "permissions": 0,
                "name": "Current Iteration"
            },
            "178667818152230912": {
                "colour": 0,
                "created_at": "08-05-2016_00-42-07-335000",
                "position": 0,
                "permissions": 0,
                "name": "@everyone"
            },
            "363695886297071626": {
                "colour": 14747399,
                "created_at": "30-09-2017_14-37-36-436000",
                "position": 22,
                "permissions": 541200384,
                "name": "Event Managers"
            },
            "403266285313589250": {
                "colour": 16777215,
                "created_at": "17-01-2018_19-16-14-744000",
                "position": 11,
                "permissions": 0,
                "name": "Abandoned Ones"
            },
            "403272352223461387": {
                "colour": 0,
                "created_at": "17-01-2018_19-40-21-208000",
                "position": 10,
                "permissions": 104187968,
                "name": "Members"
            }
        },
        "previous": {
            "06-12-2018_01-05-49-556858": {
                "403266269220175892": {
                    "colour": 1033914,
                    "created_at": "17-01-2018_19-16-10-907000",
                    "position": 16,
                    "permissions": 262208,
                    "name": "Mythical Ones"
                },
                "404068252361162759": {
                    "colour": 0,
                    "created_at": "20-01-2018_00-22-58-588000",
                    "position": 17,
                    "permissions": 0,
                    "name": "Under Where?"
                },
                "373129696960970762": {
                    "colour": 16711680,
                    "created_at": "26-10-2017_15-24-12-170000",
                    "position": 19,
                    "permissions": 0,
                    "name": "Staff"
                },
                "430760351248809986": {
                    "colour": 0,
                    "created_at": "03-04-2018_16-07-50-878000",
                    "position": 10,
                    "permissions": 0,
                    "name": "Current Iteration"
                },
                "178667818152230912": {
                    "colour": 0,
                    "created_at": "08-05-2016_00-42-07-335000",
                    "position": 0,
                    "permissions": 0,
                    "name": "@everyone"
                },
                "363695886297071626": {
                    "colour": 14747399,
                    "created_at": "30-09-2017_14-37-36-436000",
                    "position": 23,
                    "permissions": 541200384,
                    "name": "Event Managers"
                },
                "403272352223461387": {
                    "colour": 0,
                    "created_at": "17-01-2018_19-40-21-208000",
                    "position": 12,
                    "permissions": 104187968,
                    "name": "Members"
                }
            },
            "07-12-2018_09-02-35-892853": {
                "404068252361162759": {
                    "colour": 0,
                    "created_at": "20-01-2018_00-22-58-588000",
                    "position": 16,
                    "permissions": 0,
                    "name": "Under Where?"
                },
                "373129696960970762": {
                    "colour": 16711680,
                    "created_at": "26-10-2017_15-24-12-170000",
                    "position": 18,
                    "permissions": 0,
                    "name": "Staff"
                },
                "430760351248809986": {
                    "colour": 0,
                    "created_at": "03-04-2018_16-07-50-878000",
                    "position": 9,
                    "permissions": 0,
                    "name": "Current Iteration"
                },
                "178667818152230912": {
                    "colour": 0,
                    "created_at": "08-05-2016_00-42-07-335000",
                    "position": 0,
                    "permissions": 0,
                    "name": "@everyone"
                },
                "363695886297071626": {
                    "colour": 14747399,
                    "created_at": "30-09-2017_14-37-36-436000",
                    "position": 22,
                    "permissions": 541200384,
                    "name": "Event Managers"
                },
                "403266285313589250": {
                    "colour": 16777215,
                    "created_at": "17-01-2018_19-16-14-744000",
                    "position": 12,
                    "permissions": 0,
                    "name": "Abandoned Ones"
                },
                "403272352223461387": {
                    "colour": 0,
                    "created_at": "17-01-2018_19-40-21-208000",
                    "position": 11,
                    "permissions": 104187968,
                    "name": "Members"
                }
            },
            "07-12-2018_07-51-11-182069": {
                "403266269220175892": {
                    "colour": 1033914,
                    "created_at": "17-01-2018_19-16-10-907000",
                    "position": 15,
                    "permissions": 262208,
                    "name": "Mythical Ones"
                },
                "404068252361162759": {
                    "colour": 0,
                    "created_at": "20-01-2018_00-22-58-588000",
                    "position": 16,
                    "permissions": 0,
                    "name": "Under Where?"
                },
                "373129696960970762": {
                    "colour": 16711680,
                    "created_at": "26-10-2017_15-24-12-170000",
                    "position": 18,
                    "permissions": 0,
                    "name": "Staff"
                },
                "430760351248809986": {
                    "colour": 0,
                    "created_at": "03-04-2018_16-07-50-878000",
                    "position": 9,
                    "permissions": 0,
                    "name": "Current Iteration"
                },
                "178667818152230912": {
                    "colour": 0,
                    "created_at": "08-05-2016_00-42-07-335000",
                    "position": 0,
                    "permissions": 0,
                    "name": "@everyone"
                },
                "363695886297071626": {
                    "colour": 14747399,
                    "created_at": "30-09-2017_14-37-36-436000",
                    "position": 22,
                    "permissions": 541200384,
                    "name": "Event Managers"
                },
                "403272352223461387": {
                    "colour": 0,
                    "created_at": "17-01-2018_19-40-21-208000",
                    "position": 11,
                    "permissions": 104187968,
                    "name": "Members"
                }
            }
        }
    },
    "cookies": {
        "active_epochs": 0,
        "cookie_interest": 0,
        "measured_epochs": 1,
        "get": {
            "total_cookies": 0,
            "average": 0.0
        },
        "cookies_in_jar": 0,
        "total_cookies": 0,
        "active_this_epoch": false,
        "give": {
            "total_cookies": 0,
            "average": 0.0
        },
        "current_cookies": 0,
        "cookie_transfer_quota": 0
    },
    "name": {
        "current": "Devnepte",
        "previous": {}
    }
}