{
    "status": {
        "current": "offline",
        "previous": {
            "06-12-2018_00-14-36-874566": "idle",
            "06-12-2018_17-02-08-075871": "online",
            "06-12-2018_00-13-14-276644": "offline",
            "06-12-2018_17-09-51-137367": "online",
            "06-12-2018_15-16-54-897558": "idle",
            "08-12-2018_15-44-11-058097": "online",
            "05-12-2018_16-27-33-714312": "offline",
            "06-12-2018_15-40-12-725739": "idle",
            "06-12-2018_01-05-49-556858": "online",
            "06-12-2018_16-38-45-836018": "online",
            "06-12-2018_16-49-44-878444": "idle",
            "06-12-2018_19-01-41-672098": "online",
            "05-12-2018_23-34-35-600797": "online"
        }
    },
    "voice": {
        "current": {
            "self_mute": false,
            "self_deaf": false,
            "channel": {
                "private": null,
                "name": null,
                "id": null
            },
            "is_afk": false,
            "server_deaf": false,
            "server_mute": false
        },
        "previous": {}
    },
    "discriminator": {
        "current": "1364",
        "previous": {}
    },
    "display_name": {
        "current": "Zepher Aerlera",
        "previous": {}
    },
    "id": "305797386926817281",
    "created_at": "23-04-2017_20-09-38-484000",
    "joined_at": {
        "current": "26-01-2018_19-20-43-310632",
        "previous": {}
    },
    "bot": false,
    "game": {
        "current": {
            "name": null,
            "url": null,
            "type": null
        },
        "previous": {
            "06-12-2018_01-05-49-556858": {
                "name": "Slay the Spire",
                "url": null,
                "type": 0
            },
            "06-12-2018_00-13-14-276644": {
                "name": null,
                "url": null,
                "type": null
            },
            "05-12-2018_16-27-33-714312": {
                "name": null,
                "url": null,
                "type": null
            },
            "05-12-2018_23-34-35-600797": {
                "name": "Slay the Spire",
                "url": null,
                "type": 0
            }
        }
    },
    "colour": {
        "current": 16777215,
        "previous": {}
    },
    "activity": {},
    "bans": {
        "current": "not banned",
        "previous": {}
    },
    "roles": {
        "current": {
            "178667818152230912": {
                "colour": 0,
                "created_at": "08-05-2016_00-42-07-335000",
                "position": 0,
                "permissions": 0,
                "name": "@everyone"
            },
            "430760351248809986": {
                "colour": 0,
                "created_at": "03-04-2018_16-07-50-878000",
                "position": 9,
                "permissions": 0,
                "name": "Current Iteration"
            },
            "403266285313589250": {
                "colour": 16777215,
                "created_at": "17-01-2018_19-16-14-744000",
                "position": 11,
                "permissions": 0,
                "name": "Abandoned Ones"
            },
            "403272352223461387": {
                "colour": 0,
                "created_at": "17-01-2018_19-40-21-208000",
                "position": 10,
                "permissions": 104187968,
                "name": "Members"
            }
        },
        "previous": {
            "06-12-2018_01-05-49-556858": {
                "178667818152230912": {
                    "colour": 0,
                    "created_at": "08-05-2016_00-42-07-335000",
                    "position": 0,
                    "permissions": 0,
                    "name": "@everyone"
                },
                "430760351248809986": {
                    "colour": 0,
                    "created_at": "03-04-2018_16-07-50-878000",
                    "position": 10,
                    "permissions": 0,
                    "name": "Current Iteration"
                },
                "403266285313589250": {
                    "colour": 16777215,
                    "created_at": "17-01-2018_19-16-14-744000",
                    "position": 13,
                    "permissions": 0,
                    "name": "Abandoned Ones"
                },
                "403272352223461387": {
                    "colour": 0,
                    "created_at": "17-01-2018_19-40-21-208000",
                    "position": 12,
                    "permissions": 104187968,
                    "name": "Members"
                }
            },
            "07-12-2018_09-02-35-892853": {
                "178667818152230912": {
                    "colour": 0,
                    "created_at": "08-05-2016_00-42-07-335000",
                    "position": 0,
                    "permissions": 0,
                    "name": "@everyone"
                },
                "430760351248809986": {
                    "colour": 0,
                    "created_at": "03-04-2018_16-07-50-878000",
                    "position": 9,
                    "permissions": 0,
                    "name": "Current Iteration"
                },
                "403266285313589250": {
                    "colour": 16777215,
                    "created_at": "17-01-2018_19-16-14-744000",
                    "position": 12,
                    "permissions": 0,
                    "name": "Abandoned Ones"
                },
                "403272352223461387": {
                    "colour": 0,
                    "created_at": "17-01-2018_19-40-21-208000",
                    "position": 11,
                    "permissions": 104187968,
                    "name": "Members"
                }
            }
        }
    },
    "cookies": {
        "active_epochs": 0,
        "cookie_interest": 0,
        "measured_epochs": 8,
        "get": {
            "total_cookies": 0,
            "average": 0.0
        },
        "cookies_in_jar": 0,
        "total_cookies": 0,
        "active_this_epoch": false,
        "give": {
            "total_cookies": 0,
            "average": 0.0
        },
        "current_cookies": 0,
        "cookie_transfer_quota": 0
    },
    "name": {
        "current": "Zepher Aerlera",
        "previous": {}
    }
}