{
    "status": {
        "current": "offline",
        "previous": {
            "06-12-2018_14-27-10-018861": "offline",
            "06-12-2018_14-35-48-128249": "offline",
            "06-12-2018_19-01-41-672098": "online",
            "06-12-2018_15-16-54-897558": "online",
            "07-12-2018_09-02-35-892853": "online",
            "06-12-2018_14-15-48-721797": "offline",
            "06-12-2018_14-12-20-455951": "online",
            "08-12-2018_15-44-11-058097": "online",
            "06-12-2018_14-37-28-467255": "online",
            "06-12-2018_13-18-30-157611": "online",
            "09-12-2018_10-12-40-202519": "online",
            "06-12-2018_14-32-19-309128": "online",
            "06-12-2018_14-07-33-191131": "online",
            "06-12-2018_14-01-40-919859": "offline",
            "06-12-2018_14-16-46-253527": "online",
            "06-12-2018_01-05-49-556858": "online",
            "06-12-2018_14-10-10-501058": "offline",
            "05-12-2018_23-34-35-600797": "online"
        }
    },
    "voice": {
        "current": {
            "self_mute": false,
            "self_deaf": false,
            "channel": {
                "private": null,
                "name": null,
                "id": null
            },
            "is_afk": false,
            "server_deaf": false,
            "server_mute": false
        },
        "previous": {}
    },
    "discriminator": {
        "current": "8564",
        "previous": {}
    },
    "display_name": {
        "current": "Skinny",
        "previous": {}
    },
    "id": "310414101304049675",
    "created_at": "06-05-2017_13-54-48-966000",
    "joined_at": {
        "current": "17-01-2018_00-41-11-300000",
        "previous": {}
    },
    "bot": false,
    "game": {
        "current": {
            "name": null,
            "url": null,
            "type": null
        },
        "previous": {}
    },
    "colour": {
        "current": 16777215,
        "previous": {}
    },
    "activity": {},
    "bans": {
        "current": "not banned",
        "previous": {}
    },
    "roles": {
        "current": {
            "178667818152230912": {
                "colour": 0,
                "created_at": "08-05-2016_00-42-07-335000",
                "position": 0,
                "permissions": 0,
                "name": "@everyone"
            },
            "430760351248809986": {
                "colour": 0,
                "created_at": "03-04-2018_16-07-50-878000",
                "position": 9,
                "permissions": 0,
                "name": "Current Iteration"
            },
            "403266285313589250": {
                "colour": 16777215,
                "created_at": "17-01-2018_19-16-14-744000",
                "position": 11,
                "permissions": 0,
                "name": "Abandoned Ones"
            },
            "403272352223461387": {
                "colour": 0,
                "created_at": "17-01-2018_19-40-21-208000",
                "position": 10,
                "permissions": 104187968,
                "name": "Members"
            }
        },
        "previous": {
            "06-12-2018_01-05-49-556858": {
                "178667818152230912": {
                    "colour": 0,
                    "created_at": "08-05-2016_00-42-07-335000",
                    "position": 0,
                    "permissions": 0,
                    "name": "@everyone"
                },
                "430760351248809986": {
                    "colour": 0,
                    "created_at": "03-04-2018_16-07-50-878000",
                    "position": 10,
                    "permissions": 0,
                    "name": "Current Iteration"
                },
                "403266285313589250": {
                    "colour": 16777215,
                    "created_at": "17-01-2018_19-16-14-744000",
                    "position": 13,
                    "permissions": 0,
                    "name": "Abandoned Ones"
                },
                "403272352223461387": {
                    "colour": 0,
                    "created_at": "17-01-2018_19-40-21-208000",
                    "position": 12,
                    "permissions": 104187968,
                    "name": "Members"
                }
            },
            "07-12-2018_09-02-35-892853": {
                "178667818152230912": {
                    "colour": 0,
                    "created_at": "08-05-2016_00-42-07-335000",
                    "position": 0,
                    "permissions": 0,
                    "name": "@everyone"
                },
                "430760351248809986": {
                    "colour": 0,
                    "created_at": "03-04-2018_16-07-50-878000",
                    "position": 9,
                    "permissions": 0,
                    "name": "Current Iteration"
                },
                "403266285313589250": {
                    "colour": 16777215,
                    "created_at": "17-01-2018_19-16-14-744000",
                    "position": 12,
                    "permissions": 0,
                    "name": "Abandoned Ones"
                },
                "403272352223461387": {
                    "colour": 0,
                    "created_at": "17-01-2018_19-40-21-208000",
                    "position": 11,
                    "permissions": 104187968,
                    "name": "Members"
                }
            }
        }
    },
    "cookies": {
        "active_epochs": 0,
        "cookie_interest": 0,
        "measured_epochs": 1,
        "get": {
            "total_cookies": 0,
            "average": 0.0
        },
        "cookies_in_jar": 0,
        "total_cookies": 0,
        "active_this_epoch": false,
        "give": {
            "total_cookies": 0,
            "average": 0.0
        },
        "current_cookies": 0,
        "cookie_transfer_quota": 0
    },
    "name": {
        "current": "blot out the sun.",
        "previous": {
            "06-12-2018_01-05-49-556858": "ruin.",
            "08-12-2018_15-44-11-058097": "fading."
        }
    }
}