{
    "status": {
        "current": "offline",
        "previous": {}
    },
    "voice": {
        "current": {
            "self_mute": false,
            "self_deaf": false,
            "channel": {
                "private": null,
                "name": null,
                "id": null
            },
            "is_afk": false,
            "server_deaf": false,
            "server_mute": false
        },
        "previous": {}
    },
    "discriminator": {
        "current": "3666",
        "previous": {}
    },
    "display_name": {
        "current": "DisWorld",
        "previous": {}
    },
    "id": "325634360210620422",
    "created_at": "17-06-2017_13-54-41-468000",
    "joined_at": {
        "current": "31-03-2018_20-22-29-867253",
        "previous": {}
    },
    "bot": true,
    "game": {
        "current": {
            "name": null,
            "url": null,
            "type": null
        },
        "previous": {}
    },
    "colour": {
        "current": 7506394,
        "previous": {
            "07-12-2018_09-02-35-892853": 7506394,
            "07-12-2018_19-07-03-633575": 16777215
        }
    },
    "activity": {},
    "bans": {
        "current": "not banned",
        "previous": {}
    },
    "roles": {
        "current": {
            "178667818152230912": {
                "colour": 0,
                "created_at": "08-05-2016_00-42-07-335000",
                "position": 0,
                "permissions": 0,
                "name": "@everyone"
            },
            "429737272523620352": {
                "colour": 0,
                "created_at": "31-03-2018_20-22-29-902000",
                "position": 3,
                "permissions": 328768,
                "name": "DisWorld"
            },
            "403266285313589250": {
                "colour": 16777215,
                "created_at": "17-01-2018_19-16-14-744000",
                "position": 11,
                "permissions": 0,
                "name": "Abandoned Ones"
            },
            "403239438802485259": {
                "colour": 7506394,
                "created_at": "17-01-2018_17-29-34-037000",
                "position": 12,
                "permissions": 7168,
                "name": "Bots"
            }
        },
        "previous": {
            "06-12-2018_01-05-49-556858": {
                "178667818152230912": {
                    "colour": 0,
                    "created_at": "08-05-2016_00-42-07-335000",
                    "position": 0,
                    "permissions": 0,
                    "name": "@everyone"
                },
                "429737272523620352": {
                    "colour": 0,
                    "created_at": "31-03-2018_20-22-29-902000",
                    "position": 4,
                    "permissions": 328768,
                    "name": "DisWorld"
                },
                "403239438802485259": {
                    "colour": 7506394,
                    "created_at": "17-01-2018_17-29-34-037000",
                    "position": 11,
                    "permissions": 7168,
                    "name": "Bots"
                }
            },
            "07-12-2018_09-02-35-892853": {
                "178667818152230912": {
                    "colour": 0,
                    "created_at": "08-05-2016_00-42-07-335000",
                    "position": 0,
                    "permissions": 0,
                    "name": "@everyone"
                },
                "429737272523620352": {
                    "colour": 0,
                    "created_at": "31-03-2018_20-22-29-902000",
                    "position": 3,
                    "permissions": 328768,
                    "name": "DisWorld"
                },
                "403266285313589250": {
                    "colour": 16777215,
                    "created_at": "17-01-2018_19-16-14-744000",
                    "position": 12,
                    "permissions": 0,
                    "name": "Abandoned Ones"
                },
                "403239438802485259": {
                    "colour": 7506394,
                    "created_at": "17-01-2018_17-29-34-037000",
                    "position": 10,
                    "permissions": 7168,
                    "name": "Bots"
                }
            }
        }
    },
    "cookies": {
        "active_epochs": 0,
        "cookie_interest": 0,
        "measured_epochs": 8,
        "get": {
            "total_cookies": 0,
            "average": 0.0
        },
        "cookies_in_jar": 0,
        "total_cookies": 0,
        "active_this_epoch": false,
        "give": {
            "total_cookies": 0,
            "average": 0.0
        },
        "current_cookies": 0,
        "cookie_transfer_quota": 0
    },
    "name": {
        "current": "DisWorld",
        "previous": {}
    }
}