{
    "status": {
        "current": "offline",
        "previous": {}
    },
    "voice": {
        "current": {
            "self_mute": false,
            "self_deaf": false,
            "channel": {
                "private": null,
                "name": null,
                "id": null
            },
            "is_afk": false,
            "server_deaf": false,
            "server_mute": false
        },
        "previous": {}
    },
    "discriminator": {
        "current": "7721",
        "previous": {}
    },
    "display_name": {
        "current": "Rikolan's Anatidaephobia",
        "previous": {}
    },
    "id": "351140625795645452",
    "created_at": "26-08-2017_23-07-29-067000",
    "joined_at": {
        "current": "05-02-2018_16-55-01-886059",
        "previous": {}
    },
    "bot": false,
    "game": {
        "current": {
            "name": null,
            "url": null,
            "type": null
        },
        "previous": {}
    },
    "colour": {
        "current": 16741437,
        "previous": {}
    },
    "activity": {},
    "bans": {
        "current": "not banned",
        "previous": {}
    },
    "roles": {
        "current": {
            "469889439775326208": {
                "colour": 16741437,
                "created_at": "20-07-2018_15-32-52-566000",
                "position": 25,
                "permissions": 0,
                "name": "Head of Media"
            },
            "373129696960970762": {
                "colour": 16711680,
                "created_at": "26-10-2017_15-24-12-170000",
                "position": 18,
                "permissions": 0,
                "name": "Staff"
            },
            "178667818152230912": {
                "colour": 0,
                "created_at": "08-05-2016_00-42-07-335000",
                "position": 0,
                "permissions": 0,
                "name": "@everyone"
            },
            "401845161266642944": {
                "colour": 7962319,
                "created_at": "13-01-2018_21-09-12-368000",
                "position": 20,
                "permissions": 0,
                "name": "Media Creators"
            },
            "469889716435812353": {
                "colour": 0,
                "created_at": "20-07-2018_15-33-58-527000",
                "position": 30,
                "permissions": 8,
                "name": "High Council"
            },
            "403266285313589250": {
                "colour": 16777215,
                "created_at": "17-01-2018_19-16-14-744000",
                "position": 11,
                "permissions": 0,
                "name": "Abandoned Ones"
            },
            "403272352223461387": {
                "colour": 0,
                "created_at": "17-01-2018_19-40-21-208000",
                "position": 10,
                "permissions": 104187968,
                "name": "Members"
            }
        },
        "previous": {
            "06-12-2018_01-05-49-556858": {
                "469889439775326208": {
                    "colour": 16741437,
                    "created_at": "20-07-2018_15-32-52-566000",
                    "position": 26,
                    "permissions": 0,
                    "name": "Head of Media"
                },
                "373129696960970762": {
                    "colour": 16711680,
                    "created_at": "26-10-2017_15-24-12-170000",
                    "position": 19,
                    "permissions": 0,
                    "name": "Staff"
                },
                "178667818152230912": {
                    "colour": 0,
                    "created_at": "08-05-2016_00-42-07-335000",
                    "position": 0,
                    "permissions": 0,
                    "name": "@everyone"
                },
                "401845161266642944": {
                    "colour": 7962319,
                    "created_at": "13-01-2018_21-09-12-368000",
                    "position": 21,
                    "permissions": 0,
                    "name": "Media Creators"
                },
                "469889716435812353": {
                    "colour": 0,
                    "created_at": "20-07-2018_15-33-58-527000",
                    "position": 31,
                    "permissions": 8,
                    "name": "High Council"
                },
                "403266285313589250": {
                    "colour": 16777215,
                    "created_at": "17-01-2018_19-16-14-744000",
                    "position": 13,
                    "permissions": 0,
                    "name": "Abandoned Ones"
                },
                "403272352223461387": {
                    "colour": 0,
                    "created_at": "17-01-2018_19-40-21-208000",
                    "position": 12,
                    "permissions": 104187968,
                    "name": "Members"
                }
            },
            "07-12-2018_09-02-35-892853": {
                "469889439775326208": {
                    "colour": 16741437,
                    "created_at": "20-07-2018_15-32-52-566000",
                    "position": 25,
                    "permissions": 0,
                    "name": "Head of Media"
                },
                "373129696960970762": {
                    "colour": 16711680,
                    "created_at": "26-10-2017_15-24-12-170000",
                    "position": 18,
                    "permissions": 0,
                    "name": "Staff"
                },
                "178667818152230912": {
                    "colour": 0,
                    "created_at": "08-05-2016_00-42-07-335000",
                    "position": 0,
                    "permissions": 0,
                    "name": "@everyone"
                },
                "401845161266642944": {
                    "colour": 7962319,
                    "created_at": "13-01-2018_21-09-12-368000",
                    "position": 20,
                    "permissions": 0,
                    "name": "Media Creators"
                },
                "469889716435812353": {
                    "colour": 0,
                    "created_at": "20-07-2018_15-33-58-527000",
                    "position": 30,
                    "permissions": 8,
                    "name": "High Council"
                },
                "403266285313589250": {
                    "colour": 16777215,
                    "created_at": "17-01-2018_19-16-14-744000",
                    "position": 12,
                    "permissions": 0,
                    "name": "Abandoned Ones"
                },
                "403272352223461387": {
                    "colour": 0,
                    "created_at": "17-01-2018_19-40-21-208000",
                    "position": 11,
                    "permissions": 104187968,
                    "name": "Members"
                }
            }
        }
    },
    "cookies": {
        "active_epochs": 0,
        "cookie_interest": 0,
        "measured_epochs": 8,
        "get": {
            "total_cookies": 0,
            "average": 0.0
        },
        "cookies_in_jar": 0,
        "total_cookies": 0,
        "active_this_epoch": false,
        "give": {
            "total_cookies": 0,
            "average": 0.0
        },
        "current_cookies": 0,
        "cookie_transfer_quota": 0
    },
    "name": {
        "current": "Rikolan's Anatidaephobia",
        "previous": {}
    }
}