{
    "status": {
        "current": "offline",
        "previous": {
            "05-12-2018_15-43-55-700669": "online",
            "06-12-2018_00-51-35-336974": "online",
            "06-12-2018_01-05-49-556858": "online",
            "05-12-2018_15-29-30-194946": "online",
            "06-12-2018_00-48-23-112938": "offline",
            "07-12-2018_09-02-35-892853": "online"
        }
    },
    "voice": {
        "current": {
            "self_mute": false,
            "self_deaf": false,
            "channel": {
                "private": null,
                "name": null,
                "id": null
            },
            "is_afk": false,
            "server_deaf": false,
            "server_mute": false
        },
        "previous": {}
    },
    "discriminator": {
        "current": "6526",
        "previous": {}
    },
    "display_name": {
        "current": "Princess \ud83d\udc51",
        "previous": {}
    },
    "id": "492054450865831966",
    "created_at": "19-09-2018_19-28-43-016000",
    "joined_at": {
        "current": "29-10-2018_20-12-48-360130",
        "previous": {}
    },
    "bot": false,
    "game": {
        "current": {
            "name": null,
            "url": null,
            "type": null
        },
        "previous": {}
    },
    "colour": {
        "current": 16777215,
        "previous": {}
    },
    "activity": {},
    "bans": {
        "current": "not banned",
        "previous": {}
    },
    "roles": {
        "current": {
            "178667818152230912": {
                "colour": 0,
                "created_at": "08-05-2016_00-42-07-335000",
                "position": 0,
                "permissions": 0,
                "name": "@everyone"
            },
            "403266285313589250": {
                "colour": 16777215,
                "created_at": "17-01-2018_19-16-14-744000",
                "position": 11,
                "permissions": 0,
                "name": "Abandoned Ones"
            },
            "403272352223461387": {
                "colour": 0,
                "created_at": "17-01-2018_19-40-21-208000",
                "position": 10,
                "permissions": 104187968,
                "name": "Members"
            }
        },
        "previous": {
            "06-12-2018_01-05-49-556858": {
                "178667818152230912": {
                    "colour": 0,
                    "created_at": "08-05-2016_00-42-07-335000",
                    "position": 0,
                    "permissions": 0,
                    "name": "@everyone"
                },
                "403266285313589250": {
                    "colour": 16777215,
                    "created_at": "17-01-2018_19-16-14-744000",
                    "position": 13,
                    "permissions": 0,
                    "name": "Abandoned Ones"
                },
                "403272352223461387": {
                    "colour": 0,
                    "created_at": "17-01-2018_19-40-21-208000",
                    "position": 12,
                    "permissions": 104187968,
                    "name": "Members"
                }
            },
            "07-12-2018_09-02-35-892853": {
                "178667818152230912": {
                    "colour": 0,
                    "created_at": "08-05-2016_00-42-07-335000",
                    "position": 0,
                    "permissions": 0,
                    "name": "@everyone"
                },
                "403266285313589250": {
                    "colour": 16777215,
                    "created_at": "17-01-2018_19-16-14-744000",
                    "position": 12,
                    "permissions": 0,
                    "name": "Abandoned Ones"
                },
                "403272352223461387": {
                    "colour": 0,
                    "created_at": "17-01-2018_19-40-21-208000",
                    "position": 11,
                    "permissions": 104187968,
                    "name": "Members"
                }
            }
        }
    },
    "cookies": {
        "active_epochs": 0,
        "cookie_interest": 0,
        "measured_epochs": 8,
        "get": {
            "total_cookies": 0,
            "average": 0.0
        },
        "cookies_in_jar": 0,
        "total_cookies": 0,
        "active_this_epoch": false,
        "give": {
            "total_cookies": 0,
            "average": 0.0
        },
        "current_cookies": 0,
        "cookie_transfer_quota": 0
    },
    "name": {
        "current": "catuca2",
        "previous": {}
    }
}