{
    "status": {
        "current": "offline",
        "previous": {
            "05-12-2018_16-27-33-714312": "dnd",
            "05-12-2018_23-17-11-812802": "dnd",
            "06-12-2018_19-01-41-672098": "dnd",
            "07-12-2018_09-02-35-892853": "dnd",
            "06-12-2018_17-09-51-137367": "dnd",
            "08-12-2018_15-44-11-058097": "dnd"
        }
    },
    "voice": {
        "current": {
            "self_mute": false,
            "self_deaf": false,
            "channel": {
                "private": null,
                "name": null,
                "id": null
            },
            "is_afk": false,
            "server_deaf": false,
            "server_mute": false
        },
        "previous": {}
    },
    "discriminator": {
        "current": "6223",
        "previous": {}
    },
    "display_name": {
        "current": "Mrs Birdie Claus",
        "previous": {}
    },
    "id": "493467503087976458",
    "created_at": "23-09-2018_17-03-40-919000",
    "joined_at": {
        "current": "23-09-2018_17-08-40-603537",
        "previous": {}
    },
    "bot": false,
    "game": {
        "current": {
            "name": null,
            "url": null,
            "type": null
        },
        "previous": {}
    },
    "colour": {
        "current": 16728548,
        "previous": {}
    },
    "activity": {
        "2018": {
            "12": {
                "9": {
                    "0": {
                        "403084655550791682": 1
                    }
                }
            }
        }
    },
    "bans": {
        "current": "not banned",
        "previous": {}
    },
    "roles": {
        "current": {
            "403272352223461387": {
                "colour": 0,
                "created_at": "17-01-2018_19-40-21-208000",
                "position": 10,
                "permissions": 104187968,
                "name": "Members"
            },
            "400699163026653184": {
                "colour": 16728548,
                "created_at": "10-01-2018_17-15-25-096000",
                "position": 21,
                "permissions": 129,
                "name": "Community Managers"
            },
            "373129696960970762": {
                "colour": 16711680,
                "created_at": "26-10-2017_15-24-12-170000",
                "position": 18,
                "permissions": 0,
                "name": "Staff"
            },
            "403266285313589250": {
                "colour": 16777215,
                "created_at": "17-01-2018_19-16-14-744000",
                "position": 11,
                "permissions": 0,
                "name": "Abandoned Ones"
            },
            "178667818152230912": {
                "colour": 0,
                "created_at": "08-05-2016_00-42-07-335000",
                "position": 0,
                "permissions": 0,
                "name": "@everyone"
            }
        },
        "previous": {
            "06-12-2018_01-05-49-556858": {
                "403272352223461387": {
                    "colour": 0,
                    "created_at": "17-01-2018_19-40-21-208000",
                    "position": 12,
                    "permissions": 104187968,
                    "name": "Members"
                },
                "400699163026653184": {
                    "colour": 16728548,
                    "created_at": "10-01-2018_17-15-25-096000",
                    "position": 22,
                    "permissions": 129,
                    "name": "Community Managers"
                },
                "373129696960970762": {
                    "colour": 16711680,
                    "created_at": "26-10-2017_15-24-12-170000",
                    "position": 19,
                    "permissions": 0,
                    "name": "Staff"
                },
                "403266285313589250": {
                    "colour": 16777215,
                    "created_at": "17-01-2018_19-16-14-744000",
                    "position": 13,
                    "permissions": 0,
                    "name": "Abandoned Ones"
                },
                "178667818152230912": {
                    "colour": 0,
                    "created_at": "08-05-2016_00-42-07-335000",
                    "position": 0,
                    "permissions": 0,
                    "name": "@everyone"
                }
            },
            "07-12-2018_09-02-35-892853": {
                "403272352223461387": {
                    "colour": 0,
                    "created_at": "17-01-2018_19-40-21-208000",
                    "position": 11,
                    "permissions": 104187968,
                    "name": "Members"
                },
                "400699163026653184": {
                    "colour": 16728548,
                    "created_at": "10-01-2018_17-15-25-096000",
                    "position": 21,
                    "permissions": 129,
                    "name": "Community Managers"
                },
                "373129696960970762": {
                    "colour": 16711680,
                    "created_at": "26-10-2017_15-24-12-170000",
                    "position": 18,
                    "permissions": 0,
                    "name": "Staff"
                },
                "403266285313589250": {
                    "colour": 16777215,
                    "created_at": "17-01-2018_19-16-14-744000",
                    "position": 12,
                    "permissions": 0,
                    "name": "Abandoned Ones"
                },
                "178667818152230912": {
                    "colour": 0,
                    "created_at": "08-05-2016_00-42-07-335000",
                    "position": 0,
                    "permissions": 0,
                    "name": "@everyone"
                }
            }
        }
    },
    "cookies": {
        "active_epochs": 0,
        "cookie_interest": 0,
        "measured_epochs": 8,
        "get": {
            "total_cookies": 0,
            "average": 0.0
        },
        "cookies_in_jar": 0,
        "total_cookies": 0,
        "active_this_epoch": false,
        "give": {
            "total_cookies": 0,
            "average": 0.0
        },
        "current_cookies": 0,
        "cookie_transfer_quota": 0
    },
    "name": {
        "current": "Thedarkunicorn1998",
        "previous": {}
    }
}