{
    "bot": false,
    "discriminator": {
        "current": "2332",
        "previous": {}
    },
    "created_at": "30-04-2016_17-58-06-949000",
    "joined_at": {
        "current": "19-12-2018_00-45-05-309744",
        "previous": {}
    },
    "voice": {
        "current": {
            "server_deaf": false,
            "self_deaf": false,
            "channel": {
                "id": null,
                "name": null,
                "private": null
            },
            "is_afk": false,
            "server_mute": false,
            "self_mute": false
        },
        "previous": {}
    },
    "roles": {
        "current": {
            "404068252361162759": {
                "created_at": "20-01-2018_00-22-58-588000",
                "name": "Under Where?",
                "position": 4,
                "permissions": 0,
                "colour": 0
            },
            "403272352223461387": {
                "created_at": "17-01-2018_19-40-21-208000",
                "name": "Members",
                "position": 8,
                "permissions": 104187968,
                "colour": 0
            },
            "403266285313589250": {
                "created_at": "17-01-2018_19-16-14-744000",
                "name": "Abandoned Ones",
                "position": 9,
                "permissions": 0,
                "colour": 16777215
            },
            "178667818152230912": {
                "created_at": "08-05-2016_00-42-07-335000",
                "name": "@everyone",
                "position": 0,
                "permissions": 0,
                "colour": 0
            },
            "523917597138354193": {
                "created_at": "16-12-2018_17-41-29-076000",
                "name": "Yeeters",
                "position": 3,
                "permissions": 0,
                "colour": 16714995
            },
            "430760351248809986": {
                "created_at": "03-04-2018_16-07-50-878000",
                "name": "Current Iteration",
                "position": 7,
                "permissions": 0,
                "colour": 0
            }
        },
        "previous": {
            "11-01-2019_22-45-11-058689": {
                "404068252361162759": {
                    "created_at": "20-01-2018_00-22-58-588000",
                    "name": "Under Where?",
                    "position": 4,
                    "permissions": 0,
                    "colour": 0
                },
                "403272352223461387": {
                    "created_at": "17-01-2018_19-40-21-208000",
                    "name": "Members",
                    "position": 8,
                    "permissions": 104187968,
                    "colour": 0
                },
                "403266285313589250": {
                    "created_at": "17-01-2018_19-16-14-744000",
                    "name": "Abandoned Ones",
                    "position": 9,
                    "permissions": 0,
                    "colour": 16777215
                },
                "479754951917174784": {
                    "created_at": "16-08-2018_20-54-53-953000",
                    "name": "Owner",
                    "position": 29,
                    "permissions": 0,
                    "colour": 10181046
                },
                "178667818152230912": {
                    "created_at": "08-05-2016_00-42-07-335000",
                    "name": "@everyone",
                    "position": 0,
                    "permissions": 0,
                    "colour": 0
                },
                "523917597138354193": {
                    "created_at": "16-12-2018_17-41-29-076000",
                    "name": "Yeeters",
                    "position": 3,
                    "permissions": 0,
                    "colour": 16714995
                },
                "430760351248809986": {
                    "created_at": "03-04-2018_16-07-50-878000",
                    "name": "Current Iteration",
                    "position": 7,
                    "permissions": 0,
                    "colour": 0
                }
            }
        }
    },
    "activity": {},
    "cookies": {
        "give": {
            "total_cookies": 0,
            "average": 0.0
        },
        "cookie_interest": 0,
        "current_cookies": 0,
        "active_epochs": 0,
        "get": {
            "total_cookies": 0,
            "average": 0.0
        },
        "cookies_in_jar": 0,
        "total_cookies": 0,
        "measured_epochs": 1,
        "active_this_epoch": false,
        "cookie_transfer_quota": 0
    },
    "game": {
        "current": {
            "name": "League of Legends",
            "url": null,
            "type": 0
        },
        "previous": {
            "16-01-2019_22-00-47-241502": {
                "name": null,
                "url": null,
                "type": null
            },
            "11-01-2019_22-45-11-058689": {
                "name": null,
                "url": null,
                "type": null
            },
            "12-01-2019_01-16-58-662867": {
                "name": "Spotify",
                "url": null,
                "type": 2
            },
            "13-01-2019_23-58-57-488890": {
                "name": "Spotify",
                "url": null,
                "type": 2
            },
            "13-01-2019_18-58-47-852165": {
                "name": "Spotify",
                "url": null,
                "type": 2
            },
            "16-01-2019_15-03-07-147943": {
                "name": "The Sims 3",
                "url": null,
                "type": 0
            },
            "16-01-2019_20-42-02-533659": {
                "name": null,
                "url": null,
                "type": null
            },
            "10-01-2019_00-18-24-072293": {
                "name": "Spotify",
                "url": null,
                "type": 2
            },
            "15-01-2019_20-05-24-063373": {
                "name": "League of Legends",
                "url": null,
                "type": 0
            },
            "11-01-2019_23-54-44-166805": {
                "name": "Spotify",
                "url": null,
                "type": 2
            },
            "10-01-2019_03-36-57-747790": {
                "name": "Spotify",
                "url": null,
                "type": 2
            }
        }
    },
    "id": "176029431545069568",
    "status": {
        "current": "online",
        "previous": {
            "16-01-2019_22-00-47-241502": "offline",
            "10-01-2019_03-33-44-007928": "online",
            "12-01-2019_01-16-58-662867": "online",
            "13-01-2019_23-58-57-488890": "online",
            "13-01-2019_18-58-47-852165": "idle",
            "16-01-2019_15-03-07-147943": "online",
            "16-01-2019_20-42-02-533659": "offline",
            "15-01-2019_20-05-24-063373": "online",
            "10-01-2019_00-18-24-072293": "offline",
            "10-01-2019_03-36-57-747790": "offline"
        }
    },
    "display_name": {
        "current": "THICCBOI",
        "previous": {}
    },
    "name": {
        "current": "THICCBOI",
        "previous": {}
    },
    "colour": {
        "current": 16777215,
        "previous": {
            "11-01-2019_22-45-11-058689": 10181046
        }
    },
    "bans": {
        "current": "not banned",
        "previous": {}
    }
}