{
    "bot": false,
    "created_at": "29-07-2016_21-38-39-333000",
    "joined_at": {
        "current": "30-01-2018_21-18-00-980895",
        "previous": {}
    },
    "voice": {
        "current": {
            "server_deaf": false,
            "self_deaf": false,
            "channel": {
                "id": null,
                "name": null,
                "private": null
            },
            "is_afk": false,
            "server_mute": false,
            "self_mute": false
        },
        "previous": {}
    },
    "roles": {
        "current": {
            "403266285313589250": {
                "created_at": "17-01-2018_19-16-14-744000",
                "name": "Abandoned Ones",
                "position": 9,
                "permissions": 0,
                "colour": 16777215
            },
            "178667818152230912": {
                "created_at": "08-05-2016_00-42-07-335000",
                "name": "@everyone",
                "position": 0,
                "permissions": 0,
                "colour": 0
            },
            "403272352223461387": {
                "created_at": "17-01-2018_19-40-21-208000",
                "name": "Members",
                "position": 8,
                "permissions": 104187968,
                "colour": 0
            },
            "430760351248809986": {
                "created_at": "03-04-2018_16-07-50-878000",
                "name": "Current Iteration",
                "position": 7,
                "permissions": 0,
                "colour": 0
            }
        },
        "previous": {
            "07-12-2018_09-02-35-892853": {
                "403266285313589250": {
                    "created_at": "17-01-2018_19-16-14-744000",
                    "name": "Abandoned Ones",
                    "position": 12,
                    "permissions": 0,
                    "colour": 16777215
                },
                "178667818152230912": {
                    "created_at": "08-05-2016_00-42-07-335000",
                    "name": "@everyone",
                    "position": 0,
                    "permissions": 0,
                    "colour": 0
                },
                "403272352223461387": {
                    "created_at": "17-01-2018_19-40-21-208000",
                    "name": "Members",
                    "position": 11,
                    "permissions": 104187968,
                    "colour": 0
                },
                "430760351248809986": {
                    "created_at": "03-04-2018_16-07-50-878000",
                    "name": "Current Iteration",
                    "position": 9,
                    "permissions": 0,
                    "colour": 0
                }
            },
            "10-01-2019_00-18-24-072293": {
                "403266285313589250": {
                    "created_at": "17-01-2018_19-16-14-744000",
                    "name": "Abandoned Ones",
                    "position": 8,
                    "permissions": 0,
                    "colour": 16777215
                },
                "178667818152230912": {
                    "created_at": "08-05-2016_00-42-07-335000",
                    "name": "@everyone",
                    "position": 0,
                    "permissions": 0,
                    "colour": 0
                },
                "403272352223461387": {
                    "created_at": "17-01-2018_19-40-21-208000",
                    "name": "Members",
                    "position": 7,
                    "permissions": 104187968,
                    "colour": 0
                },
                "430760351248809986": {
                    "created_at": "03-04-2018_16-07-50-878000",
                    "name": "Current Iteration",
                    "position": 6,
                    "permissions": 0,
                    "colour": 0
                }
            },
            "06-12-2018_01-05-49-556858": {
                "403266285313589250": {
                    "created_at": "17-01-2018_19-16-14-744000",
                    "name": "Abandoned Ones",
                    "position": 13,
                    "permissions": 0,
                    "colour": 16777215
                },
                "178667818152230912": {
                    "created_at": "08-05-2016_00-42-07-335000",
                    "name": "@everyone",
                    "position": 0,
                    "permissions": 0,
                    "colour": 0
                },
                "403272352223461387": {
                    "created_at": "17-01-2018_19-40-21-208000",
                    "name": "Members",
                    "position": 12,
                    "permissions": 104187968,
                    "colour": 0
                },
                "430760351248809986": {
                    "created_at": "03-04-2018_16-07-50-878000",
                    "name": "Current Iteration",
                    "position": 10,
                    "permissions": 0,
                    "colour": 0
                }
            },
            "16-12-2018_21-52-39-901037": {
                "403266285313589250": {
                    "created_at": "17-01-2018_19-16-14-744000",
                    "name": "Abandoned Ones",
                    "position": 11,
                    "permissions": 0,
                    "colour": 16777215
                },
                "178667818152230912": {
                    "created_at": "08-05-2016_00-42-07-335000",
                    "name": "@everyone",
                    "position": 0,
                    "permissions": 0,
                    "colour": 0
                },
                "403272352223461387": {
                    "created_at": "17-01-2018_19-40-21-208000",
                    "name": "Members",
                    "position": 10,
                    "permissions": 104187968,
                    "colour": 0
                },
                "430760351248809986": {
                    "created_at": "03-04-2018_16-07-50-878000",
                    "name": "Current Iteration",
                    "position": 9,
                    "permissions": 0,
                    "colour": 0
                }
            }
        }
    },
    "colour": {
        "current": 16777215,
        "previous": {}
    },
    "cookies": {
        "give": {
            "total_cookies": 0,
            "average": 0.0
        },
        "cookie_interest": 0,
        "current_cookies": 0,
        "active_epochs": 0,
        "get": {
            "total_cookies": 0,
            "average": 0.0
        },
        "cookies_in_jar": 0,
        "total_cookies": 0,
        "measured_epochs": 9,
        "active_this_epoch": false,
        "cookie_transfer_quota": 0
    },
    "game": {
        "current": {
            "name": null,
            "url": null,
            "type": null
        },
        "previous": {
            "15-01-2019_20-05-24-063373": {
                "name": "Counter-Strike: Global Offensive",
                "url": null,
                "type": 0
            },
            "13-01-2019_23-58-57-488890": {
                "name": "Team Fortress 2",
                "url": null,
                "type": 0
            },
            "13-01-2019_18-58-47-852165": {
                "name": "Counter-Strike: Global Offensive",
                "url": null,
                "type": 0
            }
        }
    },
    "id": "208699840090079235",
    "status": {
        "current": "offline",
        "previous": {
            "11-01-2019_22-45-11-058689": "offline",
            "16-01-2019_22-00-47-241502": "online",
            "12-01-2019_01-16-58-662867": "online",
            "13-01-2019_23-58-57-488890": "online",
            "13-01-2019_18-58-47-852165": "offline",
            "16-01-2019_15-03-07-147943": "offline",
            "16-01-2019_20-42-02-533659": "idle",
            "15-01-2019_20-05-24-063373": "online",
            "10-01-2019_03-36-57-747790": "online"
        }
    },
    "display_name": {
        "current": "Hydrax",
        "previous": {}
    },
    "name": {
        "current": "Hydrax",
        "previous": {}
    },
    "discriminator": {
        "current": "8614",
        "previous": {}
    },
    "activity": {},
    "bans": {
        "current": "not banned",
        "previous": {}
    }
}