{
    "bot": false,
    "discriminator": {
        "current": "6733",
        "previous": {}
    },
    "joined_at": {
        "current": "17-08-2018_23-53-33-874845",
        "previous": {}
    },
    "voice": {
        "current": {
            "server_deaf": false,
            "self_deaf": false,
            "channel": {
                "id": null,
                "name": null,
                "private": null
            },
            "is_afk": false,
            "server_mute": false,
            "self_mute": false
        },
        "previous": {}
    },
    "roles": {
        "current": {
            "403266285313589250": {
                "created_at": "17-01-2018_19-16-14-744000",
                "name": "Abandoned Ones",
                "position": 9,
                "permissions": 0,
                "colour": 16777215
            },
            "178667818152230912": {
                "created_at": "08-05-2016_00-42-07-335000",
                "name": "@everyone",
                "position": 0,
                "permissions": 0,
                "colour": 0
            },
            "403272352223461387": {
                "created_at": "17-01-2018_19-40-21-208000",
                "name": "Members",
                "position": 8,
                "permissions": 104187968,
                "colour": 0
            },
            "430760351248809986": {
                "created_at": "03-04-2018_16-07-50-878000",
                "name": "Current Iteration",
                "position": 7,
                "permissions": 0,
                "colour": 0
            }
        },
        "previous": {
            "07-12-2018_09-02-35-892853": {
                "403266285313589250": {
                    "created_at": "17-01-2018_19-16-14-744000",
                    "name": "Abandoned Ones",
                    "position": 12,
                    "permissions": 0,
                    "colour": 16777215
                },
                "178667818152230912": {
                    "created_at": "08-05-2016_00-42-07-335000",
                    "name": "@everyone",
                    "position": 0,
                    "permissions": 0,
                    "colour": 0
                },
                "403272352223461387": {
                    "created_at": "17-01-2018_19-40-21-208000",
                    "name": "Members",
                    "position": 11,
                    "permissions": 104187968,
                    "colour": 0
                },
                "430760351248809986": {
                    "created_at": "03-04-2018_16-07-50-878000",
                    "name": "Current Iteration",
                    "position": 9,
                    "permissions": 0,
                    "colour": 0
                }
            },
            "10-01-2019_00-18-24-072293": {
                "403266285313589250": {
                    "created_at": "17-01-2018_19-16-14-744000",
                    "name": "Abandoned Ones",
                    "position": 8,
                    "permissions": 0,
                    "colour": 16777215
                },
                "178667818152230912": {
                    "created_at": "08-05-2016_00-42-07-335000",
                    "name": "@everyone",
                    "position": 0,
                    "permissions": 0,
                    "colour": 0
                },
                "403272352223461387": {
                    "created_at": "17-01-2018_19-40-21-208000",
                    "name": "Members",
                    "position": 7,
                    "permissions": 104187968,
                    "colour": 0
                },
                "430760351248809986": {
                    "created_at": "03-04-2018_16-07-50-878000",
                    "name": "Current Iteration",
                    "position": 6,
                    "permissions": 0,
                    "colour": 0
                }
            },
            "06-12-2018_01-05-49-556858": {
                "403266285313589250": {
                    "created_at": "17-01-2018_19-16-14-744000",
                    "name": "Abandoned Ones",
                    "position": 13,
                    "permissions": 0,
                    "colour": 16777215
                },
                "178667818152230912": {
                    "created_at": "08-05-2016_00-42-07-335000",
                    "name": "@everyone",
                    "position": 0,
                    "permissions": 0,
                    "colour": 0
                },
                "403272352223461387": {
                    "created_at": "17-01-2018_19-40-21-208000",
                    "name": "Members",
                    "position": 12,
                    "permissions": 104187968,
                    "colour": 0
                },
                "430760351248809986": {
                    "created_at": "03-04-2018_16-07-50-878000",
                    "name": "Current Iteration",
                    "position": 10,
                    "permissions": 0,
                    "colour": 0
                }
            },
            "16-12-2018_21-52-39-901037": {
                "403266285313589250": {
                    "created_at": "17-01-2018_19-16-14-744000",
                    "name": "Abandoned Ones",
                    "position": 11,
                    "permissions": 0,
                    "colour": 16777215
                },
                "178667818152230912": {
                    "created_at": "08-05-2016_00-42-07-335000",
                    "name": "@everyone",
                    "position": 0,
                    "permissions": 0,
                    "colour": 0
                },
                "403272352223461387": {
                    "created_at": "17-01-2018_19-40-21-208000",
                    "name": "Members",
                    "position": 10,
                    "permissions": 104187968,
                    "colour": 0
                },
                "430760351248809986": {
                    "created_at": "03-04-2018_16-07-50-878000",
                    "name": "Current Iteration",
                    "position": 9,
                    "permissions": 0,
                    "colour": 0
                }
            }
        }
    },
    "colour": {
        "current": 16777215,
        "previous": {}
    },
    "cookies": {
        "give": {
            "total_cookies": 0,
            "average": 0.0
        },
        "cookie_interest": 0,
        "current_cookies": 0,
        "active_epochs": 0,
        "get": {
            "total_cookies": 0,
            "average": 0.0
        },
        "cookie_transfer_quota": 0,
        "total_cookies": 0,
        "measured_epochs": 2,
        "active_this_epoch": false,
        "cookies_in_jar": 0
    },
    "created_at": "16-10-2016_22-33-58-575000",
    "game": {
        "current": {
            "name": "Minecraft",
            "url": null,
            "type": 0
        },
        "previous": {
            "16-01-2019_22-00-47-241502": {
                "name": null,
                "url": null,
                "type": null
            },
            "13-01-2019_23-50-53-236086": {
                "name": null,
                "url": null,
                "type": null
            },
            "13-01-2019_23-58-57-488890": {
                "name": "Middle-earth: Shadow of Mordor",
                "url": null,
                "type": 0
            },
            "13-01-2019_18-58-47-852165": {
                "name": "Overwatch",
                "url": null,
                "type": 0
            },
            "07-12-2018_19-07-03-633575": {
                "name": "League of Legends",
                "url": null,
                "type": 0
            },
            "10-01-2019_00-18-24-072293": {
                "name": null,
                "url": null,
                "type": null
            },
            "16-12-2018_22-46-26-221531": {
                "name": null,
                "url": null,
                "type": null
            },
            "17-12-2018_08-19-13-303562": {
                "name": "Overwatch",
                "url": null,
                "type": 0
            },
            "11-01-2019_22-45-11-058689": {
                "name": "MONSTER HUNTER: WORLD",
                "url": null,
                "type": 0
            },
            "10-01-2019_03-33-44-007928": {
                "name": "Resident Evil 6 / Biohazard 6",
                "url": null,
                "type": 0
            },
            "12-01-2019_01-16-58-662867": {
                "name": "Middle-earth: Shadow of Mordor",
                "url": null,
                "type": 0
            },
            "10-01-2019_03-36-57-747790": {
                "name": null,
                "url": null,
                "type": null
            },
            "05-12-2018_16-27-33-714312": {
                "name": "Minecraft",
                "url": null,
                "type": 0
            },
            "06-12-2018_19-01-41-672098": {
                "name": "League of Legends",
                "url": null,
                "type": 0
            },
            "06-12-2018_01-05-49-556858": {
                "name": "Overwatch",
                "url": null,
                "type": 0
            },
            "15-01-2019_20-05-24-063373": {
                "name": "The Witcher 3: Wild Hunt",
                "url": null,
                "type": 0
            }
        }
    },
    "id": "237342403382607872",
    "status": {
        "current": "dnd",
        "previous": {
            "06-12-2018_01-05-49-556858": "dnd",
            "13-01-2019_18-58-47-852165": "offline",
            "10-01-2019_00-18-24-072293": "offline",
            "16-01-2019_15-03-07-147943": "dnd",
            "11-01-2019_23-54-44-166805": "dnd",
            "06-12-2018_16-49-44-878444": "offline",
            "10-01-2019_03-36-57-747790": "offline",
            "16-01-2019_20-42-02-533659": "offline",
            "12-01-2019_01-16-58-662867": "dnd",
            "17-12-2018_08-19-13-303562": "dnd",
            "05-12-2018_16-27-33-714312": "offline",
            "06-12-2018_19-01-41-672098": "offline",
            "05-12-2018_15-29-30-194946": "offline",
            "06-12-2018_17-09-51-137367": "offline"
        }
    },
    "display_name": {
        "current": "Sean",
        "previous": {}
    },
    "name": {
        "current": "Qu0tte",
        "previous": {}
    },
    "activity": {},
    "bans": {
        "current": "not banned",
        "previous": {}
    }
}