{
    "bot": false,
    "discriminator": {
        "current": "6969",
        "previous": {
            "10-01-2019_00-18-24-072293": "8564"
        }
    },
    "joined_at": {
        "current": "17-01-2018_00-41-11-300000",
        "previous": {}
    },
    "voice": {
        "current": {
            "server_deaf": false,
            "self_deaf": false,
            "channel": {
                "id": null,
                "name": null,
                "private": null
            },
            "is_afk": false,
            "server_mute": false,
            "self_mute": false
        },
        "previous": {}
    },
    "roles": {
        "current": {
            "403266285313589250": {
                "created_at": "17-01-2018_19-16-14-744000",
                "name": "Abandoned Ones",
                "position": 9,
                "permissions": 0,
                "colour": 16777215
            },
            "178667818152230912": {
                "created_at": "08-05-2016_00-42-07-335000",
                "name": "@everyone",
                "position": 0,
                "permissions": 0,
                "colour": 0
            },
            "403272352223461387": {
                "created_at": "17-01-2018_19-40-21-208000",
                "name": "Members",
                "position": 8,
                "permissions": 104187968,
                "colour": 0
            },
            "430760351248809986": {
                "created_at": "03-04-2018_16-07-50-878000",
                "name": "Current Iteration",
                "position": 7,
                "permissions": 0,
                "colour": 0
            }
        },
        "previous": {
            "07-12-2018_09-02-35-892853": {
                "403266285313589250": {
                    "created_at": "17-01-2018_19-16-14-744000",
                    "name": "Abandoned Ones",
                    "position": 12,
                    "permissions": 0,
                    "colour": 16777215
                },
                "178667818152230912": {
                    "created_at": "08-05-2016_00-42-07-335000",
                    "name": "@everyone",
                    "position": 0,
                    "permissions": 0,
                    "colour": 0
                },
                "403272352223461387": {
                    "created_at": "17-01-2018_19-40-21-208000",
                    "name": "Members",
                    "position": 11,
                    "permissions": 104187968,
                    "colour": 0
                },
                "430760351248809986": {
                    "created_at": "03-04-2018_16-07-50-878000",
                    "name": "Current Iteration",
                    "position": 9,
                    "permissions": 0,
                    "colour": 0
                }
            },
            "10-01-2019_00-18-24-072293": {
                "403266285313589250": {
                    "created_at": "17-01-2018_19-16-14-744000",
                    "name": "Abandoned Ones",
                    "position": 8,
                    "permissions": 0,
                    "colour": 16777215
                },
                "178667818152230912": {
                    "created_at": "08-05-2016_00-42-07-335000",
                    "name": "@everyone",
                    "position": 0,
                    "permissions": 0,
                    "colour": 0
                },
                "403272352223461387": {
                    "created_at": "17-01-2018_19-40-21-208000",
                    "name": "Members",
                    "position": 7,
                    "permissions": 104187968,
                    "colour": 0
                },
                "430760351248809986": {
                    "created_at": "03-04-2018_16-07-50-878000",
                    "name": "Current Iteration",
                    "position": 6,
                    "permissions": 0,
                    "colour": 0
                }
            },
            "06-12-2018_01-05-49-556858": {
                "403266285313589250": {
                    "created_at": "17-01-2018_19-16-14-744000",
                    "name": "Abandoned Ones",
                    "position": 13,
                    "permissions": 0,
                    "colour": 16777215
                },
                "178667818152230912": {
                    "created_at": "08-05-2016_00-42-07-335000",
                    "name": "@everyone",
                    "position": 0,
                    "permissions": 0,
                    "colour": 0
                },
                "403272352223461387": {
                    "created_at": "17-01-2018_19-40-21-208000",
                    "name": "Members",
                    "position": 12,
                    "permissions": 104187968,
                    "colour": 0
                },
                "430760351248809986": {
                    "created_at": "03-04-2018_16-07-50-878000",
                    "name": "Current Iteration",
                    "position": 10,
                    "permissions": 0,
                    "colour": 0
                }
            },
            "16-12-2018_21-52-39-901037": {
                "403266285313589250": {
                    "created_at": "17-01-2018_19-16-14-744000",
                    "name": "Abandoned Ones",
                    "position": 11,
                    "permissions": 0,
                    "colour": 16777215
                },
                "178667818152230912": {
                    "created_at": "08-05-2016_00-42-07-335000",
                    "name": "@everyone",
                    "position": 0,
                    "permissions": 0,
                    "colour": 0
                },
                "403272352223461387": {
                    "created_at": "17-01-2018_19-40-21-208000",
                    "name": "Members",
                    "position": 10,
                    "permissions": 104187968,
                    "colour": 0
                },
                "430760351248809986": {
                    "created_at": "03-04-2018_16-07-50-878000",
                    "name": "Current Iteration",
                    "position": 9,
                    "permissions": 0,
                    "colour": 0
                }
            }
        }
    },
    "colour": {
        "current": 16777215,
        "previous": {}
    },
    "cookies": {
        "give": {
            "total_cookies": 0,
            "average": 0.0
        },
        "cookie_interest": 0,
        "current_cookies": 0,
        "active_epochs": 0,
        "get": {
            "total_cookies": 0,
            "average": 0.0
        },
        "cookie_transfer_quota": 0,
        "total_cookies": 0,
        "measured_epochs": 2,
        "active_this_epoch": false,
        "cookies_in_jar": 0
    },
    "created_at": "06-05-2017_13-54-48-966000",
    "game": {
        "current": {
            "name": null,
            "url": null,
            "type": null
        },
        "previous": {}
    },
    "id": "310414101304049675",
    "status": {
        "current": "offline",
        "previous": {
            "11-12-2018_09-13-26-392726": "online",
            "06-12-2018_14-37-28-467255": "online",
            "05-12-2018_23-34-35-600797": "online",
            "13-01-2019_23-58-57-488890": "online",
            "06-12-2018_14-15-48-721797": "offline",
            "06-12-2018_14-12-20-455951": "online",
            "06-12-2018_14-10-10-501058": "offline",
            "10-01-2019_03-33-44-007928": "online",
            "06-12-2018_14-01-40-919859": "offline",
            "10-01-2019_03-36-57-747790": "online",
            "16-01-2019_15-03-07-147943": "online",
            "07-12-2018_09-02-35-892853": "online",
            "15-01-2019_20-05-24-063373": "online",
            "06-12-2018_14-07-33-191131": "online",
            "06-12-2018_14-35-48-128249": "offline",
            "10-12-2018_16-02-31-496869": "online",
            "06-12-2018_15-16-54-897558": "online",
            "06-12-2018_01-05-49-556858": "online",
            "13-01-2019_18-58-47-852165": "online",
            "08-12-2018_15-44-11-058097": "online",
            "10-01-2019_00-18-24-072293": "offline",
            "12-01-2019_01-16-58-662867": "online",
            "11-01-2019_23-54-44-166805": "online",
            "17-12-2018_08-19-13-303562": "dnd",
            "11-01-2019_22-45-11-058689": "online",
            "06-12-2018_14-27-10-018861": "offline",
            "12-12-2018_11-49-23-541900": "online",
            "06-12-2018_14-32-19-309128": "online",
            "09-12-2018_10-12-40-202519": "online",
            "06-12-2018_19-01-41-672098": "online",
            "06-12-2018_13-18-30-157611": "online",
            "06-12-2018_14-16-46-253527": "online"
        }
    },
    "display_name": {
        "current": "Skinny",
        "previous": {}
    },
    "name": {
        "current": "kenenenenenenene",
        "previous": {
            "10-12-2018_16-02-31-496869": "blot out the sun.",
            "10-01-2019_00-18-24-072293": "Ken\ud83d\udc7d",
            "06-12-2018_01-05-49-556858": "ruin.",
            "08-12-2018_15-44-11-058097": "fading."
        }
    },
    "activity": {},
    "bans": {
        "current": "not banned",
        "previous": {}
    }
}