{
    "bot": false,
    "created_at": "23-09-2018_17-03-40-919000",
    "joined_at": {
        "current": "23-09-2018_17-08-40-603537",
        "previous": {}
    },
    "voice": {
        "current": {
            "server_deaf": false,
            "self_deaf": false,
            "self_mute": false,
            "is_afk": false,
            "server_mute": false,
            "channel": {
                "id": "523902470724911105",
                "name": "simply-yeet",
                "private": false
            }
        },
        "previous": {
            "16-01-2019_22-00-47-241502": {
                "server_deaf": false,
                "self_deaf": false,
                "self_mute": false,
                "is_afk": false,
                "server_mute": false,
                "channel": {
                    "id": null,
                    "name": null,
                    "private": null
                }
            },
            "13-01-2019_23-58-57-488890": {
                "server_deaf": false,
                "self_deaf": false,
                "channel": {
                    "id": null,
                    "name": null,
                    "private": null
                },
                "is_afk": false,
                "server_mute": false,
                "self_mute": false
            },
            "13-01-2019_18-58-47-852165": {
                "server_deaf": false,
                "self_deaf": true,
                "channel": {
                    "id": "523902470724911105",
                    "name": "simply-yeet",
                    "private": false
                },
                "is_afk": false,
                "server_mute": false,
                "self_mute": true
            },
            "16-12-2018_21-52-39-901037": {
                "server_deaf": false,
                "self_deaf": false,
                "channel": {
                    "id": "403283673647939595",
                    "name": "General",
                    "private": false
                },
                "is_afk": false,
                "server_mute": false,
                "self_mute": false
            },
            "10-01-2019_00-18-24-072293": {
                "server_deaf": false,
                "self_deaf": true,
                "channel": {
                    "id": "523902470724911105",
                    "name": "simply-yeet",
                    "private": false
                },
                "is_afk": false,
                "server_mute": false,
                "self_mute": true
            },
            "16-12-2018_22-46-26-221531": {
                "server_deaf": false,
                "self_deaf": false,
                "channel": {
                    "id": "403283673647939595",
                    "name": "General",
                    "private": false
                },
                "is_afk": false,
                "server_mute": false,
                "self_mute": true
            },
            "17-12-2018_08-19-13-303562": {
                "server_deaf": false,
                "self_deaf": false,
                "channel": {
                    "id": "403283673647939595",
                    "name": "General",
                    "private": false
                },
                "is_afk": false,
                "server_mute": false,
                "self_mute": false
            },
            "12-01-2019_01-16-58-662867": {
                "server_deaf": false,
                "self_deaf": false,
                "channel": {
                    "id": "523902470724911105",
                    "name": "simply-yeet",
                    "private": false
                },
                "is_afk": false,
                "server_mute": false,
                "self_mute": false
            },
            "10-01-2019_03-36-57-747790": {
                "server_deaf": false,
                "self_deaf": false,
                "channel": {
                    "id": null,
                    "name": null,
                    "private": null
                },
                "is_afk": false,
                "server_mute": false,
                "self_mute": false
            },
            "16-01-2019_15-03-07-147943": {
                "server_deaf": false,
                "self_deaf": false,
                "channel": {
                    "id": null,
                    "name": null,
                    "private": null
                },
                "is_afk": false,
                "server_mute": false,
                "self_mute": false
            },
            "16-01-2019_20-42-02-533659": {
                "server_deaf": false,
                "self_deaf": true,
                "channel": {
                    "id": "523902470724911105",
                    "name": "simply-yeet",
                    "private": false
                },
                "is_afk": false,
                "server_mute": false,
                "self_mute": true
            },
            "15-01-2019_20-05-24-063373": {
                "server_deaf": false,
                "self_deaf": false,
                "channel": {
                    "id": "523902470724911105",
                    "name": "simply-yeet",
                    "private": false
                },
                "is_afk": false,
                "server_mute": false,
                "self_mute": false
            }
        }
    },
    "roles": {
        "current": {
            "373129696960970762": {
                "created_at": "26-10-2017_15-24-12-170000",
                "name": "Staff",
                "position": 16,
                "permissions": 0,
                "colour": 16711680
            },
            "403272352223461387": {
                "created_at": "17-01-2018_19-40-21-208000",
                "name": "Members",
                "position": 8,
                "permissions": 104187968,
                "colour": 0
            },
            "403266285313589250": {
                "created_at": "17-01-2018_19-16-14-744000",
                "name": "Abandoned Ones",
                "position": 9,
                "permissions": 0,
                "colour": 16777215
            },
            "400699163026653184": {
                "created_at": "10-01-2018_17-15-25-096000",
                "name": "Community Managers",
                "position": 19,
                "permissions": 1073741953,
                "colour": 16728548
            },
            "178667818152230912": {
                "created_at": "08-05-2016_00-42-07-335000",
                "name": "@everyone",
                "position": 0,
                "permissions": 0,
                "colour": 0
            },
            "523917597138354193": {
                "created_at": "16-12-2018_17-41-29-076000",
                "name": "Yeeters",
                "position": 3,
                "permissions": 0,
                "colour": 16714995
            }
        },
        "previous": {
            "07-12-2018_09-02-35-892853": {
                "403266285313589250": {
                    "created_at": "17-01-2018_19-16-14-744000",
                    "name": "Abandoned Ones",
                    "position": 12,
                    "permissions": 0,
                    "colour": 16777215
                },
                "400699163026653184": {
                    "created_at": "10-01-2018_17-15-25-096000",
                    "name": "Community Managers",
                    "position": 21,
                    "permissions": 129,
                    "colour": 16728548
                },
                "178667818152230912": {
                    "created_at": "08-05-2016_00-42-07-335000",
                    "name": "@everyone",
                    "position": 0,
                    "permissions": 0,
                    "colour": 0
                },
                "373129696960970762": {
                    "created_at": "26-10-2017_15-24-12-170000",
                    "name": "Staff",
                    "position": 18,
                    "permissions": 0,
                    "colour": 16711680
                },
                "403272352223461387": {
                    "created_at": "17-01-2018_19-40-21-208000",
                    "name": "Members",
                    "position": 11,
                    "permissions": 104187968,
                    "colour": 0
                }
            },
            "10-01-2019_00-18-24-072293": {
                "373129696960970762": {
                    "created_at": "26-10-2017_15-24-12-170000",
                    "name": "Staff",
                    "position": 14,
                    "permissions": 0,
                    "colour": 16711680
                },
                "403272352223461387": {
                    "created_at": "17-01-2018_19-40-21-208000",
                    "name": "Members",
                    "position": 7,
                    "permissions": 104187968,
                    "colour": 0
                },
                "403266285313589250": {
                    "created_at": "17-01-2018_19-16-14-744000",
                    "name": "Abandoned Ones",
                    "position": 8,
                    "permissions": 0,
                    "colour": 16777215
                },
                "400699163026653184": {
                    "created_at": "10-01-2018_17-15-25-096000",
                    "name": "Community Managers",
                    "position": 17,
                    "permissions": 129,
                    "colour": 16728548
                },
                "178667818152230912": {
                    "created_at": "08-05-2016_00-42-07-335000",
                    "name": "@everyone",
                    "position": 0,
                    "permissions": 0,
                    "colour": 0
                },
                "523917597138354193": {
                    "created_at": "16-12-2018_17-41-29-076000",
                    "name": "Yeeters",
                    "position": 1,
                    "permissions": 0,
                    "colour": 16714995
                }
            },
            "06-12-2018_01-05-49-556858": {
                "403266285313589250": {
                    "created_at": "17-01-2018_19-16-14-744000",
                    "name": "Abandoned Ones",
                    "position": 13,
                    "permissions": 0,
                    "colour": 16777215
                },
                "400699163026653184": {
                    "created_at": "10-01-2018_17-15-25-096000",
                    "name": "Community Managers",
                    "position": 22,
                    "permissions": 129,
                    "colour": 16728548
                },
                "178667818152230912": {
                    "created_at": "08-05-2016_00-42-07-335000",
                    "name": "@everyone",
                    "position": 0,
                    "permissions": 0,
                    "colour": 0
                },
                "373129696960970762": {
                    "created_at": "26-10-2017_15-24-12-170000",
                    "name": "Staff",
                    "position": 19,
                    "permissions": 0,
                    "colour": 16711680
                },
                "403272352223461387": {
                    "created_at": "17-01-2018_19-40-21-208000",
                    "name": "Members",
                    "position": 12,
                    "permissions": 104187968,
                    "colour": 0
                }
            },
            "11-01-2019_23-54-44-166805": {
                "373129696960970762": {
                    "created_at": "26-10-2017_15-24-12-170000",
                    "name": "Staff",
                    "position": 16,
                    "permissions": 0,
                    "colour": 16711680
                },
                "403272352223461387": {
                    "created_at": "17-01-2018_19-40-21-208000",
                    "name": "Members",
                    "position": 8,
                    "permissions": 104187968,
                    "colour": 0
                },
                "403266285313589250": {
                    "created_at": "17-01-2018_19-16-14-744000",
                    "name": "Abandoned Ones",
                    "position": 9,
                    "permissions": 0,
                    "colour": 16777215
                },
                "400699163026653184": {
                    "created_at": "10-01-2018_17-15-25-096000",
                    "name": "Community Managers",
                    "position": 19,
                    "permissions": 129,
                    "colour": 16728548
                },
                "178667818152230912": {
                    "created_at": "08-05-2016_00-42-07-335000",
                    "name": "@everyone",
                    "position": 0,
                    "permissions": 0,
                    "colour": 0
                },
                "523917597138354193": {
                    "created_at": "16-12-2018_17-41-29-076000",
                    "name": "Yeeters",
                    "position": 3,
                    "permissions": 0,
                    "colour": 16714995
                }
            },
            "16-12-2018_21-52-39-901037": {
                "403266285313589250": {
                    "created_at": "17-01-2018_19-16-14-744000",
                    "name": "Abandoned Ones",
                    "position": 11,
                    "permissions": 0,
                    "colour": 16777215
                },
                "400699163026653184": {
                    "created_at": "10-01-2018_17-15-25-096000",
                    "name": "Community Managers",
                    "position": 21,
                    "permissions": 129,
                    "colour": 16728548
                },
                "178667818152230912": {
                    "created_at": "08-05-2016_00-42-07-335000",
                    "name": "@everyone",
                    "position": 0,
                    "permissions": 0,
                    "colour": 0
                },
                "373129696960970762": {
                    "created_at": "26-10-2017_15-24-12-170000",
                    "name": "Staff",
                    "position": 18,
                    "permissions": 0,
                    "colour": 16711680
                },
                "403272352223461387": {
                    "created_at": "17-01-2018_19-40-21-208000",
                    "name": "Members",
                    "position": 10,
                    "permissions": 104187968,
                    "colour": 0
                }
            }
        }
    },
    "colour": {
        "current": 16728548,
        "previous": {}
    },
    "cookies": {
        "give": {
            "total_cookies": 0,
            "average": 0.0
        },
        "cookie_interest": 0,
        "current_cookies": 0,
        "active_epochs": 0,
        "get": {
            "total_cookies": 0,
            "average": 0.0
        },
        "cookie_transfer_quota": 0,
        "total_cookies": 0,
        "measured_epochs": 9,
        "active_this_epoch": false,
        "cookies_in_jar": 0
    },
    "game": {
        "current": {
            "name": null,
            "url": null,
            "type": null
        },
        "previous": {
            "11-01-2019_22-45-11-058689": {
                "name": "Spiral Knights",
                "url": null,
                "type": 0
            },
            "12-01-2019_01-16-58-662867": {
                "name": "Elsword",
                "url": null,
                "type": 0
            },
            "13-01-2019_23-58-57-488890": {
                "name": null,
                "url": null,
                "type": null
            },
            "13-01-2019_18-58-47-852165": {
                "name": "Spotify",
                "url": null,
                "type": 2
            },
            "10-01-2019_00-18-24-072293": {
                "name": "RuneScape",
                "url": null,
                "type": 0
            },
            "15-01-2019_20-05-24-063373": {
                "name": "Dead Frontier 2",
                "url": null,
                "type": 0
            },
            "10-01-2019_03-36-57-747790": {
                "name": null,
                "url": null,
                "type": null
            }
        }
    },
    "id": "493467503087976458",
    "status": {
        "current": "online",
        "previous": {
            "16-01-2019_22-00-47-241502": "offline",
            "13-01-2019_23-58-57-488890": "offline",
            "13-01-2019_18-58-47-852165": "offline",
            "08-12-2018_15-44-11-058097": "dnd",
            "10-01-2019_00-18-24-072293": "offline",
            "16-01-2019_15-03-07-147943": "offline",
            "16-12-2018_22-46-26-221531": "offline",
            "17-12-2018_08-19-13-303562": "online",
            "05-12-2018_23-17-11-812802": "dnd",
            "07-12-2018_09-02-35-892853": "dnd",
            "12-01-2019_01-16-58-662867": "online",
            "10-01-2019_03-36-57-747790": "offline",
            "05-12-2018_16-27-33-714312": "dnd",
            "06-12-2018_19-01-41-672098": "dnd",
            "15-01-2019_20-05-24-063373": "online",
            "16-12-2018_21-52-39-901037": "online",
            "06-12-2018_17-09-51-137367": "dnd"
        }
    },
    "display_name": {
        "current": "Lechaim\u2019s  Bitch \ud83d\udda4",
        "previous": {
            "10-01-2019_00-18-24-072293": "Mrs Birdie Claus",
            "16-01-2019_15-03-07-147943": "lechaim\u2019s bitch"
        }
    },
    "name": {
        "current": "Thedarkunicorn1998",
        "previous": {}
    },
    "discriminator": {
        "current": "6223",
        "previous": {}
    },
    "activity": {
        "2019": {
            "1": {
                "13": {
                    "1": {
                        "523913649182605330": 15
                    },
                    "0": {
                        "523913649182605330": 1
                    },
                    "19": {
                        "523913649182605330": 1
                    },
                    "20": {
                        "523913649182605330": 2
                    },
                    "23": {
                        "523913649182605330": 11
                    }
                },
                "15": {
                    "22": {
                        "403084655550791682": 1
                    },
                    "0": {
                        "523913649182605330": 2
                    },
                    "21": {
                        "523913649182605330": 1
                    }
                },
                "12": {
                    "1": {
                        "523913649182605330": 8
                    },
                    "0": {
                        "523913649182605330": 9
                    },
                    "3": {
                        "523913649182605330": 2
                    },
                    "17": {
                        "523913649182605330": 8
                    },
                    "16": {
                        "523913649182605330": 8
                    },
                    "19": {
                        "523913649182605330": 4
                    },
                    "2": {
                        "523913649182605330": 2
                    }
                },
                "14": {
                    "18": {
                        "523913649182605330": 2
                    },
                    "0": {
                        "523913649182605330": 3
                    },
                    "17": {
                        "403084655550791682": 1
                    },
                    "22": {
                        "523913649182605330": 4
                    },
                    "21": {
                        "523913649182605330": 1,
                        "429587017324691466": 1
                    },
                    "19": {
                        "523913649182605330": 1
                    }
                },
                "10": {
                    "1": {
                        "523913649182605330": 2
                    },
                    "0": {
                        "523913649182605330": 1
                    },
                    "20": {
                        "523913649182605330": 1
                    },
                    "15": {
                        "523913649182605330": 1
                    },
                    "16": {
                        "523913649182605330": 1
                    },
                    "3": {
                        "523913649182605330": 1
                    },
                    "21": {
                        "523913649182605330": 1
                    },
                    "19": {
                        "523913649182605330": 1
                    },
                    "2": {
                        "523913649182605330": 2
                    }
                },
                "16": {
                    "1": {
                        "404067128786944002": 1
                    },
                    "20": {
                        "523913649182605330": 1
                    },
                    "23": {
                        "523913649182605330": 1
                    },
                    "22": {
                        "404067128786944002": 2
                    },
                    "19": {
                        "403084655550791682": 7,
                        "403084763591606273": 10
                    },
                    "2": {
                        "404067128786944002": 2
                    }
                },
                "11": {
                    "22": {
                        "523913649182605330": 4
                    }
                }
            }
        },
        "2018": {
            "12": {
                "16": {
                    "22": {
                        "523913649182605330": 2
                    }
                },
                "9": {
                    "0": {
                        "403084655550791682": 1
                    }
                }
            }
        }
    },
    "bans": {
        "current": "not banned",
        "previous": {}
    }
}