{
    "bot": false,
    "discriminator": {
        "current": "4561",
        "previous": {}
    },
    "created_at": "22-11-2018_21-10-00-509000",
    "joined_at": {
        "current": "09-01-2019_21-37-25-815309",
        "previous": {}
    },
    "voice": {
        "current": {
            "server_deaf": false,
            "self_deaf": false,
            "channel": {
                "id": null,
                "name": null,
                "private": null
            },
            "is_afk": false,
            "server_mute": false,
            "self_mute": false
        },
        "previous": {
            "15-01-2019_20-05-24-063373": {
                "server_deaf": false,
                "self_deaf": false,
                "channel": {
                    "id": "523902470724911105",
                    "name": "simply-yeet",
                    "private": false
                },
                "is_afk": false,
                "server_mute": false,
                "self_mute": false
            },
            "13-01-2019_23-58-57-488890": {
                "server_deaf": false,
                "self_deaf": false,
                "channel": {
                    "id": "523902470724911105",
                    "name": "simply-yeet",
                    "private": false
                },
                "is_afk": false,
                "server_mute": false,
                "self_mute": false
            },
            "13-01-2019_18-58-47-852165": {
                "server_deaf": false,
                "self_deaf": false,
                "channel": {
                    "id": "523902470724911105",
                    "name": "simply-yeet",
                    "private": false
                },
                "is_afk": false,
                "server_mute": false,
                "self_mute": true
            },
            "10-01-2019_00-18-24-072293": {
                "server_deaf": false,
                "self_deaf": false,
                "channel": {
                    "id": "523902470724911105",
                    "name": "simply-yeet",
                    "private": false
                },
                "is_afk": false,
                "server_mute": false,
                "self_mute": false
            }
        }
    },
    "roles": {
        "current": {
            "403266285313589250": {
                "created_at": "17-01-2018_19-16-14-744000",
                "name": "Abandoned Ones",
                "position": 9,
                "permissions": 0,
                "colour": 16777215
            },
            "403272352223461387": {
                "created_at": "17-01-2018_19-40-21-208000",
                "name": "Members",
                "position": 8,
                "permissions": 104187968,
                "colour": 0
            },
            "178667818152230912": {
                "created_at": "08-05-2016_00-42-07-335000",
                "name": "@everyone",
                "position": 0,
                "permissions": 0,
                "colour": 0
            },
            "523917597138354193": {
                "created_at": "16-12-2018_17-41-29-076000",
                "name": "Yeeters",
                "position": 3,
                "permissions": 0,
                "colour": 16714995
            },
            "430760351248809986": {
                "created_at": "03-04-2018_16-07-50-878000",
                "name": "Current Iteration",
                "position": 7,
                "permissions": 0,
                "colour": 0
            }
        },
        "previous": {}
    },
    "activity": {
        "2019": {
            "1": {
                "10": {
                    "1": {
                        "523913649182605330": 4
                    },
                    "0": {
                        "523913649182605330": 1
                    }
                },
                "15": {
                    "21": {
                        "523913649182605330": 1
                    }
                }
            }
        }
    },
    "cookies": {
        "give": {
            "total_cookies": 0,
            "average": 0.0
        },
        "cookie_interest": 0,
        "current_cookies": 0,
        "active_epochs": 0,
        "get": {
            "total_cookies": 0,
            "average": 0.0
        },
        "cookies_in_jar": 0,
        "total_cookies": 0,
        "measured_epochs": 1,
        "active_this_epoch": false,
        "cookie_transfer_quota": 0
    },
    "game": {
        "current": {
            "name": null,
            "url": null,
            "type": null
        },
        "previous": {
            "15-01-2019_20-05-24-063373": {
                "name": "Spotify",
                "url": null,
                "type": 2
            },
            "13-01-2019_23-58-57-488890": {
                "name": "Spotify",
                "url": null,
                "type": 2
            },
            "13-01-2019_18-58-47-852165": {
                "name": "Spotify",
                "url": null,
                "type": 2
            },
            "10-01-2019_03-36-57-747790": {
                "name": "Spotify",
                "url": null,
                "type": 2
            },
            "16-01-2019_15-03-07-147943": {
                "name": "Spotify",
                "url": null,
                "type": 2
            }
        }
    },
    "id": "515272765117431811",
    "status": {
        "current": "online",
        "previous": {
            "16-01-2019_22-00-47-241502": "idle",
            "10-01-2019_03-33-44-007928": "online",
            "12-01-2019_01-16-58-662867": "online",
            "13-01-2019_23-58-57-488890": "online",
            "13-01-2019_18-58-47-852165": "idle",
            "16-01-2019_15-03-07-147943": "online",
            "15-01-2019_20-05-24-063373": "online",
            "10-01-2019_00-18-24-072293": "offline",
            "11-01-2019_23-54-44-166805": "online",
            "10-01-2019_03-36-57-747790": "online"
        }
    },
    "display_name": {
        "current": "William oo",
        "previous": {
            "13-01-2019_23-58-57-488890": "Mcacutt"
        }
    },
    "name": {
        "current": "William oo",
        "previous": {
            "13-01-2019_23-58-57-488890": "Mcacutt"
        }
    },
    "colour": {
        "current": 16777215,
        "previous": {}
    },
    "bans": {
        "current": "not banned",
        "previous": {}
    }
}