{
    "colour": {
        "current": 16777215,
        "previous": {}
    },
    "roles": {
        "current": {
            "403272352223461387": {
                "permissions": 104187968,
                "name": "Members",
                "colour": 0,
                "created_at": "17-01-2018_19-40-21-208000",
                "position": 8
            },
            "430760351248809986": {
                "permissions": 0,
                "name": "Current Iteration",
                "colour": 0,
                "created_at": "03-04-2018_16-07-50-878000",
                "position": 7
            },
            "178667818152230912": {
                "permissions": 0,
                "name": "@everyone",
                "colour": 0,
                "created_at": "08-05-2016_00-42-07-335000",
                "position": 0
            },
            "403266285313589250": {
                "permissions": 0,
                "name": "Abandoned Ones",
                "colour": 16777215,
                "created_at": "17-01-2018_19-16-14-744000",
                "position": 9
            }
        },
        "previous": {
            "16-12-2018_21-52-39-901037": {
                "403272352223461387": {
                    "permissions": 104187968,
                    "name": "Members",
                    "colour": 0,
                    "created_at": "17-01-2018_19-40-21-208000",
                    "position": 10
                },
                "430760351248809986": {
                    "permissions": 0,
                    "name": "Current Iteration",
                    "colour": 0,
                    "created_at": "03-04-2018_16-07-50-878000",
                    "position": 9
                },
                "178667818152230912": {
                    "permissions": 0,
                    "name": "@everyone",
                    "colour": 0,
                    "created_at": "08-05-2016_00-42-07-335000",
                    "position": 0
                },
                "403266285313589250": {
                    "permissions": 0,
                    "name": "Abandoned Ones",
                    "colour": 16777215,
                    "created_at": "17-01-2018_19-16-14-744000",
                    "position": 11
                }
            },
            "07-12-2018_09-02-35-892853": {
                "403272352223461387": {
                    "permissions": 104187968,
                    "name": "Members",
                    "colour": 0,
                    "created_at": "17-01-2018_19-40-21-208000",
                    "position": 11
                },
                "430760351248809986": {
                    "permissions": 0,
                    "name": "Current Iteration",
                    "colour": 0,
                    "created_at": "03-04-2018_16-07-50-878000",
                    "position": 9
                },
                "178667818152230912": {
                    "permissions": 0,
                    "name": "@everyone",
                    "colour": 0,
                    "created_at": "08-05-2016_00-42-07-335000",
                    "position": 0
                },
                "403266285313589250": {
                    "permissions": 0,
                    "name": "Abandoned Ones",
                    "colour": 16777215,
                    "created_at": "17-01-2018_19-16-14-744000",
                    "position": 12
                }
            },
            "06-12-2018_01-05-49-556858": {
                "403272352223461387": {
                    "permissions": 104187968,
                    "name": "Members",
                    "colour": 0,
                    "created_at": "17-01-2018_19-40-21-208000",
                    "position": 12
                },
                "430760351248809986": {
                    "permissions": 0,
                    "name": "Current Iteration",
                    "colour": 0,
                    "created_at": "03-04-2018_16-07-50-878000",
                    "position": 10
                },
                "178667818152230912": {
                    "permissions": 0,
                    "name": "@everyone",
                    "colour": 0,
                    "created_at": "08-05-2016_00-42-07-335000",
                    "position": 0
                },
                "403266285313589250": {
                    "permissions": 0,
                    "name": "Abandoned Ones",
                    "colour": 16777215,
                    "created_at": "17-01-2018_19-16-14-744000",
                    "position": 13
                }
            },
            "10-01-2019_00-18-24-072293": {
                "403272352223461387": {
                    "permissions": 104187968,
                    "name": "Members",
                    "colour": 0,
                    "created_at": "17-01-2018_19-40-21-208000",
                    "position": 7
                },
                "430760351248809986": {
                    "permissions": 0,
                    "name": "Current Iteration",
                    "colour": 0,
                    "created_at": "03-04-2018_16-07-50-878000",
                    "position": 6
                },
                "178667818152230912": {
                    "permissions": 0,
                    "name": "@everyone",
                    "colour": 0,
                    "created_at": "08-05-2016_00-42-07-335000",
                    "position": 0
                },
                "403266285313589250": {
                    "permissions": 0,
                    "name": "Abandoned Ones",
                    "colour": 16777215,
                    "created_at": "17-01-2018_19-16-14-744000",
                    "position": 8
                }
            }
        }
    },
    "status": {
        "current": "online",
        "previous": {
            "17-12-2018_08-19-13-303562": "online",
            "06-12-2018_00-51-35-336974": "online",
            "06-12-2018_15-40-12-725739": "online",
            "07-12-2018_07-42-43-243407": "online",
            "16-12-2018_21-52-39-901037": "offline",
            "06-12-2018_01-05-49-556858": "online",
            "10-01-2019_00-18-24-072293": "idle",
            "10-12-2018_16-02-31-496869": "offline",
            "10-01-2019_03-36-57-747790": "offline",
            "06-12-2018_15-12-52-654103": "online",
            "05-12-2018_16-27-33-714312": "offline",
            "05-12-2018_16-23-43-417186": "offline",
            "05-12-2018_15-38-01-422650": "online",
            "06-12-2018_15-14-45-002165": "offline",
            "06-12-2018_17-09-51-137367": "online",
            "06-12-2018_15-16-54-897558": "online",
            "12-12-2018_11-49-23-541900": "online",
            "07-12-2018_07-51-11-182069": "online",
            "08-12-2018_15-44-11-058097": "online",
            "07-12-2018_09-02-35-892853": "online",
            "06-12-2018_15-04-14-303670": "offline",
            "09-12-2018_10-12-40-202519": "online",
            "09-12-2018_10-10-43-790279": "offline",
            "06-12-2018_19-01-41-672098": "offline",
            "07-12-2018_19-07-03-633575": "idle",
            "11-12-2018_09-13-26-392726": "online"
        }
    },
    "activity": {},
    "display_name": {
        "current": "FrostFlame",
        "previous": {}
    },
    "joined_at": {
        "current": "20-02-2018_20-57-08-520487",
        "previous": {}
    },
    "bot": false,
    "cookies": {
        "total_cookies": 0,
        "cookies_in_jar": 0,
        "cookie_interest": 0,
        "current_cookies": 0,
        "active_epochs": 0,
        "give": {
            "total_cookies": 0,
            "average": 0.0
        },
        "get": {
            "total_cookies": 0,
            "average": 0.0
        },
        "measured_epochs": 1,
        "cookie_transfer_quota": 0,
        "active_this_epoch": false
    },
    "voice": {
        "current": {
            "self_mute": false,
            "server_deaf": false,
            "server_mute": false,
            "is_afk": false,
            "channel": {
                "name": null,
                "id": null,
                "private": null
            },
            "self_deaf": false
        },
        "previous": {}
    },
    "created_at": "28-01-2016_21-27-05-320000",
    "discriminator": {
        "current": "6009",
        "previous": {}
    },
    "name": {
        "current": "FrostFlame",
        "previous": {}
    },
    "game": {
        "current": {
            "name": "FINAL FANTASY XIV",
            "url": null,
            "type": 0
        },
        "previous": {
            "10-01-2019_03-33-44-007928": {
                "name": "Dead Cells",
                "url": null,
                "type": 0
            },
            "10-01-2019_03-36-57-747790": {
                "name": null,
                "url": null,
                "type": null
            },
            "10-01-2019_00-18-24-072293": {
                "name": null,
                "url": null,
                "type": null
            }
        }
    },
    "id": "142379949783777281",
    "bans": {
        "current": "not banned",
        "previous": {}
    }
}