{
    "colour": {
        "current": 15844367,
        "previous": {
            "10-01-2019_00-18-24-072293": 16771132
        }
    },
    "roles": {
        "current": {
            "189416410542374912": {
                "permissions": 267775190,
                "name": "Moderator",
                "colour": 3447003,
                "position": 17,
                "created_at": "06-06-2016_16-33-11-460000"
            },
            "373129696960970762": {
                "permissions": 0,
                "name": "Staff",
                "colour": 16711680,
                "position": 16,
                "created_at": "26-10-2017_15-24-12-170000"
            },
            "178667818152230912": {
                "permissions": 0,
                "name": "@everyone",
                "colour": 0,
                "position": 0,
                "created_at": "08-05-2016_00-42-07-335000"
            },
            "403266269220175892": {
                "permissions": 262208,
                "name": "Mythical Ones",
                "colour": 1033914,
                "position": 14,
                "created_at": "17-01-2018_19-16-10-907000"
            },
            "469889716435812353": {
                "permissions": 8,
                "name": "High Council",
                "colour": 0,
                "position": 28,
                "created_at": "20-07-2018_15-33-58-527000"
            },
            "324535144641986560": {
                "permissions": 2116537599,
                "name": "Head of Development",
                "colour": 15844367,
                "position": 25,
                "created_at": "14-06-2017_13-06-48-054000"
            }
        },
        "previous": {
            "07-12-2018_09-02-35-892853": {
                "189416410542374912": {
                    "permissions": 267775190,
                    "name": "Moderator",
                    "colour": 3447003,
                    "position": 19,
                    "created_at": "06-06-2016_16-33-11-460000"
                },
                "373129696960970762": {
                    "permissions": 0,
                    "name": "Staff",
                    "colour": 16711680,
                    "position": 18,
                    "created_at": "26-10-2017_15-24-12-170000"
                },
                "178667818152230912": {
                    "permissions": 0,
                    "name": "@everyone",
                    "colour": 0,
                    "position": 0,
                    "created_at": "08-05-2016_00-42-07-335000"
                },
                "469889716435812353": {
                    "permissions": 8,
                    "name": "High Council",
                    "colour": 0,
                    "position": 30,
                    "created_at": "20-07-2018_15-33-58-527000"
                },
                "324535144641986560": {
                    "permissions": 2116537599,
                    "name": "Head of Development",
                    "colour": 16771132,
                    "position": 27,
                    "created_at": "14-06-2017_13-06-48-054000"
                }
            },
            "16-12-2018_21-52-39-901037": {
                "189416410542374912": {
                    "permissions": 267775190,
                    "name": "Moderator",
                    "colour": 3447003,
                    "position": 19,
                    "created_at": "06-06-2016_16-33-11-460000"
                },
                "373129696960970762": {
                    "permissions": 0,
                    "name": "Staff",
                    "colour": 16711680,
                    "position": 18,
                    "created_at": "26-10-2017_15-24-12-170000"
                },
                "178667818152230912": {
                    "permissions": 0,
                    "name": "@everyone",
                    "colour": 0,
                    "position": 0,
                    "created_at": "08-05-2016_00-42-07-335000"
                },
                "403266269220175892": {
                    "permissions": 262208,
                    "name": "Mythical Ones",
                    "colour": 1033914,
                    "position": 15,
                    "created_at": "17-01-2018_19-16-10-907000"
                },
                "469889716435812353": {
                    "permissions": 8,
                    "name": "High Council",
                    "colour": 0,
                    "position": 30,
                    "created_at": "20-07-2018_15-33-58-527000"
                },
                "324535144641986560": {
                    "permissions": 2116537599,
                    "name": "Head of Development",
                    "colour": 16771132,
                    "position": 27,
                    "created_at": "14-06-2017_13-06-48-054000"
                }
            },
            "06-12-2018_00-55-15-699438": {
                "189416410542374912": {
                    "permissions": 267775190,
                    "name": "Moderator",
                    "colour": 3447003,
                    "position": 20,
                    "created_at": "06-06-2016_16-33-11-460000"
                },
                "373129696960970762": {
                    "permissions": 0,
                    "name": "Staff",
                    "colour": 16711680,
                    "position": 19,
                    "created_at": "26-10-2017_15-24-12-170000"
                },
                "178667818152230912": {
                    "permissions": 0,
                    "name": "@everyone",
                    "colour": 0,
                    "position": 0,
                    "created_at": "08-05-2016_00-42-07-335000"
                },
                "403266269220175892": {
                    "permissions": 262208,
                    "name": "Mythical Ones",
                    "colour": 1033914,
                    "position": 16,
                    "created_at": "17-01-2018_19-16-10-907000"
                },
                "469889716435812353": {
                    "permissions": 8,
                    "name": "High Council",
                    "colour": 0,
                    "position": 31,
                    "created_at": "20-07-2018_15-33-58-527000"
                },
                "324535144641986560": {
                    "permissions": 2116537599,
                    "name": "Head of Development",
                    "colour": 16771132,
                    "position": 28,
                    "created_at": "14-06-2017_13-06-48-054000"
                }
            },
            "10-01-2019_00-18-24-072293": {
                "189416410542374912": {
                    "permissions": 267775190,
                    "name": "Moderator",
                    "colour": 3447003,
                    "position": 15,
                    "created_at": "06-06-2016_16-33-11-460000"
                },
                "373129696960970762": {
                    "permissions": 0,
                    "name": "Staff",
                    "colour": 16711680,
                    "position": 14,
                    "created_at": "26-10-2017_15-24-12-170000"
                },
                "178667818152230912": {
                    "permissions": 0,
                    "name": "@everyone",
                    "colour": 0,
                    "position": 0,
                    "created_at": "08-05-2016_00-42-07-335000"
                },
                "403266269220175892": {
                    "permissions": 262208,
                    "name": "Mythical Ones",
                    "colour": 1033914,
                    "position": 12,
                    "created_at": "17-01-2018_19-16-10-907000"
                },
                "469889716435812353": {
                    "permissions": 8,
                    "name": "High Council",
                    "colour": 0,
                    "position": 26,
                    "created_at": "20-07-2018_15-33-58-527000"
                },
                "324535144641986560": {
                    "permissions": 2116537599,
                    "name": "Head of Development",
                    "colour": 16771132,
                    "position": 23,
                    "created_at": "14-06-2017_13-06-48-054000"
                }
            },
            "07-12-2018_07-51-11-182069": {
                "189416410542374912": {
                    "permissions": 267775190,
                    "name": "Moderator",
                    "colour": 3447003,
                    "position": 19,
                    "created_at": "06-06-2016_16-33-11-460000"
                },
                "373129696960970762": {
                    "permissions": 0,
                    "name": "Staff",
                    "colour": 16711680,
                    "position": 18,
                    "created_at": "26-10-2017_15-24-12-170000"
                },
                "178667818152230912": {
                    "permissions": 0,
                    "name": "@everyone",
                    "colour": 0,
                    "position": 0,
                    "created_at": "08-05-2016_00-42-07-335000"
                },
                "403266269220175892": {
                    "permissions": 262208,
                    "name": "Mythical Ones",
                    "colour": 1033914,
                    "position": 15,
                    "created_at": "17-01-2018_19-16-10-907000"
                },
                "469889716435812353": {
                    "permissions": 8,
                    "name": "High Council",
                    "colour": 0,
                    "position": 30,
                    "created_at": "20-07-2018_15-33-58-527000"
                },
                "324535144641986560": {
                    "permissions": 2116537599,
                    "name": "Head of Development",
                    "colour": 16771132,
                    "position": 27,
                    "created_at": "14-06-2017_13-06-48-054000"
                }
            }
        }
    },
    "status": {
        "current": "online",
        "previous": {
            "17-12-2018_08-19-13-303562": "online",
            "10-01-2019_03-36-57-747790": "idle",
            "06-12-2018_17-09-51-137367": "idle",
            "06-12-2018_13-18-30-157611": "idle",
            "07-12-2018_09-02-35-892853": "idle",
            "06-12-2018_00-29-32-919666": "offline",
            "06-12-2018_01-05-49-556858": "idle",
            "10-01-2019_00-18-24-072293": "online",
            "12-12-2018_11-49-23-541900": "idle",
            "10-12-2018_16-02-31-496869": "online",
            "10-01-2019_03-33-44-007928": "idle",
            "06-12-2018_14-27-10-018861": "offline",
            "11-12-2018_09-13-26-392726": "idle",
            "09-12-2018_10-12-40-202519": "idle",
            "07-12-2018_07-51-11-182069": "idle",
            "07-12-2018_19-07-03-633575": "offline",
            "06-12-2018_19-01-41-672098": "idle",
            "06-12-2018_00-44-16-069543": "offline",
            "06-12-2018_15-04-14-303670": "offline",
            "05-12-2018_16-27-33-714312": "idle"
        }
    },
    "activity": {
        "2018": {
            "12": {
                "16": {
                    "22": {
                        "523913649182605330": 4
                    },
                    "23": {
                        "523913649182605330": 2
                    }
                },
                "10": {
                    "22": {
                        "403084790401728512": 1
                    },
                    "19": {
                        "403084790401728512": 2
                    }
                },
                "6": {
                    "22": {
                        "403084655550791682": 7
                    },
                    "16": {
                        "403086614600876032": 11
                    },
                    "14": {
                        "403084655550791682": 4
                    },
                    "0": {
                        "403086614600876032": 4
                    },
                    "21": {
                        "403086614600876032": 4
                    },
                    "17": {
                        "403086614600876032": 6
                    }
                },
                "11": {
                    "16": {
                        "403086691646046209": 1,
                        "403084763591606273": 1,
                        "403119788370690048": 1,
                        "403086614600876032": 15
                    }
                },
                "7": {
                    "19": {
                        "403086614600876032": 2
                    },
                    "8": {
                        "403086614600876032": 18
                    },
                    "9": {
                        "403086614600876032": 14
                    }
                },
                "5": {
                    "22": {
                        "403086614600876032": 10
                    },
                    "16": {
                        "403086614600876032": 43
                    },
                    "17": {
                        "403086614600876032": 7
                    },
                    "15": {
                        "403086614600876032": 54
                    }
                }
            }
        },
        "2019": {
            "1": {
                "10": {
                    "0": {
                        "403086614600876032": 3
                    },
                    "18": {
                        "403086614600876032": 2
                    },
                    "19": {
                        "523913649182605330": 1
                    }
                }
            }
        }
    },
    "display_name": {
        "current": "Zeny - Neko God-Wizard o' Loli",
        "previous": {}
    },
    "joined_at": {
        "current": "05-07-2016_08-07-38-976000",
        "previous": {}
    },
    "bot": false,
    "cookies": {
        "total_cookies": 19,
        "cookies_in_jar": 1,
        "cookie_interest": 0,
        "active_epochs": 1,
        "give": {
            "total_cookies": 0,
            "average": 0.0
        },
        "get": {
            "total_cookies": 19,
            "average": 1.0
        },
        "measured_epochs": 1,
        "active_this_epoch": true,
        "cookie_transfer_quota": 18,
        "current_cookies": 18
    },
    "voice": {
        "current": {
            "self_mute": false,
            "server_deaf": false,
            "server_mute": false,
            "is_afk": false,
            "channel": {
                "name": null,
                "id": null,
                "private": null
            },
            "self_deaf": false
        },
        "previous": {
            "17-12-2018_08-19-13-303562": {
                "self_mute": false,
                "server_deaf": false,
                "server_mute": false,
                "is_afk": false,
                "channel": {
                    "name": "General",
                    "id": "403283673647939595",
                    "private": false
                },
                "self_deaf": false
            },
            "10-01-2019_03-36-57-747790": {
                "self_mute": false,
                "server_deaf": false,
                "server_mute": false,
                "is_afk": false,
                "channel": {
                    "name": "General",
                    "id": "403283673647939595",
                    "private": false
                },
                "self_deaf": false
            },
            "11-12-2018_09-13-26-392726": {
                "self_mute": false,
                "server_deaf": false,
                "server_mute": false,
                "is_afk": false,
                "channel": {
                    "name": "Staff",
                    "id": "403261388497354752",
                    "private": false
                },
                "self_deaf": false
            },
            "06-12-2018_19-01-41-672098": {
                "self_mute": false,
                "server_deaf": false,
                "server_mute": false,
                "is_afk": false,
                "channel": {
                    "name": "General",
                    "id": "403283673647939595",
                    "private": false
                },
                "self_deaf": false
            },
            "16-12-2018_22-46-26-221531": {
                "self_mute": false,
                "server_deaf": false,
                "server_mute": false,
                "is_afk": false,
                "channel": {
                    "name": "Under Where",
                    "id": "403086522146095104",
                    "private": false
                },
                "self_deaf": false
            },
            "16-12-2018_21-52-39-901037": {
                "self_mute": false,
                "server_deaf": false,
                "server_mute": false,
                "is_afk": false,
                "channel": {
                    "name": null,
                    "id": null,
                    "private": null
                },
                "self_deaf": false
            }
        }
    },
    "created_at": "17-02-2016_05-10-29-742000",
    "discriminator": {
        "current": "2273",
        "previous": {}
    },
    "name": {
        "current": "Ely",
        "previous": {}
    },
    "game": {
        "current": {
            "name": null,
            "url": null,
            "type": null
        },
        "previous": {
            "07-12-2018_19-07-03-633575": {
                "name": "osu!",
                "url": null,
                "type": 0
            },
            "08-12-2018_15-44-11-058097": {
                "name": "Counter-Strike: Global Offensive",
                "url": null,
                "type": 0
            }
        }
    },
    "id": "149381939428589568",
    "bans": {
        "current": "not banned",
        "previous": {}
    }
}