{
    "colour": {
        "current": 13079310,
        "previous": {}
    },
    "roles": {
        "current": {
            "178667818152230912": {
                "permissions": 0,
                "name": "@everyone",
                "colour": 0,
                "created_at": "08-05-2016_00-42-07-335000",
                "position": 0
            },
            "529116178040487946": {
                "permissions": 36717632,
                "name": "Rhythm",
                "colour": 0,
                "created_at": "31-12-2018_01-58-47-348000",
                "position": 11
            },
            "403239438802485259": {
                "permissions": 0,
                "name": "Bots",
                "colour": 13079310,
                "created_at": "17-01-2018_17-29-34-037000",
                "position": 10
            },
            "403266285313589250": {
                "permissions": 0,
                "name": "Abandoned Ones",
                "colour": 16777215,
                "created_at": "17-01-2018_19-16-14-744000",
                "position": 9
            }
        },
        "previous": {}
    },
    "status": {
        "current": "online",
        "previous": {}
    },
    "activity": {},
    "display_name": {
        "current": "Rythm",
        "previous": {}
    },
    "joined_at": {
        "current": "31-12-2018_01-58-02-344191",
        "previous": {}
    },
    "bot": true,
    "cookies": {
        "total_cookies": 0,
        "cookies_in_jar": 0,
        "cookie_interest": 0,
        "current_cookies": 0,
        "active_epochs": 0,
        "give": {
            "total_cookies": 0,
            "average": 0
        },
        "get": {
            "total_cookies": 0,
            "average": 0
        },
        "measured_epochs": 0,
        "cookie_transfer_quota": 0,
        "active_this_epoch": false
    },
    "voice": {
        "current": {
            "self_mute": false,
            "server_deaf": false,
            "server_mute": false,
            "is_afk": false,
            "channel": {
                "name": null,
                "id": null,
                "private": null
            },
            "self_deaf": false
        },
        "previous": {}
    },
    "created_at": "10-10-2016_17-18-57-438000",
    "discriminator": {
        "current": "3722",
        "previous": {}
    },
    "name": {
        "current": "Rythm",
        "previous": {}
    },
    "game": {
        "current": {
            "name": null,
            "url": null,
            "type": null
        },
        "previous": {}
    },
    "id": "235088799074484224",
    "bans": {
        "current": "not banned",
        "previous": {}
    }
}