{
    "colour": {
        "current": 16777215,
        "previous": {}
    },
    "roles": {
        "current": {
            "403272352223461387": {
                "permissions": 104187968,
                "name": "Members",
                "colour": 0,
                "position": 8,
                "created_at": "17-01-2018_19-40-21-208000"
            },
            "178667818152230912": {
                "permissions": 0,
                "name": "@everyone",
                "colour": 0,
                "position": 0,
                "created_at": "08-05-2016_00-42-07-335000"
            },
            "403266285313589250": {
                "permissions": 0,
                "name": "Abandoned Ones",
                "colour": 16777215,
                "position": 9,
                "created_at": "17-01-2018_19-16-14-744000"
            }
        },
        "previous": {}
    },
    "status": {
        "current": "idle",
        "previous": {
            "10-01-2019_03-33-44-007928": "idle",
            "10-01-2019_03-36-57-747790": "online",
            "10-01-2019_00-18-24-072293": "online"
        }
    },
    "activity": {},
    "display_name": {
        "current": "Hewie, Hero & Princess of Hyrule",
        "previous": {}
    },
    "joined_at": {
        "current": "06-01-2019_17-52-50-087471",
        "previous": {}
    },
    "bot": false,
    "cookies": {
        "total_cookies": 0,
        "cookies_in_jar": 0,
        "cookie_interest": 0,
        "active_epochs": 0,
        "give": {
            "total_cookies": 0,
            "average": 0
        },
        "get": {
            "total_cookies": 0,
            "average": 0
        },
        "measured_epochs": 0,
        "active_this_epoch": false,
        "cookie_transfer_quota": 0,
        "current_cookies": 0
    },
    "voice": {
        "current": {
            "self_mute": false,
            "server_deaf": false,
            "server_mute": false,
            "is_afk": false,
            "channel": {
                "name": null,
                "id": null,
                "private": null
            },
            "self_deaf": false
        },
        "previous": {}
    },
    "created_at": "26-04-2017_20-37-20-003000",
    "discriminator": {
        "current": "8056",
        "previous": {}
    },
    "name": {
        "current": "Hewie, Hero & Princess of Hyrule",
        "previous": {}
    },
    "game": {
        "current": {
            "name": null,
            "url": null,
            "type": null
        },
        "previous": {}
    },
    "id": "306891519439142922",
    "bans": {
        "current": "not banned",
        "previous": {}
    }
}