{
    "colour": {
        "current": 16741437,
        "previous": {}
    },
    "roles": {
        "current": {
            "373129696960970762": {
                "permissions": 0,
                "name": "Staff",
                "colour": 16711680,
                "created_at": "26-10-2017_15-24-12-170000",
                "position": 16
            },
            "178667818152230912": {
                "permissions": 0,
                "name": "@everyone",
                "colour": 0,
                "created_at": "08-05-2016_00-42-07-335000",
                "position": 0
            },
            "403266285313589250": {
                "permissions": 0,
                "name": "Abandoned Ones",
                "colour": 16777215,
                "created_at": "17-01-2018_19-16-14-744000",
                "position": 9
            },
            "469889439775326208": {
                "permissions": 0,
                "name": "Head of Media",
                "colour": 16741437,
                "created_at": "20-07-2018_15-32-52-566000",
                "position": 23
            },
            "403272352223461387": {
                "permissions": 104187968,
                "name": "Members",
                "colour": 0,
                "created_at": "17-01-2018_19-40-21-208000",
                "position": 8
            },
            "401845161266642944": {
                "permissions": 0,
                "name": "Media Creators",
                "colour": 7962319,
                "created_at": "13-01-2018_21-09-12-368000",
                "position": 18
            },
            "469889716435812353": {
                "permissions": 8,
                "name": "High Council",
                "colour": 0,
                "created_at": "20-07-2018_15-33-58-527000",
                "position": 28
            }
        },
        "previous": {
            "16-12-2018_21-52-39-901037": {
                "373129696960970762": {
                    "permissions": 0,
                    "name": "Staff",
                    "colour": 16711680,
                    "created_at": "26-10-2017_15-24-12-170000",
                    "position": 18
                },
                "178667818152230912": {
                    "permissions": 0,
                    "name": "@everyone",
                    "colour": 0,
                    "created_at": "08-05-2016_00-42-07-335000",
                    "position": 0
                },
                "403266285313589250": {
                    "permissions": 0,
                    "name": "Abandoned Ones",
                    "colour": 16777215,
                    "created_at": "17-01-2018_19-16-14-744000",
                    "position": 11
                },
                "469889439775326208": {
                    "permissions": 0,
                    "name": "Head of Media",
                    "colour": 16741437,
                    "created_at": "20-07-2018_15-32-52-566000",
                    "position": 25
                },
                "403272352223461387": {
                    "permissions": 104187968,
                    "name": "Members",
                    "colour": 0,
                    "created_at": "17-01-2018_19-40-21-208000",
                    "position": 10
                },
                "401845161266642944": {
                    "permissions": 0,
                    "name": "Media Creators",
                    "colour": 7962319,
                    "created_at": "13-01-2018_21-09-12-368000",
                    "position": 20
                },
                "469889716435812353": {
                    "permissions": 8,
                    "name": "High Council",
                    "colour": 0,
                    "created_at": "20-07-2018_15-33-58-527000",
                    "position": 30
                }
            },
            "07-12-2018_09-02-35-892853": {
                "373129696960970762": {
                    "permissions": 0,
                    "name": "Staff",
                    "colour": 16711680,
                    "created_at": "26-10-2017_15-24-12-170000",
                    "position": 18
                },
                "178667818152230912": {
                    "permissions": 0,
                    "name": "@everyone",
                    "colour": 0,
                    "created_at": "08-05-2016_00-42-07-335000",
                    "position": 0
                },
                "403266285313589250": {
                    "permissions": 0,
                    "name": "Abandoned Ones",
                    "colour": 16777215,
                    "created_at": "17-01-2018_19-16-14-744000",
                    "position": 12
                },
                "469889439775326208": {
                    "permissions": 0,
                    "name": "Head of Media",
                    "colour": 16741437,
                    "created_at": "20-07-2018_15-32-52-566000",
                    "position": 25
                },
                "403272352223461387": {
                    "permissions": 104187968,
                    "name": "Members",
                    "colour": 0,
                    "created_at": "17-01-2018_19-40-21-208000",
                    "position": 11
                },
                "401845161266642944": {
                    "permissions": 0,
                    "name": "Media Creators",
                    "colour": 7962319,
                    "created_at": "13-01-2018_21-09-12-368000",
                    "position": 20
                },
                "469889716435812353": {
                    "permissions": 8,
                    "name": "High Council",
                    "colour": 0,
                    "created_at": "20-07-2018_15-33-58-527000",
                    "position": 30
                }
            },
            "06-12-2018_01-05-49-556858": {
                "373129696960970762": {
                    "permissions": 0,
                    "name": "Staff",
                    "colour": 16711680,
                    "created_at": "26-10-2017_15-24-12-170000",
                    "position": 19
                },
                "178667818152230912": {
                    "permissions": 0,
                    "name": "@everyone",
                    "colour": 0,
                    "created_at": "08-05-2016_00-42-07-335000",
                    "position": 0
                },
                "403266285313589250": {
                    "permissions": 0,
                    "name": "Abandoned Ones",
                    "colour": 16777215,
                    "created_at": "17-01-2018_19-16-14-744000",
                    "position": 13
                },
                "469889439775326208": {
                    "permissions": 0,
                    "name": "Head of Media",
                    "colour": 16741437,
                    "created_at": "20-07-2018_15-32-52-566000",
                    "position": 26
                },
                "403272352223461387": {
                    "permissions": 104187968,
                    "name": "Members",
                    "colour": 0,
                    "created_at": "17-01-2018_19-40-21-208000",
                    "position": 12
                },
                "401845161266642944": {
                    "permissions": 0,
                    "name": "Media Creators",
                    "colour": 7962319,
                    "created_at": "13-01-2018_21-09-12-368000",
                    "position": 21
                },
                "469889716435812353": {
                    "permissions": 8,
                    "name": "High Council",
                    "colour": 0,
                    "created_at": "20-07-2018_15-33-58-527000",
                    "position": 31
                }
            },
            "10-01-2019_00-18-24-072293": {
                "373129696960970762": {
                    "permissions": 0,
                    "name": "Staff",
                    "colour": 16711680,
                    "created_at": "26-10-2017_15-24-12-170000",
                    "position": 14
                },
                "178667818152230912": {
                    "permissions": 0,
                    "name": "@everyone",
                    "colour": 0,
                    "created_at": "08-05-2016_00-42-07-335000",
                    "position": 0
                },
                "403266285313589250": {
                    "permissions": 0,
                    "name": "Abandoned Ones",
                    "colour": 16777215,
                    "created_at": "17-01-2018_19-16-14-744000",
                    "position": 8
                },
                "469889439775326208": {
                    "permissions": 0,
                    "name": "Head of Media",
                    "colour": 16741437,
                    "created_at": "20-07-2018_15-32-52-566000",
                    "position": 21
                },
                "403272352223461387": {
                    "permissions": 104187968,
                    "name": "Members",
                    "colour": 0,
                    "created_at": "17-01-2018_19-40-21-208000",
                    "position": 7
                },
                "401845161266642944": {
                    "permissions": 0,
                    "name": "Media Creators",
                    "colour": 7962319,
                    "created_at": "13-01-2018_21-09-12-368000",
                    "position": 16
                },
                "469889716435812353": {
                    "permissions": 8,
                    "name": "High Council",
                    "colour": 0,
                    "created_at": "20-07-2018_15-33-58-527000",
                    "position": 26
                }
            }
        }
    },
    "status": {
        "current": "offline",
        "previous": {}
    },
    "activity": {},
    "display_name": {
        "current": "Rikolan's Anatidaephobia",
        "previous": {}
    },
    "joined_at": {
        "current": "05-02-2018_16-55-01-886059",
        "previous": {}
    },
    "bot": false,
    "cookies": {
        "total_cookies": 0,
        "cookies_in_jar": 0,
        "cookie_interest": 0,
        "current_cookies": 0,
        "active_epochs": 0,
        "give": {
            "total_cookies": 0,
            "average": 0.0
        },
        "get": {
            "total_cookies": 0,
            "average": 0.0
        },
        "measured_epochs": 8,
        "cookie_transfer_quota": 0,
        "active_this_epoch": false
    },
    "voice": {
        "current": {
            "self_mute": false,
            "server_deaf": false,
            "server_mute": false,
            "is_afk": false,
            "channel": {
                "name": null,
                "id": null,
                "private": null
            },
            "self_deaf": false
        },
        "previous": {}
    },
    "created_at": "26-08-2017_23-07-29-067000",
    "discriminator": {
        "current": "7721",
        "previous": {}
    },
    "name": {
        "current": "Rikolan's Anatidaephobia",
        "previous": {}
    },
    "game": {
        "current": {
            "name": null,
            "url": null,
            "type": null
        },
        "previous": {}
    },
    "id": "351140625795645452",
    "bans": {
        "current": "not banned",
        "previous": {}
    }
}