{
    "colour": {
        "current": 3447003,
        "previous": {}
    },
    "roles": {
        "current": {
            "189416410542374912": {
                "permissions": 267775190,
                "name": "Moderator",
                "colour": 3447003,
                "position": 17,
                "created_at": "06-06-2016_16-33-11-460000"
            },
            "373129696960970762": {
                "permissions": 0,
                "name": "Staff",
                "colour": 16711680,
                "position": 16,
                "created_at": "26-10-2017_15-24-12-170000"
            },
            "403272352223461387": {
                "permissions": 104187968,
                "name": "Members",
                "colour": 0,
                "position": 8,
                "created_at": "17-01-2018_19-40-21-208000"
            },
            "178667818152230912": {
                "permissions": 0,
                "name": "@everyone",
                "colour": 0,
                "position": 0,
                "created_at": "08-05-2016_00-42-07-335000"
            },
            "403266285313589250": {
                "permissions": 0,
                "name": "Abandoned Ones",
                "colour": 16777215,
                "position": 9,
                "created_at": "17-01-2018_19-16-14-744000"
            }
        },
        "previous": {
            "16-12-2018_21-52-39-901037": {
                "189416410542374912": {
                    "permissions": 267775190,
                    "name": "Moderator",
                    "colour": 3447003,
                    "position": 19,
                    "created_at": "06-06-2016_16-33-11-460000"
                },
                "403272352223461387": {
                    "permissions": 104187968,
                    "name": "Members",
                    "colour": 0,
                    "position": 10,
                    "created_at": "17-01-2018_19-40-21-208000"
                },
                "178667818152230912": {
                    "permissions": 0,
                    "name": "@everyone",
                    "colour": 0,
                    "position": 0,
                    "created_at": "08-05-2016_00-42-07-335000"
                },
                "403266285313589250": {
                    "permissions": 0,
                    "name": "Abandoned Ones",
                    "colour": 16777215,
                    "position": 11,
                    "created_at": "17-01-2018_19-16-14-744000"
                }
            },
            "07-12-2018_09-02-35-892853": {
                "189416410542374912": {
                    "permissions": 267775190,
                    "name": "Moderator",
                    "colour": 3447003,
                    "position": 19,
                    "created_at": "06-06-2016_16-33-11-460000"
                },
                "403272352223461387": {
                    "permissions": 104187968,
                    "name": "Members",
                    "colour": 0,
                    "position": 11,
                    "created_at": "17-01-2018_19-40-21-208000"
                },
                "178667818152230912": {
                    "permissions": 0,
                    "name": "@everyone",
                    "colour": 0,
                    "position": 0,
                    "created_at": "08-05-2016_00-42-07-335000"
                },
                "403266285313589250": {
                    "permissions": 0,
                    "name": "Abandoned Ones",
                    "colour": 16777215,
                    "position": 12,
                    "created_at": "17-01-2018_19-16-14-744000"
                }
            },
            "06-12-2018_01-05-49-556858": {
                "189416410542374912": {
                    "permissions": 267775190,
                    "name": "Moderator",
                    "colour": 3447003,
                    "position": 20,
                    "created_at": "06-06-2016_16-33-11-460000"
                },
                "403272352223461387": {
                    "permissions": 104187968,
                    "name": "Members",
                    "colour": 0,
                    "position": 12,
                    "created_at": "17-01-2018_19-40-21-208000"
                },
                "178667818152230912": {
                    "permissions": 0,
                    "name": "@everyone",
                    "colour": 0,
                    "position": 0,
                    "created_at": "08-05-2016_00-42-07-335000"
                },
                "403266285313589250": {
                    "permissions": 0,
                    "name": "Abandoned Ones",
                    "colour": 16777215,
                    "position": 13,
                    "created_at": "17-01-2018_19-16-14-744000"
                },
                "403266269220175892": {
                    "permissions": 262208,
                    "name": "Mythical Ones",
                    "colour": 1033914,
                    "position": 16,
                    "created_at": "17-01-2018_19-16-10-907000"
                }
            },
            "10-01-2019_00-18-24-072293": {
                "189416410542374912": {
                    "permissions": 267775190,
                    "name": "Moderator",
                    "colour": 3447003,
                    "position": 15,
                    "created_at": "06-06-2016_16-33-11-460000"
                },
                "403272352223461387": {
                    "permissions": 104187968,
                    "name": "Members",
                    "colour": 0,
                    "position": 7,
                    "created_at": "17-01-2018_19-40-21-208000"
                },
                "178667818152230912": {
                    "permissions": 0,
                    "name": "@everyone",
                    "colour": 0,
                    "position": 0,
                    "created_at": "08-05-2016_00-42-07-335000"
                },
                "403266285313589250": {
                    "permissions": 0,
                    "name": "Abandoned Ones",
                    "colour": 16777215,
                    "position": 8,
                    "created_at": "17-01-2018_19-16-14-744000"
                }
            },
            "07-12-2018_07-51-11-182069": {
                "189416410542374912": {
                    "permissions": 267775190,
                    "name": "Moderator",
                    "colour": 3447003,
                    "position": 19,
                    "created_at": "06-06-2016_16-33-11-460000"
                },
                "403272352223461387": {
                    "permissions": 104187968,
                    "name": "Members",
                    "colour": 0,
                    "position": 11,
                    "created_at": "17-01-2018_19-40-21-208000"
                },
                "178667818152230912": {
                    "permissions": 0,
                    "name": "@everyone",
                    "colour": 0,
                    "position": 0,
                    "created_at": "08-05-2016_00-42-07-335000"
                },
                "403266285313589250": {
                    "permissions": 0,
                    "name": "Abandoned Ones",
                    "colour": 16777215,
                    "position": 12,
                    "created_at": "17-01-2018_19-16-14-744000"
                },
                "403266269220175892": {
                    "permissions": 262208,
                    "name": "Mythical Ones",
                    "colour": 1033914,
                    "position": 15,
                    "created_at": "17-01-2018_19-16-10-907000"
                }
            }
        }
    },
    "status": {
        "current": "offline",
        "previous": {
            "06-12-2018_17-09-51-137367": "online",
            "06-12-2018_14-37-28-467255": "online",
            "10-01-2019_03-36-57-747790": "online",
            "10-01-2019_00-18-24-072293": "online",
            "05-12-2018_16-27-33-714312": "online"
        }
    },
    "activity": {
        "2018": {
            "12": {
                "6": {
                    "14": {
                        "403084813680115712": 1,
                        "403084655550791682": 2
                    }
                }
            }
        },
        "2019": {
            "1": {
                "10": {
                    "15": {
                        "403084655550791682": 1
                    }
                }
            }
        }
    },
    "display_name": {
        "current": "Espresso Depresso",
        "previous": {}
    },
    "joined_at": {
        "current": "18-11-2018_17-20-36-226990",
        "previous": {}
    },
    "bot": false,
    "cookies": {
        "total_cookies": 0,
        "cookies_in_jar": 0,
        "cookie_interest": 0,
        "active_epochs": 0,
        "give": {
            "total_cookies": 0,
            "average": 0.0
        },
        "get": {
            "total_cookies": 0,
            "average": 0.0
        },
        "measured_epochs": 8,
        "active_this_epoch": false,
        "cookie_transfer_quota": 0,
        "current_cookies": 0
    },
    "voice": {
        "current": {
            "self_mute": false,
            "server_deaf": false,
            "server_mute": false,
            "is_afk": false,
            "channel": {
                "name": null,
                "id": null,
                "private": null
            },
            "self_deaf": false
        },
        "previous": {}
    },
    "created_at": "04-09-2017_22-12-38-407000",
    "discriminator": {
        "current": "9377",
        "previous": {}
    },
    "name": {
        "current": "Trash Panda \ud83d\udc3c\ud83d\udc3c",
        "previous": {}
    },
    "game": {
        "current": {
            "name": null,
            "url": null,
            "type": null
        },
        "previous": {}
    },
    "id": "354388314557644800",
    "bans": {
        "current": "not banned",
        "previous": {}
    }
}