{
    "colour": {
        "current": 16777215,
        "previous": {}
    },
    "roles": {
        "current": {
            "403272352223461387": {
                "permissions": 104187968,
                "name": "Members",
                "colour": 0,
                "created_at": "17-01-2018_19-40-21-208000",
                "position": 8
            },
            "430760351248809986": {
                "permissions": 0,
                "name": "Current Iteration",
                "colour": 0,
                "created_at": "03-04-2018_16-07-50-878000",
                "position": 7
            },
            "178667818152230912": {
                "permissions": 0,
                "name": "@everyone",
                "colour": 0,
                "created_at": "08-05-2016_00-42-07-335000",
                "position": 0
            },
            "403266285313589250": {
                "permissions": 0,
                "name": "Abandoned Ones",
                "colour": 16777215,
                "created_at": "17-01-2018_19-16-14-744000",
                "position": 9
            }
        },
        "previous": {
            "16-12-2018_21-52-39-901037": {
                "403272352223461387": {
                    "permissions": 104187968,
                    "name": "Members",
                    "colour": 0,
                    "created_at": "17-01-2018_19-40-21-208000",
                    "position": 10
                },
                "430760351248809986": {
                    "permissions": 0,
                    "name": "Current Iteration",
                    "colour": 0,
                    "created_at": "03-04-2018_16-07-50-878000",
                    "position": 9
                },
                "178667818152230912": {
                    "permissions": 0,
                    "name": "@everyone",
                    "colour": 0,
                    "created_at": "08-05-2016_00-42-07-335000",
                    "position": 0
                },
                "403266285313589250": {
                    "permissions": 0,
                    "name": "Abandoned Ones",
                    "colour": 16777215,
                    "created_at": "17-01-2018_19-16-14-744000",
                    "position": 11
                }
            },
            "07-12-2018_09-02-35-892853": {
                "403272352223461387": {
                    "permissions": 104187968,
                    "name": "Members",
                    "colour": 0,
                    "created_at": "17-01-2018_19-40-21-208000",
                    "position": 11
                },
                "430760351248809986": {
                    "permissions": 0,
                    "name": "Current Iteration",
                    "colour": 0,
                    "created_at": "03-04-2018_16-07-50-878000",
                    "position": 9
                },
                "178667818152230912": {
                    "permissions": 0,
                    "name": "@everyone",
                    "colour": 0,
                    "created_at": "08-05-2016_00-42-07-335000",
                    "position": 0
                },
                "403266285313589250": {
                    "permissions": 0,
                    "name": "Abandoned Ones",
                    "colour": 16777215,
                    "created_at": "17-01-2018_19-16-14-744000",
                    "position": 12
                }
            },
            "06-12-2018_01-05-49-556858": {
                "403272352223461387": {
                    "permissions": 104187968,
                    "name": "Members",
                    "colour": 0,
                    "created_at": "17-01-2018_19-40-21-208000",
                    "position": 12
                },
                "430760351248809986": {
                    "permissions": 0,
                    "name": "Current Iteration",
                    "colour": 0,
                    "created_at": "03-04-2018_16-07-50-878000",
                    "position": 10
                },
                "178667818152230912": {
                    "permissions": 0,
                    "name": "@everyone",
                    "colour": 0,
                    "created_at": "08-05-2016_00-42-07-335000",
                    "position": 0
                },
                "403266285313589250": {
                    "permissions": 0,
                    "name": "Abandoned Ones",
                    "colour": 16777215,
                    "created_at": "17-01-2018_19-16-14-744000",
                    "position": 13
                }
            },
            "10-01-2019_00-18-24-072293": {
                "403272352223461387": {
                    "permissions": 104187968,
                    "name": "Members",
                    "colour": 0,
                    "created_at": "17-01-2018_19-40-21-208000",
                    "position": 7
                },
                "430760351248809986": {
                    "permissions": 0,
                    "name": "Current Iteration",
                    "colour": 0,
                    "created_at": "03-04-2018_16-07-50-878000",
                    "position": 6
                },
                "178667818152230912": {
                    "permissions": 0,
                    "name": "@everyone",
                    "colour": 0,
                    "created_at": "08-05-2016_00-42-07-335000",
                    "position": 0
                },
                "403266285313589250": {
                    "permissions": 0,
                    "name": "Abandoned Ones",
                    "colour": 16777215,
                    "created_at": "17-01-2018_19-16-14-744000",
                    "position": 8
                }
            }
        }
    },
    "status": {
        "current": "offline",
        "previous": {
            "11-12-2018_09-13-26-392726": "online",
            "16-12-2018_22-46-26-221531": "online"
        }
    },
    "activity": {},
    "display_name": {
        "current": "Zeny's Loli Potato",
        "previous": {
            "10-01-2019_00-18-24-072293": "The True Lolli God, Jack",
            "16-12-2018_22-46-26-221531": "Jew"
        }
    },
    "joined_at": {
        "current": "03-03-2018_21-21-43-251257",
        "previous": {}
    },
    "bot": false,
    "cookies": {
        "total_cookies": 0,
        "cookies_in_jar": 0,
        "cookie_interest": 0,
        "current_cookies": 0,
        "active_epochs": 0,
        "give": {
            "total_cookies": 0,
            "average": 0.0
        },
        "get": {
            "total_cookies": 0,
            "average": 0.0
        },
        "measured_epochs": 8,
        "cookie_transfer_quota": 0,
        "active_this_epoch": false
    },
    "voice": {
        "current": {
            "self_mute": false,
            "server_deaf": false,
            "server_mute": false,
            "is_afk": false,
            "channel": {
                "name": null,
                "id": null,
                "private": null
            },
            "self_deaf": false
        },
        "previous": {
            "16-12-2018_22-46-26-221531": {
                "self_mute": false,
                "server_deaf": false,
                "server_mute": false,
                "is_afk": false,
                "channel": {
                    "name": "General",
                    "id": "403283673647939595",
                    "private": false
                },
                "self_deaf": false
            }
        }
    },
    "created_at": "11-11-2017_22-26-39-309000",
    "discriminator": {
        "current": "2113",
        "previous": {}
    },
    "name": {
        "current": "Jacob E. Wright (Comcer)",
        "previous": {}
    },
    "game": {
        "current": {
            "name": null,
            "url": null,
            "type": null
        },
        "previous": {}
    },
    "id": "379034216417067018",
    "bans": {
        "current": "not banned",
        "previous": {}
    }
}