{
    "colour": {
        "current": 16728548,
        "previous": {
            "16-12-2018_21-52-39-901037": 16777215,
            "09-12-2018_10-12-20-733458": 0
        }
    },
    "roles": {
        "current": {
            "373129696960970762": {
                "permissions": 0,
                "name": "Staff",
                "colour": 16711680,
                "position": 16,
                "created_at": "26-10-2017_15-24-12-170000"
            },
            "178667818152230912": {
                "permissions": 0,
                "name": "@everyone",
                "colour": 0,
                "position": 0,
                "created_at": "08-05-2016_00-42-07-335000"
            },
            "430760351248809986": {
                "permissions": 0,
                "name": "Current Iteration",
                "colour": 0,
                "position": 7,
                "created_at": "03-04-2018_16-07-50-878000"
            },
            "403266285313589250": {
                "permissions": 0,
                "name": "Abandoned Ones",
                "colour": 16777215,
                "position": 9,
                "created_at": "17-01-2018_19-16-14-744000"
            },
            "523917597138354193": {
                "permissions": 0,
                "name": "Yeeters",
                "colour": 16714995,
                "position": 3,
                "created_at": "16-12-2018_17-41-29-076000"
            },
            "403272352223461387": {
                "permissions": 104187968,
                "name": "Members",
                "colour": 0,
                "position": 8,
                "created_at": "17-01-2018_19-40-21-208000"
            },
            "400699163026653184": {
                "permissions": 129,
                "name": "Community Managers",
                "colour": 16728548,
                "position": 19,
                "created_at": "10-01-2018_17-15-25-096000"
            }
        },
        "previous": {
            "16-12-2018_21-52-39-901037": {
                "178667818152230912": {
                    "permissions": 0,
                    "name": "@everyone",
                    "colour": 0,
                    "position": 0,
                    "created_at": "08-05-2016_00-42-07-335000"
                },
                "403266285313589250": {
                    "permissions": 0,
                    "name": "Abandoned Ones",
                    "colour": 16777215,
                    "position": 11,
                    "created_at": "17-01-2018_19-16-14-744000"
                }
            },
            "10-01-2019_00-18-24-072293": {
                "373129696960970762": {
                    "permissions": 0,
                    "name": "Staff",
                    "colour": 16711680,
                    "position": 14,
                    "created_at": "26-10-2017_15-24-12-170000"
                },
                "178667818152230912": {
                    "permissions": 0,
                    "name": "@everyone",
                    "colour": 0,
                    "position": 0,
                    "created_at": "08-05-2016_00-42-07-335000"
                },
                "430760351248809986": {
                    "permissions": 0,
                    "name": "Current Iteration",
                    "colour": 0,
                    "position": 6,
                    "created_at": "03-04-2018_16-07-50-878000"
                },
                "403266285313589250": {
                    "permissions": 0,
                    "name": "Abandoned Ones",
                    "colour": 16777215,
                    "position": 8,
                    "created_at": "17-01-2018_19-16-14-744000"
                },
                "523917597138354193": {
                    "permissions": 0,
                    "name": "Yeeters",
                    "colour": 16714995,
                    "position": 1,
                    "created_at": "16-12-2018_17-41-29-076000"
                },
                "403272352223461387": {
                    "permissions": 104187968,
                    "name": "Members",
                    "colour": 0,
                    "position": 7,
                    "created_at": "17-01-2018_19-40-21-208000"
                },
                "400699163026653184": {
                    "permissions": 129,
                    "name": "Community Managers",
                    "colour": 16728548,
                    "position": 17,
                    "created_at": "10-01-2018_17-15-25-096000"
                }
            },
            "09-12-2018_10-12-20-733458": {
                "178667818152230912": {
                    "permissions": 0,
                    "name": "@everyone",
                    "colour": 0,
                    "position": 0,
                    "created_at": "08-05-2016_00-42-07-335000"
                }
            }
        }
    },
    "status": {
        "current": "online",
        "previous": {
            "10-12-2018_16-02-31-496869": "online",
            "10-01-2019_03-36-57-747790": "idle",
            "11-12-2018_09-13-26-392726": "online",
            "09-12-2018_10-12-40-202519": "online",
            "17-12-2018_08-19-13-303562": "idle",
            "16-12-2018_21-52-39-901037": "offline",
            "10-01-2019_00-18-24-072293": "offline",
            "08-12-2018_15-44-11-058097": "online"
        }
    },
    "activity": {
        "2018": {
            "12": {
                "16": {
                    "22": {
                        "523913649182605330": 9
                    },
                    "23": {
                        "523913649182605330": 8
                    }
                }
            }
        },
        "2019": {
            "1": {
                "10": {
                    "1": {
                        "523913649182605330": 1
                    },
                    "16": {
                        "403084655550791682": 1
                    },
                    "14": {
                        "523913649182605330": 8
                    },
                    "2": {
                        "523913649182605330": 3
                    },
                    "3": {
                        "523913649182605330": 2
                    },
                    "0": {
                        "523913649182605330": 6,
                        "403084763591606273": 1
                    },
                    "18": {
                        "523913649182605330": 1
                    },
                    "17": {
                        "523913649182605330": 1
                    },
                    "13": {
                        "523913649182605330": 1,
                        "403084655550791682": 1
                    }
                }
            }
        }
    },
    "display_name": {
        "current": "The Edgy Sad Foreign Child",
        "previous": {
            "10-01-2019_00-18-24-072293": "LmanTheAussie"
        }
    },
    "joined_at": {
        "current": "08-12-2018_22-38-24-111768",
        "previous": {}
    },
    "bot": false,
    "cookies": {
        "total_cookies": 0,
        "cookies_in_jar": 0,
        "cookie_interest": 0,
        "active_epochs": 0,
        "give": {
            "total_cookies": 0,
            "average": 0
        },
        "get": {
            "total_cookies": 0,
            "average": 0
        },
        "measured_epochs": 0,
        "active_this_epoch": false,
        "cookie_transfer_quota": 0,
        "current_cookies": 0
    },
    "voice": {
        "current": {
            "self_mute": false,
            "server_deaf": false,
            "server_mute": false,
            "is_afk": false,
            "channel": {
                "name": "simply-yeet",
                "id": "523902470724911105",
                "private": false
            },
            "self_deaf": false
        },
        "previous": {
            "16-12-2018_21-52-39-901037": {
                "self_mute": false,
                "server_deaf": false,
                "server_mute": false,
                "is_afk": false,
                "channel": {
                    "name": null,
                    "id": null,
                    "private": null
                },
                "self_deaf": false
            },
            "17-12-2018_08-19-13-303562": {
                "self_mute": false,
                "server_deaf": false,
                "server_mute": false,
                "is_afk": false,
                "channel": {
                    "name": "General",
                    "id": "403283673647939595",
                    "private": false
                },
                "self_deaf": false
            },
            "10-01-2019_03-36-57-747790": {
                "self_mute": true,
                "server_deaf": false,
                "server_mute": false,
                "is_afk": false,
                "channel": {
                    "name": "simply-yeet",
                    "id": "523902470724911105",
                    "private": false
                },
                "self_deaf": false
            },
            "10-01-2019_00-18-24-072293": {
                "self_mute": false,
                "server_deaf": false,
                "server_mute": false,
                "is_afk": false,
                "channel": {
                    "name": null,
                    "id": null,
                    "private": null
                },
                "self_deaf": false
            }
        }
    },
    "created_at": "26-11-2017_05-14-57-756000",
    "discriminator": {
        "current": "1162",
        "previous": {}
    },
    "name": {
        "current": "Some Mop",
        "previous": {
            "10-01-2019_00-18-24-072293": "LmanTheAussie"
        }
    },
    "game": {
        "current": {
            "name": null,
            "url": null,
            "type": null
        },
        "previous": {
            "10-01-2019_03-36-57-747790": {
                "name": "RuneScape",
                "url": null,
                "type": 0
            }
        }
    },
    "id": "384210400469581825",
    "bans": {
        "current": "not banned",
        "previous": {}
    }
}