{
    "roles": {
        "previous": {
            "06-12-2018_01-05-49-556858": {
                "403239438802485259": {
                    "permissions": 7168,
                    "position": 11,
                    "name": "Bots",
                    "colour": 7506394,
                    "created_at": "17-01-2018_17-29-34-037000"
                },
                "178667818152230912": {
                    "permissions": 0,
                    "position": 0,
                    "name": "@everyone",
                    "colour": 0,
                    "created_at": "08-05-2016_00-42-07-335000"
                },
                "406569085380329472": {
                    "permissions": 3405888,
                    "position": 6,
                    "name": "Miki",
                    "colour": 0,
                    "created_at": "26-01-2018_22-00-23-643000"
                }
            },
            "07-12-2018_09-02-35-892853": {
                "403239438802485259": {
                    "permissions": 7168,
                    "position": 10,
                    "name": "Bots",
                    "colour": 7506394,
                    "created_at": "17-01-2018_17-29-34-037000"
                },
                "178667818152230912": {
                    "permissions": 0,
                    "position": 0,
                    "name": "@everyone",
                    "colour": 0,
                    "created_at": "08-05-2016_00-42-07-335000"
                },
                "403266285313589250": {
                    "permissions": 0,
                    "position": 12,
                    "name": "Abandoned Ones",
                    "colour": 16777215,
                    "created_at": "17-01-2018_19-16-14-744000"
                },
                "406569085380329472": {
                    "permissions": 3405888,
                    "position": 5,
                    "name": "Miki",
                    "colour": 0,
                    "created_at": "26-01-2018_22-00-23-643000"
                }
            }
        },
        "current": {
            "403239438802485259": {
                "permissions": 7168,
                "position": 12,
                "name": "Bots",
                "colour": 7506394,
                "created_at": "17-01-2018_17-29-34-037000"
            },
            "178667818152230912": {
                "permissions": 0,
                "position": 0,
                "name": "@everyone",
                "colour": 0,
                "created_at": "08-05-2016_00-42-07-335000"
            },
            "403266285313589250": {
                "permissions": 0,
                "position": 11,
                "name": "Abandoned Ones",
                "colour": 16777215,
                "created_at": "17-01-2018_19-16-14-744000"
            },
            "406569085380329472": {
                "permissions": 3405888,
                "position": 5,
                "name": "Miki",
                "colour": 0,
                "created_at": "26-01-2018_22-00-23-643000"
            }
        }
    },
    "game": {
        "previous": {},
        "current": {
            "name": null,
            "url": null,
            "type": null
        }
    },
    "colour": {
        "previous": {
            "07-12-2018_09-02-35-892853": 7506394,
            "07-12-2018_19-07-03-633575": 16777215
        },
        "current": 7506394
    },
    "voice": {
        "previous": {},
        "current": {
            "self_mute": false,
            "server_deaf": false,
            "server_mute": false,
            "self_deaf": false,
            "is_afk": false,
            "channel": {
                "name": null,
                "private": null,
                "id": null
            }
        }
    },
    "joined_at": {
        "previous": {},
        "current": "26-01-2018_22-00-23-635313"
    },
    "display_name": {
        "previous": {},
        "current": "Miki"
    },
    "bot": true,
    "name": {
        "previous": {},
        "current": "Miki"
    },
    "discriminator": {
        "previous": {},
        "current": "6045"
    },
    "activity": {},
    "cookies": {
        "cookies_in_jar": 0,
        "cookie_transfer_quota": 0,
        "total_cookies": 0,
        "measured_epochs": 8,
        "current_cookies": 0,
        "get": {
            "total_cookies": 0,
            "average": 0.0
        },
        "cookie_interest": 0,
        "give": {
            "total_cookies": 0,
            "average": 0.0
        },
        "active_this_epoch": false,
        "active_epochs": 0
    },
    "id": "160105994217586689",
    "bans": {
        "previous": {},
        "current": "not banned"
    },
    "status": {
        "previous": {
            "06-12-2018_14-35-48-128249": "offline",
            "07-12-2018_19-07-03-633575": "offline",
            "06-12-2018_19-01-41-672098": "offline",
            "06-12-2018_01-05-49-556858": "offline",
            "08-12-2018_15-44-11-058097": "offline",
            "06-12-2018_14-21-28-866312": "online"
        },
        "current": "online"
    },
    "created_at": "17-03-2016_19-24-03-647000"
}