{
    "roles": {
        "previous": {
            "06-12-2018_01-05-49-556858": {
                "404068252361162759": {
                    "permissions": 0,
                    "position": 17,
                    "name": "Under Where?",
                    "colour": 0,
                    "created_at": "20-01-2018_00-22-58-588000"
                },
                "189416410542374912": {
                    "permissions": 267775190,
                    "position": 20,
                    "name": "Moderator",
                    "colour": 3447003,
                    "created_at": "06-06-2016_16-33-11-460000"
                },
                "403266285313589250": {
                    "permissions": 0,
                    "position": 13,
                    "name": "Abandoned Ones",
                    "colour": 16777215,
                    "created_at": "17-01-2018_19-16-14-744000"
                },
                "430760351248809986": {
                    "permissions": 0,
                    "position": 10,
                    "name": "Current Iteration",
                    "colour": 0,
                    "created_at": "03-04-2018_16-07-50-878000"
                },
                "178667818152230912": {
                    "permissions": 0,
                    "position": 0,
                    "name": "@everyone",
                    "colour": 0,
                    "created_at": "08-05-2016_00-42-07-335000"
                },
                "403272352223461387": {
                    "permissions": 104187968,
                    "position": 12,
                    "name": "Members",
                    "colour": 0,
                    "created_at": "17-01-2018_19-40-21-208000"
                },
                "373129696960970762": {
                    "permissions": 0,
                    "position": 19,
                    "name": "Staff",
                    "colour": 16711680,
                    "created_at": "26-10-2017_15-24-12-170000"
                }
            },
            "07-12-2018_09-02-35-892853": {
                "404068252361162759": {
                    "permissions": 0,
                    "position": 16,
                    "name": "Under Where?",
                    "colour": 0,
                    "created_at": "20-01-2018_00-22-58-588000"
                },
                "189416410542374912": {
                    "permissions": 267775190,
                    "position": 19,
                    "name": "Moderator",
                    "colour": 3447003,
                    "created_at": "06-06-2016_16-33-11-460000"
                },
                "403266285313589250": {
                    "permissions": 0,
                    "position": 12,
                    "name": "Abandoned Ones",
                    "colour": 16777215,
                    "created_at": "17-01-2018_19-16-14-744000"
                },
                "430760351248809986": {
                    "permissions": 0,
                    "position": 9,
                    "name": "Current Iteration",
                    "colour": 0,
                    "created_at": "03-04-2018_16-07-50-878000"
                },
                "178667818152230912": {
                    "permissions": 0,
                    "position": 0,
                    "name": "@everyone",
                    "colour": 0,
                    "created_at": "08-05-2016_00-42-07-335000"
                },
                "403272352223461387": {
                    "permissions": 104187968,
                    "position": 11,
                    "name": "Members",
                    "colour": 0,
                    "created_at": "17-01-2018_19-40-21-208000"
                },
                "373129696960970762": {
                    "permissions": 0,
                    "position": 18,
                    "name": "Staff",
                    "colour": 16711680,
                    "created_at": "26-10-2017_15-24-12-170000"
                }
            }
        },
        "current": {
            "404068252361162759": {
                "permissions": 0,
                "position": 16,
                "name": "Under Where?",
                "colour": 0,
                "created_at": "20-01-2018_00-22-58-588000"
            },
            "189416410542374912": {
                "permissions": 267775190,
                "position": 19,
                "name": "Moderator",
                "colour": 3447003,
                "created_at": "06-06-2016_16-33-11-460000"
            },
            "403266285313589250": {
                "permissions": 0,
                "position": 11,
                "name": "Abandoned Ones",
                "colour": 16777215,
                "created_at": "17-01-2018_19-16-14-744000"
            },
            "430760351248809986": {
                "permissions": 0,
                "position": 9,
                "name": "Current Iteration",
                "colour": 0,
                "created_at": "03-04-2018_16-07-50-878000"
            },
            "178667818152230912": {
                "permissions": 0,
                "position": 0,
                "name": "@everyone",
                "colour": 0,
                "created_at": "08-05-2016_00-42-07-335000"
            },
            "403272352223461387": {
                "permissions": 104187968,
                "position": 10,
                "name": "Members",
                "colour": 0,
                "created_at": "17-01-2018_19-40-21-208000"
            },
            "373129696960970762": {
                "permissions": 0,
                "position": 18,
                "name": "Staff",
                "colour": 16711680,
                "created_at": "26-10-2017_15-24-12-170000"
            }
        }
    },
    "game": {
        "previous": {},
        "current": {
            "name": null,
            "url": null,
            "type": null
        }
    },
    "colour": {
        "previous": {},
        "current": 3447003
    },
    "voice": {
        "previous": {},
        "current": {
            "self_mute": false,
            "server_deaf": false,
            "server_mute": false,
            "self_deaf": false,
            "is_afk": false,
            "channel": {
                "name": null,
                "private": null,
                "id": null
            }
        }
    },
    "joined_at": {
        "previous": {},
        "current": "18-02-2018_16-27-19-191319"
    },
    "display_name": {
        "previous": {},
        "current": "SockstroyerXx"
    },
    "bot": false,
    "name": {
        "previous": {},
        "current": "Socko God"
    },
    "discriminator": {
        "previous": {},
        "current": "8144"
    },
    "activity": {},
    "cookies": {
        "cookies_in_jar": 0,
        "cookie_transfer_quota": 0,
        "total_cookies": 0,
        "measured_epochs": 8,
        "current_cookies": 0,
        "get": {
            "total_cookies": 0,
            "average": 0.0
        },
        "cookie_interest": 0,
        "give": {
            "total_cookies": 0,
            "average": 0.0
        },
        "active_this_epoch": false,
        "active_epochs": 0
    },
    "id": "176354357766389760",
    "bans": {
        "previous": {},
        "current": "not banned"
    },
    "created_at": "01-05-2016_15-29-15-397000",
    "status": {
        "previous": {
            "09-12-2018_10-12-40-202519": "idle",
            "06-12-2018_13-18-30-157611": "offline",
            "06-12-2018_00-22-50-820027": "offline",
            "06-12-2018_19-01-41-672098": "idle",
            "06-12-2018_01-05-49-556858": "online",
            "05-12-2018_16-27-33-714312": "idle",
            "07-12-2018_07-42-43-243407": "online",
            "09-12-2018_10-10-43-790279": "idle",
            "11-12-2018_09-13-26-392726": "online",
            "10-12-2018_16-02-31-496869": "idle",
            "07-12-2018_19-07-03-633575": "idle",
            "06-12-2018_14-37-28-467255": "offline",
            "08-12-2018_15-44-11-058097": "online",
            "06-12-2018_00-27-42-854693": "idle",
            "07-12-2018_09-02-35-892853": "online",
            "05-12-2018_23-34-35-600797": "online",
            "06-12-2018_17-09-51-137367": "idle"
        },
        "current": "idle"
    }
}