{
    "roles": {
        "previous": {
            "06-12-2018_01-05-49-556858": {
                "404068252361162759": {
                    "permissions": 0,
                    "name": "Under Where?",
                    "position": 17,
                    "colour": 0,
                    "created_at": "20-01-2018_00-22-58-588000"
                },
                "178667818152230912": {
                    "permissions": 0,
                    "name": "@everyone",
                    "position": 0,
                    "colour": 0,
                    "created_at": "08-05-2016_00-42-07-335000"
                },
                "403272352223461387": {
                    "permissions": 104187968,
                    "name": "Members",
                    "position": 12,
                    "colour": 0,
                    "created_at": "17-01-2018_19-40-21-208000"
                },
                "403266285313589250": {
                    "permissions": 0,
                    "name": "Abandoned Ones",
                    "position": 13,
                    "colour": 16777215,
                    "created_at": "17-01-2018_19-16-14-744000"
                },
                "430760351248809986": {
                    "permissions": 0,
                    "name": "Current Iteration",
                    "position": 10,
                    "colour": 0,
                    "created_at": "03-04-2018_16-07-50-878000"
                }
            },
            "07-12-2018_09-02-35-892853": {
                "404068252361162759": {
                    "permissions": 0,
                    "name": "Under Where?",
                    "position": 16,
                    "colour": 0,
                    "created_at": "20-01-2018_00-22-58-588000"
                },
                "178667818152230912": {
                    "permissions": 0,
                    "name": "@everyone",
                    "position": 0,
                    "colour": 0,
                    "created_at": "08-05-2016_00-42-07-335000"
                },
                "403272352223461387": {
                    "permissions": 104187968,
                    "name": "Members",
                    "position": 11,
                    "colour": 0,
                    "created_at": "17-01-2018_19-40-21-208000"
                },
                "403266285313589250": {
                    "permissions": 0,
                    "name": "Abandoned Ones",
                    "position": 12,
                    "colour": 16777215,
                    "created_at": "17-01-2018_19-16-14-744000"
                },
                "430760351248809986": {
                    "permissions": 0,
                    "name": "Current Iteration",
                    "position": 9,
                    "colour": 0,
                    "created_at": "03-04-2018_16-07-50-878000"
                }
            }
        },
        "current": {
            "404068252361162759": {
                "permissions": 0,
                "name": "Under Where?",
                "position": 16,
                "colour": 0,
                "created_at": "20-01-2018_00-22-58-588000"
            },
            "178667818152230912": {
                "permissions": 0,
                "name": "@everyone",
                "position": 0,
                "colour": 0,
                "created_at": "08-05-2016_00-42-07-335000"
            },
            "403272352223461387": {
                "permissions": 104187968,
                "name": "Members",
                "position": 10,
                "colour": 0,
                "created_at": "17-01-2018_19-40-21-208000"
            },
            "403266285313589250": {
                "permissions": 0,
                "name": "Abandoned Ones",
                "position": 11,
                "colour": 16777215,
                "created_at": "17-01-2018_19-16-14-744000"
            },
            "430760351248809986": {
                "permissions": 0,
                "name": "Current Iteration",
                "position": 9,
                "colour": 0,
                "created_at": "03-04-2018_16-07-50-878000"
            }
        }
    },
    "game": {
        "previous": {},
        "current": {
            "name": null,
            "url": null,
            "type": null
        }
    },
    "colour": {
        "previous": {},
        "current": 16777215
    },
    "voice": {
        "previous": {},
        "current": {
            "self_mute": false,
            "server_deaf": false,
            "server_mute": false,
            "self_deaf": false,
            "is_afk": false,
            "channel": {
                "name": null,
                "private": null,
                "id": null
            }
        }
    },
    "joined_at": {
        "previous": {},
        "current": "17-01-2018_13-55-29-706000"
    },
    "display_name": {
        "previous": {},
        "current": "Cutie Kurisu-chama"
    },
    "bot": false,
    "name": {
        "previous": {},
        "current": "Maple"
    },
    "discriminator": {
        "previous": {},
        "current": "5483"
    },
    "activity": {
        "2018": {
            "12": {
                "8": {
                    "19": {
                        "403084655550791682": 1
                    }
                }
            }
        }
    },
    "cookies": {
        "cookies_in_jar": 0,
        "cookie_transfer_quota": 0,
        "total_cookies": 0,
        "measured_epochs": 1,
        "current_cookies": 0,
        "get": {
            "total_cookies": 0,
            "average": 0.0
        },
        "cookie_interest": 0,
        "give": {
            "total_cookies": 0,
            "average": 0.0
        },
        "active_this_epoch": false,
        "active_epochs": 0
    },
    "id": "181748388616732672",
    "bans": {
        "previous": {},
        "current": "not banned"
    },
    "created_at": "16-05-2016_12-43-12-568000",
    "status": {
        "previous": {
            "05-12-2018_16-27-33-714312": "offline",
            "06-12-2018_00-25-10-559318": "online",
            "06-12-2018_19-01-41-672098": "online",
            "06-12-2018_01-05-49-556858": "online",
            "06-12-2018_00-45-45-907811": "online",
            "06-12-2018_00-23-55-487803": "online",
            "09-12-2018_10-12-40-202519": "online",
            "10-12-2018_16-02-31-496869": "offline",
            "06-12-2018_00-48-23-112938": "offline",
            "05-12-2018_15-43-55-700669": "online",
            "06-12-2018_00-19-28-339644": "offline",
            "07-12-2018_19-07-03-633575": "online",
            "06-12-2018_15-40-12-725739": "online",
            "06-12-2018_00-33-42-698457": "offline",
            "07-12-2018_07-51-11-182069": "offline",
            "08-12-2018_15-44-11-058097": "offline",
            "07-12-2018_09-02-35-892853": "online",
            "05-12-2018_23-34-35-600797": "online",
            "11-12-2018_09-13-26-392726": "offline"
        },
        "current": "online"
    }
}