{
    "roles": {
        "previous": {
            "06-12-2018_01-05-49-556858": {
                "178667818152230912": {
                    "permissions": 0,
                    "position": 0,
                    "name": "@everyone",
                    "colour": 0,
                    "created_at": "08-05-2016_00-42-07-335000"
                },
                "403272352223461387": {
                    "permissions": 104187968,
                    "position": 12,
                    "name": "Members",
                    "colour": 0,
                    "created_at": "17-01-2018_19-40-21-208000"
                },
                "403266285313589250": {
                    "permissions": 0,
                    "position": 13,
                    "name": "Abandoned Ones",
                    "colour": 16777215,
                    "created_at": "17-01-2018_19-16-14-744000"
                },
                "430760351248809986": {
                    "permissions": 0,
                    "position": 10,
                    "name": "Current Iteration",
                    "colour": 0,
                    "created_at": "03-04-2018_16-07-50-878000"
                }
            },
            "07-12-2018_09-02-35-892853": {
                "178667818152230912": {
                    "permissions": 0,
                    "position": 0,
                    "name": "@everyone",
                    "colour": 0,
                    "created_at": "08-05-2016_00-42-07-335000"
                },
                "403272352223461387": {
                    "permissions": 104187968,
                    "position": 11,
                    "name": "Members",
                    "colour": 0,
                    "created_at": "17-01-2018_19-40-21-208000"
                },
                "403266285313589250": {
                    "permissions": 0,
                    "position": 12,
                    "name": "Abandoned Ones",
                    "colour": 16777215,
                    "created_at": "17-01-2018_19-16-14-744000"
                },
                "430760351248809986": {
                    "permissions": 0,
                    "position": 9,
                    "name": "Current Iteration",
                    "colour": 0,
                    "created_at": "03-04-2018_16-07-50-878000"
                }
            }
        },
        "current": {
            "178667818152230912": {
                "permissions": 0,
                "position": 0,
                "name": "@everyone",
                "colour": 0,
                "created_at": "08-05-2016_00-42-07-335000"
            },
            "403272352223461387": {
                "permissions": 104187968,
                "position": 10,
                "name": "Members",
                "colour": 0,
                "created_at": "17-01-2018_19-40-21-208000"
            },
            "403266285313589250": {
                "permissions": 0,
                "position": 11,
                "name": "Abandoned Ones",
                "colour": 16777215,
                "created_at": "17-01-2018_19-16-14-744000"
            },
            "430760351248809986": {
                "permissions": 0,
                "position": 9,
                "name": "Current Iteration",
                "colour": 0,
                "created_at": "03-04-2018_16-07-50-878000"
            }
        }
    },
    "game": {
        "previous": {
            "06-12-2018_01-05-49-556858": {
                "name": "Overwatch",
                "url": null,
                "type": 0
            },
            "05-12-2018_16-27-33-714312": {
                "name": "Minecraft",
                "url": null,
                "type": 0
            },
            "07-12-2018_19-07-03-633575": {
                "name": "League of Legends",
                "url": null,
                "type": 0
            },
            "06-12-2018_19-01-41-672098": {
                "name": "League of Legends",
                "url": null,
                "type": 0
            }
        },
        "current": {
            "name": null,
            "url": null,
            "type": null
        }
    },
    "colour": {
        "previous": {},
        "current": 16777215
    },
    "voice": {
        "previous": {},
        "current": {
            "self_mute": false,
            "server_deaf": false,
            "server_mute": false,
            "self_deaf": false,
            "is_afk": false,
            "channel": {
                "name": null,
                "private": null,
                "id": null
            }
        }
    },
    "joined_at": {
        "previous": {},
        "current": "17-08-2018_23-53-33-874845"
    },
    "display_name": {
        "previous": {},
        "current": "Sean"
    },
    "bot": false,
    "name": {
        "previous": {},
        "current": "Qu0tte"
    },
    "discriminator": {
        "previous": {},
        "current": "6733"
    },
    "activity": {},
    "cookies": {
        "cookies_in_jar": 0,
        "cookie_transfer_quota": 0,
        "total_cookies": 0,
        "measured_epochs": 1,
        "current_cookies": 0,
        "get": {
            "total_cookies": 0,
            "average": 0.0
        },
        "cookie_interest": 0,
        "give": {
            "total_cookies": 0,
            "average": 0.0
        },
        "active_this_epoch": false,
        "active_epochs": 0
    },
    "id": "237342403382607872",
    "bans": {
        "previous": {},
        "current": "not banned"
    },
    "status": {
        "previous": {
            "06-12-2018_19-01-41-672098": "offline",
            "06-12-2018_01-05-49-556858": "dnd",
            "05-12-2018_16-27-33-714312": "offline",
            "05-12-2018_15-29-30-194946": "offline",
            "06-12-2018_16-49-44-878444": "offline",
            "06-12-2018_17-09-51-137367": "offline"
        },
        "current": "dnd"
    },
    "created_at": "16-10-2016_22-33-58-575000"
}