{
    "roles": {
        "previous": {
            "06-12-2018_01-05-49-556858": {
                "403239438802485259": {
                    "permissions": 7168,
                    "position": 11,
                    "name": "Bots",
                    "colour": 7506394,
                    "created_at": "17-01-2018_17-29-34-037000"
                },
                "406512653796900867": {
                    "permissions": 3532864,
                    "position": 8,
                    "name": "Yggdrasil",
                    "colour": 0,
                    "created_at": "26-01-2018_18-16-09-305000"
                },
                "178667818152230912": {
                    "permissions": 0,
                    "position": 0,
                    "name": "@everyone",
                    "colour": 0,
                    "created_at": "08-05-2016_00-42-07-335000"
                }
            },
            "07-12-2018_09-02-35-892853": {
                "403239438802485259": {
                    "permissions": 7168,
                    "position": 10,
                    "name": "Bots",
                    "colour": 7506394,
                    "created_at": "17-01-2018_17-29-34-037000"
                },
                "406512653796900867": {
                    "permissions": 3532864,
                    "position": 7,
                    "name": "Yggdrasil",
                    "colour": 0,
                    "created_at": "26-01-2018_18-16-09-305000"
                },
                "178667818152230912": {
                    "permissions": 0,
                    "position": 0,
                    "name": "@everyone",
                    "colour": 0,
                    "created_at": "08-05-2016_00-42-07-335000"
                },
                "403266285313589250": {
                    "permissions": 0,
                    "position": 12,
                    "name": "Abandoned Ones",
                    "colour": 16777215,
                    "created_at": "17-01-2018_19-16-14-744000"
                }
            }
        },
        "current": {
            "403239438802485259": {
                "permissions": 7168,
                "position": 12,
                "name": "Bots",
                "colour": 7506394,
                "created_at": "17-01-2018_17-29-34-037000"
            },
            "406512653796900867": {
                "permissions": 3532864,
                "position": 7,
                "name": "Yggdrasil",
                "colour": 0,
                "created_at": "26-01-2018_18-16-09-305000"
            },
            "178667818152230912": {
                "permissions": 0,
                "position": 0,
                "name": "@everyone",
                "colour": 0,
                "created_at": "08-05-2016_00-42-07-335000"
            },
            "403266285313589250": {
                "permissions": 0,
                "position": 11,
                "name": "Abandoned Ones",
                "colour": 16777215,
                "created_at": "17-01-2018_19-16-14-744000"
            }
        }
    },
    "game": {
        "previous": {
            "08-12-2018_15-44-11-058097": {
                "name": null,
                "url": null,
                "type": null
            },
            "07-12-2018_19-07-03-633575": {
                "name": null,
                "url": null,
                "type": null
            },
            "07-12-2018_07-42-43-243407": {
                "name": "Type --help",
                "url": null,
                "type": 0
            }
        },
        "current": {
            "name": "Type --help",
            "url": null,
            "type": 0
        }
    },
    "colour": {
        "previous": {
            "07-12-2018_09-02-35-892853": 7506394,
            "07-12-2018_19-07-03-633575": 16777215
        },
        "current": 7506394
    },
    "voice": {
        "previous": {},
        "current": {
            "self_mute": false,
            "server_deaf": false,
            "server_mute": false,
            "self_deaf": false,
            "is_afk": false,
            "channel": {
                "name": null,
                "private": null,
                "id": null
            }
        }
    },
    "joined_at": {
        "previous": {},
        "current": "26-01-2018_18-16-09-296455"
    },
    "display_name": {
        "previous": {},
        "current": "Yggdrasil"
    },
    "bot": true,
    "name": {
        "previous": {},
        "current": "Yggdrasil"
    },
    "discriminator": {
        "previous": {},
        "current": "4195"
    },
    "activity": {},
    "cookies": {
        "cookies_in_jar": 0,
        "cookie_transfer_quota": 0,
        "total_cookies": 0,
        "measured_epochs": 8,
        "current_cookies": 0,
        "get": {
            "total_cookies": 0,
            "average": 0.0
        },
        "cookie_interest": 0,
        "give": {
            "total_cookies": 0,
            "average": 0.0
        },
        "active_this_epoch": false,
        "active_epochs": 0
    },
    "id": "247283454440374274",
    "bans": {
        "previous": {},
        "current": "not banned"
    },
    "status": {
        "previous": {
            "08-12-2018_15-44-11-058097": "offline",
            "07-12-2018_19-07-03-633575": "offline"
        },
        "current": "online"
    },
    "created_at": "13-11-2016_08-56-09-843000"
}