{
    "roles": {
        "previous": {
            "06-12-2018_01-05-49-556858": {
                "403239438802485259": {
                    "permissions": 7168,
                    "position": 11,
                    "name": "Bots",
                    "colour": 7506394,
                    "created_at": "17-01-2018_17-29-34-037000"
                },
                "178667818152230912": {
                    "permissions": 0,
                    "position": 0,
                    "name": "@everyone",
                    "colour": 0,
                    "created_at": "08-05-2016_00-42-07-335000"
                },
                "414812639307497473": {
                    "permissions": 347200,
                    "position": 5,
                    "name": "GiveawayBot",
                    "colour": 0,
                    "created_at": "18-02-2018_15-57-20-057000"
                }
            },
            "07-12-2018_09-02-35-892853": {
                "403239438802485259": {
                    "permissions": 7168,
                    "position": 10,
                    "name": "Bots",
                    "colour": 7506394,
                    "created_at": "17-01-2018_17-29-34-037000"
                },
                "178667818152230912": {
                    "permissions": 0,
                    "position": 0,
                    "name": "@everyone",
                    "colour": 0,
                    "created_at": "08-05-2016_00-42-07-335000"
                },
                "403266285313589250": {
                    "permissions": 0,
                    "position": 12,
                    "name": "Abandoned Ones",
                    "colour": 16777215,
                    "created_at": "17-01-2018_19-16-14-744000"
                },
                "414812639307497473": {
                    "permissions": 347200,
                    "position": 4,
                    "name": "GiveawayBot",
                    "colour": 0,
                    "created_at": "18-02-2018_15-57-20-057000"
                }
            }
        },
        "current": {
            "403239438802485259": {
                "permissions": 7168,
                "position": 12,
                "name": "Bots",
                "colour": 7506394,
                "created_at": "17-01-2018_17-29-34-037000"
            },
            "178667818152230912": {
                "permissions": 0,
                "position": 0,
                "name": "@everyone",
                "colour": 0,
                "created_at": "08-05-2016_00-42-07-335000"
            },
            "403266285313589250": {
                "permissions": 0,
                "position": 11,
                "name": "Abandoned Ones",
                "colour": 16777215,
                "created_at": "17-01-2018_19-16-14-744000"
            },
            "414812639307497473": {
                "permissions": 347200,
                "position": 4,
                "name": "GiveawayBot",
                "colour": 0,
                "created_at": "18-02-2018_15-57-20-057000"
            }
        }
    },
    "game": {
        "previous": {
            "07-12-2018_19-07-03-633575": {
                "name": null,
                "url": null,
                "type": null
            }
        },
        "current": {
            "name": "\ud83c\udf89 https://giveawaybot.party \ud83c\udf89 Type !ghelp \ud83c\udf89",
            "url": null,
            "type": 0
        }
    },
    "colour": {
        "previous": {
            "07-12-2018_09-02-35-892853": 7506394,
            "07-12-2018_19-07-03-633575": 16777215
        },
        "current": 7506394
    },
    "voice": {
        "previous": {},
        "current": {
            "self_mute": false,
            "server_deaf": false,
            "server_mute": false,
            "self_deaf": false,
            "is_afk": false,
            "channel": {
                "name": null,
                "private": null,
                "id": null
            }
        }
    },
    "joined_at": {
        "previous": {},
        "current": "18-02-2018_15-57-20-140921"
    },
    "display_name": {
        "previous": {},
        "current": "GiveawayBot"
    },
    "bot": true,
    "name": {
        "previous": {},
        "current": "GiveawayBot"
    },
    "discriminator": {
        "previous": {},
        "current": "2381"
    },
    "activity": {},
    "cookies": {
        "cookies_in_jar": 0,
        "cookie_transfer_quota": 0,
        "total_cookies": 0,
        "measured_epochs": 8,
        "current_cookies": 0,
        "get": {
            "total_cookies": 0,
            "average": 0.0
        },
        "cookie_interest": 0,
        "give": {
            "total_cookies": 0,
            "average": 0.0
        },
        "active_this_epoch": false,
        "active_epochs": 0
    },
    "id": "294882584201003009",
    "bans": {
        "previous": {},
        "current": "not banned"
    },
    "status": {
        "previous": {
            "07-12-2018_19-07-03-633575": "offline"
        },
        "current": "online"
    },
    "created_at": "24-03-2017_17-18-06-727000"
}