{
    "roles": {
        "current": {
            "178667818152230912": {
                "permissions": 0,
                "name": "@everyone",
                "position": 0,
                "colour": 0,
                "created_at": "08-05-2016_00-42-07-335000"
            },
            "403272352223461387": {
                "permissions": 104187968,
                "name": "Members",
                "position": 10,
                "colour": 0,
                "created_at": "17-01-2018_19-40-21-208000"
            },
            "403266285313589250": {
                "permissions": 0,
                "name": "Abandoned Ones",
                "position": 11,
                "colour": 16777215,
                "created_at": "17-01-2018_19-16-14-744000"
            },
            "430760351248809986": {
                "permissions": 0,
                "name": "Current Iteration",
                "position": 9,
                "colour": 0,
                "created_at": "03-04-2018_16-07-50-878000"
            }
        },
        "previous": {
            "06-12-2018_01-05-49-556858": {
                "178667818152230912": {
                    "permissions": 0,
                    "name": "@everyone",
                    "position": 0,
                    "colour": 0,
                    "created_at": "08-05-2016_00-42-07-335000"
                },
                "403272352223461387": {
                    "permissions": 104187968,
                    "name": "Members",
                    "position": 12,
                    "colour": 0,
                    "created_at": "17-01-2018_19-40-21-208000"
                },
                "403266285313589250": {
                    "permissions": 0,
                    "name": "Abandoned Ones",
                    "position": 13,
                    "colour": 16777215,
                    "created_at": "17-01-2018_19-16-14-744000"
                },
                "430760351248809986": {
                    "permissions": 0,
                    "name": "Current Iteration",
                    "position": 10,
                    "colour": 0,
                    "created_at": "03-04-2018_16-07-50-878000"
                }
            },
            "07-12-2018_09-02-35-892853": {
                "178667818152230912": {
                    "permissions": 0,
                    "name": "@everyone",
                    "position": 0,
                    "colour": 0,
                    "created_at": "08-05-2016_00-42-07-335000"
                },
                "403272352223461387": {
                    "permissions": 104187968,
                    "name": "Members",
                    "position": 11,
                    "colour": 0,
                    "created_at": "17-01-2018_19-40-21-208000"
                },
                "403266285313589250": {
                    "permissions": 0,
                    "name": "Abandoned Ones",
                    "position": 12,
                    "colour": 16777215,
                    "created_at": "17-01-2018_19-16-14-744000"
                },
                "430760351248809986": {
                    "permissions": 0,
                    "name": "Current Iteration",
                    "position": 9,
                    "colour": 0,
                    "created_at": "03-04-2018_16-07-50-878000"
                }
            }
        }
    },
    "game": {
        "current": {
            "name": null,
            "url": null,
            "type": null
        },
        "previous": {
            "06-12-2018_01-05-49-556858": {
                "name": "Minecraft",
                "url": null,
                "type": 0
            },
            "09-12-2018_10-10-43-790279": {
                "name": null,
                "url": null,
                "type": null
            },
            "09-12-2018_10-12-40-202519": {
                "name": "Minecraft",
                "url": null,
                "type": 0
            },
            "11-12-2018_09-13-26-392726": {
                "name": "Minecraft",
                "url": null,
                "type": 0
            }
        }
    },
    "colour": {
        "current": 16777215,
        "previous": {}
    },
    "voice": {
        "current": {
            "self_deaf": false,
            "server_deaf": false,
            "server_mute": false,
            "self_mute": false,
            "is_afk": false,
            "channel": {
                "name": null,
                "private": null,
                "id": null
            }
        },
        "previous": {}
    },
    "joined_at": {
        "current": "27-03-2018_07-22-29-867919",
        "previous": {}
    },
    "display_name": {
        "current": "Bees???",
        "previous": {}
    },
    "bot": false,
    "name": {
        "current": "\ud83c\udf3b\ud835\ude77\ud835\ude98\ud835\ude97\ud835\ude8e\ud835\udea2\ud83c\udf3b",
        "previous": {}
    },
    "discriminator": {
        "current": "1763",
        "previous": {}
    },
    "activity": {},
    "cookies": {
        "cookies_in_jar": 0,
        "give": {
            "total_cookies": 0,
            "average": 0.0
        },
        "total_cookies": 0,
        "measured_epochs": 8,
        "current_cookies": 0,
        "get": {
            "total_cookies": 0,
            "average": 0.0
        },
        "cookie_interest": 0,
        "cookie_transfer_quota": 0,
        "active_this_epoch": false,
        "active_epochs": 0
    },
    "id": "311612677678170113",
    "bans": {
        "current": "not banned",
        "previous": {}
    },
    "created_at": "09-05-2017_21-17-31-842000",
    "status": {
        "current": "offline",
        "previous": {
            "06-12-2018_00-14-36-874566": "online",
            "06-12-2018_00-08-32-850108": "online",
            "06-12-2018_00-25-10-559318": "offline",
            "06-12-2018_19-01-41-672098": "online",
            "06-12-2018_01-05-49-556858": "online",
            "05-12-2018_16-27-33-714312": "online",
            "07-12-2018_07-42-43-243407": "offline",
            "09-12-2018_10-10-43-790279": "offline",
            "10-12-2018_16-02-31-496869": "online",
            "08-12-2018_15-44-11-058097": "online",
            "06-12-2018_00-28-06-241263": "online",
            "07-12-2018_09-02-35-892853": "online",
            "05-12-2018_23-34-35-600797": "online",
            "09-12-2018_10-12-40-202519": "online",
            "11-12-2018_09-13-26-392726": "online"
        }
    }
}