{
    "roles": {
        "previous": {
            "06-12-2018_01-05-49-556858": {
                "429737272523620352": {
                    "permissions": 328768,
                    "position": 4,
                    "name": "DisWorld",
                    "colour": 0,
                    "created_at": "31-03-2018_20-22-29-902000"
                },
                "403239438802485259": {
                    "permissions": 7168,
                    "position": 11,
                    "name": "Bots",
                    "colour": 7506394,
                    "created_at": "17-01-2018_17-29-34-037000"
                },
                "178667818152230912": {
                    "permissions": 0,
                    "position": 0,
                    "name": "@everyone",
                    "colour": 0,
                    "created_at": "08-05-2016_00-42-07-335000"
                }
            },
            "07-12-2018_09-02-35-892853": {
                "429737272523620352": {
                    "permissions": 328768,
                    "position": 3,
                    "name": "DisWorld",
                    "colour": 0,
                    "created_at": "31-03-2018_20-22-29-902000"
                },
                "403239438802485259": {
                    "permissions": 7168,
                    "position": 10,
                    "name": "Bots",
                    "colour": 7506394,
                    "created_at": "17-01-2018_17-29-34-037000"
                },
                "178667818152230912": {
                    "permissions": 0,
                    "position": 0,
                    "name": "@everyone",
                    "colour": 0,
                    "created_at": "08-05-2016_00-42-07-335000"
                },
                "403266285313589250": {
                    "permissions": 0,
                    "position": 12,
                    "name": "Abandoned Ones",
                    "colour": 16777215,
                    "created_at": "17-01-2018_19-16-14-744000"
                }
            }
        },
        "current": {
            "429737272523620352": {
                "permissions": 328768,
                "position": 3,
                "name": "DisWorld",
                "colour": 0,
                "created_at": "31-03-2018_20-22-29-902000"
            },
            "403239438802485259": {
                "permissions": 7168,
                "position": 12,
                "name": "Bots",
                "colour": 7506394,
                "created_at": "17-01-2018_17-29-34-037000"
            },
            "178667818152230912": {
                "permissions": 0,
                "position": 0,
                "name": "@everyone",
                "colour": 0,
                "created_at": "08-05-2016_00-42-07-335000"
            },
            "403266285313589250": {
                "permissions": 0,
                "position": 11,
                "name": "Abandoned Ones",
                "colour": 16777215,
                "created_at": "17-01-2018_19-16-14-744000"
            }
        }
    },
    "game": {
        "previous": {},
        "current": {
            "name": null,
            "url": null,
            "type": null
        }
    },
    "colour": {
        "previous": {
            "07-12-2018_09-02-35-892853": 7506394,
            "07-12-2018_19-07-03-633575": 16777215
        },
        "current": 7506394
    },
    "voice": {
        "previous": {},
        "current": {
            "self_mute": false,
            "server_deaf": false,
            "server_mute": false,
            "self_deaf": false,
            "is_afk": false,
            "channel": {
                "name": null,
                "private": null,
                "id": null
            }
        }
    },
    "joined_at": {
        "previous": {},
        "current": "31-03-2018_20-22-29-867253"
    },
    "display_name": {
        "previous": {},
        "current": "DisWorld"
    },
    "bot": true,
    "name": {
        "previous": {},
        "current": "DisWorld"
    },
    "discriminator": {
        "previous": {},
        "current": "3666"
    },
    "activity": {},
    "cookies": {
        "cookies_in_jar": 0,
        "cookie_transfer_quota": 0,
        "total_cookies": 0,
        "measured_epochs": 8,
        "current_cookies": 0,
        "get": {
            "total_cookies": 0,
            "average": 0.0
        },
        "cookie_interest": 0,
        "give": {
            "total_cookies": 0,
            "average": 0.0
        },
        "active_this_epoch": false,
        "active_epochs": 0
    },
    "id": "325634360210620422",
    "bans": {
        "previous": {},
        "current": "not banned"
    },
    "status": {
        "previous": {},
        "current": "offline"
    },
    "created_at": "17-06-2017_13-54-41-468000"
}