{
    "roles": {
        "previous": {
            "06-12-2018_01-05-49-556858": {
                "178667818152230912": {
                    "permissions": 0,
                    "position": 0,
                    "name": "@everyone",
                    "colour": 0,
                    "created_at": "08-05-2016_00-42-07-335000"
                },
                "403272352223461387": {
                    "permissions": 104187968,
                    "position": 12,
                    "name": "Members",
                    "colour": 0,
                    "created_at": "17-01-2018_19-40-21-208000"
                },
                "403266285313589250": {
                    "permissions": 0,
                    "position": 13,
                    "name": "Abandoned Ones",
                    "colour": 16777215,
                    "created_at": "17-01-2018_19-16-14-744000"
                }
            },
            "07-12-2018_09-02-35-892853": {
                "178667818152230912": {
                    "permissions": 0,
                    "position": 0,
                    "name": "@everyone",
                    "colour": 0,
                    "created_at": "08-05-2016_00-42-07-335000"
                },
                "403272352223461387": {
                    "permissions": 104187968,
                    "position": 11,
                    "name": "Members",
                    "colour": 0,
                    "created_at": "17-01-2018_19-40-21-208000"
                },
                "403266285313589250": {
                    "permissions": 0,
                    "position": 12,
                    "name": "Abandoned Ones",
                    "colour": 16777215,
                    "created_at": "17-01-2018_19-16-14-744000"
                }
            }
        },
        "current": {
            "178667818152230912": {
                "permissions": 0,
                "position": 0,
                "name": "@everyone",
                "colour": 0,
                "created_at": "08-05-2016_00-42-07-335000"
            },
            "403272352223461387": {
                "permissions": 104187968,
                "position": 10,
                "name": "Members",
                "colour": 0,
                "created_at": "17-01-2018_19-40-21-208000"
            },
            "403266285313589250": {
                "permissions": 0,
                "position": 11,
                "name": "Abandoned Ones",
                "colour": 16777215,
                "created_at": "17-01-2018_19-16-14-744000"
            }
        }
    },
    "game": {
        "previous": {},
        "current": {
            "name": null,
            "url": null,
            "type": null
        }
    },
    "colour": {
        "previous": {},
        "current": 16777215
    },
    "voice": {
        "previous": {},
        "current": {
            "self_mute": false,
            "server_deaf": false,
            "server_mute": false,
            "self_deaf": false,
            "is_afk": false,
            "channel": {
                "name": null,
                "private": null,
                "id": null
            }
        }
    },
    "joined_at": {
        "previous": {},
        "current": "12-11-2018_20-36-07-928967"
    },
    "display_name": {
        "previous": {},
        "current": "Ebenezer"
    },
    "bot": false,
    "name": {
        "previous": {},
        "current": "LXLight"
    },
    "discriminator": {
        "previous": {},
        "current": "5627"
    },
    "activity": {},
    "cookies": {
        "cookies_in_jar": 0,
        "cookie_transfer_quota": 0,
        "total_cookies": 0,
        "measured_epochs": 8,
        "current_cookies": 0,
        "get": {
            "total_cookies": 0,
            "average": 0.0
        },
        "cookie_interest": 0,
        "give": {
            "total_cookies": 0,
            "average": 0.0
        },
        "active_this_epoch": false,
        "active_epochs": 0
    },
    "id": "429658482799542282",
    "bans": {
        "previous": {},
        "current": "not banned"
    },
    "created_at": "31-03-2018_15-09-24-968000",
    "status": {
        "previous": {
            "10-12-2018_16-02-31-496869": "idle",
            "07-12-2018_19-07-03-633575": "idle",
            "06-12-2018_19-01-41-672098": "online",
            "08-12-2018_15-44-11-058097": "online",
            "07-12-2018_09-02-35-892853": "online",
            "11-12-2018_09-13-26-392726": "online"
        },
        "current": "offline"
    }
}