{
    "voice": {
        "previous": {
            "18-02-2019_14-16-21-404972": {
                "is_afk": false,
                "self_deaf": false,
                "server_mute": false,
                "channel": {
                    "private": null,
                    "id": null,
                    "name": null
                },
                "self_mute": false,
                "server_deaf": false
            },
            "18-02-2019_21-46-13-382171": {
                "is_afk": false,
                "self_deaf": false,
                "server_mute": false,
                "channel": {
                    "private": false,
                    "id": "403086522146095104",
                    "name": "Under Where"
                },
                "self_mute": false,
                "server_deaf": false
            }
        },
        "current": {
            "is_afk": false,
            "self_deaf": false,
            "server_mute": false,
            "channel": {
                "private": null,
                "id": null,
                "name": null
            },
            "self_mute": false,
            "server_deaf": false
        }
    },
    "activity": {},
    "roles": {
        "previous": {
            "08-02-2019_19-09-26-882805": {
                "404068252361162759": {
                    "permissions": 0,
                    "colour": 10181046,
                    "position": 3,
                    "created_at": "20-01-2018_00-22-58-588000",
                    "name": "Under Where?"
                },
                "523917597138354193": {
                    "permissions": 0,
                    "colour": 16714995,
                    "position": 2,
                    "created_at": "16-12-2018_17-41-29-076000",
                    "name": "Yeeters"
                },
                "178667818152230912": {
                    "permissions": 0,
                    "colour": 0,
                    "position": 0,
                    "created_at": "08-05-2016_00-42-07-335000",
                    "name": "@everyone"
                },
                "189416410542374912": {
                    "permissions": 267774166,
                    "colour": 3447003,
                    "position": 16,
                    "created_at": "06-06-2016_16-33-11-460000",
                    "name": "Moderator"
                },
                "373129696960970762": {
                    "permissions": 0,
                    "colour": 0,
                    "position": 20,
                    "created_at": "26-10-2017_15-24-12-170000",
                    "name": "Staff"
                },
                "403266285313589250": {
                    "permissions": 0,
                    "colour": 16777215,
                    "position": 11,
                    "created_at": "17-01-2018_19-16-14-744000",
                    "name": "Abandoned Ones"
                },
                "403272352223461387": {
                    "permissions": 104187968,
                    "colour": 0,
                    "position": 10,
                    "created_at": "17-01-2018_19-40-21-208000",
                    "name": "Members"
                }
            },
            "25-01-2019_18-03-01-080213": {
                "404068252361162759": {
                    "permissions": 0,
                    "colour": 10181046,
                    "position": 3,
                    "created_at": "20-01-2018_00-22-58-588000",
                    "name": "Under Where?"
                },
                "523917597138354193": {
                    "permissions": 0,
                    "colour": 16714995,
                    "position": 2,
                    "created_at": "16-12-2018_17-41-29-076000",
                    "name": "Yeeters"
                },
                "178667818152230912": {
                    "permissions": 0,
                    "colour": 0,
                    "position": 0,
                    "created_at": "08-05-2016_00-42-07-335000",
                    "name": "@everyone"
                },
                "189416410542374912": {
                    "permissions": 267774166,
                    "colour": 3447003,
                    "position": 18,
                    "created_at": "06-06-2016_16-33-11-460000",
                    "name": "Moderator"
                },
                "373129696960970762": {
                    "permissions": 0,
                    "colour": 16711680,
                    "position": 17,
                    "created_at": "26-10-2017_15-24-12-170000",
                    "name": "Staff"
                },
                "403266285313589250": {
                    "permissions": 0,
                    "colour": 16777215,
                    "position": 12,
                    "created_at": "17-01-2018_19-16-14-744000",
                    "name": "Abandoned Ones"
                },
                "403272352223461387": {
                    "permissions": 104187968,
                    "colour": 0,
                    "position": 11,
                    "created_at": "17-01-2018_19-40-21-208000",
                    "name": "Members"
                }
            },
            "10-02-2019_10-58-00-564986": {
                "404068252361162759": {
                    "permissions": 0,
                    "colour": 10181046,
                    "position": 4,
                    "created_at": "20-01-2018_00-22-58-588000",
                    "name": "Under Where?"
                },
                "523917597138354193": {
                    "permissions": 0,
                    "colour": 16714995,
                    "position": 3,
                    "created_at": "16-12-2018_17-41-29-076000",
                    "name": "Yeeters"
                },
                "178667818152230912": {
                    "permissions": 0,
                    "colour": 0,
                    "position": 0,
                    "created_at": "08-05-2016_00-42-07-335000",
                    "name": "@everyone"
                },
                "189416410542374912": {
                    "permissions": 267774166,
                    "colour": 3447003,
                    "position": 16,
                    "created_at": "06-06-2016_16-33-11-460000",
                    "name": "Moderator"
                },
                "373129696960970762": {
                    "permissions": 0,
                    "colour": 0,
                    "position": 20,
                    "created_at": "26-10-2017_15-24-12-170000",
                    "name": "Staff"
                },
                "403266285313589250": {
                    "permissions": 0,
                    "colour": 16777215,
                    "position": 12,
                    "created_at": "17-01-2018_19-16-14-744000",
                    "name": "Abandoned Ones"
                },
                "403272352223461387": {
                    "permissions": 104187968,
                    "colour": 0,
                    "position": 11,
                    "created_at": "17-01-2018_19-40-21-208000",
                    "name": "Members"
                }
            },
            "18-02-2019_14-16-21-404972": {
                "404068252361162759": {
                    "permissions": 0,
                    "colour": 10181046,
                    "position": 3,
                    "created_at": "20-01-2018_00-22-58-588000",
                    "name": "Under Where?"
                },
                "523917597138354193": {
                    "permissions": 0,
                    "colour": 16714995,
                    "position": 2,
                    "created_at": "16-12-2018_17-41-29-076000",
                    "name": "Yeeters"
                },
                "178667818152230912": {
                    "permissions": 0,
                    "colour": 0,
                    "position": 0,
                    "created_at": "08-05-2016_00-42-07-335000",
                    "name": "@everyone"
                },
                "189416410542374912": {
                    "permissions": 267774166,
                    "colour": 3447003,
                    "position": 15,
                    "created_at": "06-06-2016_16-33-11-460000",
                    "name": "Moderator"
                },
                "373129696960970762": {
                    "permissions": 0,
                    "colour": 0,
                    "position": 20,
                    "created_at": "26-10-2017_15-24-12-170000",
                    "name": "Staff"
                },
                "403266285313589250": {
                    "permissions": 0,
                    "colour": 16777215,
                    "position": 11,
                    "created_at": "17-01-2018_19-16-14-744000",
                    "name": "Abandoned Ones"
                },
                "403272352223461387": {
                    "permissions": 104187968,
                    "colour": 0,
                    "position": 10,
                    "created_at": "17-01-2018_19-40-21-208000",
                    "name": "Members"
                }
            },
            "09-02-2019_19-14-04-134526": {
                "404068252361162759": {
                    "permissions": 0,
                    "colour": 10181046,
                    "position": 3,
                    "created_at": "20-01-2018_00-22-58-588000",
                    "name": "Under Where?"
                },
                "523917597138354193": {
                    "permissions": 0,
                    "colour": 16714995,
                    "position": 2,
                    "created_at": "16-12-2018_17-41-29-076000",
                    "name": "Yeeters"
                },
                "178667818152230912": {
                    "permissions": 0,
                    "colour": 0,
                    "position": 0,
                    "created_at": "08-05-2016_00-42-07-335000",
                    "name": "@everyone"
                },
                "189416410542374912": {
                    "permissions": 267774166,
                    "colour": 3447003,
                    "position": 15,
                    "created_at": "06-06-2016_16-33-11-460000",
                    "name": "Moderator"
                },
                "373129696960970762": {
                    "permissions": 0,
                    "colour": 0,
                    "position": 19,
                    "created_at": "26-10-2017_15-24-12-170000",
                    "name": "Staff"
                },
                "403266285313589250": {
                    "permissions": 0,
                    "colour": 16777215,
                    "position": 11,
                    "created_at": "17-01-2018_19-16-14-744000",
                    "name": "Abandoned Ones"
                },
                "403272352223461387": {
                    "permissions": 104187968,
                    "colour": 0,
                    "position": 10,
                    "created_at": "17-01-2018_19-40-21-208000",
                    "name": "Members"
                }
            },
            "06-12-2018_01-05-49-556858": {
                "404068252361162759": {
                    "permissions": 0,
                    "colour": 0,
                    "position": 17,
                    "created_at": "20-01-2018_00-22-58-588000",
                    "name": "Under Where?"
                },
                "373129696960970762": {
                    "permissions": 0,
                    "colour": 16711680,
                    "position": 19,
                    "created_at": "26-10-2017_15-24-12-170000",
                    "name": "Staff"
                },
                "430760351248809986": {
                    "permissions": 0,
                    "colour": 0,
                    "position": 10,
                    "created_at": "03-04-2018_16-07-50-878000",
                    "name": "Current Iteration"
                },
                "178667818152230912": {
                    "permissions": 0,
                    "colour": 0,
                    "position": 0,
                    "created_at": "08-05-2016_00-42-07-335000",
                    "name": "@everyone"
                },
                "403272352223461387": {
                    "permissions": 104187968,
                    "colour": 0,
                    "position": 12,
                    "created_at": "17-01-2018_19-40-21-208000",
                    "name": "Members"
                },
                "403266285313589250": {
                    "permissions": 0,
                    "colour": 16777215,
                    "position": 13,
                    "created_at": "17-01-2018_19-16-14-744000",
                    "name": "Abandoned Ones"
                },
                "189416410542374912": {
                    "permissions": 267775190,
                    "colour": 3447003,
                    "position": 20,
                    "created_at": "06-06-2016_16-33-11-460000",
                    "name": "Moderator"
                }
            },
            "16-12-2018_21-52-39-901037": {
                "404068252361162759": {
                    "permissions": 0,
                    "colour": 0,
                    "position": 16,
                    "created_at": "20-01-2018_00-22-58-588000",
                    "name": "Under Where?"
                },
                "373129696960970762": {
                    "permissions": 0,
                    "colour": 16711680,
                    "position": 18,
                    "created_at": "26-10-2017_15-24-12-170000",
                    "name": "Staff"
                },
                "430760351248809986": {
                    "permissions": 0,
                    "colour": 0,
                    "position": 9,
                    "created_at": "03-04-2018_16-07-50-878000",
                    "name": "Current Iteration"
                },
                "178667818152230912": {
                    "permissions": 0,
                    "colour": 0,
                    "position": 0,
                    "created_at": "08-05-2016_00-42-07-335000",
                    "name": "@everyone"
                },
                "403272352223461387": {
                    "permissions": 104187968,
                    "colour": 0,
                    "position": 10,
                    "created_at": "17-01-2018_19-40-21-208000",
                    "name": "Members"
                },
                "403266285313589250": {
                    "permissions": 0,
                    "colour": 16777215,
                    "position": 11,
                    "created_at": "17-01-2018_19-16-14-744000",
                    "name": "Abandoned Ones"
                },
                "189416410542374912": {
                    "permissions": 267775190,
                    "colour": 3447003,
                    "position": 19,
                    "created_at": "06-06-2016_16-33-11-460000",
                    "name": "Moderator"
                }
            },
            "07-12-2018_09-02-35-892853": {
                "404068252361162759": {
                    "permissions": 0,
                    "colour": 0,
                    "position": 16,
                    "created_at": "20-01-2018_00-22-58-588000",
                    "name": "Under Where?"
                },
                "373129696960970762": {
                    "permissions": 0,
                    "colour": 16711680,
                    "position": 18,
                    "created_at": "26-10-2017_15-24-12-170000",
                    "name": "Staff"
                },
                "430760351248809986": {
                    "permissions": 0,
                    "colour": 0,
                    "position": 9,
                    "created_at": "03-04-2018_16-07-50-878000",
                    "name": "Current Iteration"
                },
                "178667818152230912": {
                    "permissions": 0,
                    "colour": 0,
                    "position": 0,
                    "created_at": "08-05-2016_00-42-07-335000",
                    "name": "@everyone"
                },
                "403272352223461387": {
                    "permissions": 104187968,
                    "colour": 0,
                    "position": 11,
                    "created_at": "17-01-2018_19-40-21-208000",
                    "name": "Members"
                },
                "403266285313589250": {
                    "permissions": 0,
                    "colour": 16777215,
                    "position": 12,
                    "created_at": "17-01-2018_19-16-14-744000",
                    "name": "Abandoned Ones"
                },
                "189416410542374912": {
                    "permissions": 267775190,
                    "colour": 3447003,
                    "position": 19,
                    "created_at": "06-06-2016_16-33-11-460000",
                    "name": "Moderator"
                }
            },
            "10-01-2019_00-18-24-072293": {
                "404068252361162759": {
                    "permissions": 0,
                    "colour": 0,
                    "position": 2,
                    "created_at": "20-01-2018_00-22-58-588000",
                    "name": "Under Where?"
                },
                "373129696960970762": {
                    "permissions": 0,
                    "colour": 16711680,
                    "position": 14,
                    "created_at": "26-10-2017_15-24-12-170000",
                    "name": "Staff"
                },
                "430760351248809986": {
                    "permissions": 0,
                    "colour": 0,
                    "position": 6,
                    "created_at": "03-04-2018_16-07-50-878000",
                    "name": "Current Iteration"
                },
                "178667818152230912": {
                    "permissions": 0,
                    "colour": 0,
                    "position": 0,
                    "created_at": "08-05-2016_00-42-07-335000",
                    "name": "@everyone"
                },
                "403272352223461387": {
                    "permissions": 104187968,
                    "colour": 0,
                    "position": 7,
                    "created_at": "17-01-2018_19-40-21-208000",
                    "name": "Members"
                },
                "403266285313589250": {
                    "permissions": 0,
                    "colour": 16777215,
                    "position": 8,
                    "created_at": "17-01-2018_19-16-14-744000",
                    "name": "Abandoned Ones"
                },
                "189416410542374912": {
                    "permissions": 267775190,
                    "colour": 3447003,
                    "position": 15,
                    "created_at": "06-06-2016_16-33-11-460000",
                    "name": "Moderator"
                }
            },
            "25-01-2019_00-26-23-076062": {
                "404068252361162759": {
                    "permissions": 0,
                    "colour": 10181046,
                    "position": 3,
                    "created_at": "20-01-2018_00-22-58-588000",
                    "name": "Under Where?"
                },
                "523917597138354193": {
                    "permissions": 0,
                    "colour": 16714995,
                    "position": 2,
                    "created_at": "16-12-2018_17-41-29-076000",
                    "name": "Yeeters"
                },
                "373129696960970762": {
                    "permissions": 0,
                    "colour": 16711680,
                    "position": 17,
                    "created_at": "26-10-2017_15-24-12-170000",
                    "name": "Staff"
                },
                "178667818152230912": {
                    "permissions": 0,
                    "colour": 0,
                    "position": 0,
                    "created_at": "08-05-2016_00-42-07-335000",
                    "name": "@everyone"
                },
                "189416410542374912": {
                    "permissions": 267774166,
                    "colour": 3447003,
                    "position": 18,
                    "created_at": "06-06-2016_16-33-11-460000",
                    "name": "Moderator"
                },
                "403272352223461387": {
                    "permissions": 104187968,
                    "colour": 0,
                    "position": 9,
                    "created_at": "17-01-2018_19-40-21-208000",
                    "name": "Members"
                },
                "403266285313589250": {
                    "permissions": 0,
                    "colour": 16777215,
                    "position": 10,
                    "created_at": "17-01-2018_19-16-14-744000",
                    "name": "Abandoned Ones"
                },
                "430760351248809986": {
                    "permissions": 0,
                    "colour": 0,
                    "position": 8,
                    "created_at": "03-04-2018_16-07-50-878000",
                    "name": "Current Iteration"
                }
            },
            "13-01-2019_23-50-53-236086": {
                "404068252361162759": {
                    "permissions": 0,
                    "colour": 0,
                    "position": 4,
                    "created_at": "20-01-2018_00-22-58-588000",
                    "name": "Under Where?"
                },
                "523917597138354193": {
                    "permissions": 0,
                    "colour": 16714995,
                    "position": 3,
                    "created_at": "16-12-2018_17-41-29-076000",
                    "name": "Yeeters"
                },
                "373129696960970762": {
                    "permissions": 0,
                    "colour": 16711680,
                    "position": 16,
                    "created_at": "26-10-2017_15-24-12-170000",
                    "name": "Staff"
                },
                "178667818152230912": {
                    "permissions": 0,
                    "colour": 0,
                    "position": 0,
                    "created_at": "08-05-2016_00-42-07-335000",
                    "name": "@everyone"
                },
                "189416410542374912": {
                    "permissions": 267775190,
                    "colour": 3447003,
                    "position": 17,
                    "created_at": "06-06-2016_16-33-11-460000",
                    "name": "Moderator"
                },
                "403272352223461387": {
                    "permissions": 104187968,
                    "colour": 0,
                    "position": 8,
                    "created_at": "17-01-2018_19-40-21-208000",
                    "name": "Members"
                },
                "403266285313589250": {
                    "permissions": 0,
                    "colour": 16777215,
                    "position": 9,
                    "created_at": "17-01-2018_19-16-14-744000",
                    "name": "Abandoned Ones"
                },
                "430760351248809986": {
                    "permissions": 0,
                    "colour": 0,
                    "position": 7,
                    "created_at": "03-04-2018_16-07-50-878000",
                    "name": "Current Iteration"
                }
            },
            "17-01-2019_17-37-42-106001": {
                "404068252361162759": {
                    "permissions": 0,
                    "colour": 0,
                    "position": 4,
                    "created_at": "20-01-2018_00-22-58-588000",
                    "name": "Under Where?"
                },
                "523917597138354193": {
                    "permissions": 0,
                    "colour": 16714995,
                    "position": 3,
                    "created_at": "16-12-2018_17-41-29-076000",
                    "name": "Yeeters"
                },
                "373129696960970762": {
                    "permissions": 0,
                    "colour": 16711680,
                    "position": 16,
                    "created_at": "26-10-2017_15-24-12-170000",
                    "name": "Staff"
                },
                "178667818152230912": {
                    "permissions": 0,
                    "colour": 0,
                    "position": 0,
                    "created_at": "08-05-2016_00-42-07-335000",
                    "name": "@everyone"
                },
                "189416410542374912": {
                    "permissions": 267774166,
                    "colour": 3447003,
                    "position": 17,
                    "created_at": "06-06-2016_16-33-11-460000",
                    "name": "Moderator"
                },
                "403272352223461387": {
                    "permissions": 104187968,
                    "colour": 0,
                    "position": 8,
                    "created_at": "17-01-2018_19-40-21-208000",
                    "name": "Members"
                },
                "403266285313589250": {
                    "permissions": 0,
                    "colour": 16777215,
                    "position": 9,
                    "created_at": "17-01-2018_19-16-14-744000",
                    "name": "Abandoned Ones"
                },
                "430760351248809986": {
                    "permissions": 0,
                    "colour": 0,
                    "position": 7,
                    "created_at": "03-04-2018_16-07-50-878000",
                    "name": "Current Iteration"
                }
            }
        },
        "current": {
            "404068252361162759": {
                "permissions": 0,
                "colour": 10181046,
                "position": 3,
                "created_at": "20-01-2018_00-22-58-588000",
                "name": "Under Where?"
            },
            "523917597138354193": {
                "permissions": 0,
                "colour": 16714995,
                "position": 2,
                "created_at": "16-12-2018_17-41-29-076000",
                "name": "Yeeters"
            },
            "373129696960970762": {
                "permissions": 0,
                "colour": 0,
                "position": 23,
                "created_at": "26-10-2017_15-24-12-170000",
                "name": "Staff"
            },
            "178667818152230912": {
                "permissions": 0,
                "colour": 0,
                "position": 0,
                "created_at": "08-05-2016_00-42-07-335000",
                "name": "@everyone"
            },
            "403272352223461387": {
                "permissions": 104187968,
                "colour": 0,
                "position": 10,
                "created_at": "17-01-2018_19-40-21-208000",
                "name": "Members"
            },
            "403266285313589250": {
                "permissions": 0,
                "colour": 16777215,
                "position": 11,
                "created_at": "17-01-2018_19-16-14-744000",
                "name": "Abandoned Ones"
            },
            "189416410542374912": {
                "permissions": 267774166,
                "colour": 3447003,
                "position": 20,
                "created_at": "06-06-2016_16-33-11-460000",
                "name": "Moderator"
            }
        }
    },
    "bans": {
        "previous": {},
        "current": "not banned"
    },
    "name": {
        "previous": {},
        "current": "Socko God"
    },
    "colour": {
        "previous": {},
        "current": 3447003
    },
    "bot": false,
    "joined_at": {
        "previous": {},
        "current": "18-02-2018_16-27-19-191319"
    },
    "discriminator": {
        "previous": {},
        "current": "8144"
    },
    "id": "176354357766389760",
    "status": {
        "previous": {
            "06-12-2018_14-37-28-467255": "offline",
            "16-02-2019_18-22-40-919504": "online",
            "13-01-2019_23-58-57-488890": "offline",
            "16-01-2019_20-42-02-533659": "online",
            "18-02-2019_21-46-13-382171": "offline",
            "25-01-2019_15-28-36-671537": "online",
            "31-01-2019_23-15-25-764869": "online",
            "07-02-2019_22-30-45-401502": "offline",
            "12-02-2019_19-18-53-139616": "online",
            "26-01-2019_04-12-07-077616": "online",
            "10-01-2019_03-36-57-747790": "offline",
            "12-01-2019_01-16-58-662867": "online",
            "08-12-2018_15-44-11-058097": "online",
            "30-01-2019_22-01-10-201736": "idle",
            "07-12-2018_09-02-35-892853": "online",
            "18-01-2019_22-56-50-509179": "idle",
            "15-01-2019_20-05-24-063373": "online",
            "27-01-2019_13-19-36-209606": "online",
            "16-12-2018_22-46-26-221531": "idle",
            "16-12-2018_21-52-39-901037": "offline",
            "19-01-2019_13-47-02-065430": "online",
            "06-12-2018_00-27-42-854693": "idle",
            "19-01-2019_23-47-11-591556": "idle",
            "06-12-2018_00-22-50-820027": "offline",
            "06-12-2018_01-05-49-556858": "online",
            "25-01-2019_00-26-23-076062": "offline",
            "17-12-2018_08-19-13-303562": "online",
            "16-01-2019_22-00-47-241502": "idle",
            "30-01-2019_14-51-49-215528": "idle",
            "26-01-2019_15-44-45-130911": "online",
            "17-01-2019_17-37-42-106001": "online",
            "10-02-2019_10-58-00-564986": "idle",
            "11-12-2018_09-13-26-392726": "online",
            "08-02-2019_19-09-26-882805": "online",
            "30-01-2019_23-45-18-912162": "online",
            "29-01-2019_19-57-05-628849": "online",
            "09-12-2018_10-10-43-790279": "idle",
            "18-02-2019_14-16-21-404972": "offline",
            "09-12-2018_10-12-40-202519": "idle",
            "23-01-2019_23-06-46-438605": "online",
            "06-12-2018_13-18-30-157611": "offline",
            "29-01-2019_23-34-56-773453": "idle",
            "10-01-2019_00-18-24-072293": "online",
            "06-12-2018_17-09-51-137367": "idle",
            "09-02-2019_19-14-04-134526": "idle",
            "25-01-2019_18-03-01-080213": "offline",
            "27-01-2019_00-03-40-224296": "online",
            "11-01-2019_23-54-44-166805": "idle",
            "07-12-2018_07-42-43-243407": "online",
            "23-01-2019_21-15-24-922386": "online",
            "10-12-2018_16-02-31-496869": "idle",
            "07-12-2018_19-07-03-633575": "idle",
            "18-01-2019_15-04-28-265172": "idle",
            "13-01-2019_18-58-47-852165": "offline",
            "05-12-2018_23-34-35-600797": "online",
            "11-02-2019_22-51-39-999500": "offline",
            "06-12-2018_19-01-41-672098": "idle",
            "12-02-2019_19-03-22-820778": "idle",
            "08-02-2019_19-38-42-445767": "online",
            "05-12-2018_16-27-33-714312": "idle",
            "18-01-2019_23-28-09-275982": "online"
        },
        "current": "online"
    },
    "display_name": {
        "previous": {},
        "current": "SockstroyerXx"
    },
    "cookies": {
        "cookies_in_jar": 0,
        "cookie_interest": 0,
        "get": {
            "total_cookies": 0,
            "average": 0.0
        },
        "cookie_transfer_quota": 0,
        "current_cookies": 0,
        "active_this_epoch": false,
        "measured_epochs": 12,
        "active_epochs": 0,
        "total_cookies": 0,
        "give": {
            "total_cookies": 0,
            "average": 0.0
        }
    },
    "created_at": "01-05-2016_15-29-15-397000",
    "game": {
        "previous": {
            "27-01-2019_13-19-36-209606": {
                "type": null,
                "url": null,
                "name": null
            },
            "29-01-2019_19-57-05-628849": {
                "type": 0,
                "url": null,
                "name": "CrossCode"
            },
            "18-02-2019_21-46-13-382171": {
                "type": 0,
                "url": null,
                "name": "Dead Island Definitive Edition"
            },
            "18-02-2019_14-16-21-404972": {
                "type": null,
                "url": null,
                "name": null
            },
            "25-01-2019_15-28-36-671537": {
                "type": 0,
                "url": null,
                "name": "CrossCode"
            },
            "18-01-2019_22-56-50-509179": {
                "type": null,
                "url": null,
                "name": null
            },
            "12-02-2019_19-18-53-139616": {
                "type": 0,
                "url": null,
                "name": "The Witcher 3: Wild Hunt"
            },
            "26-01-2019_04-12-07-077616": {
                "type": null,
                "url": null,
                "name": null
            },
            "19-01-2019_23-47-11-591556": {
                "type": 0,
                "url": null,
                "name": "CrossCode"
            },
            "19-01-2019_13-47-02-065430": {
                "type": null,
                "url": null,
                "name": null
            },
            "18-01-2019_15-04-28-265172": {
                "type": 0,
                "url": null,
                "name": "CrossCode"
            },
            "25-01-2019_00-26-23-076062": {
                "type": null,
                "url": null,
                "name": null
            },
            "31-01-2019_23-15-25-764869": {
                "type": 0,
                "url": null,
                "name": "CrossCode"
            },
            "17-01-2019_17-37-42-106001": {
                "type": 0,
                "url": null,
                "name": "CrossCode"
            },
            "18-01-2019_23-28-09-275982": {
                "type": 0,
                "url": null,
                "name": "CrossCode"
            },
            "27-01-2019_00-03-40-224296": {
                "type": 0,
                "url": null,
                "name": "CrossCode"
            }
        },
        "current": {
            "type": null,
            "name": null,
            "url": null
        }
    }
}