{
    "voice": {
        "previous": {},
        "current": {
            "is_afk": false,
            "self_deaf": false,
            "server_mute": false,
            "channel": {
                "private": null,
                "id": null,
                "name": null
            },
            "self_mute": false,
            "server_deaf": false
        }
    },
    "activity": {},
    "roles": {
        "previous": {
            "17-01-2019_17-37-42-106001": {
                "178667818152230912": {
                    "permissions": 0,
                    "colour": 0,
                    "name": "@everyone",
                    "created_at": "08-05-2016_00-42-07-335000",
                    "position": 0
                },
                "403272352223461387": {
                    "permissions": 104187968,
                    "colour": 0,
                    "name": "Members",
                    "created_at": "17-01-2018_19-40-21-208000",
                    "position": 8
                },
                "403266285313589250": {
                    "permissions": 0,
                    "colour": 16777215,
                    "name": "Abandoned Ones",
                    "created_at": "17-01-2018_19-16-14-744000",
                    "position": 9
                },
                "430760351248809986": {
                    "permissions": 0,
                    "colour": 0,
                    "name": "Current Iteration",
                    "created_at": "03-04-2018_16-07-50-878000",
                    "position": 7
                }
            },
            "06-12-2018_01-05-49-556858": {
                "178667818152230912": {
                    "permissions": 0,
                    "colour": 0,
                    "name": "@everyone",
                    "created_at": "08-05-2016_00-42-07-335000",
                    "position": 0
                },
                "403272352223461387": {
                    "permissions": 104187968,
                    "colour": 0,
                    "name": "Members",
                    "created_at": "17-01-2018_19-40-21-208000",
                    "position": 12
                },
                "403266285313589250": {
                    "permissions": 0,
                    "colour": 16777215,
                    "name": "Abandoned Ones",
                    "created_at": "17-01-2018_19-16-14-744000",
                    "position": 13
                },
                "430760351248809986": {
                    "permissions": 0,
                    "colour": 0,
                    "name": "Current Iteration",
                    "created_at": "03-04-2018_16-07-50-878000",
                    "position": 10
                }
            },
            "16-12-2018_21-52-39-901037": {
                "178667818152230912": {
                    "permissions": 0,
                    "colour": 0,
                    "name": "@everyone",
                    "created_at": "08-05-2016_00-42-07-335000",
                    "position": 0
                },
                "403272352223461387": {
                    "permissions": 104187968,
                    "colour": 0,
                    "name": "Members",
                    "created_at": "17-01-2018_19-40-21-208000",
                    "position": 10
                },
                "403266285313589250": {
                    "permissions": 0,
                    "colour": 16777215,
                    "name": "Abandoned Ones",
                    "created_at": "17-01-2018_19-16-14-744000",
                    "position": 11
                },
                "430760351248809986": {
                    "permissions": 0,
                    "colour": 0,
                    "name": "Current Iteration",
                    "created_at": "03-04-2018_16-07-50-878000",
                    "position": 9
                }
            },
            "10-02-2019_10-58-00-564986": {
                "178667818152230912": {
                    "permissions": 0,
                    "colour": 0,
                    "name": "@everyone",
                    "created_at": "08-05-2016_00-42-07-335000",
                    "position": 0
                },
                "403266285313589250": {
                    "permissions": 0,
                    "colour": 16777215,
                    "name": "Abandoned Ones",
                    "created_at": "17-01-2018_19-16-14-744000",
                    "position": 12
                },
                "403272352223461387": {
                    "permissions": 104187968,
                    "colour": 0,
                    "name": "Members",
                    "created_at": "17-01-2018_19-40-21-208000",
                    "position": 11
                }
            },
            "10-01-2019_00-18-24-072293": {
                "178667818152230912": {
                    "permissions": 0,
                    "colour": 0,
                    "name": "@everyone",
                    "created_at": "08-05-2016_00-42-07-335000",
                    "position": 0
                },
                "403272352223461387": {
                    "permissions": 104187968,
                    "colour": 0,
                    "name": "Members",
                    "created_at": "17-01-2018_19-40-21-208000",
                    "position": 7
                },
                "403266285313589250": {
                    "permissions": 0,
                    "colour": 16777215,
                    "name": "Abandoned Ones",
                    "created_at": "17-01-2018_19-16-14-744000",
                    "position": 8
                },
                "430760351248809986": {
                    "permissions": 0,
                    "colour": 0,
                    "name": "Current Iteration",
                    "created_at": "03-04-2018_16-07-50-878000",
                    "position": 6
                }
            },
            "25-01-2019_18-03-01-080213": {
                "178667818152230912": {
                    "permissions": 0,
                    "colour": 0,
                    "name": "@everyone",
                    "created_at": "08-05-2016_00-42-07-335000",
                    "position": 0
                },
                "403266285313589250": {
                    "permissions": 0,
                    "colour": 16777215,
                    "name": "Abandoned Ones",
                    "created_at": "17-01-2018_19-16-14-744000",
                    "position": 12
                },
                "403272352223461387": {
                    "permissions": 104187968,
                    "colour": 0,
                    "name": "Members",
                    "created_at": "17-01-2018_19-40-21-208000",
                    "position": 11
                }
            },
            "25-01-2019_00-26-23-076062": {
                "178667818152230912": {
                    "permissions": 0,
                    "colour": 0,
                    "name": "@everyone",
                    "created_at": "08-05-2016_00-42-07-335000",
                    "position": 0
                },
                "403272352223461387": {
                    "permissions": 104187968,
                    "colour": 0,
                    "name": "Members",
                    "created_at": "17-01-2018_19-40-21-208000",
                    "position": 9
                },
                "403266285313589250": {
                    "permissions": 0,
                    "colour": 16777215,
                    "name": "Abandoned Ones",
                    "created_at": "17-01-2018_19-16-14-744000",
                    "position": 10
                },
                "430760351248809986": {
                    "permissions": 0,
                    "colour": 0,
                    "name": "Current Iteration",
                    "created_at": "03-04-2018_16-07-50-878000",
                    "position": 8
                }
            },
            "07-12-2018_09-02-35-892853": {
                "178667818152230912": {
                    "permissions": 0,
                    "colour": 0,
                    "name": "@everyone",
                    "created_at": "08-05-2016_00-42-07-335000",
                    "position": 0
                },
                "403272352223461387": {
                    "permissions": 104187968,
                    "colour": 0,
                    "name": "Members",
                    "created_at": "17-01-2018_19-40-21-208000",
                    "position": 11
                },
                "403266285313589250": {
                    "permissions": 0,
                    "colour": 16777215,
                    "name": "Abandoned Ones",
                    "created_at": "17-01-2018_19-16-14-744000",
                    "position": 12
                },
                "430760351248809986": {
                    "permissions": 0,
                    "colour": 0,
                    "name": "Current Iteration",
                    "created_at": "03-04-2018_16-07-50-878000",
                    "position": 9
                }
            },
            "09-02-2019_19-14-04-134526": {
                "178667818152230912": {
                    "permissions": 0,
                    "colour": 0,
                    "name": "@everyone",
                    "created_at": "08-05-2016_00-42-07-335000",
                    "position": 0
                },
                "403266285313589250": {
                    "permissions": 0,
                    "colour": 16777215,
                    "name": "Abandoned Ones",
                    "created_at": "17-01-2018_19-16-14-744000",
                    "position": 11
                },
                "403272352223461387": {
                    "permissions": 104187968,
                    "colour": 0,
                    "name": "Members",
                    "created_at": "17-01-2018_19-40-21-208000",
                    "position": 10
                }
            }
        },
        "current": {
            "178667818152230912": {
                "permissions": 0,
                "colour": 0,
                "name": "@everyone",
                "created_at": "08-05-2016_00-42-07-335000",
                "position": 0
            },
            "403266285313589250": {
                "permissions": 0,
                "colour": 16777215,
                "name": "Abandoned Ones",
                "created_at": "17-01-2018_19-16-14-744000",
                "position": 11
            },
            "403272352223461387": {
                "permissions": 104187968,
                "colour": 0,
                "name": "Members",
                "created_at": "17-01-2018_19-40-21-208000",
                "position": 10
            }
        }
    },
    "bans": {
        "previous": {},
        "current": "not banned"
    },
    "name": {
        "previous": {},
        "current": "Zepher Aerlera"
    },
    "colour": {
        "previous": {},
        "current": 16777215
    },
    "bot": false,
    "joined_at": {
        "previous": {},
        "current": "26-01-2018_19-20-43-310632"
    },
    "discriminator": {
        "previous": {},
        "current": "1364"
    },
    "created_at": "23-04-2017_20-09-38-484000",
    "status": {
        "previous": {
            "10-01-2019_03-33-44-007928": "idle",
            "17-12-2018_08-19-13-303562": "online",
            "16-02-2019_18-22-40-919504": "idle",
            "13-01-2019_23-58-57-488890": "online",
            "18-02-2019_21-46-13-382171": "idle",
            "18-02-2019_14-16-21-404972": "online",
            "10-02-2019_10-58-00-564986": "online",
            "06-12-2018_15-16-54-897558": "idle",
            "12-02-2019_19-18-53-139616": "online",
            "12-01-2019_01-16-58-662867": "online",
            "06-12-2018_17-02-08-075871": "online",
            "06-12-2018_19-01-41-672098": "online",
            "08-12-2018_15-44-11-058097": "online",
            "10-01-2019_00-18-24-072293": "online",
            "06-12-2018_17-09-51-137367": "online",
            "09-02-2019_19-14-04-134526": "online",
            "15-01-2019_20-05-24-063373": "online",
            "16-12-2018_22-46-26-221531": "idle",
            "16-12-2018_21-52-39-901037": "online",
            "11-01-2019_23-54-44-166805": "idle",
            "06-12-2018_15-40-12-725739": "idle",
            "06-12-2018_00-14-36-874566": "idle",
            "10-12-2018_16-02-31-496869": "online",
            "06-12-2018_16-49-44-878444": "idle",
            "13-01-2019_18-58-47-852165": "idle",
            "05-12-2018_23-34-35-600797": "online",
            "11-02-2019_22-51-39-999500": "online",
            "16-01-2019_22-00-47-241502": "online",
            "06-12-2018_00-13-14-276644": "offline",
            "06-12-2018_01-05-49-556858": "online",
            "08-02-2019_19-38-42-445767": "online",
            "05-12-2018_16-27-33-714312": "offline",
            "06-12-2018_16-38-45-836018": "online"
        },
        "current": "online"
    },
    "display_name": {
        "previous": {},
        "current": "Zepher Aerlera"
    },
    "cookies": {
        "cookie_interest": 0,
        "cookie_transfer_quota": 0,
        "get": {
            "average": 0.0,
            "total_cookies": 0
        },
        "active_epochs": 0,
        "current_cookies": 0,
        "active_this_epoch": false,
        "measured_epochs": 12,
        "cookies_in_jar": 0,
        "total_cookies": 0,
        "give": {
            "average": 0.0,
            "total_cookies": 0
        }
    },
    "id": "305797386926817281",
    "game": {
        "previous": {
            "05-12-2018_23-34-35-600797": {
                "type": 0,
                "name": "Slay the Spire",
                "url": null
            },
            "06-12-2018_01-05-49-556858": {
                "type": 0,
                "name": "Slay the Spire",
                "url": null
            },
            "05-12-2018_16-27-33-714312": {
                "type": null,
                "name": null,
                "url": null
            },
            "06-12-2018_00-13-14-276644": {
                "type": null,
                "name": null,
                "url": null
            }
        },
        "current": {
            "type": null,
            "name": null,
            "url": null
        }
    }
}