{
    "colour": {
        "previous": {
            "05-12-2018_23-34-35-600797": 15158332
        },
        "current": 0
    },
    "roles": {
        "previous": {
            "05-12-2018_23-34-35-600797": {
                "403243508833452032": {
                    "colour": 0,
                    "created_at": "17-01-2018_17-45-44-408000",
                    "position": 0,
                    "permissions": 104324161,
                    "name": "@everyone"
                },
                "403243729072160790": {
                    "colour": 0,
                    "created_at": "17-01-2018_17-46-36-917000",
                    "position": 6,
                    "permissions": 104324169,
                    "name": "Admin"
                },
                "406523819545591808": {
                    "colour": 15158332,
                    "created_at": "26-01-2018_19-00-31-427000",
                    "position": 2,
                    "permissions": 0,
                    "name": "Color_Red"
                }
            },
            "29-11-2018_15-09-24-930495": {
                "403243508833452032": {
                    "colour": 0,
                    "created_at": "17-01-2018_17-45-44-408000",
                    "position": 0,
                    "permissions": 104324161,
                    "name": "@everyone"
                },
                "403243729072160790": {
                    "colour": 0,
                    "created_at": "17-01-2018_17-46-36-917000",
                    "position": 5,
                    "permissions": 104324169,
                    "name": "Admin"
                },
                "406523819545591808": {
                    "colour": 15158332,
                    "created_at": "26-01-2018_19-00-31-427000",
                    "position": 1,
                    "permissions": 0,
                    "name": "Color_Red"
                }
            },
            "05-12-2018_14-55-08-280177": {
                "403243508833452032": {
                    "colour": 0,
                    "created_at": "17-01-2018_17-45-44-408000",
                    "position": 0,
                    "permissions": 104324161,
                    "name": "@everyone"
                },
                "403243729072160790": {
                    "colour": 0,
                    "created_at": "17-01-2018_17-46-36-917000",
                    "position": 6,
                    "permissions": 104324169,
                    "name": "Admin"
                },
                "517688783982952458": {
                    "colour": 3447003,
                    "created_at": "29-11-2018_13-10-24-294000",
                    "position": 1,
                    "permissions": 0,
                    "name": "Color_Blue"
                },
                "406523819545591808": {
                    "colour": 15158332,
                    "created_at": "26-01-2018_19-00-31-427000",
                    "position": 2,
                    "permissions": 0,
                    "name": "Color_Red"
                }
            }
        },
        "current": {
            "403243508833452032": {
                "colour": 0,
                "created_at": "17-01-2018_17-45-44-408000",
                "position": 0,
                "permissions": 104324161,
                "name": "@everyone"
            },
            "403243729072160790": {
                "colour": 0,
                "created_at": "17-01-2018_17-46-36-917000",
                "position": 6,
                "permissions": 104324169,
                "name": "Admin"
            }
        }
    },
    "id": "149381939428589568",
    "voice": {
        "previous": {},
        "current": {
            "self_deaf": false,
            "is_afk": false,
            "self_mute": false,
            "server_mute": false,
            "channel": {
                "id": null,
                "private": null,
                "name": null
            },
            "server_deaf": false
        }
    },
    "name": {
        "previous": {},
        "current": "Ely"
    },
    "discriminator": {
        "previous": {},
        "current": "2273"
    },
    "bans": {
        "previous": {},
        "current": "not banned"
    },
    "status": {
        "previous": {
            "10-01-2019_00-18-24-072293": "online",
            "10-12-2018_16-02-31-496869": "online",
            "10-01-2019_03-36-57-747790": "idle",
            "06-12-2018_00-44-16-069543": "offline",
            "11-12-2018_09-13-26-392726": "idle",
            "17-12-2018_08-19-13-303562": "online",
            "27-11-2018_01-41-32-093419": "idle",
            "29-11-2018_17-57-37-201418": "offline",
            "12-12-2018_11-49-23-541900": "idle",
            "28-11-2018_00-16-39-854123": "idle",
            "07-12-2018_07-51-11-182069": "idle",
            "05-12-2018_16-27-33-714312": "idle",
            "06-12-2018_17-09-51-137367": "idle",
            "06-12-2018_01-05-49-556858": "idle",
            "04-12-2018_18-44-39-823871": "idle",
            "25-11-2018_10-52-16-906108": "offline",
            "05-12-2018_13-17-03-081678": "idle",
            "06-12-2018_13-18-30-157611": "idle",
            "07-12-2018_09-02-35-892853": "idle",
            "07-12-2018_19-07-03-633575": "offline",
            "27-11-2018_01-45-46-914286": "idle",
            "04-12-2018_21-50-21-537905": "online",
            "06-12-2018_00-29-32-919666": "offline",
            "10-01-2019_03-33-44-007928": "idle",
            "06-12-2018_15-04-14-303670": "offline",
            "26-11-2018_20-36-46-531378": "idle",
            "06-12-2018_14-27-10-018861": "offline",
            "26-11-2018_18-53-23-927794": "idle",
            "30-11-2018_15-49-54-556422": "online",
            "29-11-2018_18-10-15-123035": "idle",
            "06-12-2018_19-01-41-672098": "idle",
            "27-11-2018_00-07-39-875521": "online",
            "09-12-2018_10-12-40-202519": "idle"
        },
        "current": "online"
    },
    "joined_at": {
        "previous": {},
        "current": "17-01-2018_17-45-44-517000"
    },
    "bot": false,
    "created_at": "17-02-2016_05-10-29-742000",
    "activity": {
        "2018": {
            "11": {
                "27": {
                    "0": {
                        "403243509324447755": 1
                    },
                    "1": {
                        "403514718482071554": 1
                    },
                    "14": {
                        "403243509324447755": 17,
                        "403514718482071554": 1
                    }
                },
                "26": {
                    "23": {
                        "403243509324447755": 1
                    },
                    "18": {
                        "403243509324447755": 11
                    },
                    "22": {
                        "403243509324447755": 1
                    },
                    "20": {
                        "403243509324447755": 18
                    },
                    "21": {
                        "403243509324447755": 2
                    }
                },
                "30": {
                    "15": {
                        "403243509324447755": 15
                    },
                    "14": {
                        "403243509324447755": 5
                    }
                },
                "23": {
                    "10": {
                        "403243509324447755": 2
                    }
                },
                "25": {
                    "11": {
                        "403243509324447755": 12
                    },
                    "10": {
                        "403243509324447755": 13
                    }
                },
                "29": {
                    "18": {
                        "403243509324447755": 3
                    },
                    "17": {
                        "403515799794614273": 2,
                        "403243509324447755": 26
                    },
                    "15": {
                        "403243509324447755": 17
                    },
                    "16": {
                        "403515799794614273": 1,
                        "403243509324447755": 19
                    },
                    "21": {
                        "403243509324447755": 1
                    }
                }
            },
            "12": {
                "6": {
                    "17": {
                        "403243509324447755": 8,
                        "403514718482071554": 1
                    },
                    "15": {
                        "403243509324447755": 124
                    },
                    "14": {
                        "403243509324447755": 26
                    },
                    "0": {
                        "403243509324447755": 46
                    },
                    "13": {
                        "403243509324447755": 2
                    },
                    "16": {
                        "403243509324447755": 12
                    }
                },
                "5": {
                    "13": {
                        "403243509324447755": 1,
                        "403514718482071554": 1
                    },
                    "15": {
                        "403243509324447755": 18
                    },
                    "23": {
                        "403243509324447755": 16
                    },
                    "14": {
                        "403243509324447755": 16
                    }
                },
                "7": {
                    "8": {
                        "403243509324447755": 1
                    }
                }
            }
        },
        "2019": {
            "1": {
                "10": {
                    "3": {
                        "403514718482071554": 1
                    }
                }
            }
        }
    },
    "game": {
        "previous": {
            "28-11-2018_00-16-39-854123": {
                "url": null,
                "type": null,
                "name": null
            },
            "08-12-2018_15-44-11-058097": {
                "url": null,
                "type": 0,
                "name": "Counter-Strike: Global Offensive"
            },
            "29-11-2018_15-09-24-930495": {
                "url": null,
                "type": 0,
                "name": "VRChat"
            },
            "30-11-2018_15-49-54-556422": {
                "url": null,
                "type": 0,
                "name": "VRChat"
            },
            "07-12-2018_19-07-03-633575": {
                "url": null,
                "type": 0,
                "name": "osu!"
            }
        },
        "current": {
            "url": null,
            "type": null,
            "name": null
        }
    },
    "cookies": {
        "total_cookies": 0,
        "measured_epochs": 6,
        "cookie_interest": 0,
        "active_epochs": 1,
        "active_this_epoch": false,
        "get": {
            "total_cookies": 0,
            "average": 0.0
        },
        "cookie_transfer_quota": 0,
        "cookies_in_jar": 0,
        "give": {
            "total_cookies": 1,
            "average": 0.16666666666666666
        },
        "current_cookies": 0
    },
    "display_name": {
        "previous": {},
        "current": "Ely"
    }
}