{
    "colour": {
        "previous": {},
        "current": 0
    },
    "roles": {
        "previous": {},
        "current": {
            "403243508833452032": {
                "colour": 0,
                "created_at": "17-01-2018_17-45-44-408000",
                "position": 0,
                "permissions": 104324161,
                "name": "@everyone"
            }
        }
    },
    "id": "160105994217586689",
    "voice": {
        "previous": {},
        "current": {
            "self_deaf": false,
            "is_afk": false,
            "self_mute": false,
            "server_mute": false,
            "channel": {
                "id": null,
                "private": null,
                "name": null
            },
            "server_deaf": false
        }
    },
    "name": {
        "previous": {},
        "current": "Miki"
    },
    "discriminator": {
        "previous": {},
        "current": "6045"
    },
    "bans": {
        "previous": {},
        "current": "not banned"
    },
    "status": {
        "previous": {
            "10-01-2019_03-36-57-747790": "offline"
        },
        "current": "online"
    },
    "joined_at": {
        "previous": {},
        "current": "06-01-2019_19-32-24-343905"
    },
    "bot": true,
    "created_at": "17-03-2016_19-24-03-647000",
    "activity": {},
    "game": {
        "previous": {},
        "current": {
            "url": null,
            "type": null,
            "name": null
        }
    },
    "cookies": {
        "total_cookies": 0,
        "measured_epochs": 0,
        "cookie_interest": 0,
        "active_epochs": 0,
        "active_this_epoch": false,
        "get": {
            "total_cookies": 0,
            "average": 0
        },
        "cookie_transfer_quota": 0,
        "cookies_in_jar": 0,
        "give": {
            "total_cookies": 0,
            "average": 0
        },
        "current_cookies": 0
    },
    "display_name": {
        "previous": {},
        "current": "Miki"
    }
}