{
    "joined_at": {
        "previous": {},
        "current": "17-01-2018_09-35-04-774000"
    },
    "colour": {
        "previous": {},
        "current": 7980799
    },
    "name": {
        "previous": {},
        "current": "Resquiat"
    },
    "cookies": {
        "give": {
            "total_cookies": 0,
            "average": 0.0
        },
        "cookie_interest": 0,
        "active_epochs": 0,
        "total_cookies": 0,
        "measured_epochs": 9,
        "cookie_transfer_quota": 0,
        "get": {
            "total_cookies": 0,
            "average": 0.0
        },
        "current_cookies": 0,
        "active_this_epoch": false,
        "cookies_in_jar": 0
    },
    "activity": {
        "2018": {
            "12": {
                "7": {
                    "15": {
                        "403084655550791682": 1
                    }
                }
            }
        },
        "2019": {
            "1": {
                "23": {
                    "21": {
                        "523913649182605330": 3
                    }
                },
                "20": {
                    "14": {
                        "403084655550791682": 3
                    }
                },
                "19": {
                    "1": {
                        "403084813680115712": 1,
                        "403084763591606273": 3
                    }
                },
                "25": {
                    "0": {
                        "410813767840956416": 11
                    },
                    "3": {
                        "403084655550791682": 3
                    },
                    "11": {
                        "403084655550791682": 3
                    }
                },
                "10": {
                    "13": {
                        "403084655550791682": 1
                    },
                    "20": {
                        "523913649182605330": 2
                    },
                    "14": {
                        "523913649182605330": 2
                    }
                },
                "12": {
                    "16": {
                        "523913649182605330": 11
                    },
                    "17": {
                        "523913649182605330": 12
                    }
                },
                "17": {
                    "22": {
                        "523913649182605330": 1
                    },
                    "23": {
                        "523913649182605330": 8
                    }
                },
                "15": {
                    "0": {
                        "523913649182605330": 1
                    }
                },
                "24": {
                    "0": {
                        "403084813680115712": 2
                    },
                    "1": {
                        "403084813680115712": 3
                    }
                }
            }
        }
    },
    "display_name": {
        "previous": {
            "23-01-2019_23-06-46-438605": "C4ndi3n",
            "25-01-2019_00-26-23-076062": "C4n4di4n",
            "10-01-2019_00-18-24-072293": "Dubibells Dubibells"
        },
        "current": "N8"
    },
    "status": {
        "previous": {
            "06-12-2018_15-04-14-303670": "dnd",
            "19-01-2019_13-47-02-065430": "dnd",
            "06-12-2018_14-50-02-697396": "dnd",
            "25-01-2019_00-26-23-076062": "offline",
            "30-01-2019_23-45-18-912162": "dnd",
            "30-01-2019_14-51-49-215528": "offline",
            "05-12-2018_16-23-43-417186": "dnd",
            "06-12-2018_15-14-45-002165": "offline",
            "06-12-2018_15-16-54-897558": "dnd",
            "10-01-2019_03-33-44-007928": "offline",
            "30-01-2019_22-01-10-201736": "offline",
            "07-12-2018_19-07-03-633575": "offline",
            "06-12-2018_01-05-49-556858": "dnd",
            "05-12-2018_15-19-39-125060": "dnd",
            "06-12-2018_00-45-45-907811": "offline",
            "05-12-2018_23-34-35-600797": "dnd",
            "05-12-2018_16-27-33-714312": "dnd",
            "05-12-2018_15-43-55-700669": "offline",
            "06-12-2018_14-20-49-230798": "dnd",
            "06-12-2018_19-01-41-672098": "offline",
            "06-12-2018_14-27-10-018861": "dnd",
            "06-12-2018_13-18-30-157611": "dnd",
            "06-12-2018_14-18-11-466041": "offline",
            "27-01-2019_13-19-36-209606": "dnd",
            "19-01-2019_23-47-11-591556": "offline",
            "06-12-2018_17-02-08-075871": "dnd",
            "06-12-2018_00-51-35-336974": "offline",
            "05-12-2018_23-17-11-812802": "dnd",
            "06-12-2018_14-37-28-467255": "offline",
            "29-01-2019_23-34-56-773453": "dnd",
            "10-01-2019_00-18-24-072293": "dnd",
            "29-01-2019_19-57-05-628849": "offline",
            "06-12-2018_17-09-51-137367": "offline",
            "06-12-2018_15-40-12-725739": "dnd",
            "05-12-2018_16-07-42-379538": "dnd"
        },
        "current": "offline"
    },
    "voice": {
        "previous": {
            "12-01-2019_01-16-58-662867": {
                "server_deaf": false,
                "is_afk": false,
                "channel": {
                    "id": "523902470724911105",
                    "private": false,
                    "name": "simply-yeet"
                },
                "self_mute": false,
                "self_deaf": false,
                "server_mute": false
            },
            "23-01-2019_23-06-46-438605": {
                "server_deaf": false,
                "is_afk": false,
                "channel": {
                    "id": "523902470724911105",
                    "private": false,
                    "name": "simply-yeet"
                },
                "self_mute": false,
                "self_deaf": false,
                "server_mute": false
            },
            "18-01-2019_23-28-09-275982": {
                "server_deaf": false,
                "is_afk": false,
                "channel": {
                    "id": "523902470724911105",
                    "private": false,
                    "name": "simply-yeet"
                },
                "self_mute": false,
                "self_deaf": false,
                "server_mute": false
            },
            "13-01-2019_23-58-57-488890": {
                "server_deaf": false,
                "is_afk": false,
                "channel": {
                    "id": "523902470724911105",
                    "private": false,
                    "name": "simply-yeet"
                },
                "self_mute": false,
                "self_deaf": false,
                "server_mute": false
            }
        },
        "current": {
            "server_deaf": false,
            "is_afk": false,
            "channel": {
                "id": null,
                "private": null,
                "name": null
            },
            "self_mute": false,
            "self_deaf": false,
            "server_mute": false
        }
    },
    "game": {
        "previous": {
            "26-01-2019_04-12-07-077616": {
                "type": 0,
                "name": "Dead by Daylight",
                "url": null
            },
            "12-01-2019_01-16-58-662867": {
                "type": 0,
                "name": "League of Legends",
                "url": null
            },
            "19-01-2019_23-47-11-591556": {
                "type": null,
                "name": null,
                "url": null
            },
            "23-01-2019_23-06-46-438605": {
                "type": 0,
                "name": "Dead by Daylight",
                "url": null
            },
            "27-01-2019_00-03-40-224296": {
                "type": 0,
                "name": "Sid Meier's Civilization V",
                "url": null
            },
            "23-01-2019_21-15-24-922386": {
                "type": 0,
                "name": "Sid Meier's Civilization V",
                "url": null
            },
            "25-01-2019_00-26-23-076062": {
                "type": 0,
                "name": "Dead by Daylight",
                "url": null
            },
            "13-01-2019_18-58-47-852165": {
                "type": 2,
                "name": "Spotify",
                "url": null
            },
            "26-01-2019_15-44-45-130911": {
                "type": null,
                "name": null,
                "url": null
            }
        },
        "current": {
            "type": null,
            "name": null,
            "url": null
        }
    },
    "bans": {
        "previous": {},
        "current": "not banned"
    },
    "created_at": "28-10-2015_01-11-38-348000",
    "id": "108734388258234368",
    "discriminator": {
        "previous": {},
        "current": "2319"
    },
    "bot": false,
    "roles": {
        "previous": {
            "16-12-2018_21-52-39-901037": {
                "403272352223461387": {
                    "permissions": 104187968,
                    "colour": 0,
                    "created_at": "17-01-2018_19-40-21-208000",
                    "name": "Members",
                    "position": 10
                },
                "430760351248809986": {
                    "permissions": 0,
                    "colour": 0,
                    "created_at": "03-04-2018_16-07-50-878000",
                    "name": "Current Iteration",
                    "position": 9
                },
                "469889716435812353": {
                    "permissions": 8,
                    "colour": 0,
                    "created_at": "20-07-2018_15-33-58-527000",
                    "name": "High Council",
                    "position": 30
                },
                "373129696960970762": {
                    "permissions": 0,
                    "colour": 16711680,
                    "created_at": "26-10-2017_15-24-12-170000",
                    "name": "Staff",
                    "position": 18
                },
                "178667818152230912": {
                    "permissions": 0,
                    "colour": 0,
                    "created_at": "08-05-2016_00-42-07-335000",
                    "name": "@everyone",
                    "position": 0
                },
                "187985716284751872": {
                    "permissions": 104324169,
                    "colour": 7980799,
                    "created_at": "02-06-2016_17-48-07-368000",
                    "name": "Head of Moderation",
                    "position": 26
                },
                "189416410542374912": {
                    "permissions": 267775190,
                    "colour": 3447003,
                    "created_at": "06-06-2016_16-33-11-460000",
                    "name": "Moderator",
                    "position": 19
                },
                "403266285313589250": {
                    "permissions": 0,
                    "colour": 16777215,
                    "created_at": "17-01-2018_19-16-14-744000",
                    "name": "Abandoned Ones",
                    "position": 11
                }
            },
            "25-01-2019_18-03-01-080213": {
                "523917597138354193": {
                    "permissions": 0,
                    "colour": 16714995,
                    "created_at": "16-12-2018_17-41-29-076000",
                    "name": "Yeeters",
                    "position": 2
                },
                "403272352223461387": {
                    "permissions": 104187968,
                    "colour": 0,
                    "created_at": "17-01-2018_19-40-21-208000",
                    "name": "Members",
                    "position": 11
                },
                "469889716435812353": {
                    "permissions": 2146954743,
                    "colour": 0,
                    "created_at": "20-07-2018_15-33-58-527000",
                    "name": "High Council",
                    "position": 29
                },
                "373129696960970762": {
                    "permissions": 0,
                    "colour": 16711680,
                    "created_at": "26-10-2017_15-24-12-170000",
                    "name": "Staff",
                    "position": 17
                },
                "178667818152230912": {
                    "permissions": 0,
                    "colour": 0,
                    "created_at": "08-05-2016_00-42-07-335000",
                    "name": "@everyone",
                    "position": 0
                },
                "187985716284751872": {
                    "permissions": 104324161,
                    "colour": 7980799,
                    "created_at": "02-06-2016_17-48-07-368000",
                    "name": "Head of Moderation",
                    "position": 25
                },
                "535533082678394880": {
                    "permissions": 0,
                    "colour": 15277667,
                    "created_at": "17-01-2019_18-57-16-634000",
                    "name": "Kinksters",
                    "position": 1
                },
                "189416410542374912": {
                    "permissions": 267774166,
                    "colour": 3447003,
                    "created_at": "06-06-2016_16-33-11-460000",
                    "name": "Moderator",
                    "position": 18
                },
                "403266285313589250": {
                    "permissions": 0,
                    "colour": 16777215,
                    "created_at": "17-01-2018_19-16-14-744000",
                    "name": "Abandoned Ones",
                    "position": 12
                }
            },
            "17-01-2019_17-37-42-106001": {
                "403272352223461387": {
                    "permissions": 104187968,
                    "colour": 0,
                    "created_at": "17-01-2018_19-40-21-208000",
                    "name": "Members",
                    "position": 9
                },
                "430760351248809986": {
                    "permissions": 0,
                    "colour": 0,
                    "created_at": "03-04-2018_16-07-50-878000",
                    "name": "Current Iteration",
                    "position": 8
                },
                "469889716435812353": {
                    "permissions": 8,
                    "colour": 0,
                    "created_at": "20-07-2018_15-33-58-527000",
                    "name": "High Council",
                    "position": 29
                },
                "373129696960970762": {
                    "permissions": 0,
                    "colour": 16711680,
                    "created_at": "26-10-2017_15-24-12-170000",
                    "name": "Staff",
                    "position": 17
                },
                "178667818152230912": {
                    "permissions": 0,
                    "colour": 0,
                    "created_at": "08-05-2016_00-42-07-335000",
                    "name": "@everyone",
                    "position": 0
                },
                "187985716284751872": {
                    "permissions": 104324169,
                    "colour": 7980799,
                    "created_at": "02-06-2016_17-48-07-368000",
                    "name": "Head of Moderation",
                    "position": 25
                },
                "189416410542374912": {
                    "permissions": 267774166,
                    "colour": 3447003,
                    "created_at": "06-06-2016_16-33-11-460000",
                    "name": "Moderator",
                    "position": 18
                },
                "403266285313589250": {
                    "permissions": 0,
                    "colour": 16777215,
                    "created_at": "17-01-2018_19-16-14-744000",
                    "name": "Abandoned Ones",
                    "position": 10
                }
            },
            "06-12-2018_01-05-49-556858": {
                "189416410542374912": {
                    "permissions": 267775190,
                    "colour": 3447003,
                    "created_at": "06-06-2016_16-33-11-460000",
                    "name": "Moderator",
                    "position": 20
                },
                "430760351248809986": {
                    "permissions": 0,
                    "colour": 0,
                    "created_at": "03-04-2018_16-07-50-878000",
                    "name": "Current Iteration",
                    "position": 10
                },
                "469889716435812353": {
                    "permissions": 8,
                    "colour": 0,
                    "created_at": "20-07-2018_15-33-58-527000",
                    "name": "High Council",
                    "position": 31
                },
                "373129696960970762": {
                    "permissions": 0,
                    "colour": 16711680,
                    "created_at": "26-10-2017_15-24-12-170000",
                    "name": "Staff",
                    "position": 19
                },
                "178667818152230912": {
                    "permissions": 0,
                    "colour": 0,
                    "created_at": "08-05-2016_00-42-07-335000",
                    "name": "@everyone",
                    "position": 0
                },
                "187985716284751872": {
                    "permissions": 104324169,
                    "colour": 7980799,
                    "created_at": "02-06-2016_17-48-07-368000",
                    "name": "Head of Moderation",
                    "position": 27
                },
                "403266269220175892": {
                    "permissions": 262208,
                    "colour": 1033914,
                    "created_at": "17-01-2018_19-16-10-907000",
                    "name": "Mythical Ones",
                    "position": 16
                },
                "403272352223461387": {
                    "permissions": 104187968,
                    "colour": 0,
                    "created_at": "17-01-2018_19-40-21-208000",
                    "name": "Members",
                    "position": 12
                }
            },
            "10-01-2019_00-18-24-072293": {
                "403272352223461387": {
                    "permissions": 104187968,
                    "colour": 0,
                    "created_at": "17-01-2018_19-40-21-208000",
                    "name": "Members",
                    "position": 7
                },
                "430760351248809986": {
                    "permissions": 0,
                    "colour": 0,
                    "created_at": "03-04-2018_16-07-50-878000",
                    "name": "Current Iteration",
                    "position": 6
                },
                "469889716435812353": {
                    "permissions": 8,
                    "colour": 0,
                    "created_at": "20-07-2018_15-33-58-527000",
                    "name": "High Council",
                    "position": 26
                },
                "373129696960970762": {
                    "permissions": 0,
                    "colour": 16711680,
                    "created_at": "26-10-2017_15-24-12-170000",
                    "name": "Staff",
                    "position": 14
                },
                "178667818152230912": {
                    "permissions": 0,
                    "colour": 0,
                    "created_at": "08-05-2016_00-42-07-335000",
                    "name": "@everyone",
                    "position": 0
                },
                "187985716284751872": {
                    "permissions": 104324169,
                    "colour": 7980799,
                    "created_at": "02-06-2016_17-48-07-368000",
                    "name": "Head of Moderation",
                    "position": 22
                },
                "189416410542374912": {
                    "permissions": 267775190,
                    "colour": 3447003,
                    "created_at": "06-06-2016_16-33-11-460000",
                    "name": "Moderator",
                    "position": 15
                },
                "403266285313589250": {
                    "permissions": 0,
                    "colour": 16777215,
                    "created_at": "17-01-2018_19-16-14-744000",
                    "name": "Abandoned Ones",
                    "position": 8
                }
            },
            "25-01-2019_00-26-23-076062": {
                "523917597138354193": {
                    "permissions": 0,
                    "colour": 16714995,
                    "created_at": "16-12-2018_17-41-29-076000",
                    "name": "Yeeters",
                    "position": 2
                },
                "403272352223461387": {
                    "permissions": 104187968,
                    "colour": 0,
                    "created_at": "17-01-2018_19-40-21-208000",
                    "name": "Members",
                    "position": 9
                },
                "373129696960970762": {
                    "permissions": 0,
                    "colour": 16711680,
                    "created_at": "26-10-2017_15-24-12-170000",
                    "name": "Staff",
                    "position": 17
                },
                "178667818152230912": {
                    "permissions": 0,
                    "colour": 0,
                    "created_at": "08-05-2016_00-42-07-335000",
                    "name": "@everyone",
                    "position": 0
                },
                "187985716284751872": {
                    "permissions": 104324161,
                    "colour": 7980799,
                    "created_at": "02-06-2016_17-48-07-368000",
                    "name": "Head of Moderation",
                    "position": 25
                },
                "403266285313589250": {
                    "permissions": 0,
                    "colour": 16777215,
                    "created_at": "17-01-2018_19-16-14-744000",
                    "name": "Abandoned Ones",
                    "position": 10
                },
                "535533082678394880": {
                    "permissions": 0,
                    "colour": 15277667,
                    "created_at": "17-01-2019_18-57-16-634000",
                    "name": "Kinksters",
                    "position": 1
                },
                "189416410542374912": {
                    "permissions": 267774166,
                    "colour": 3447003,
                    "created_at": "06-06-2016_16-33-11-460000",
                    "name": "Moderator",
                    "position": 18
                },
                "469889716435812353": {
                    "permissions": 2146954743,
                    "colour": 0,
                    "created_at": "20-07-2018_15-33-58-527000",
                    "name": "High Council",
                    "position": 29
                },
                "430760351248809986": {
                    "permissions": 0,
                    "colour": 0,
                    "created_at": "03-04-2018_16-07-50-878000",
                    "name": "Current Iteration",
                    "position": 8
                }
            },
            "18-01-2019_23-28-09-275982": {
                "523917597138354193": {
                    "permissions": 0,
                    "colour": 16714995,
                    "created_at": "16-12-2018_17-41-29-076000",
                    "name": "Yeeters",
                    "position": 2
                },
                "430760351248809986": {
                    "permissions": 0,
                    "colour": 0,
                    "created_at": "03-04-2018_16-07-50-878000",
                    "name": "Current Iteration",
                    "position": 8
                },
                "469889716435812353": {
                    "permissions": 2146954743,
                    "colour": 0,
                    "created_at": "20-07-2018_15-33-58-527000",
                    "name": "High Council",
                    "position": 29
                },
                "373129696960970762": {
                    "permissions": 0,
                    "colour": 16711680,
                    "created_at": "26-10-2017_15-24-12-170000",
                    "name": "Staff",
                    "position": 17
                },
                "178667818152230912": {
                    "permissions": 0,
                    "colour": 0,
                    "created_at": "08-05-2016_00-42-07-335000",
                    "name": "@everyone",
                    "position": 0
                },
                "403266285313589250": {
                    "permissions": 0,
                    "colour": 16777215,
                    "created_at": "17-01-2018_19-16-14-744000",
                    "name": "Abandoned Ones",
                    "position": 10
                },
                "187985716284751872": {
                    "permissions": 104324161,
                    "colour": 7980799,
                    "created_at": "02-06-2016_17-48-07-368000",
                    "name": "Head of Moderation",
                    "position": 25
                },
                "189416410542374912": {
                    "permissions": 267774166,
                    "colour": 3447003,
                    "created_at": "06-06-2016_16-33-11-460000",
                    "name": "Moderator",
                    "position": 18
                },
                "403272352223461387": {
                    "permissions": 104187968,
                    "colour": 0,
                    "created_at": "17-01-2018_19-40-21-208000",
                    "name": "Members",
                    "position": 9
                }
            },
            "07-12-2018_09-02-35-892853": {
                "403272352223461387": {
                    "permissions": 104187968,
                    "colour": 0,
                    "created_at": "17-01-2018_19-40-21-208000",
                    "name": "Members",
                    "position": 11
                },
                "430760351248809986": {
                    "permissions": 0,
                    "colour": 0,
                    "created_at": "03-04-2018_16-07-50-878000",
                    "name": "Current Iteration",
                    "position": 9
                },
                "469889716435812353": {
                    "permissions": 8,
                    "colour": 0,
                    "created_at": "20-07-2018_15-33-58-527000",
                    "name": "High Council",
                    "position": 30
                },
                "373129696960970762": {
                    "permissions": 0,
                    "colour": 16711680,
                    "created_at": "26-10-2017_15-24-12-170000",
                    "name": "Staff",
                    "position": 18
                },
                "178667818152230912": {
                    "permissions": 0,
                    "colour": 0,
                    "created_at": "08-05-2016_00-42-07-335000",
                    "name": "@everyone",
                    "position": 0
                },
                "187985716284751872": {
                    "permissions": 104324169,
                    "colour": 7980799,
                    "created_at": "02-06-2016_17-48-07-368000",
                    "name": "Head of Moderation",
                    "position": 26
                },
                "189416410542374912": {
                    "permissions": 267775190,
                    "colour": 3447003,
                    "created_at": "06-06-2016_16-33-11-460000",
                    "name": "Moderator",
                    "position": 19
                },
                "403266285313589250": {
                    "permissions": 0,
                    "colour": 16777215,
                    "created_at": "17-01-2018_19-16-14-744000",
                    "name": "Abandoned Ones",
                    "position": 12
                }
            },
            "13-01-2019_23-50-53-236086": {
                "403272352223461387": {
                    "permissions": 104187968,
                    "colour": 0,
                    "created_at": "17-01-2018_19-40-21-208000",
                    "name": "Members",
                    "position": 8
                },
                "430760351248809986": {
                    "permissions": 0,
                    "colour": 0,
                    "created_at": "03-04-2018_16-07-50-878000",
                    "name": "Current Iteration",
                    "position": 7
                },
                "469889716435812353": {
                    "permissions": 8,
                    "colour": 0,
                    "created_at": "20-07-2018_15-33-58-527000",
                    "name": "High Council",
                    "position": 28
                },
                "373129696960970762": {
                    "permissions": 0,
                    "colour": 16711680,
                    "created_at": "26-10-2017_15-24-12-170000",
                    "name": "Staff",
                    "position": 16
                },
                "178667818152230912": {
                    "permissions": 0,
                    "colour": 0,
                    "created_at": "08-05-2016_00-42-07-335000",
                    "name": "@everyone",
                    "position": 0
                },
                "187985716284751872": {
                    "permissions": 104324169,
                    "colour": 7980799,
                    "created_at": "02-06-2016_17-48-07-368000",
                    "name": "Head of Moderation",
                    "position": 24
                },
                "189416410542374912": {
                    "permissions": 267775190,
                    "colour": 3447003,
                    "created_at": "06-06-2016_16-33-11-460000",
                    "name": "Moderator",
                    "position": 17
                },
                "403266285313589250": {
                    "permissions": 0,
                    "colour": 16777215,
                    "created_at": "17-01-2018_19-16-14-744000",
                    "name": "Abandoned Ones",
                    "position": 9
                }
            },
            "07-12-2018_07-51-11-182069": {
                "189416410542374912": {
                    "permissions": 267775190,
                    "colour": 3447003,
                    "created_at": "06-06-2016_16-33-11-460000",
                    "name": "Moderator",
                    "position": 19
                },
                "430760351248809986": {
                    "permissions": 0,
                    "colour": 0,
                    "created_at": "03-04-2018_16-07-50-878000",
                    "name": "Current Iteration",
                    "position": 9
                },
                "469889716435812353": {
                    "permissions": 8,
                    "colour": 0,
                    "created_at": "20-07-2018_15-33-58-527000",
                    "name": "High Council",
                    "position": 30
                },
                "373129696960970762": {
                    "permissions": 0,
                    "colour": 16711680,
                    "created_at": "26-10-2017_15-24-12-170000",
                    "name": "Staff",
                    "position": 18
                },
                "178667818152230912": {
                    "permissions": 0,
                    "colour": 0,
                    "created_at": "08-05-2016_00-42-07-335000",
                    "name": "@everyone",
                    "position": 0
                },
                "187985716284751872": {
                    "permissions": 104324169,
                    "colour": 7980799,
                    "created_at": "02-06-2016_17-48-07-368000",
                    "name": "Head of Moderation",
                    "position": 26
                },
                "403266269220175892": {
                    "permissions": 262208,
                    "colour": 1033914,
                    "created_at": "17-01-2018_19-16-10-907000",
                    "name": "Mythical Ones",
                    "position": 15
                },
                "403272352223461387": {
                    "permissions": 104187968,
                    "colour": 0,
                    "created_at": "17-01-2018_19-40-21-208000",
                    "name": "Members",
                    "position": 11
                }
            }
        },
        "current": {
            "523917597138354193": {
                "permissions": 0,
                "colour": 16714995,
                "created_at": "16-12-2018_17-41-29-076000",
                "name": "Yeeters",
                "position": 2
            },
            "403272352223461387": {
                "permissions": 104187968,
                "colour": 0,
                "created_at": "17-01-2018_19-40-21-208000",
                "name": "Members",
                "position": 10
            },
            "469889716435812353": {
                "permissions": 2146954743,
                "colour": 0,
                "created_at": "20-07-2018_15-33-58-527000",
                "name": "High Council",
                "position": 28
            },
            "373129696960970762": {
                "permissions": 0,
                "colour": 0,
                "created_at": "26-10-2017_15-24-12-170000",
                "name": "Staff",
                "position": 20
            },
            "178667818152230912": {
                "permissions": 0,
                "colour": 0,
                "created_at": "08-05-2016_00-42-07-335000",
                "name": "@everyone",
                "position": 0
            },
            "187985716284751872": {
                "permissions": 104324161,
                "colour": 7980799,
                "created_at": "02-06-2016_17-48-07-368000",
                "name": "Head of Moderation",
                "position": 24
            },
            "535533082678394880": {
                "permissions": 0,
                "colour": 15277667,
                "created_at": "17-01-2019_18-57-16-634000",
                "name": "Kinksters",
                "position": 1
            },
            "189416410542374912": {
                "permissions": 267774166,
                "colour": 3447003,
                "created_at": "06-06-2016_16-33-11-460000",
                "name": "Moderator",
                "position": 16
            },
            "403266285313589250": {
                "permissions": 0,
                "colour": 16777215,
                "created_at": "17-01-2018_19-16-14-744000",
                "name": "Abandoned Ones",
                "position": 11
            }
        }
    }
}