{
    "joined_at": {
        "previous": {},
        "current": "20-02-2018_20-57-08-520487"
    },
    "colour": {
        "previous": {},
        "current": 16777215
    },
    "activity": {},
    "cookies": {
        "give": {
            "total_cookies": 0,
            "average": 0.0
        },
        "cookie_interest": 0,
        "active_epochs": 0,
        "total_cookies": 0,
        "measured_epochs": 2,
        "cookie_transfer_quota": 0,
        "get": {
            "total_cookies": 0,
            "average": 0.0
        },
        "current_cookies": 0,
        "active_this_epoch": false,
        "cookies_in_jar": 0
    },
    "display_name": {
        "previous": {},
        "current": "FrostFlame"
    },
    "status": {
        "previous": {
            "06-12-2018_15-04-14-303670": "offline",
            "19-01-2019_13-47-02-065430": "online",
            "05-12-2018_15-38-01-422650": "online",
            "07-12-2018_19-07-03-633575": "idle",
            "11-01-2019_23-09-28-971572": "offline",
            "25-01-2019_00-26-23-076062": "idle",
            "11-01-2019_22-45-11-058689": "online",
            "12-12-2018_11-49-23-541900": "online",
            "30-01-2019_14-51-49-215528": "idle",
            "18-01-2019_23-28-09-275982": "idle",
            "18-01-2019_15-04-28-265172": "online",
            "23-01-2019_23-06-46-438605": "online",
            "19-01-2019_23-47-11-591556": "offline",
            "30-01-2019_22-01-10-201736": "online",
            "06-12-2018_01-05-49-556858": "online",
            "05-12-2018_16-27-33-714312": "offline",
            "07-12-2018_07-42-43-243407": "online",
            "12-01-2019_01-16-58-662867": "online",
            "16-12-2018_21-52-39-901037": "offline",
            "25-01-2019_18-03-01-080213": "idle",
            "27-01-2019_13-19-36-209606": "idle",
            "13-01-2019_18-58-47-852165": "idle",
            "10-01-2019_03-36-57-747790": "offline",
            "06-12-2018_00-51-35-336974": "online",
            "16-01-2019_20-42-02-533659": "online",
            "29-01-2019_19-57-05-628849": "online",
            "27-01-2019_00-03-40-224296": "idle",
            "06-12-2018_15-40-12-725739": "online",
            "08-12-2018_15-44-11-058097": "online",
            "09-12-2018_10-10-43-790279": "offline",
            "06-12-2018_15-12-52-654103": "online",
            "07-12-2018_09-02-35-892853": "online",
            "16-01-2019_15-03-07-147943": "offline",
            "06-12-2018_15-16-54-897558": "online",
            "09-12-2018_10-12-40-202519": "online",
            "10-12-2018_16-02-31-496869": "offline",
            "26-01-2019_15-44-45-130911": "idle",
            "16-01-2019_22-00-47-241502": "online",
            "23-01-2019_21-15-24-922386": "online",
            "13-01-2019_23-58-57-488890": "online",
            "26-01-2019_04-12-07-077616": "offline",
            "05-12-2018_16-23-43-417186": "offline",
            "06-12-2018_19-01-41-672098": "offline",
            "17-12-2018_08-19-13-303562": "online",
            "17-01-2019_17-37-42-106001": "online",
            "29-01-2019_23-34-56-773453": "offline",
            "07-12-2018_07-51-11-182069": "online",
            "06-12-2018_15-14-45-002165": "offline",
            "10-01-2019_00-18-24-072293": "idle",
            "15-01-2019_20-05-24-063373": "online",
            "06-12-2018_17-09-51-137367": "online",
            "11-12-2018_09-13-26-392726": "online"
        },
        "current": "offline"
    },
    "voice": {
        "previous": {},
        "current": {
            "server_deaf": false,
            "is_afk": false,
            "channel": {
                "id": null,
                "private": null,
                "name": null
            },
            "self_mute": false,
            "self_deaf": false,
            "server_mute": false
        }
    },
    "game": {
        "previous": {
            "12-01-2019_01-16-58-662867": {
                "type": 0,
                "name": "FINAL FANTASY XIV",
                "url": null
            },
            "19-01-2019_13-47-02-065430": {
                "type": 0,
                "name": "Minecraft",
                "url": null
            },
            "25-01-2019_00-26-23-076062": {
                "type": null,
                "name": null,
                "url": null
            },
            "25-01-2019_15-28-36-671537": {
                "type": 0,
                "name": "League of Legends",
                "url": null
            },
            "11-01-2019_23-54-44-166805": {
                "type": null,
                "name": null,
                "url": null
            },
            "30-01-2019_14-51-49-215528": {
                "type": null,
                "name": null,
                "url": null
            },
            "16-01-2019_22-00-47-241502": {
                "type": 0,
                "name": "Minecraft",
                "url": null
            },
            "18-01-2019_23-28-09-275982": {
                "type": 0,
                "name": "League of Legends",
                "url": null
            },
            "23-01-2019_23-06-46-438605": {
                "type": 0,
                "name": "VRChat",
                "url": null
            },
            "29-01-2019_23-34-56-773453": {
                "type": 0,
                "name": "FINAL FANTASY XIV",
                "url": null
            },
            "30-01-2019_22-01-10-201736": {
                "type": 0,
                "name": "Minecraft",
                "url": null
            },
            "26-01-2019_15-44-45-130911": {
                "type": 0,
                "name": "Minecraft",
                "url": null
            },
            "13-01-2019_23-58-57-488890": {
                "type": 0,
                "name": "Endless Legend",
                "url": null
            },
            "26-01-2019_04-12-07-077616": {
                "type": null,
                "name": null,
                "url": null
            },
            "10-01-2019_03-33-44-007928": {
                "type": 0,
                "name": "Dead Cells",
                "url": null
            },
            "25-01-2019_18-03-01-080213": {
                "type": 0,
                "name": "FINAL FANTASY XIV",
                "url": null
            },
            "17-01-2019_17-37-42-106001": {
                "type": 0,
                "name": "League of Legends",
                "url": null
            },
            "10-01-2019_03-36-57-747790": {
                "type": null,
                "name": null,
                "url": null
            },
            "13-01-2019_18-58-47-852165": {
                "type": 0,
                "name": "SMITE",
                "url": null
            },
            "19-01-2019_23-47-11-591556": {
                "type": 0,
                "name": "Minecraft",
                "url": null
            },
            "13-01-2019_23-50-53-236086": {
                "type": null,
                "name": null,
                "url": null
            },
            "11-01-2019_22-45-11-058689": {
                "type": 0,
                "name": "FINAL FANTASY XIV",
                "url": null
            },
            "10-01-2019_00-18-24-072293": {
                "type": null,
                "name": null,
                "url": null
            },
            "15-01-2019_20-05-24-063373": {
                "type": 0,
                "name": "FINAL FANTASY XIV",
                "url": null
            },
            "27-01-2019_00-03-40-224296": {
                "type": 0,
                "name": "Sid Meier's Civilization V",
                "url": null
            }
        },
        "current": {
            "type": null,
            "name": null,
            "url": null
        }
    },
    "bans": {
        "previous": {},
        "current": "not banned"
    },
    "created_at": "28-01-2016_21-27-05-320000",
    "name": {
        "previous": {},
        "current": "FrostFlame"
    },
    "id": "142379949783777281",
    "discriminator": {
        "previous": {},
        "current": "6009"
    },
    "bot": false,
    "roles": {
        "previous": {
            "16-12-2018_21-52-39-901037": {
                "178667818152230912": {
                    "permissions": 0,
                    "colour": 0,
                    "name": "@everyone",
                    "created_at": "08-05-2016_00-42-07-335000",
                    "position": 0
                },
                "430760351248809986": {
                    "permissions": 0,
                    "colour": 0,
                    "name": "Current Iteration",
                    "created_at": "03-04-2018_16-07-50-878000",
                    "position": 9
                },
                "403272352223461387": {
                    "permissions": 104187968,
                    "colour": 0,
                    "name": "Members",
                    "created_at": "17-01-2018_19-40-21-208000",
                    "position": 10
                },
                "403266285313589250": {
                    "permissions": 0,
                    "colour": 16777215,
                    "name": "Abandoned Ones",
                    "created_at": "17-01-2018_19-16-14-744000",
                    "position": 11
                }
            },
            "25-01-2019_18-03-01-080213": {
                "523917597138354193": {
                    "permissions": 0,
                    "colour": 16714995,
                    "name": "Yeeters",
                    "created_at": "16-12-2018_17-41-29-076000",
                    "position": 2
                },
                "178667818152230912": {
                    "permissions": 0,
                    "colour": 0,
                    "name": "@everyone",
                    "created_at": "08-05-2016_00-42-07-335000",
                    "position": 0
                },
                "403272352223461387": {
                    "permissions": 104187968,
                    "colour": 0,
                    "name": "Members",
                    "created_at": "17-01-2018_19-40-21-208000",
                    "position": 11
                },
                "403266285313589250": {
                    "permissions": 0,
                    "colour": 16777215,
                    "name": "Abandoned Ones",
                    "created_at": "17-01-2018_19-16-14-744000",
                    "position": 12
                }
            },
            "17-01-2019_17-37-42-106001": {
                "523917597138354193": {
                    "permissions": 0,
                    "colour": 16714995,
                    "name": "Yeeters",
                    "created_at": "16-12-2018_17-41-29-076000",
                    "position": 3
                },
                "178667818152230912": {
                    "permissions": 0,
                    "colour": 0,
                    "name": "@everyone",
                    "created_at": "08-05-2016_00-42-07-335000",
                    "position": 0
                },
                "430760351248809986": {
                    "permissions": 0,
                    "colour": 0,
                    "name": "Current Iteration",
                    "created_at": "03-04-2018_16-07-50-878000",
                    "position": 7
                },
                "403272352223461387": {
                    "permissions": 104187968,
                    "colour": 0,
                    "name": "Members",
                    "created_at": "17-01-2018_19-40-21-208000",
                    "position": 8
                },
                "403266285313589250": {
                    "permissions": 0,
                    "colour": 16777215,
                    "name": "Abandoned Ones",
                    "created_at": "17-01-2018_19-16-14-744000",
                    "position": 9
                }
            },
            "06-12-2018_01-05-49-556858": {
                "178667818152230912": {
                    "permissions": 0,
                    "colour": 0,
                    "name": "@everyone",
                    "created_at": "08-05-2016_00-42-07-335000",
                    "position": 0
                },
                "430760351248809986": {
                    "permissions": 0,
                    "colour": 0,
                    "name": "Current Iteration",
                    "created_at": "03-04-2018_16-07-50-878000",
                    "position": 10
                },
                "403272352223461387": {
                    "permissions": 104187968,
                    "colour": 0,
                    "name": "Members",
                    "created_at": "17-01-2018_19-40-21-208000",
                    "position": 12
                },
                "403266285313589250": {
                    "permissions": 0,
                    "colour": 16777215,
                    "name": "Abandoned Ones",
                    "created_at": "17-01-2018_19-16-14-744000",
                    "position": 13
                }
            },
            "11-01-2019_22-45-11-058689": {
                "178667818152230912": {
                    "permissions": 0,
                    "colour": 0,
                    "name": "@everyone",
                    "created_at": "08-05-2016_00-42-07-335000",
                    "position": 0
                },
                "430760351248809986": {
                    "permissions": 0,
                    "colour": 0,
                    "name": "Current Iteration",
                    "created_at": "03-04-2018_16-07-50-878000",
                    "position": 7
                },
                "403272352223461387": {
                    "permissions": 104187968,
                    "colour": 0,
                    "name": "Members",
                    "created_at": "17-01-2018_19-40-21-208000",
                    "position": 8
                },
                "403266285313589250": {
                    "permissions": 0,
                    "colour": 16777215,
                    "name": "Abandoned Ones",
                    "created_at": "17-01-2018_19-16-14-744000",
                    "position": 9
                }
            },
            "10-01-2019_00-18-24-072293": {
                "178667818152230912": {
                    "permissions": 0,
                    "colour": 0,
                    "name": "@everyone",
                    "created_at": "08-05-2016_00-42-07-335000",
                    "position": 0
                },
                "430760351248809986": {
                    "permissions": 0,
                    "colour": 0,
                    "name": "Current Iteration",
                    "created_at": "03-04-2018_16-07-50-878000",
                    "position": 6
                },
                "403272352223461387": {
                    "permissions": 104187968,
                    "colour": 0,
                    "name": "Members",
                    "created_at": "17-01-2018_19-40-21-208000",
                    "position": 7
                },
                "403266285313589250": {
                    "permissions": 0,
                    "colour": 16777215,
                    "name": "Abandoned Ones",
                    "created_at": "17-01-2018_19-16-14-744000",
                    "position": 8
                }
            },
            "25-01-2019_00-26-23-076062": {
                "523917597138354193": {
                    "permissions": 0,
                    "colour": 16714995,
                    "name": "Yeeters",
                    "created_at": "16-12-2018_17-41-29-076000",
                    "position": 2
                },
                "178667818152230912": {
                    "permissions": 0,
                    "colour": 0,
                    "name": "@everyone",
                    "created_at": "08-05-2016_00-42-07-335000",
                    "position": 0
                },
                "430760351248809986": {
                    "permissions": 0,
                    "colour": 0,
                    "name": "Current Iteration",
                    "created_at": "03-04-2018_16-07-50-878000",
                    "position": 8
                },
                "403272352223461387": {
                    "permissions": 104187968,
                    "colour": 0,
                    "name": "Members",
                    "created_at": "17-01-2018_19-40-21-208000",
                    "position": 9
                },
                "403266285313589250": {
                    "permissions": 0,
                    "colour": 16777215,
                    "name": "Abandoned Ones",
                    "created_at": "17-01-2018_19-16-14-744000",
                    "position": 10
                }
            },
            "07-12-2018_09-02-35-892853": {
                "178667818152230912": {
                    "permissions": 0,
                    "colour": 0,
                    "name": "@everyone",
                    "created_at": "08-05-2016_00-42-07-335000",
                    "position": 0
                },
                "430760351248809986": {
                    "permissions": 0,
                    "colour": 0,
                    "name": "Current Iteration",
                    "created_at": "03-04-2018_16-07-50-878000",
                    "position": 9
                },
                "403272352223461387": {
                    "permissions": 104187968,
                    "colour": 0,
                    "name": "Members",
                    "created_at": "17-01-2018_19-40-21-208000",
                    "position": 11
                },
                "403266285313589250": {
                    "permissions": 0,
                    "colour": 16777215,
                    "name": "Abandoned Ones",
                    "created_at": "17-01-2018_19-16-14-744000",
                    "position": 12
                }
            }
        },
        "current": {
            "523917597138354193": {
                "permissions": 0,
                "colour": 16714995,
                "name": "Yeeters",
                "created_at": "16-12-2018_17-41-29-076000",
                "position": 2
            },
            "178667818152230912": {
                "permissions": 0,
                "colour": 0,
                "name": "@everyone",
                "created_at": "08-05-2016_00-42-07-335000",
                "position": 0
            },
            "403272352223461387": {
                "permissions": 104187968,
                "colour": 0,
                "name": "Members",
                "created_at": "17-01-2018_19-40-21-208000",
                "position": 10
            },
            "403266285313589250": {
                "permissions": 0,
                "colour": 16777215,
                "name": "Abandoned Ones",
                "created_at": "17-01-2018_19-16-14-744000",
                "position": 11
            }
        }
    }
}