{
    "status": {
        "current": "",
        "previous": {}
    },
    "created_at": "15-10-2016_19-57-15-321000",
    "bot": false,
    "joined_at": {
        "current": "",
        "previous": {}
    },
    "bans": {
        "current": "not banned",
        "previous": {}
    },
    "game": {
        "current": {},
        "previous": {}
    },
    "roles": {
        "current": {},
        "previous": {}
    },
    "discriminator": {
        "current": "",
        "previous": {}
    },
    "name": {
        "current": "",
        "previous": {}
    },
    "id": "236940575411011585",
    "display_name": {
        "current": "",
        "previous": {}
    },
    "colour": {
        "current": "",
        "previous": {}
    },
    "voice": {
        "current": {},
        "previous": {}
    },
    "activity": {}
}