{
    "joined_at": {
        "previous": {},
        "current": "07-07-2018_21-28-53-521934"
    },
    "colour": {
        "previous": {},
        "current": 16777215
    },
    "activity": {},
    "cookies": {
        "give": {
            "total_cookies": 0,
            "average": 0.0
        },
        "cookie_interest": 0,
        "active_epochs": 0,
        "total_cookies": 0,
        "measured_epochs": 9,
        "cookie_transfer_quota": 0,
        "get": {
            "total_cookies": 0,
            "average": 0.0
        },
        "current_cookies": 0,
        "active_this_epoch": false,
        "cookies_in_jar": 0
    },
    "display_name": {
        "previous": {},
        "current": "deathmanwalking"
    },
    "status": {
        "previous": {
            "29-01-2019_23-34-56-773453": "online"
        },
        "current": "offline"
    },
    "voice": {
        "previous": {},
        "current": {
            "server_deaf": false,
            "is_afk": false,
            "channel": {
                "id": null,
                "private": null,
                "name": null
            },
            "self_mute": false,
            "self_deaf": false,
            "server_mute": false
        }
    },
    "game": {
        "previous": {},
        "current": {
            "type": null,
            "name": null,
            "url": null
        }
    },
    "bans": {
        "previous": {},
        "current": "not banned"
    },
    "created_at": "05-10-2017_21-04-17-569000",
    "name": {
        "previous": {},
        "current": "deathmanwalking"
    },
    "id": "365605138230018050",
    "discriminator": {
        "previous": {},
        "current": "5626"
    },
    "bot": false,
    "roles": {
        "previous": {
            "16-12-2018_21-52-39-901037": {
                "178667818152230912": {
                    "permissions": 0,
                    "colour": 0,
                    "name": "@everyone",
                    "created_at": "08-05-2016_00-42-07-335000",
                    "position": 0
                },
                "430760351248809986": {
                    "permissions": 0,
                    "colour": 0,
                    "name": "Current Iteration",
                    "created_at": "03-04-2018_16-07-50-878000",
                    "position": 9
                },
                "403272352223461387": {
                    "permissions": 104187968,
                    "colour": 0,
                    "name": "Members",
                    "created_at": "17-01-2018_19-40-21-208000",
                    "position": 10
                },
                "403266285313589250": {
                    "permissions": 0,
                    "colour": 16777215,
                    "name": "Abandoned Ones",
                    "created_at": "17-01-2018_19-16-14-744000",
                    "position": 11
                }
            },
            "25-01-2019_18-03-01-080213": {
                "178667818152230912": {
                    "permissions": 0,
                    "colour": 0,
                    "name": "@everyone",
                    "created_at": "08-05-2016_00-42-07-335000",
                    "position": 0
                },
                "403272352223461387": {
                    "permissions": 104187968,
                    "colour": 0,
                    "name": "Members",
                    "created_at": "17-01-2018_19-40-21-208000",
                    "position": 11
                },
                "403266285313589250": {
                    "permissions": 0,
                    "colour": 16777215,
                    "name": "Abandoned Ones",
                    "created_at": "17-01-2018_19-16-14-744000",
                    "position": 12
                }
            },
            "17-01-2019_17-37-42-106001": {
                "178667818152230912": {
                    "permissions": 0,
                    "colour": 0,
                    "name": "@everyone",
                    "created_at": "08-05-2016_00-42-07-335000",
                    "position": 0
                },
                "430760351248809986": {
                    "permissions": 0,
                    "colour": 0,
                    "name": "Current Iteration",
                    "created_at": "03-04-2018_16-07-50-878000",
                    "position": 7
                },
                "403272352223461387": {
                    "permissions": 104187968,
                    "colour": 0,
                    "name": "Members",
                    "created_at": "17-01-2018_19-40-21-208000",
                    "position": 8
                },
                "403266285313589250": {
                    "permissions": 0,
                    "colour": 16777215,
                    "name": "Abandoned Ones",
                    "created_at": "17-01-2018_19-16-14-744000",
                    "position": 9
                }
            },
            "06-12-2018_01-05-49-556858": {
                "178667818152230912": {
                    "permissions": 0,
                    "colour": 0,
                    "name": "@everyone",
                    "created_at": "08-05-2016_00-42-07-335000",
                    "position": 0
                },
                "430760351248809986": {
                    "permissions": 0,
                    "colour": 0,
                    "name": "Current Iteration",
                    "created_at": "03-04-2018_16-07-50-878000",
                    "position": 10
                },
                "403272352223461387": {
                    "permissions": 104187968,
                    "colour": 0,
                    "name": "Members",
                    "created_at": "17-01-2018_19-40-21-208000",
                    "position": 12
                },
                "403266285313589250": {
                    "permissions": 0,
                    "colour": 16777215,
                    "name": "Abandoned Ones",
                    "created_at": "17-01-2018_19-16-14-744000",
                    "position": 13
                }
            },
            "10-01-2019_00-18-24-072293": {
                "178667818152230912": {
                    "permissions": 0,
                    "colour": 0,
                    "name": "@everyone",
                    "created_at": "08-05-2016_00-42-07-335000",
                    "position": 0
                },
                "430760351248809986": {
                    "permissions": 0,
                    "colour": 0,
                    "name": "Current Iteration",
                    "created_at": "03-04-2018_16-07-50-878000",
                    "position": 6
                },
                "403272352223461387": {
                    "permissions": 104187968,
                    "colour": 0,
                    "name": "Members",
                    "created_at": "17-01-2018_19-40-21-208000",
                    "position": 7
                },
                "403266285313589250": {
                    "permissions": 0,
                    "colour": 16777215,
                    "name": "Abandoned Ones",
                    "created_at": "17-01-2018_19-16-14-744000",
                    "position": 8
                }
            },
            "25-01-2019_00-26-23-076062": {
                "178667818152230912": {
                    "permissions": 0,
                    "colour": 0,
                    "name": "@everyone",
                    "created_at": "08-05-2016_00-42-07-335000",
                    "position": 0
                },
                "430760351248809986": {
                    "permissions": 0,
                    "colour": 0,
                    "name": "Current Iteration",
                    "created_at": "03-04-2018_16-07-50-878000",
                    "position": 8
                },
                "403272352223461387": {
                    "permissions": 104187968,
                    "colour": 0,
                    "name": "Members",
                    "created_at": "17-01-2018_19-40-21-208000",
                    "position": 9
                },
                "403266285313589250": {
                    "permissions": 0,
                    "colour": 16777215,
                    "name": "Abandoned Ones",
                    "created_at": "17-01-2018_19-16-14-744000",
                    "position": 10
                }
            },
            "07-12-2018_09-02-35-892853": {
                "178667818152230912": {
                    "permissions": 0,
                    "colour": 0,
                    "name": "@everyone",
                    "created_at": "08-05-2016_00-42-07-335000",
                    "position": 0
                },
                "430760351248809986": {
                    "permissions": 0,
                    "colour": 0,
                    "name": "Current Iteration",
                    "created_at": "03-04-2018_16-07-50-878000",
                    "position": 9
                },
                "403272352223461387": {
                    "permissions": 104187968,
                    "colour": 0,
                    "name": "Members",
                    "created_at": "17-01-2018_19-40-21-208000",
                    "position": 11
                },
                "403266285313589250": {
                    "permissions": 0,
                    "colour": 16777215,
                    "name": "Abandoned Ones",
                    "created_at": "17-01-2018_19-16-14-744000",
                    "position": 12
                }
            }
        },
        "current": {
            "178667818152230912": {
                "permissions": 0,
                "colour": 0,
                "name": "@everyone",
                "created_at": "08-05-2016_00-42-07-335000",
                "position": 0
            },
            "403272352223461387": {
                "permissions": 104187968,
                "colour": 0,
                "name": "Members",
                "created_at": "17-01-2018_19-40-21-208000",
                "position": 10
            },
            "403266285313589250": {
                "permissions": 0,
                "colour": 16777215,
                "name": "Abandoned Ones",
                "created_at": "17-01-2018_19-16-14-744000",
                "position": 11
            }
        }
    }
}