{
    "joined_at": {
        "previous": {},
        "current": "23-09-2018_17-08-40-603537"
    },
    "colour": {
        "previous": {},
        "current": 16728548
    },
    "name": {
        "previous": {
            "18-01-2019_22-56-50-509179": "Thedarkunicorn1998"
        },
        "current": "Birdie"
    },
    "cookies": {
        "give": {
            "total_cookies": 0,
            "average": 0.0
        },
        "cookie_interest": 0,
        "active_epochs": 0,
        "total_cookies": 0,
        "measured_epochs": 9,
        "cookie_transfer_quota": 0,
        "get": {
            "total_cookies": 0,
            "average": 0.0
        },
        "current_cookies": 0,
        "active_this_epoch": false,
        "cookies_in_jar": 0
    },
    "activity": {
        "2018": {
            "12": {
                "16": {
                    "22": {
                        "523913649182605330": 2
                    }
                },
                "9": {
                    "0": {
                        "403084655550791682": 1
                    }
                }
            }
        },
        "2019": {
            "1": {
                "20": {
                    "0": {
                        "535533512892219392": 1
                    },
                    "23": {
                        "535533512892219392": 2
                    },
                    "18": {
                        "403084655550791682": 5
                    }
                },
                "15": {
                    "22": {
                        "403084655550791682": 1
                    },
                    "0": {
                        "523913649182605330": 2
                    },
                    "21": {
                        "523913649182605330": 1
                    }
                },
                "26": {
                    "18": {
                        "403084763591606273": 2
                    },
                    "1": {
                        "403084763591606273": 1
                    }
                },
                "17": {
                    "2": {
                        "523913649182605330": 5
                    },
                    "23": {
                        "535533512892219392": 6,
                        "523913649182605330": 1
                    },
                    "20": {
                        "523913649182605330": 8
                    },
                    "22": {
                        "535533512892219392": 3,
                        "403084763591606273": 1
                    },
                    "21": {
                        "535533512892219392": 4
                    },
                    "1": {
                        "523913649182605330": 1
                    }
                },
                "25": {
                    "2": {
                        "403084068100636672": 1
                    },
                    "15": {
                        "535533512892219392": 1
                    },
                    "0": {
                        "523913649182605330": 1
                    },
                    "18": {
                        "523913649182605330": 1
                    },
                    "1": {
                        "535533512892219392": 2,
                        "403084763591606273": 1
                    }
                },
                "11": {
                    "22": {
                        "523913649182605330": 4
                    }
                },
                "18": {
                    "22": {
                        "535533512892219392": 1
                    },
                    "23": {
                        "535533512892219392": 9,
                        "523913649182605330": 1
                    },
                    "20": {
                        "535533512892219392": 8
                    },
                    "19": {
                        "535533512892219392": 6,
                        "403084763591606273": 1
                    },
                    "21": {
                        "535533512892219392": 26
                    },
                    "0": {
                        "535533512892219392": 6,
                        "523913649182605330": 2
                    },
                    "18": {
                        "535533512892219392": 2
                    },
                    "3": {
                        "523913649182605330": 1
                    },
                    "1": {
                        "535533512892219392": 14,
                        "523913649182605330": 2
                    }
                },
                "21": {
                    "0": {
                        "535533512892219392": 1
                    }
                },
                "19": {
                    "2": {
                        "403084813680115712": 1
                    },
                    "0": {
                        "535533512892219392": 8
                    },
                    "23": {
                        "535533512892219392": 1
                    },
                    "1": {
                        "535533512892219392": 7,
                        "403084763591606273": 3
                    }
                },
                "14": {
                    "22": {
                        "523913649182605330": 4
                    },
                    "18": {
                        "523913649182605330": 2
                    },
                    "21": {
                        "523913649182605330": 1,
                        "429587017324691466": 1
                    },
                    "19": {
                        "523913649182605330": 1
                    },
                    "0": {
                        "523913649182605330": 3
                    },
                    "17": {
                        "403084655550791682": 1
                    }
                },
                "16": {
                    "2": {
                        "404067128786944002": 2
                    },
                    "23": {
                        "523913649182605330": 1
                    },
                    "20": {
                        "523913649182605330": 1
                    },
                    "19": {
                        "403084655550791682": 7,
                        "403084763591606273": 10
                    },
                    "22": {
                        "404067128786944002": 2
                    },
                    "1": {
                        "404067128786944002": 1
                    }
                },
                "10": {
                    "2": {
                        "523913649182605330": 2
                    },
                    "21": {
                        "523913649182605330": 1
                    },
                    "19": {
                        "523913649182605330": 1
                    },
                    "16": {
                        "523913649182605330": 1
                    },
                    "20": {
                        "523913649182605330": 1
                    },
                    "15": {
                        "523913649182605330": 1
                    },
                    "0": {
                        "523913649182605330": 1
                    },
                    "3": {
                        "523913649182605330": 1
                    },
                    "1": {
                        "523913649182605330": 2
                    }
                },
                "12": {
                    "2": {
                        "523913649182605330": 2
                    },
                    "19": {
                        "523913649182605330": 4
                    },
                    "16": {
                        "523913649182605330": 8
                    },
                    "0": {
                        "523913649182605330": 9
                    },
                    "17": {
                        "523913649182605330": 8
                    },
                    "3": {
                        "523913649182605330": 2
                    },
                    "1": {
                        "523913649182605330": 8
                    }
                },
                "13": {
                    "23": {
                        "523913649182605330": 11
                    },
                    "0": {
                        "523913649182605330": 1
                    },
                    "20": {
                        "523913649182605330": 2
                    },
                    "19": {
                        "523913649182605330": 1
                    },
                    "1": {
                        "523913649182605330": 15
                    }
                }
            }
        }
    },
    "display_name": {
        "previous": {
            "26-01-2019_04-12-07-077616": "Secret high council \ud83d\udc99",
            "10-01-2019_00-18-24-072293": "Mrs Birdie Claus",
            "29-01-2019_19-57-05-628849": "P.I. high council \ud83d\udc99",
            "16-01-2019_15-03-07-147943": "lechaim\u2019s bitch",
            "25-01-2019_00-26-23-076062": "Emo Nemo \ud83d\udc20\ud83d\udc99"
        },
        "current": "Lechaim\u2019s Bitch \u2764"
    },
    "status": {
        "previous": {
            "19-01-2019_13-47-02-065430": "offline",
            "25-01-2019_00-26-23-076062": "online",
            "25-01-2019_15-28-36-671537": "online",
            "08-12-2018_15-44-11-058097": "dnd",
            "30-01-2019_14-51-49-215528": "offline",
            "16-01-2019_22-00-47-241502": "online",
            "07-12-2018_09-02-35-892853": "dnd",
            "23-01-2019_23-06-46-438605": "online",
            "19-01-2019_23-47-11-591556": "online",
            "26-01-2019_15-44-45-130911": "online",
            "18-01-2019_15-04-28-265172": "offline",
            "05-12-2018_16-27-33-714312": "dnd",
            "23-01-2019_21-15-24-922386": "online",
            "13-01-2019_23-58-57-488890": "offline",
            "25-01-2019_18-03-01-080213": "online",
            "12-01-2019_01-16-58-662867": "online",
            "06-12-2018_19-01-41-672098": "dnd",
            "16-12-2018_21-52-39-901037": "online",
            "17-12-2018_08-19-13-303562": "online",
            "17-01-2019_17-37-42-106001": "online",
            "27-01-2019_13-19-36-209606": "online",
            "13-01-2019_18-58-47-852165": "offline",
            "10-01-2019_03-36-57-747790": "offline",
            "16-01-2019_15-03-07-147943": "offline",
            "18-01-2019_23-28-09-275982": "online",
            "05-12-2018_23-17-11-812802": "dnd",
            "16-12-2018_22-46-26-221531": "offline",
            "29-01-2019_23-34-56-773453": "dnd",
            "10-01-2019_00-18-24-072293": "offline",
            "15-01-2019_20-05-24-063373": "online",
            "06-12-2018_17-09-51-137367": "dnd",
            "27-01-2019_00-03-40-224296": "online",
            "29-01-2019_19-57-05-628849": "offline"
        },
        "current": "dnd"
    },
    "voice": {
        "previous": {
            "12-01-2019_01-16-58-662867": {
                "server_deaf": false,
                "is_afk": false,
                "channel": {
                    "id": "523902470724911105",
                    "private": false,
                    "name": "simply-yeet"
                },
                "self_mute": false,
                "self_deaf": false,
                "server_mute": false
            },
            "16-01-2019_22-00-47-241502": {
                "server_deaf": false,
                "is_afk": false,
                "channel": {
                    "id": "523902470724911105",
                    "private": false,
                    "name": "simply-yeet"
                },
                "self_mute": false,
                "self_deaf": false,
                "server_mute": false
            },
            "16-12-2018_21-52-39-901037": {
                "server_deaf": false,
                "is_afk": false,
                "channel": {
                    "id": "403283673647939595",
                    "private": false,
                    "name": "General"
                },
                "self_mute": false,
                "self_deaf": false,
                "server_mute": false
            },
            "17-12-2018_08-19-13-303562": {
                "server_deaf": false,
                "is_afk": false,
                "channel": {
                    "id": "403283673647939595",
                    "private": false,
                    "name": "General"
                },
                "self_mute": false,
                "self_deaf": false,
                "server_mute": false
            },
            "17-01-2019_17-37-42-106001": {
                "server_deaf": false,
                "is_afk": false,
                "channel": {
                    "id": "523902470724911105",
                    "private": false,
                    "name": "simply-yeet"
                },
                "self_mute": false,
                "self_deaf": false,
                "server_mute": false
            },
            "13-01-2019_18-58-47-852165": {
                "server_deaf": false,
                "is_afk": false,
                "channel": {
                    "id": "523902470724911105",
                    "private": false,
                    "name": "simply-yeet"
                },
                "self_mute": true,
                "self_deaf": true,
                "server_mute": false
            },
            "10-01-2019_03-36-57-747790": {
                "server_deaf": false,
                "is_afk": false,
                "channel": {
                    "id": null,
                    "private": null,
                    "name": null
                },
                "self_mute": false,
                "self_deaf": false,
                "server_mute": false
            },
            "18-01-2019_15-04-28-265172": {
                "server_deaf": false,
                "is_afk": false,
                "channel": {
                    "id": null,
                    "private": null,
                    "name": null
                },
                "self_mute": false,
                "self_deaf": false,
                "server_mute": false
            },
            "18-01-2019_23-28-09-275982": {
                "server_deaf": false,
                "is_afk": false,
                "channel": {
                    "id": "523902470724911105",
                    "private": false,
                    "name": "simply-yeet"
                },
                "self_mute": false,
                "self_deaf": false,
                "server_mute": false
            },
            "16-01-2019_15-03-07-147943": {
                "server_deaf": false,
                "is_afk": false,
                "channel": {
                    "id": null,
                    "private": null,
                    "name": null
                },
                "self_mute": false,
                "self_deaf": false,
                "server_mute": false
            },
            "19-01-2019_23-47-11-591556": {
                "server_deaf": false,
                "is_afk": false,
                "channel": {
                    "id": "535533609617195018",
                    "private": false,
                    "name": "Kinky Kat Chat"
                },
                "self_mute": false,
                "self_deaf": false,
                "server_mute": false
            },
            "16-01-2019_20-42-02-533659": {
                "server_deaf": false,
                "is_afk": false,
                "channel": {
                    "id": "523902470724911105",
                    "private": false,
                    "name": "simply-yeet"
                },
                "self_mute": true,
                "self_deaf": true,
                "server_mute": false
            },
            "16-12-2018_22-46-26-221531": {
                "server_deaf": false,
                "is_afk": false,
                "channel": {
                    "id": "403283673647939595",
                    "private": false,
                    "name": "General"
                },
                "self_mute": true,
                "self_deaf": false,
                "server_mute": false
            },
            "18-01-2019_22-56-50-509179": {
                "server_deaf": false,
                "is_afk": false,
                "channel": {
                    "id": "535533609617195018",
                    "private": false,
                    "name": "Kinky Kat Chat"
                },
                "self_mute": false,
                "self_deaf": false,
                "server_mute": false
            },
            "10-01-2019_00-18-24-072293": {
                "server_deaf": false,
                "is_afk": false,
                "channel": {
                    "id": "523902470724911105",
                    "private": false,
                    "name": "simply-yeet"
                },
                "self_mute": true,
                "self_deaf": true,
                "server_mute": false
            },
            "15-01-2019_20-05-24-063373": {
                "server_deaf": false,
                "is_afk": false,
                "channel": {
                    "id": "523902470724911105",
                    "private": false,
                    "name": "simply-yeet"
                },
                "self_mute": false,
                "self_deaf": false,
                "server_mute": false
            },
            "13-01-2019_23-58-57-488890": {
                "server_deaf": false,
                "is_afk": false,
                "channel": {
                    "id": null,
                    "private": null,
                    "name": null
                },
                "self_mute": false,
                "self_deaf": false,
                "server_mute": false
            },
            "25-01-2019_18-03-01-080213": {
                "server_deaf": false,
                "is_afk": false,
                "channel": {
                    "id": "523902470724911105",
                    "private": false,
                    "name": "simply-yeet"
                },
                "self_mute": false,
                "self_deaf": false,
                "server_mute": false
            }
        },
        "current": {
            "server_deaf": false,
            "is_afk": false,
            "channel": {
                "id": null,
                "private": null,
                "name": null
            },
            "self_mute": false,
            "self_deaf": false,
            "server_mute": false
        }
    },
    "game": {
        "previous": {
            "12-01-2019_01-16-58-662867": {
                "type": 0,
                "name": "Elsword",
                "url": null
            },
            "11-01-2019_22-45-11-058689": {
                "type": 0,
                "name": "Spiral Knights",
                "url": null
            },
            "10-01-2019_00-18-24-072293": {
                "type": 0,
                "name": "RuneScape",
                "url": null
            },
            "15-01-2019_20-05-24-063373": {
                "type": 0,
                "name": "Dead Frontier 2",
                "url": null
            },
            "13-01-2019_18-58-47-852165": {
                "type": 2,
                "name": "Spotify",
                "url": null
            },
            "10-01-2019_03-36-57-747790": {
                "type": null,
                "name": null,
                "url": null
            },
            "13-01-2019_23-58-57-488890": {
                "type": null,
                "name": null,
                "url": null
            }
        },
        "current": {
            "type": null,
            "name": null,
            "url": null
        }
    },
    "bans": {
        "previous": {},
        "current": "not banned"
    },
    "created_at": "23-09-2018_17-03-40-919000",
    "id": "493467503087976458",
    "discriminator": {
        "previous": {},
        "current": "6223"
    },
    "bot": false,
    "roles": {
        "previous": {
            "16-12-2018_21-52-39-901037": {
                "403266285313589250": {
                    "permissions": 0,
                    "colour": 16777215,
                    "name": "Abandoned Ones",
                    "created_at": "17-01-2018_19-16-14-744000",
                    "position": 11
                },
                "178667818152230912": {
                    "permissions": 0,
                    "colour": 0,
                    "name": "@everyone",
                    "created_at": "08-05-2016_00-42-07-335000",
                    "position": 0
                },
                "373129696960970762": {
                    "permissions": 0,
                    "colour": 16711680,
                    "name": "Staff",
                    "created_at": "26-10-2017_15-24-12-170000",
                    "position": 18
                },
                "403272352223461387": {
                    "permissions": 104187968,
                    "colour": 0,
                    "name": "Members",
                    "created_at": "17-01-2018_19-40-21-208000",
                    "position": 10
                },
                "400699163026653184": {
                    "permissions": 129,
                    "colour": 16728548,
                    "name": "Community Managers",
                    "created_at": "10-01-2018_17-15-25-096000",
                    "position": 21
                }
            },
            "25-01-2019_18-03-01-080213": {
                "523917597138354193": {
                    "permissions": 0,
                    "colour": 16714995,
                    "name": "Yeeters",
                    "created_at": "16-12-2018_17-41-29-076000",
                    "position": 2
                },
                "373129696960970762": {
                    "permissions": 0,
                    "colour": 16711680,
                    "name": "Staff",
                    "created_at": "26-10-2017_15-24-12-170000",
                    "position": 17
                },
                "403272352223461387": {
                    "permissions": 104187968,
                    "colour": 0,
                    "name": "Members",
                    "created_at": "17-01-2018_19-40-21-208000",
                    "position": 11
                },
                "400699163026653184": {
                    "permissions": 1342308369,
                    "colour": 16728548,
                    "name": "Community Managers",
                    "created_at": "10-01-2018_17-15-25-096000",
                    "position": 20
                },
                "178667818152230912": {
                    "permissions": 0,
                    "colour": 0,
                    "name": "@everyone",
                    "created_at": "08-05-2016_00-42-07-335000",
                    "position": 0
                },
                "535533082678394880": {
                    "permissions": 0,
                    "colour": 15277667,
                    "name": "Kinksters",
                    "created_at": "17-01-2019_18-57-16-634000",
                    "position": 1
                },
                "403266285313589250": {
                    "permissions": 0,
                    "colour": 16777215,
                    "name": "Abandoned Ones",
                    "created_at": "17-01-2018_19-16-14-744000",
                    "position": 12
                }
            },
            "17-01-2019_17-37-42-106001": {
                "523917597138354193": {
                    "permissions": 0,
                    "colour": 16714995,
                    "name": "Yeeters",
                    "created_at": "16-12-2018_17-41-29-076000",
                    "position": 2
                },
                "373129696960970762": {
                    "permissions": 0,
                    "colour": 16711680,
                    "name": "Staff",
                    "created_at": "26-10-2017_15-24-12-170000",
                    "position": 17
                },
                "403272352223461387": {
                    "permissions": 104187968,
                    "colour": 0,
                    "name": "Members",
                    "created_at": "17-01-2018_19-40-21-208000",
                    "position": 9
                },
                "400699163026653184": {
                    "permissions": 1073741953,
                    "colour": 16728548,
                    "name": "Community Managers",
                    "created_at": "10-01-2018_17-15-25-096000",
                    "position": 20
                },
                "178667818152230912": {
                    "permissions": 0,
                    "colour": 0,
                    "name": "@everyone",
                    "created_at": "08-05-2016_00-42-07-335000",
                    "position": 0
                },
                "535533082678394880": {
                    "permissions": 0,
                    "colour": 15277667,
                    "name": "Kinksters",
                    "created_at": "17-01-2019_18-57-16-634000",
                    "position": 1
                },
                "403266285313589250": {
                    "permissions": 0,
                    "colour": 16777215,
                    "name": "Abandoned Ones",
                    "created_at": "17-01-2018_19-16-14-744000",
                    "position": 10
                }
            },
            "06-12-2018_01-05-49-556858": {
                "403266285313589250": {
                    "permissions": 0,
                    "colour": 16777215,
                    "name": "Abandoned Ones",
                    "created_at": "17-01-2018_19-16-14-744000",
                    "position": 13
                },
                "178667818152230912": {
                    "permissions": 0,
                    "colour": 0,
                    "name": "@everyone",
                    "created_at": "08-05-2016_00-42-07-335000",
                    "position": 0
                },
                "373129696960970762": {
                    "permissions": 0,
                    "colour": 16711680,
                    "name": "Staff",
                    "created_at": "26-10-2017_15-24-12-170000",
                    "position": 19
                },
                "403272352223461387": {
                    "permissions": 104187968,
                    "colour": 0,
                    "name": "Members",
                    "created_at": "17-01-2018_19-40-21-208000",
                    "position": 12
                },
                "400699163026653184": {
                    "permissions": 129,
                    "colour": 16728548,
                    "name": "Community Managers",
                    "created_at": "10-01-2018_17-15-25-096000",
                    "position": 22
                }
            },
            "10-01-2019_00-18-24-072293": {
                "523917597138354193": {
                    "permissions": 0,
                    "colour": 16714995,
                    "name": "Yeeters",
                    "created_at": "16-12-2018_17-41-29-076000",
                    "position": 1
                },
                "403272352223461387": {
                    "permissions": 104187968,
                    "colour": 0,
                    "name": "Members",
                    "created_at": "17-01-2018_19-40-21-208000",
                    "position": 7
                },
                "373129696960970762": {
                    "permissions": 0,
                    "colour": 16711680,
                    "name": "Staff",
                    "created_at": "26-10-2017_15-24-12-170000",
                    "position": 14
                },
                "400699163026653184": {
                    "permissions": 129,
                    "colour": 16728548,
                    "name": "Community Managers",
                    "created_at": "10-01-2018_17-15-25-096000",
                    "position": 17
                },
                "178667818152230912": {
                    "permissions": 0,
                    "colour": 0,
                    "name": "@everyone",
                    "created_at": "08-05-2016_00-42-07-335000",
                    "position": 0
                },
                "403266285313589250": {
                    "permissions": 0,
                    "colour": 16777215,
                    "name": "Abandoned Ones",
                    "created_at": "17-01-2018_19-16-14-744000",
                    "position": 8
                }
            },
            "25-01-2019_00-26-23-076062": {
                "523917597138354193": {
                    "permissions": 0,
                    "colour": 16714995,
                    "name": "Yeeters",
                    "created_at": "16-12-2018_17-41-29-076000",
                    "position": 2
                },
                "373129696960970762": {
                    "permissions": 0,
                    "colour": 16711680,
                    "name": "Staff",
                    "created_at": "26-10-2017_15-24-12-170000",
                    "position": 17
                },
                "403272352223461387": {
                    "permissions": 104187968,
                    "colour": 0,
                    "name": "Members",
                    "created_at": "17-01-2018_19-40-21-208000",
                    "position": 9
                },
                "400699163026653184": {
                    "permissions": 1342177297,
                    "colour": 16728548,
                    "name": "Community Managers",
                    "created_at": "10-01-2018_17-15-25-096000",
                    "position": 20
                },
                "178667818152230912": {
                    "permissions": 0,
                    "colour": 0,
                    "name": "@everyone",
                    "created_at": "08-05-2016_00-42-07-335000",
                    "position": 0
                },
                "535533082678394880": {
                    "permissions": 0,
                    "colour": 15277667,
                    "name": "Kinksters",
                    "created_at": "17-01-2019_18-57-16-634000",
                    "position": 1
                },
                "403266285313589250": {
                    "permissions": 0,
                    "colour": 16777215,
                    "name": "Abandoned Ones",
                    "created_at": "17-01-2018_19-16-14-744000",
                    "position": 10
                }
            },
            "11-01-2019_23-54-44-166805": {
                "523917597138354193": {
                    "permissions": 0,
                    "colour": 16714995,
                    "name": "Yeeters",
                    "created_at": "16-12-2018_17-41-29-076000",
                    "position": 3
                },
                "403272352223461387": {
                    "permissions": 104187968,
                    "colour": 0,
                    "name": "Members",
                    "created_at": "17-01-2018_19-40-21-208000",
                    "position": 8
                },
                "373129696960970762": {
                    "permissions": 0,
                    "colour": 16711680,
                    "name": "Staff",
                    "created_at": "26-10-2017_15-24-12-170000",
                    "position": 16
                },
                "400699163026653184": {
                    "permissions": 129,
                    "colour": 16728548,
                    "name": "Community Managers",
                    "created_at": "10-01-2018_17-15-25-096000",
                    "position": 19
                },
                "178667818152230912": {
                    "permissions": 0,
                    "colour": 0,
                    "name": "@everyone",
                    "created_at": "08-05-2016_00-42-07-335000",
                    "position": 0
                },
                "403266285313589250": {
                    "permissions": 0,
                    "colour": 16777215,
                    "name": "Abandoned Ones",
                    "created_at": "17-01-2018_19-16-14-744000",
                    "position": 9
                }
            },
            "18-01-2019_23-28-09-275982": {
                "523917597138354193": {
                    "permissions": 0,
                    "colour": 16714995,
                    "name": "Yeeters",
                    "created_at": "16-12-2018_17-41-29-076000",
                    "position": 2
                },
                "373129696960970762": {
                    "permissions": 0,
                    "colour": 16711680,
                    "name": "Staff",
                    "created_at": "26-10-2017_15-24-12-170000",
                    "position": 17
                },
                "403272352223461387": {
                    "permissions": 104187968,
                    "colour": 0,
                    "name": "Members",
                    "created_at": "17-01-2018_19-40-21-208000",
                    "position": 9
                },
                "400699163026653184": {
                    "permissions": 1342177409,
                    "colour": 16728548,
                    "name": "Community Managers",
                    "created_at": "10-01-2018_17-15-25-096000",
                    "position": 20
                },
                "178667818152230912": {
                    "permissions": 0,
                    "colour": 0,
                    "name": "@everyone",
                    "created_at": "08-05-2016_00-42-07-335000",
                    "position": 0
                },
                "535533082678394880": {
                    "permissions": 0,
                    "colour": 15277667,
                    "name": "Kinksters",
                    "created_at": "17-01-2019_18-57-16-634000",
                    "position": 1
                },
                "403266285313589250": {
                    "permissions": 0,
                    "colour": 16777215,
                    "name": "Abandoned Ones",
                    "created_at": "17-01-2018_19-16-14-744000",
                    "position": 10
                }
            },
            "07-12-2018_09-02-35-892853": {
                "403266285313589250": {
                    "permissions": 0,
                    "colour": 16777215,
                    "name": "Abandoned Ones",
                    "created_at": "17-01-2018_19-16-14-744000",
                    "position": 12
                },
                "178667818152230912": {
                    "permissions": 0,
                    "colour": 0,
                    "name": "@everyone",
                    "created_at": "08-05-2016_00-42-07-335000",
                    "position": 0
                },
                "373129696960970762": {
                    "permissions": 0,
                    "colour": 16711680,
                    "name": "Staff",
                    "created_at": "26-10-2017_15-24-12-170000",
                    "position": 18
                },
                "403272352223461387": {
                    "permissions": 104187968,
                    "colour": 0,
                    "name": "Members",
                    "created_at": "17-01-2018_19-40-21-208000",
                    "position": 11
                },
                "400699163026653184": {
                    "permissions": 129,
                    "colour": 16728548,
                    "name": "Community Managers",
                    "created_at": "10-01-2018_17-15-25-096000",
                    "position": 21
                }
            }
        },
        "current": {
            "523917597138354193": {
                "permissions": 0,
                "colour": 16714995,
                "name": "Yeeters",
                "created_at": "16-12-2018_17-41-29-076000",
                "position": 2
            },
            "373129696960970762": {
                "permissions": 0,
                "colour": 0,
                "name": "Staff",
                "created_at": "26-10-2017_15-24-12-170000",
                "position": 20
            },
            "403272352223461387": {
                "permissions": 104187968,
                "colour": 0,
                "name": "Members",
                "created_at": "17-01-2018_19-40-21-208000",
                "position": 10
            },
            "400699163026653184": {
                "permissions": 1342308369,
                "colour": 16728548,
                "name": "Community Managers",
                "created_at": "10-01-2018_17-15-25-096000",
                "position": 18
            },
            "178667818152230912": {
                "permissions": 0,
                "colour": 0,
                "name": "@everyone",
                "created_at": "08-05-2016_00-42-07-335000",
                "position": 0
            },
            "535533082678394880": {
                "permissions": 0,
                "colour": 15277667,
                "name": "Kinksters",
                "created_at": "17-01-2019_18-57-16-634000",
                "position": 1
            },
            "403266285313589250": {
                "permissions": 0,
                "colour": 16777215,
                "name": "Abandoned Ones",
                "created_at": "17-01-2018_19-16-14-744000",
                "position": 11
            }
        }
    }
}