{
    "bans": {
        "current": "not banned",
        "previous": {}
    },
    "colour": {
        "current": 7980799,
        "previous": {}
    },
    "cookies": {
        "cookie_interest": 0,
        "active_this_epoch": false,
        "total_cookies": 0,
        "cookies_in_jar": 0,
        "cookie_transfer_quota": 0,
        "give": {
            "total_cookies": 0,
            "average": 0.0
        },
        "current_cookies": 0,
        "measured_epochs": 1,
        "get": {
            "total_cookies": 0,
            "average": 0.0
        },
        "active_epochs": 0
    },
    "name": {
        "current": "Resquiat",
        "previous": {}
    },
    "id": "108734388258234368",
    "roles": {
        "current": {
            "187985716284751872": {
                "colour": 7980799,
                "created_at": "02-06-2016_17-48-07-368000",
                "name": "Head of Moderation",
                "position": 26,
                "permissions": 104324169
            },
            "403266269220175892": {
                "colour": 1033914,
                "created_at": "17-01-2018_19-16-10-907000",
                "name": "Mythical Ones",
                "position": 15,
                "permissions": 262208
            },
            "403272352223461387": {
                "colour": 0,
                "created_at": "17-01-2018_19-40-21-208000",
                "name": "Members",
                "position": 11,
                "permissions": 104187968
            },
            "430760351248809986": {
                "colour": 0,
                "created_at": "03-04-2018_16-07-50-878000",
                "name": "Current Iteration",
                "position": 9,
                "permissions": 0
            },
            "189416410542374912": {
                "colour": 3447003,
                "created_at": "06-06-2016_16-33-11-460000",
                "name": "Moderator",
                "position": 19,
                "permissions": 267775190
            },
            "469889716435812353": {
                "colour": 0,
                "created_at": "20-07-2018_15-33-58-527000",
                "name": "High Council",
                "position": 30,
                "permissions": 8
            },
            "373129696960970762": {
                "colour": 16711680,
                "created_at": "26-10-2017_15-24-12-170000",
                "name": "Staff",
                "position": 18,
                "permissions": 0
            },
            "178667818152230912": {
                "colour": 0,
                "created_at": "08-05-2016_00-42-07-335000",
                "name": "@everyone",
                "position": 0,
                "permissions": 0
            }
        },
        "previous": {
            "06-12-2018_01-05-49-556858": {
                "187985716284751872": {
                    "colour": 7980799,
                    "created_at": "02-06-2016_17-48-07-368000",
                    "name": "Head of Moderation",
                    "position": 27,
                    "permissions": 104324169
                },
                "403266269220175892": {
                    "colour": 1033914,
                    "created_at": "17-01-2018_19-16-10-907000",
                    "name": "Mythical Ones",
                    "position": 16,
                    "permissions": 262208
                },
                "403272352223461387": {
                    "colour": 0,
                    "created_at": "17-01-2018_19-40-21-208000",
                    "name": "Members",
                    "position": 12,
                    "permissions": 104187968
                },
                "430760351248809986": {
                    "colour": 0,
                    "created_at": "03-04-2018_16-07-50-878000",
                    "name": "Current Iteration",
                    "position": 10,
                    "permissions": 0
                },
                "189416410542374912": {
                    "colour": 3447003,
                    "created_at": "06-06-2016_16-33-11-460000",
                    "name": "Moderator",
                    "position": 20,
                    "permissions": 267775190
                },
                "469889716435812353": {
                    "colour": 0,
                    "created_at": "20-07-2018_15-33-58-527000",
                    "name": "High Council",
                    "position": 31,
                    "permissions": 8
                },
                "373129696960970762": {
                    "colour": 16711680,
                    "created_at": "26-10-2017_15-24-12-170000",
                    "name": "Staff",
                    "position": 19,
                    "permissions": 0
                },
                "178667818152230912": {
                    "colour": 0,
                    "created_at": "08-05-2016_00-42-07-335000",
                    "name": "@everyone",
                    "position": 0,
                    "permissions": 0
                }
            }
        }
    },
    "display_name": {
        "current": "Dubibells Dubibells",
        "previous": {}
    },
    "voice": {
        "current": {
            "self_mute": false,
            "server_mute": false,
            "server_deaf": false,
            "channel": {
                "id": null,
                "private": null,
                "name": null
            },
            "is_afk": false,
            "self_deaf": false
        },
        "previous": {}
    },
    "discriminator": {
        "current": "2319",
        "previous": {}
    },
    "joined_at": {
        "current": "17-01-2018_09-35-04-774000",
        "previous": {}
    },
    "game": {
        "current": {
            "url": null,
            "name": null,
            "type": null
        },
        "previous": {}
    },
    "status": {
        "current": "offline",
        "previous": {
            "06-12-2018_14-27-10-018861": "dnd",
            "06-12-2018_15-04-14-303670": "dnd",
            "05-12-2018_16-27-33-714312": "dnd",
            "06-12-2018_19-01-41-672098": "dnd",
            "05-12-2018_16-23-43-417186": "dnd",
            "06-12-2018_14-50-02-697396": "dnd",
            "06-12-2018_14-20-49-230798": "dnd",
            "06-12-2018_15-40-12-725739": "dnd",
            "06-12-2018_00-51-35-336974": "offline",
            "06-12-2018_00-45-45-907811": "offline",
            "05-12-2018_23-34-35-600797": "dnd",
            "05-12-2018_16-07-42-379538": "dnd",
            "06-12-2018_14-37-28-467255": "offline",
            "06-12-2018_15-14-45-002165": "offline",
            "06-12-2018_14-18-11-466041": "offline",
            "06-12-2018_13-18-30-157611": "dnd",
            "05-12-2018_23-17-11-812802": "dnd",
            "06-12-2018_01-05-49-556858": "dnd",
            "05-12-2018_15-19-39-125060": "dnd",
            "06-12-2018_15-16-54-897558": "dnd",
            "05-12-2018_15-43-55-700669": "offline",
            "06-12-2018_17-09-51-137367": "offline",
            "06-12-2018_17-02-08-075871": "dnd"
        }
    },
    "created_at": "28-10-2015_01-11-38-348000",
    "activity": {},
    "bot": false
}