{
    "bans": {
        "current": "not banned",
        "previous": {}
    },
    "colour": {
        "current": 16713728,
        "previous": {}
    },
    "cookies": {
        "cookie_interest": 0,
        "active_this_epoch": false,
        "total_cookies": 0,
        "cookies_in_jar": 0,
        "cookie_transfer_quota": 0,
        "give": {
            "total_cookies": 0,
            "average": 0.0
        },
        "current_cookies": 0,
        "measured_epochs": 1,
        "get": {
            "total_cookies": 0,
            "average": 0.0
        },
        "active_epochs": 0
    },
    "name": {
        "current": "HarryBruceTV",
        "previous": {}
    },
    "id": "140484622034272256",
    "roles": {
        "current": {
            "373129696960970762": {
                "colour": 16711680,
                "created_at": "26-10-2017_15-24-12-170000",
                "name": "Staff",
                "position": 18,
                "permissions": 0
            },
            "430760351248809986": {
                "colour": 0,
                "created_at": "03-04-2018_16-07-50-878000",
                "name": "Current Iteration",
                "position": 9,
                "permissions": 0
            },
            "403266269220175892": {
                "colour": 1033914,
                "created_at": "17-01-2018_19-16-10-907000",
                "name": "Mythical Ones",
                "position": 15,
                "permissions": 262208
            },
            "403272352223461387": {
                "colour": 0,
                "created_at": "17-01-2018_19-40-21-208000",
                "name": "Members",
                "position": 11,
                "permissions": 104187968
            },
            "469889632117456896": {
                "colour": 16713728,
                "created_at": "20-07-2018_15-33-38-424000",
                "name": "Head of Events",
                "position": 23,
                "permissions": 0
            },
            "363695886297071626": {
                "colour": 14747399,
                "created_at": "30-09-2017_14-37-36-436000",
                "name": "Event Managers",
                "position": 22,
                "permissions": 541200384
            },
            "469889716435812353": {
                "colour": 0,
                "created_at": "20-07-2018_15-33-58-527000",
                "name": "High Council",
                "position": 30,
                "permissions": 8
            },
            "404068252361162759": {
                "colour": 0,
                "created_at": "20-01-2018_00-22-58-588000",
                "name": "Under Where?",
                "position": 16,
                "permissions": 0
            },
            "178667818152230912": {
                "colour": 0,
                "created_at": "08-05-2016_00-42-07-335000",
                "name": "@everyone",
                "position": 0,
                "permissions": 0
            }
        },
        "previous": {
            "06-12-2018_01-05-49-556858": {
                "373129696960970762": {
                    "colour": 16711680,
                    "created_at": "26-10-2017_15-24-12-170000",
                    "name": "Staff",
                    "position": 19,
                    "permissions": 0
                },
                "430760351248809986": {
                    "colour": 0,
                    "created_at": "03-04-2018_16-07-50-878000",
                    "name": "Current Iteration",
                    "position": 10,
                    "permissions": 0
                },
                "403266269220175892": {
                    "colour": 1033914,
                    "created_at": "17-01-2018_19-16-10-907000",
                    "name": "Mythical Ones",
                    "position": 16,
                    "permissions": 262208
                },
                "403272352223461387": {
                    "colour": 0,
                    "created_at": "17-01-2018_19-40-21-208000",
                    "name": "Members",
                    "position": 12,
                    "permissions": 104187968
                },
                "469889632117456896": {
                    "colour": 16713728,
                    "created_at": "20-07-2018_15-33-38-424000",
                    "name": "Head of Events",
                    "position": 24,
                    "permissions": 0
                },
                "363695886297071626": {
                    "colour": 14747399,
                    "created_at": "30-09-2017_14-37-36-436000",
                    "name": "Event Managers",
                    "position": 23,
                    "permissions": 541200384
                },
                "469889716435812353": {
                    "colour": 0,
                    "created_at": "20-07-2018_15-33-58-527000",
                    "name": "High Council",
                    "position": 31,
                    "permissions": 8
                },
                "404068252361162759": {
                    "colour": 0,
                    "created_at": "20-01-2018_00-22-58-588000",
                    "name": "Under Where?",
                    "position": 17,
                    "permissions": 0
                },
                "178667818152230912": {
                    "colour": 0,
                    "created_at": "08-05-2016_00-42-07-335000",
                    "name": "@everyone",
                    "position": 0,
                    "permissions": 0
                }
            }
        }
    },
    "display_name": {
        "current": "Double-Ended Dildomon",
        "previous": {}
    },
    "voice": {
        "current": {
            "self_mute": false,
            "server_mute": false,
            "server_deaf": false,
            "channel": {
                "id": null,
                "private": null,
                "name": null
            },
            "is_afk": false,
            "self_deaf": false
        },
        "previous": {}
    },
    "discriminator": {
        "current": "1042",
        "previous": {}
    },
    "joined_at": {
        "current": "17-01-2018_10-10-50-119000",
        "previous": {}
    },
    "game": {
        "current": {
            "url": null,
            "name": null,
            "type": null
        },
        "previous": {}
    },
    "status": {
        "current": "online",
        "previous": {
            "06-12-2018_16-49-44-878444": "offline",
            "06-12-2018_00-25-10-559318": "idle",
            "06-12-2018_17-01-29-984225": "online",
            "06-12-2018_19-01-41-672098": "idle",
            "06-12-2018_17-09-51-137367": "idle",
            "05-12-2018_23-34-35-600797": "online",
            "05-12-2018_16-27-33-714312": "online",
            "06-12-2018_01-05-49-556858": "online"
        }
    },
    "created_at": "23-01-2016_15-55-43-971000",
    "activity": {},
    "bot": false
}