{
    "bans": {
        "current": "not banned",
        "previous": {}
    },
    "colour": {
        "current": 16741437,
        "previous": {}
    },
    "cookies": {
        "active_epochs": 0,
        "active_this_epoch": false,
        "total_cookies": 0,
        "cookie_interest": 0,
        "cookie_transfer_quota": 0,
        "give": {
            "total_cookies": 0,
            "average": 0.0
        },
        "current_cookies": 0,
        "measured_epochs": 1,
        "get": {
            "total_cookies": 0,
            "average": 0.0
        },
        "cookies_in_jar": 0
    },
    "name": {
        "current": "Rikolan",
        "previous": {}
    },
    "id": "149582123697831937",
    "roles": {
        "current": {
            "401845161266642944": {
                "colour": 7962319,
                "created_at": "13-01-2018_21-09-12-368000",
                "name": "Media Creators",
                "position": 20,
                "permissions": 0
            },
            "403266269220175892": {
                "colour": 1033914,
                "created_at": "17-01-2018_19-16-10-907000",
                "name": "Mythical Ones",
                "position": 15,
                "permissions": 262208
            },
            "403272352223461387": {
                "colour": 0,
                "created_at": "17-01-2018_19-40-21-208000",
                "name": "Members",
                "position": 11,
                "permissions": 104187968
            },
            "430760351248809986": {
                "colour": 0,
                "created_at": "03-04-2018_16-07-50-878000",
                "name": "Current Iteration",
                "position": 9,
                "permissions": 0
            },
            "469889716435812353": {
                "colour": 0,
                "created_at": "20-07-2018_15-33-58-527000",
                "name": "High Council",
                "position": 30,
                "permissions": 8
            },
            "469889439775326208": {
                "colour": 16741437,
                "created_at": "20-07-2018_15-32-52-566000",
                "name": "Head of Media",
                "position": 25,
                "permissions": 0
            },
            "373129696960970762": {
                "colour": 16711680,
                "created_at": "26-10-2017_15-24-12-170000",
                "name": "Staff",
                "position": 18,
                "permissions": 0
            },
            "178667818152230912": {
                "colour": 0,
                "created_at": "08-05-2016_00-42-07-335000",
                "name": "@everyone",
                "position": 0,
                "permissions": 0
            }
        },
        "previous": {
            "06-12-2018_01-05-49-556858": {
                "401845161266642944": {
                    "colour": 7962319,
                    "created_at": "13-01-2018_21-09-12-368000",
                    "name": "Media Creators",
                    "position": 21,
                    "permissions": 0
                },
                "403266269220175892": {
                    "colour": 1033914,
                    "created_at": "17-01-2018_19-16-10-907000",
                    "name": "Mythical Ones",
                    "position": 16,
                    "permissions": 262208
                },
                "403272352223461387": {
                    "colour": 0,
                    "created_at": "17-01-2018_19-40-21-208000",
                    "name": "Members",
                    "position": 12,
                    "permissions": 104187968
                },
                "430760351248809986": {
                    "colour": 0,
                    "created_at": "03-04-2018_16-07-50-878000",
                    "name": "Current Iteration",
                    "position": 10,
                    "permissions": 0
                },
                "469889716435812353": {
                    "colour": 0,
                    "created_at": "20-07-2018_15-33-58-527000",
                    "name": "High Council",
                    "position": 31,
                    "permissions": 8
                },
                "469889439775326208": {
                    "colour": 16741437,
                    "created_at": "20-07-2018_15-32-52-566000",
                    "name": "Head of Media",
                    "position": 26,
                    "permissions": 0
                },
                "373129696960970762": {
                    "colour": 16711680,
                    "created_at": "26-10-2017_15-24-12-170000",
                    "name": "Staff",
                    "position": 19,
                    "permissions": 0
                },
                "178667818152230912": {
                    "colour": 0,
                    "created_at": "08-05-2016_00-42-07-335000",
                    "name": "@everyone",
                    "position": 0,
                    "permissions": 0
                }
            }
        }
    },
    "display_name": {
        "current": "Rikolan",
        "previous": {}
    },
    "voice": {
        "current": {
            "self_mute": false,
            "server_mute": false,
            "server_deaf": false,
            "channel": {
                "id": null,
                "private": null,
                "name": null
            },
            "is_afk": false,
            "self_deaf": false
        },
        "previous": {}
    },
    "discriminator": {
        "current": "7658",
        "previous": {}
    },
    "joined_at": {
        "current": "17-01-2018_09-51-30-747000",
        "previous": {}
    },
    "game": {
        "current": {
            "url": null,
            "name": null,
            "type": null
        },
        "previous": {}
    },
    "status": {
        "current": "offline",
        "previous": {
            "06-12-2018_01-05-49-556858": "online",
            "05-12-2018_16-27-33-714312": "online",
            "05-12-2018_15-43-55-700669": "online"
        }
    },
    "created_at": "17-02-2016_18-25-57-391000",
    "activity": {
        "2018": {
            "12": {
                "5": {
                    "21": {
                        "403086550851911681": 4
                    }
                }
            }
        }
    },
    "bot": false
}