{
    "bans": {
        "current": "not banned",
        "previous": {}
    },
    "colour": {
        "current": 7506394,
        "previous": {}
    },
    "cookies": {
        "active_epochs": 0,
        "active_this_epoch": false,
        "total_cookies": 0,
        "cookie_interest": 0,
        "cookie_transfer_quota": 0,
        "give": {
            "total_cookies": 0,
            "average": 0.0
        },
        "current_cookies": 0,
        "measured_epochs": 1,
        "get": {
            "total_cookies": 0,
            "average": 0.0
        },
        "cookies_in_jar": 0
    },
    "name": {
        "current": "Miki",
        "previous": {}
    },
    "id": "160105994217586689",
    "roles": {
        "current": {
            "406569085380329472": {
                "colour": 0,
                "created_at": "26-01-2018_22-00-23-643000",
                "name": "Miki",
                "position": 5,
                "permissions": 3405888
            },
            "403239438802485259": {
                "colour": 7506394,
                "created_at": "17-01-2018_17-29-34-037000",
                "name": "Bots",
                "position": 10,
                "permissions": 7168
            },
            "178667818152230912": {
                "colour": 0,
                "created_at": "08-05-2016_00-42-07-335000",
                "name": "@everyone",
                "position": 0,
                "permissions": 0
            }
        },
        "previous": {
            "06-12-2018_01-05-49-556858": {
                "406569085380329472": {
                    "colour": 0,
                    "created_at": "26-01-2018_22-00-23-643000",
                    "name": "Miki",
                    "position": 6,
                    "permissions": 3405888
                },
                "403239438802485259": {
                    "colour": 7506394,
                    "created_at": "17-01-2018_17-29-34-037000",
                    "name": "Bots",
                    "position": 11,
                    "permissions": 7168
                },
                "178667818152230912": {
                    "colour": 0,
                    "created_at": "08-05-2016_00-42-07-335000",
                    "name": "@everyone",
                    "position": 0,
                    "permissions": 0
                }
            }
        }
    },
    "display_name": {
        "current": "Miki",
        "previous": {}
    },
    "voice": {
        "current": {
            "self_mute": false,
            "server_mute": false,
            "server_deaf": false,
            "channel": {
                "id": null,
                "private": null,
                "name": null
            },
            "is_afk": false,
            "self_deaf": false
        },
        "previous": {}
    },
    "discriminator": {
        "current": "6045",
        "previous": {}
    },
    "joined_at": {
        "current": "26-01-2018_22-00-23-635313",
        "previous": {}
    },
    "game": {
        "current": {
            "url": null,
            "name": null,
            "type": null
        },
        "previous": {}
    },
    "status": {
        "current": "online",
        "previous": {
            "06-12-2018_19-01-41-672098": "offline",
            "06-12-2018_14-35-48-128249": "offline",
            "06-12-2018_14-21-28-866312": "online",
            "06-12-2018_01-05-49-556858": "offline"
        }
    },
    "created_at": "17-03-2016_19-24-03-647000",
    "activity": {},
    "bot": true
}