{
    "bans": {
        "current": "not banned",
        "previous": {}
    },
    "colour": {
        "current": 16777215,
        "previous": {}
    },
    "cookies": {
        "active_epochs": 0,
        "active_this_epoch": false,
        "total_cookies": 0,
        "cookie_interest": 0,
        "cookie_transfer_quota": 0,
        "give": {
            "total_cookies": 0,
            "average": 0.0
        },
        "current_cookies": 0,
        "measured_epochs": 1,
        "get": {
            "total_cookies": 0,
            "average": 0.0
        },
        "cookies_in_jar": 0
    },
    "name": {
        "current": "Maple",
        "previous": {}
    },
    "id": "181748388616732672",
    "roles": {
        "current": {
            "430760351248809986": {
                "colour": 0,
                "created_at": "03-04-2018_16-07-50-878000",
                "name": "Current Iteration",
                "position": 9,
                "permissions": 0
            },
            "403272352223461387": {
                "colour": 0,
                "created_at": "17-01-2018_19-40-21-208000",
                "name": "Members",
                "position": 11,
                "permissions": 104187968
            },
            "403266285313589250": {
                "colour": 16777215,
                "created_at": "17-01-2018_19-16-14-744000",
                "name": "Abandoned Ones",
                "position": 12,
                "permissions": 0
            },
            "404068252361162759": {
                "colour": 0,
                "created_at": "20-01-2018_00-22-58-588000",
                "name": "Under Where?",
                "position": 16,
                "permissions": 0
            },
            "178667818152230912": {
                "colour": 0,
                "created_at": "08-05-2016_00-42-07-335000",
                "name": "@everyone",
                "position": 0,
                "permissions": 0
            }
        },
        "previous": {
            "06-12-2018_01-05-49-556858": {
                "430760351248809986": {
                    "colour": 0,
                    "created_at": "03-04-2018_16-07-50-878000",
                    "name": "Current Iteration",
                    "position": 10,
                    "permissions": 0
                },
                "403272352223461387": {
                    "colour": 0,
                    "created_at": "17-01-2018_19-40-21-208000",
                    "name": "Members",
                    "position": 12,
                    "permissions": 104187968
                },
                "403266285313589250": {
                    "colour": 16777215,
                    "created_at": "17-01-2018_19-16-14-744000",
                    "name": "Abandoned Ones",
                    "position": 13,
                    "permissions": 0
                },
                "404068252361162759": {
                    "colour": 0,
                    "created_at": "20-01-2018_00-22-58-588000",
                    "name": "Under Where?",
                    "position": 17,
                    "permissions": 0
                },
                "178667818152230912": {
                    "colour": 0,
                    "created_at": "08-05-2016_00-42-07-335000",
                    "name": "@everyone",
                    "position": 0,
                    "permissions": 0
                }
            }
        }
    },
    "display_name": {
        "current": "Cutie Kurisu-chama",
        "previous": {}
    },
    "voice": {
        "current": {
            "self_mute": false,
            "server_mute": false,
            "server_deaf": false,
            "channel": {
                "id": null,
                "private": null,
                "name": null
            },
            "is_afk": false,
            "self_deaf": false
        },
        "previous": {}
    },
    "discriminator": {
        "current": "5483",
        "previous": {}
    },
    "joined_at": {
        "current": "17-01-2018_13-55-29-706000",
        "previous": {}
    },
    "game": {
        "current": {
            "url": null,
            "name": null,
            "type": null
        },
        "previous": {}
    },
    "status": {
        "current": "online",
        "previous": {
            "06-12-2018_00-33-42-698457": "offline",
            "06-12-2018_00-19-28-339644": "offline",
            "05-12-2018_16-27-33-714312": "offline",
            "06-12-2018_19-01-41-672098": "offline",
            "06-12-2018_00-23-55-487803": "online",
            "06-12-2018_01-05-49-556858": "online",
            "06-12-2018_00-48-23-112938": "offline",
            "06-12-2018_15-40-12-725739": "online",
            "05-12-2018_15-43-55-700669": "online",
            "06-12-2018_00-45-45-907811": "online",
            "05-12-2018_23-34-35-600797": "online",
            "06-12-2018_00-25-10-559318": "online"
        }
    },
    "created_at": "16-05-2016_12-43-12-568000",
    "activity": {},
    "bot": false
}