{
    "bans": {
        "current": "not banned",
        "previous": {}
    },
    "colour": {
        "current": 7506394,
        "previous": {}
    },
    "cookies": {
        "active_epochs": 0,
        "active_this_epoch": false,
        "total_cookies": 0,
        "cookie_interest": 0,
        "cookie_transfer_quota": 0,
        "give": {
            "total_cookies": 0,
            "average": 0.0
        },
        "current_cookies": 0,
        "measured_epochs": 1,
        "get": {
            "total_cookies": 0,
            "average": 0.0
        },
        "cookies_in_jar": 0
    },
    "name": {
        "current": "KawaiiBot",
        "previous": {}
    },
    "id": "195244363339530240",
    "roles": {
        "current": {
            "403239438802485259": {
                "colour": 7506394,
                "created_at": "17-01-2018_17-29-34-037000",
                "name": "Bots",
                "position": 10,
                "permissions": 7168
            },
            "406536385756135424": {
                "colour": 0,
                "created_at": "26-01-2018_19-50-27-445000",
                "name": "Kawaii",
                "position": 6,
                "permissions": 260096
            },
            "178667818152230912": {
                "colour": 0,
                "created_at": "08-05-2016_00-42-07-335000",
                "name": "@everyone",
                "position": 0,
                "permissions": 0
            }
        },
        "previous": {
            "06-12-2018_01-05-49-556858": {
                "403239438802485259": {
                    "colour": 7506394,
                    "created_at": "17-01-2018_17-29-34-037000",
                    "name": "Bots",
                    "position": 11,
                    "permissions": 7168
                },
                "406536385756135424": {
                    "colour": 0,
                    "created_at": "26-01-2018_19-50-27-445000",
                    "name": "Kawaii",
                    "position": 7,
                    "permissions": 260096
                },
                "178667818152230912": {
                    "colour": 0,
                    "created_at": "08-05-2016_00-42-07-335000",
                    "name": "@everyone",
                    "position": 0,
                    "permissions": 0
                }
            }
        }
    },
    "display_name": {
        "current": "KawaiiBot",
        "previous": {}
    },
    "voice": {
        "current": {
            "self_mute": false,
            "server_mute": false,
            "server_deaf": false,
            "channel": {
                "id": null,
                "private": null,
                "name": null
            },
            "is_afk": false,
            "self_deaf": false
        },
        "previous": {}
    },
    "discriminator": {
        "current": "0769",
        "previous": {}
    },
    "joined_at": {
        "current": "26-01-2018_19-45-44-048256",
        "previous": {}
    },
    "game": {
        "current": {
            "url": null,
            "name": null,
            "type": null
        },
        "previous": {}
    },
    "status": {
        "current": "online",
        "previous": {}
    },
    "created_at": "22-06-2016_18-31-23-685000",
    "activity": {},
    "bot": true
}