{
    "bans": {
        "current": "not banned",
        "previous": {}
    },
    "colour": {
        "current": 7506394,
        "previous": {}
    },
    "cookies": {
        "active_epochs": 0,
        "active_this_epoch": false,
        "total_cookies": 0,
        "cookie_interest": 0,
        "cookie_transfer_quota": 0,
        "give": {
            "total_cookies": 0,
            "average": 0.0
        },
        "current_cookies": 0,
        "measured_epochs": 1,
        "get": {
            "total_cookies": 0,
            "average": 0.0
        },
        "cookies_in_jar": 0
    },
    "name": {
        "current": "DisWorld",
        "previous": {}
    },
    "id": "325634360210620422",
    "roles": {
        "current": {
            "429737272523620352": {
                "colour": 0,
                "created_at": "31-03-2018_20-22-29-902000",
                "name": "DisWorld",
                "position": 3,
                "permissions": 328768
            },
            "403239438802485259": {
                "colour": 7506394,
                "created_at": "17-01-2018_17-29-34-037000",
                "name": "Bots",
                "position": 10,
                "permissions": 7168
            },
            "178667818152230912": {
                "colour": 0,
                "created_at": "08-05-2016_00-42-07-335000",
                "name": "@everyone",
                "position": 0,
                "permissions": 0
            }
        },
        "previous": {
            "06-12-2018_01-05-49-556858": {
                "429737272523620352": {
                    "colour": 0,
                    "created_at": "31-03-2018_20-22-29-902000",
                    "name": "DisWorld",
                    "position": 4,
                    "permissions": 328768
                },
                "403239438802485259": {
                    "colour": 7506394,
                    "created_at": "17-01-2018_17-29-34-037000",
                    "name": "Bots",
                    "position": 11,
                    "permissions": 7168
                },
                "178667818152230912": {
                    "colour": 0,
                    "created_at": "08-05-2016_00-42-07-335000",
                    "name": "@everyone",
                    "position": 0,
                    "permissions": 0
                }
            }
        }
    },
    "display_name": {
        "current": "DisWorld",
        "previous": {}
    },
    "voice": {
        "current": {
            "self_mute": false,
            "server_mute": false,
            "server_deaf": false,
            "channel": {
                "id": null,
                "private": null,
                "name": null
            },
            "is_afk": false,
            "self_deaf": false
        },
        "previous": {}
    },
    "discriminator": {
        "current": "3666",
        "previous": {}
    },
    "joined_at": {
        "current": "31-03-2018_20-22-29-867253",
        "previous": {}
    },
    "game": {
        "current": {
            "url": null,
            "name": null,
            "type": null
        },
        "previous": {}
    },
    "status": {
        "current": "offline",
        "previous": {}
    },
    "created_at": "17-06-2017_13-54-41-468000",
    "activity": {},
    "bot": true
}