{
    "bans": {
        "current": "not banned",
        "previous": {}
    },
    "colour": {
        "current": 7962319,
        "previous": {}
    },
    "cookies": {
        "cookie_interest": 0,
        "active_this_epoch": false,
        "total_cookies": 0,
        "cookies_in_jar": 0,
        "cookie_transfer_quota": 0,
        "give": {
            "total_cookies": 0,
            "average": 0.0
        },
        "current_cookies": 0,
        "measured_epochs": 1,
        "get": {
            "total_cookies": 0,
            "average": 0.0
        },
        "active_epochs": 0
    },
    "name": {
        "current": "Neon",
        "previous": {}
    },
    "id": "334070792130265108",
    "roles": {
        "current": {
            "401845161266642944": {
                "colour": 7962319,
                "created_at": "13-01-2018_21-09-12-368000",
                "name": "Media Creators",
                "position": 20,
                "permissions": 0
            },
            "403266269220175892": {
                "colour": 1033914,
                "created_at": "17-01-2018_19-16-10-907000",
                "name": "Mythical Ones",
                "position": 15,
                "permissions": 262208
            },
            "403272352223461387": {
                "colour": 0,
                "created_at": "17-01-2018_19-40-21-208000",
                "name": "Members",
                "position": 11,
                "permissions": 104187968
            },
            "430760351248809986": {
                "colour": 0,
                "created_at": "03-04-2018_16-07-50-878000",
                "name": "Current Iteration",
                "position": 9,
                "permissions": 0
            },
            "373129696960970762": {
                "colour": 16711680,
                "created_at": "26-10-2017_15-24-12-170000",
                "name": "Staff",
                "position": 18,
                "permissions": 0
            },
            "178667818152230912": {
                "colour": 0,
                "created_at": "08-05-2016_00-42-07-335000",
                "name": "@everyone",
                "position": 0,
                "permissions": 0
            }
        },
        "previous": {
            "06-12-2018_00-55-15-699438": {
                "401845161266642944": {
                    "colour": 7962319,
                    "created_at": "13-01-2018_21-09-12-368000",
                    "name": "Media Creators",
                    "position": 21,
                    "permissions": 0
                },
                "403266269220175892": {
                    "colour": 1033914,
                    "created_at": "17-01-2018_19-16-10-907000",
                    "name": "Mythical Ones",
                    "position": 16,
                    "permissions": 262208
                },
                "403272352223461387": {
                    "colour": 0,
                    "created_at": "17-01-2018_19-40-21-208000",
                    "name": "Members",
                    "position": 12,
                    "permissions": 104187968
                },
                "430760351248809986": {
                    "colour": 0,
                    "created_at": "03-04-2018_16-07-50-878000",
                    "name": "Current Iteration",
                    "position": 10,
                    "permissions": 0
                },
                "373129696960970762": {
                    "colour": 16711680,
                    "created_at": "26-10-2017_15-24-12-170000",
                    "name": "Staff",
                    "position": 19,
                    "permissions": 0
                },
                "178667818152230912": {
                    "colour": 0,
                    "created_at": "08-05-2016_00-42-07-335000",
                    "name": "@everyone",
                    "position": 0,
                    "permissions": 0
                }
            }
        }
    },
    "display_name": {
        "current": "Neon",
        "previous": {}
    },
    "voice": {
        "current": {
            "self_mute": false,
            "server_mute": false,
            "server_deaf": false,
            "channel": {
                "id": null,
                "private": null,
                "name": null
            },
            "is_afk": false,
            "self_deaf": false
        },
        "previous": {}
    },
    "discriminator": {
        "current": "9774",
        "previous": {}
    },
    "joined_at": {
        "current": "17-01-2018_09-28-15-816000",
        "previous": {}
    },
    "game": {
        "current": {
            "url": null,
            "name": null,
            "type": null
        },
        "previous": {
            "06-12-2018_19-01-41-672098": {
                "url": null,
                "name": "Grand Theft Auto V",
                "type": 0
            },
            "05-12-2018_16-27-33-714312": {
                "url": null,
                "name": "Minecraft",
                "type": 0
            }
        }
    },
    "status": {
        "current": "dnd",
        "previous": {
            "06-12-2018_14-27-10-018861": "dnd",
            "06-12-2018_14-01-40-919859": "offline",
            "06-12-2018_14-10-10-501058": "offline",
            "06-12-2018_00-55-15-699438": "offline",
            "06-12-2018_17-01-29-984225": "offline",
            "05-12-2018_16-27-33-714312": "offline",
            "06-12-2018_13-18-30-157611": "dnd",
            "06-12-2018_19-01-41-672098": "offline",
            "05-12-2018_16-23-43-417186": "dnd",
            "06-12-2018_00-44-16-069543": "offline",
            "06-12-2018_01-05-49-556858": "offline",
            "06-12-2018_15-16-54-897558": "dnd",
            "06-12-2018_15-40-12-725739": "dnd",
            "06-12-2018_15-04-14-303670": "offline",
            "06-12-2018_00-45-45-907811": "dnd",
            "06-12-2018_17-09-51-137367": "dnd",
            "06-12-2018_00-43-19-590607": "dnd",
            "06-12-2018_14-32-19-309128": "offline"
        }
    },
    "created_at": "10-07-2017_20-38-03-579000",
    "activity": {},
    "bot": false
}