{
    "bans": {
        "current": "not banned",
        "previous": {}
    },
    "colour": {
        "current": 3447003,
        "previous": {}
    },
    "cookies": {
        "cookie_interest": 0,
        "active_this_epoch": false,
        "total_cookies": 0,
        "cookies_in_jar": 0,
        "cookie_transfer_quota": 0,
        "give": {
            "total_cookies": 0,
            "average": 0.0
        },
        "current_cookies": 0,
        "measured_epochs": 1,
        "get": {
            "total_cookies": 0,
            "average": 0.0
        },
        "active_epochs": 0
    },
    "name": {
        "current": "Trash Panda \ud83d\udc3c\ud83d\udc3c",
        "previous": {}
    },
    "id": "354388314557644800",
    "roles": {
        "current": {
            "189416410542374912": {
                "colour": 3447003,
                "created_at": "06-06-2016_16-33-11-460000",
                "name": "Moderator",
                "position": 19,
                "permissions": 267775190
            },
            "403266285313589250": {
                "colour": 16777215,
                "created_at": "17-01-2018_19-16-14-744000",
                "name": "Abandoned Ones",
                "position": 12,
                "permissions": 0
            },
            "403272352223461387": {
                "colour": 0,
                "created_at": "17-01-2018_19-40-21-208000",
                "name": "Members",
                "position": 11,
                "permissions": 104187968
            },
            "403266269220175892": {
                "colour": 1033914,
                "created_at": "17-01-2018_19-16-10-907000",
                "name": "Mythical Ones",
                "position": 15,
                "permissions": 262208
            },
            "178667818152230912": {
                "colour": 0,
                "created_at": "08-05-2016_00-42-07-335000",
                "name": "@everyone",
                "position": 0,
                "permissions": 0
            }
        },
        "previous": {
            "06-12-2018_01-05-49-556858": {
                "189416410542374912": {
                    "colour": 3447003,
                    "created_at": "06-06-2016_16-33-11-460000",
                    "name": "Moderator",
                    "position": 20,
                    "permissions": 267775190
                },
                "403266285313589250": {
                    "colour": 16777215,
                    "created_at": "17-01-2018_19-16-14-744000",
                    "name": "Abandoned Ones",
                    "position": 13,
                    "permissions": 0
                },
                "403272352223461387": {
                    "colour": 0,
                    "created_at": "17-01-2018_19-40-21-208000",
                    "name": "Members",
                    "position": 12,
                    "permissions": 104187968
                },
                "403266269220175892": {
                    "colour": 1033914,
                    "created_at": "17-01-2018_19-16-10-907000",
                    "name": "Mythical Ones",
                    "position": 16,
                    "permissions": 262208
                },
                "178667818152230912": {
                    "colour": 0,
                    "created_at": "08-05-2016_00-42-07-335000",
                    "name": "@everyone",
                    "position": 0,
                    "permissions": 0
                }
            }
        }
    },
    "display_name": {
        "current": "Espresso Depresso",
        "previous": {}
    },
    "voice": {
        "current": {
            "self_mute": false,
            "server_mute": false,
            "server_deaf": false,
            "channel": {
                "id": null,
                "private": null,
                "name": null
            },
            "is_afk": false,
            "self_deaf": false
        },
        "previous": {}
    },
    "discriminator": {
        "current": "9377",
        "previous": {}
    },
    "joined_at": {
        "current": "18-11-2018_17-20-36-226990",
        "previous": {}
    },
    "game": {
        "current": {
            "url": null,
            "name": null,
            "type": null
        },
        "previous": {}
    },
    "status": {
        "current": "offline",
        "previous": {
            "06-12-2018_17-09-51-137367": "online",
            "06-12-2018_14-37-28-467255": "online",
            "05-12-2018_16-27-33-714312": "online"
        }
    },
    "created_at": "04-09-2017_22-12-38-407000",
    "activity": {
        "2018": {
            "12": {
                "6": {
                    "14": {
                        "403084655550791682": 2,
                        "403084813680115712": 1
                    }
                }
            }
        }
    },
    "bot": false
}