{
    "game": {
        "current": {
            "type": null,
            "url": null,
            "name": null
        },
        "previous": {
            "31-01-2019_23-15-25-764869": {
                "type": 2,
                "url": null,
                "name": "Spotify"
            },
            "23-01-2019_23-06-46-438605": {
                "type": 2,
                "url": null,
                "name": "Spotify"
            },
            "16-01-2019_22-00-47-241502": {
                "type": 2,
                "url": null,
                "name": "Spotify"
            },
            "19-01-2019_23-47-11-591556": {
                "type": 2,
                "url": null,
                "name": "Spotify"
            }
        }
    },
    "display_name": {
        "current": "Blue Eyes White Edna Mode",
        "previous": {
            "31-01-2019_23-15-25-764869": "Blue Eyes White Dragon",
            "23-01-2019_23-06-46-438605": "sicko doggo",
            "10-12-2018_16-02-31-496869": "Double-Ended Dildomon",
            "16-01-2019_20-42-02-533659": "35,796",
            "29-01-2019_23-34-56-773453": "Shreddie Krueger",
            "30-01-2019_14-51-49-215528": "New Video Out Today",
            "10-01-2019_00-18-24-072293": "35,555, Such an emo'tho",
            "16-01-2019_22-00-47-241502": "35,866 - god of sandwiches",
            "17-01-2019_17-37-42-106001": "35,866 - God of Sandwiches",
            "11-01-2019_22-45-11-058689": "such an emo. I need a haircut",
            "13-01-2019_23-58-57-488890": "35,595"
        }
    },
    "colour": {
        "current": 16713728,
        "previous": {}
    },
    "roles": {
        "current": {
            "363695886297071626": {
                "permissions": 541200384,
                "colour": 14747399,
                "name": "Event Managers",
                "position": 19,
                "created_at": "30-09-2017_14-37-36-436000"
            },
            "523917597138354193": {
                "permissions": 0,
                "colour": 16714995,
                "name": "Yeeters",
                "position": 2,
                "created_at": "16-12-2018_17-41-29-076000"
            },
            "373129696960970762": {
                "permissions": 0,
                "colour": 0,
                "name": "Staff",
                "position": 20,
                "created_at": "26-10-2017_15-24-12-170000"
            },
            "178667818152230912": {
                "permissions": 0,
                "colour": 0,
                "name": "@everyone",
                "position": 0,
                "created_at": "08-05-2016_00-42-07-335000"
            },
            "469889716435812353": {
                "permissions": 2146954743,
                "colour": 0,
                "name": "High Council",
                "position": 28,
                "created_at": "20-07-2018_15-33-58-527000"
            },
            "469889632117456896": {
                "permissions": 0,
                "colour": 16713728,
                "name": "Head of Events",
                "position": 21,
                "created_at": "20-07-2018_15-33-38-424000"
            },
            "404068252361162759": {
                "permissions": 0,
                "colour": 10181046,
                "name": "Under Where?",
                "position": 3,
                "created_at": "20-01-2018_00-22-58-588000"
            },
            "403272352223461387": {
                "permissions": 104187968,
                "colour": 0,
                "name": "Members",
                "position": 10,
                "created_at": "17-01-2018_19-40-21-208000"
            },
            "403266285313589250": {
                "permissions": 0,
                "colour": 16777215,
                "name": "Abandoned Ones",
                "position": 11,
                "created_at": "17-01-2018_19-16-14-744000"
            }
        },
        "previous": {
            "16-12-2018_21-52-39-901037": {
                "363695886297071626": {
                    "permissions": 541200384,
                    "colour": 14747399,
                    "name": "Event Managers",
                    "position": 22,
                    "created_at": "30-09-2017_14-37-36-436000"
                },
                "373129696960970762": {
                    "permissions": 0,
                    "colour": 16711680,
                    "name": "Staff",
                    "position": 18,
                    "created_at": "26-10-2017_15-24-12-170000"
                },
                "430760351248809986": {
                    "permissions": 0,
                    "colour": 0,
                    "name": "Current Iteration",
                    "position": 9,
                    "created_at": "03-04-2018_16-07-50-878000"
                },
                "178667818152230912": {
                    "permissions": 0,
                    "colour": 0,
                    "name": "@everyone",
                    "position": 0,
                    "created_at": "08-05-2016_00-42-07-335000"
                },
                "469889716435812353": {
                    "permissions": 8,
                    "colour": 0,
                    "name": "High Council",
                    "position": 30,
                    "created_at": "20-07-2018_15-33-58-527000"
                },
                "469889632117456896": {
                    "permissions": 0,
                    "colour": 16713728,
                    "name": "Head of Events",
                    "position": 23,
                    "created_at": "20-07-2018_15-33-38-424000"
                },
                "404068252361162759": {
                    "permissions": 0,
                    "colour": 0,
                    "name": "Under Where?",
                    "position": 16,
                    "created_at": "20-01-2018_00-22-58-588000"
                },
                "403272352223461387": {
                    "permissions": 104187968,
                    "colour": 0,
                    "name": "Members",
                    "position": 10,
                    "created_at": "17-01-2018_19-40-21-208000"
                },
                "403266285313589250": {
                    "permissions": 0,
                    "colour": 16777215,
                    "name": "Abandoned Ones",
                    "position": 11,
                    "created_at": "17-01-2018_19-16-14-744000"
                }
            },
            "17-01-2019_17-37-42-106001": {
                "363695886297071626": {
                    "permissions": 541200384,
                    "colour": 14747399,
                    "name": "Event Managers",
                    "position": 21,
                    "created_at": "30-09-2017_14-37-36-436000"
                },
                "373129696960970762": {
                    "permissions": 0,
                    "colour": 16711680,
                    "name": "Staff",
                    "position": 17,
                    "created_at": "26-10-2017_15-24-12-170000"
                },
                "430760351248809986": {
                    "permissions": 0,
                    "colour": 0,
                    "name": "Current Iteration",
                    "position": 8,
                    "created_at": "03-04-2018_16-07-50-878000"
                },
                "178667818152230912": {
                    "permissions": 0,
                    "colour": 0,
                    "name": "@everyone",
                    "position": 0,
                    "created_at": "08-05-2016_00-42-07-335000"
                },
                "469889716435812353": {
                    "permissions": 2146954751,
                    "colour": 0,
                    "name": "High Council",
                    "position": 29,
                    "created_at": "20-07-2018_15-33-58-527000"
                },
                "469889632117456896": {
                    "permissions": 0,
                    "colour": 16713728,
                    "name": "Head of Events",
                    "position": 22,
                    "created_at": "20-07-2018_15-33-38-424000"
                },
                "404068252361162759": {
                    "permissions": 0,
                    "colour": 10181046,
                    "name": "Under Where?",
                    "position": 3,
                    "created_at": "20-01-2018_00-22-58-588000"
                },
                "403272352223461387": {
                    "permissions": 104187968,
                    "colour": 0,
                    "name": "Members",
                    "position": 9,
                    "created_at": "17-01-2018_19-40-21-208000"
                },
                "403266285313589250": {
                    "permissions": 0,
                    "colour": 16777215,
                    "name": "Abandoned Ones",
                    "position": 10,
                    "created_at": "17-01-2018_19-16-14-744000"
                }
            },
            "07-12-2018_09-02-35-892853": {
                "363695886297071626": {
                    "permissions": 541200384,
                    "colour": 14747399,
                    "name": "Event Managers",
                    "position": 22,
                    "created_at": "30-09-2017_14-37-36-436000"
                },
                "373129696960970762": {
                    "permissions": 0,
                    "colour": 16711680,
                    "name": "Staff",
                    "position": 18,
                    "created_at": "26-10-2017_15-24-12-170000"
                },
                "430760351248809986": {
                    "permissions": 0,
                    "colour": 0,
                    "name": "Current Iteration",
                    "position": 9,
                    "created_at": "03-04-2018_16-07-50-878000"
                },
                "178667818152230912": {
                    "permissions": 0,
                    "colour": 0,
                    "name": "@everyone",
                    "position": 0,
                    "created_at": "08-05-2016_00-42-07-335000"
                },
                "469889716435812353": {
                    "permissions": 8,
                    "colour": 0,
                    "name": "High Council",
                    "position": 30,
                    "created_at": "20-07-2018_15-33-58-527000"
                },
                "469889632117456896": {
                    "permissions": 0,
                    "colour": 16713728,
                    "name": "Head of Events",
                    "position": 23,
                    "created_at": "20-07-2018_15-33-38-424000"
                },
                "404068252361162759": {
                    "permissions": 0,
                    "colour": 0,
                    "name": "Under Where?",
                    "position": 16,
                    "created_at": "20-01-2018_00-22-58-588000"
                },
                "403272352223461387": {
                    "permissions": 104187968,
                    "colour": 0,
                    "name": "Members",
                    "position": 11,
                    "created_at": "17-01-2018_19-40-21-208000"
                },
                "403266285313589250": {
                    "permissions": 0,
                    "colour": 16777215,
                    "name": "Abandoned Ones",
                    "position": 12,
                    "created_at": "17-01-2018_19-16-14-744000"
                }
            },
            "25-01-2019_18-03-01-080213": {
                "363695886297071626": {
                    "permissions": 541200384,
                    "colour": 14747399,
                    "name": "Event Managers",
                    "position": 21,
                    "created_at": "30-09-2017_14-37-36-436000"
                },
                "523917597138354193": {
                    "permissions": 0,
                    "colour": 16714995,
                    "name": "Yeeters",
                    "position": 2,
                    "created_at": "16-12-2018_17-41-29-076000"
                },
                "373129696960970762": {
                    "permissions": 0,
                    "colour": 16711680,
                    "name": "Staff",
                    "position": 17,
                    "created_at": "26-10-2017_15-24-12-170000"
                },
                "178667818152230912": {
                    "permissions": 0,
                    "colour": 0,
                    "name": "@everyone",
                    "position": 0,
                    "created_at": "08-05-2016_00-42-07-335000"
                },
                "469889716435812353": {
                    "permissions": 2146954743,
                    "colour": 0,
                    "name": "High Council",
                    "position": 29,
                    "created_at": "20-07-2018_15-33-58-527000"
                },
                "469889632117456896": {
                    "permissions": 0,
                    "colour": 16713728,
                    "name": "Head of Events",
                    "position": 22,
                    "created_at": "20-07-2018_15-33-38-424000"
                },
                "404068252361162759": {
                    "permissions": 0,
                    "colour": 10181046,
                    "name": "Under Where?",
                    "position": 3,
                    "created_at": "20-01-2018_00-22-58-588000"
                },
                "403272352223461387": {
                    "permissions": 104187968,
                    "colour": 0,
                    "name": "Members",
                    "position": 11,
                    "created_at": "17-01-2018_19-40-21-208000"
                },
                "403266285313589250": {
                    "permissions": 0,
                    "colour": 16777215,
                    "name": "Abandoned Ones",
                    "position": 12,
                    "created_at": "17-01-2018_19-16-14-744000"
                }
            },
            "25-01-2019_00-26-23-076062": {
                "363695886297071626": {
                    "permissions": 541200384,
                    "colour": 14747399,
                    "name": "Event Managers",
                    "position": 21,
                    "created_at": "30-09-2017_14-37-36-436000"
                },
                "523917597138354193": {
                    "permissions": 0,
                    "colour": 16714995,
                    "name": "Yeeters",
                    "position": 2,
                    "created_at": "16-12-2018_17-41-29-076000"
                },
                "373129696960970762": {
                    "permissions": 0,
                    "colour": 16711680,
                    "name": "Staff",
                    "position": 17,
                    "created_at": "26-10-2017_15-24-12-170000"
                },
                "403272352223461387": {
                    "permissions": 104187968,
                    "colour": 0,
                    "name": "Members",
                    "position": 9,
                    "created_at": "17-01-2018_19-40-21-208000"
                },
                "178667818152230912": {
                    "permissions": 0,
                    "colour": 0,
                    "name": "@everyone",
                    "position": 0,
                    "created_at": "08-05-2016_00-42-07-335000"
                },
                "469889716435812353": {
                    "permissions": 2146954743,
                    "colour": 0,
                    "name": "High Council",
                    "position": 29,
                    "created_at": "20-07-2018_15-33-58-527000"
                },
                "469889632117456896": {
                    "permissions": 0,
                    "colour": 16713728,
                    "name": "Head of Events",
                    "position": 22,
                    "created_at": "20-07-2018_15-33-38-424000"
                },
                "404068252361162759": {
                    "permissions": 0,
                    "colour": 10181046,
                    "name": "Under Where?",
                    "position": 3,
                    "created_at": "20-01-2018_00-22-58-588000"
                },
                "430760351248809986": {
                    "permissions": 0,
                    "colour": 0,
                    "name": "Current Iteration",
                    "position": 8,
                    "created_at": "03-04-2018_16-07-50-878000"
                },
                "403266285313589250": {
                    "permissions": 0,
                    "colour": 16777215,
                    "name": "Abandoned Ones",
                    "position": 10,
                    "created_at": "17-01-2018_19-16-14-744000"
                }
            },
            "10-01-2019_00-18-24-072293": {
                "363695886297071626": {
                    "permissions": 541200384,
                    "colour": 14747399,
                    "name": "Event Managers",
                    "position": 18,
                    "created_at": "30-09-2017_14-37-36-436000"
                },
                "373129696960970762": {
                    "permissions": 0,
                    "colour": 16711680,
                    "name": "Staff",
                    "position": 14,
                    "created_at": "26-10-2017_15-24-12-170000"
                },
                "430760351248809986": {
                    "permissions": 0,
                    "colour": 0,
                    "name": "Current Iteration",
                    "position": 6,
                    "created_at": "03-04-2018_16-07-50-878000"
                },
                "178667818152230912": {
                    "permissions": 0,
                    "colour": 0,
                    "name": "@everyone",
                    "position": 0,
                    "created_at": "08-05-2016_00-42-07-335000"
                },
                "469889716435812353": {
                    "permissions": 8,
                    "colour": 0,
                    "name": "High Council",
                    "position": 26,
                    "created_at": "20-07-2018_15-33-58-527000"
                },
                "469889632117456896": {
                    "permissions": 0,
                    "colour": 16713728,
                    "name": "Head of Events",
                    "position": 19,
                    "created_at": "20-07-2018_15-33-38-424000"
                },
                "404068252361162759": {
                    "permissions": 0,
                    "colour": 0,
                    "name": "Under Where?",
                    "position": 2,
                    "created_at": "20-01-2018_00-22-58-588000"
                },
                "403272352223461387": {
                    "permissions": 104187968,
                    "colour": 0,
                    "name": "Members",
                    "position": 7,
                    "created_at": "17-01-2018_19-40-21-208000"
                },
                "403266285313589250": {
                    "permissions": 0,
                    "colour": 16777215,
                    "name": "Abandoned Ones",
                    "position": 8,
                    "created_at": "17-01-2018_19-16-14-744000"
                }
            },
            "06-12-2018_01-05-49-556858": {
                "363695886297071626": {
                    "permissions": 541200384,
                    "colour": 14747399,
                    "name": "Event Managers",
                    "position": 23,
                    "created_at": "30-09-2017_14-37-36-436000"
                },
                "373129696960970762": {
                    "permissions": 0,
                    "colour": 16711680,
                    "name": "Staff",
                    "position": 19,
                    "created_at": "26-10-2017_15-24-12-170000"
                },
                "430760351248809986": {
                    "permissions": 0,
                    "colour": 0,
                    "name": "Current Iteration",
                    "position": 10,
                    "created_at": "03-04-2018_16-07-50-878000"
                },
                "178667818152230912": {
                    "permissions": 0,
                    "colour": 0,
                    "name": "@everyone",
                    "position": 0,
                    "created_at": "08-05-2016_00-42-07-335000"
                },
                "403266269220175892": {
                    "permissions": 262208,
                    "colour": 1033914,
                    "name": "Mythical Ones",
                    "position": 16,
                    "created_at": "17-01-2018_19-16-10-907000"
                },
                "469889716435812353": {
                    "permissions": 8,
                    "colour": 0,
                    "name": "High Council",
                    "position": 31,
                    "created_at": "20-07-2018_15-33-58-527000"
                },
                "469889632117456896": {
                    "permissions": 0,
                    "colour": 16713728,
                    "name": "Head of Events",
                    "position": 24,
                    "created_at": "20-07-2018_15-33-38-424000"
                },
                "404068252361162759": {
                    "permissions": 0,
                    "colour": 0,
                    "name": "Under Where?",
                    "position": 17,
                    "created_at": "20-01-2018_00-22-58-588000"
                },
                "403272352223461387": {
                    "permissions": 104187968,
                    "colour": 0,
                    "name": "Members",
                    "position": 12,
                    "created_at": "17-01-2018_19-40-21-208000"
                }
            },
            "07-12-2018_07-51-11-182069": {
                "363695886297071626": {
                    "permissions": 541200384,
                    "colour": 14747399,
                    "name": "Event Managers",
                    "position": 22,
                    "created_at": "30-09-2017_14-37-36-436000"
                },
                "373129696960970762": {
                    "permissions": 0,
                    "colour": 16711680,
                    "name": "Staff",
                    "position": 18,
                    "created_at": "26-10-2017_15-24-12-170000"
                },
                "430760351248809986": {
                    "permissions": 0,
                    "colour": 0,
                    "name": "Current Iteration",
                    "position": 9,
                    "created_at": "03-04-2018_16-07-50-878000"
                },
                "178667818152230912": {
                    "permissions": 0,
                    "colour": 0,
                    "name": "@everyone",
                    "position": 0,
                    "created_at": "08-05-2016_00-42-07-335000"
                },
                "403266269220175892": {
                    "permissions": 262208,
                    "colour": 1033914,
                    "name": "Mythical Ones",
                    "position": 15,
                    "created_at": "17-01-2018_19-16-10-907000"
                },
                "469889716435812353": {
                    "permissions": 8,
                    "colour": 0,
                    "name": "High Council",
                    "position": 30,
                    "created_at": "20-07-2018_15-33-58-527000"
                },
                "469889632117456896": {
                    "permissions": 0,
                    "colour": 16713728,
                    "name": "Head of Events",
                    "position": 23,
                    "created_at": "20-07-2018_15-33-38-424000"
                },
                "404068252361162759": {
                    "permissions": 0,
                    "colour": 0,
                    "name": "Under Where?",
                    "position": 16,
                    "created_at": "20-01-2018_00-22-58-588000"
                },
                "403272352223461387": {
                    "permissions": 104187968,
                    "colour": 0,
                    "name": "Members",
                    "position": 11,
                    "created_at": "17-01-2018_19-40-21-208000"
                }
            }
        }
    },
    "name": {
        "current": "HarryBruceTV",
        "previous": {}
    },
    "voice": {
        "current": {
            "self_mute": false,
            "server_mute": false,
            "server_deaf": false,
            "is_afk": false,
            "self_deaf": false,
            "channel": {
                "private": null,
                "id": null,
                "name": null
            }
        },
        "previous": {
            "16-12-2018_21-52-39-901037": {
                "channel": {
                    "private": false,
                    "id": "404217202737283072",
                    "name": "Event Staff"
                },
                "server_mute": false,
                "server_deaf": false,
                "is_afk": false,
                "self_deaf": false,
                "self_mute": false
            },
            "31-01-2019_23-15-25-764869": {
                "channel": {
                    "private": false,
                    "id": "403086522146095104",
                    "name": "Under Where"
                },
                "server_mute": false,
                "server_deaf": false,
                "is_afk": false,
                "self_deaf": true,
                "self_mute": true
            },
            "23-01-2019_23-06-46-438605": {
                "channel": {
                    "private": false,
                    "id": "523902470724911105",
                    "name": "simply-yeet"
                },
                "server_mute": false,
                "server_deaf": false,
                "is_afk": false,
                "self_deaf": false,
                "self_mute": false
            },
            "07-02-2019_22-30-45-401502": {
                "channel": {
                    "private": null,
                    "id": null,
                    "name": null
                },
                "server_mute": false,
                "server_deaf": false,
                "is_afk": false,
                "self_deaf": true,
                "self_mute": true
            },
            "23-01-2019_21-15-24-922386": {
                "channel": {
                    "private": null,
                    "id": null,
                    "name": null
                },
                "server_mute": false,
                "server_deaf": false,
                "is_afk": false,
                "self_deaf": false,
                "self_mute": false
            },
            "10-01-2019_00-18-24-072293": {
                "channel": {
                    "private": false,
                    "id": "523902470724911105",
                    "name": "simply-yeet"
                },
                "server_mute": false,
                "server_deaf": false,
                "is_afk": false,
                "self_deaf": false,
                "self_mute": false
            },
            "16-01-2019_22-00-47-241502": {
                "channel": {
                    "private": false,
                    "id": "523902470724911105",
                    "name": "simply-yeet"
                },
                "server_mute": false,
                "server_deaf": false,
                "is_afk": false,
                "self_deaf": false,
                "self_mute": false
            },
            "17-01-2019_17-37-42-106001": {
                "channel": {
                    "private": false,
                    "id": "523902470724911105",
                    "name": "simply-yeet"
                },
                "server_mute": false,
                "server_deaf": false,
                "is_afk": false,
                "self_deaf": false,
                "self_mute": false
            }
        }
    },
    "status": {
        "current": "online",
        "previous": {
            "06-12-2018_00-25-10-559318": "idle",
            "10-01-2019_00-18-24-072293": "online",
            "16-01-2019_22-00-47-241502": "online",
            "31-01-2019_23-15-25-764869": "online",
            "17-01-2019_17-37-42-106001": "online",
            "23-01-2019_21-15-24-922386": "offline",
            "19-01-2019_23-47-11-591556": "online",
            "19-01-2019_13-47-02-065430": "online",
            "11-12-2018_09-13-26-392726": "online",
            "12-01-2019_01-16-58-662867": "online",
            "06-12-2018_19-01-41-672098": "idle",
            "06-12-2018_17-01-29-984225": "online",
            "07-12-2018_09-02-35-892853": "online",
            "07-02-2019_22-30-45-401502": "idle",
            "13-01-2019_23-58-57-488890": "idle",
            "29-01-2019_23-34-56-773453": "online",
            "30-01-2019_23-45-18-912162": "online",
            "27-01-2019_13-19-36-209606": "online",
            "31-01-2019_19-29-23-149190": "idle",
            "06-12-2018_16-49-44-878444": "offline",
            "10-01-2019_03-36-57-747790": "online",
            "15-01-2019_20-05-24-063373": "online",
            "10-12-2018_16-02-31-496869": "idle",
            "11-01-2019_23-54-44-166805": "idle",
            "11-01-2019_22-45-11-058689": "idle",
            "23-01-2019_23-06-46-438605": "idle",
            "16-12-2018_21-52-39-901037": "idle",
            "30-01-2019_22-01-10-201736": "idle",
            "07-12-2018_19-07-03-633575": "online",
            "07-12-2018_07-42-43-243407": "online",
            "29-01-2019_19-57-05-628849": "offline",
            "30-01-2019_14-51-49-215528": "idle",
            "12-12-2018_11-49-23-541900": "offline",
            "16-01-2019_20-42-02-533659": "idle",
            "06-12-2018_17-09-51-137367": "idle",
            "25-01-2019_00-26-23-076062": "online",
            "08-12-2018_15-44-11-058097": "online",
            "11-01-2019_23-09-28-971572": "idle",
            "05-12-2018_16-27-33-714312": "online",
            "17-12-2018_08-19-13-303562": "online",
            "06-12-2018_01-05-49-556858": "online",
            "13-01-2019_23-57-05-695365": "online",
            "16-12-2018_22-46-26-221531": "idle",
            "13-01-2019_18-58-47-852165": "idle",
            "05-12-2018_23-34-35-600797": "online",
            "25-01-2019_18-03-01-080213": "online",
            "16-01-2019_15-03-07-147943": "offline"
        }
    },
    "discriminator": {
        "current": "1042",
        "previous": {}
    },
    "cookies": {
        "give": {
            "average": 0.0,
            "total_cookies": 0
        },
        "cookie_transfer_quota": 0,
        "active_epochs": 0,
        "total_cookies": 0,
        "active_this_epoch": false,
        "cookies_in_jar": 0,
        "get": {
            "average": 0.0,
            "total_cookies": 0
        },
        "cookie_interest": 0,
        "measured_epochs": 10,
        "current_cookies": 0
    },
    "bans": {
        "current": "not banned",
        "previous": {}
    },
    "activity": {
        "2019": {
            "1": {
                "18": {
                    "2": {
                        "403084763591606273": 1
                    }
                },
                "20": {
                    "13": {
                        "404067128786944002": 1
                    }
                },
                "10": {
                    "1": {
                        "403084655550791682": 2
                    },
                    "0": {
                        "403084854243098634": 1
                    }
                },
                "25": {
                    "4": {
                        "410813767840956416": 1
                    },
                    "0": {
                        "403859489985658880": 2
                    }
                },
                "31": {
                    "23": {
                        "523913649182605330": 1,
                        "403084655550791682": 2,
                        "403084854243098634": 1
                    }
                },
                "24": {
                    "0": {
                        "523913649182605330": 1
                    }
                },
                "19": {
                    "17": {
                        "404067128786944002": 2
                    }
                },
                "30": {
                    "17": {
                        "403859489985658880": 1
                    },
                    "13": {
                        "404067128786944002": 1
                    }
                },
                "16": {
                    "19": {
                        "403084763591606273": 3
                    },
                    "22": {
                        "532712820454719492": 10,
                        "404067128786944002": 1
                    },
                    "20": {
                        "403084763591606273": 1
                    },
                    "23": {
                        "532712820454719492": 9
                    }
                },
                "23": {
                    "23": {
                        "403084790401728512": 2
                    }
                },
                "27": {
                    "13": {
                        "404067128786944002": 1
                    }
                }
            },
            "2": {
                "1": {
                    "0": {
                        "403084655550791682": 14
                    },
                    "20": {
                        "523913649182605330": 5,
                        "403086645437661186": 1
                    },
                    "2": {
                        "403084655550791682": 11,
                        "404067128786944002": 3
                    },
                    "1": {
                        "403859489985658880": 5
                    }
                },
                "3": {
                    "1": {
                        "403086550851911681": 1
                    },
                    "13": {
                        "404067128786944002": 1
                    },
                    "22": {
                        "403084655550791682": 3
                    }
                }
            }
        }
    },
    "joined_at": {
        "current": "17-01-2018_10-10-50-119000",
        "previous": {}
    },
    "id": "140484622034272256",
    "bot": false,
    "created_at": "23-01-2016_15-55-43-971000"
}