{
    "display_name": {
        "current": "Dunce Witch",
        "previous": {
            "30-01-2019_22-01-10-201736": "Dinkimus Prime",
            "31-01-2019_23-15-25-764869": "Dry Bones"
        }
    },
    "colour": {
        "current": 15632622,
        "previous": {}
    },
    "created_at": "08-03-2016_20-33-58-292000",
    "joined_at": {
        "current": "08-05-2016_00-42-07-338000",
        "previous": {}
    },
    "name": {
        "current": "Lechaim",
        "previous": {}
    },
    "voice": {
        "current": {
            "channel": {
                "private": null,
                "id": null,
                "name": null
            },
            "server_mute": false,
            "server_deaf": false,
            "is_afk": false,
            "self_deaf": false,
            "self_mute": false
        },
        "previous": {
            "31-01-2019_23-15-25-764869": {
                "channel": {
                    "private": false,
                    "id": "403283673647939595",
                    "name": "General"
                },
                "server_mute": false,
                "server_deaf": false,
                "is_afk": false,
                "self_deaf": false,
                "self_mute": false
            }
        }
    },
    "status": {
        "current": "offline",
        "previous": {
            "30-01-2019_23-45-18-912162": "online",
            "30-01-2019_22-01-10-201736": "offline",
            "31-01-2019_19-29-23-149190": "idle",
            "31-01-2019_23-15-25-764869": "online"
        }
    },
    "discriminator": {
        "current": "7744",
        "previous": {}
    },
    "cookies": {
        "give": {
            "average": 0.0,
            "total_cookies": 0
        },
        "active_epochs": 0,
        "get": {
            "average": 0.0,
            "total_cookies": 0
        },
        "total_cookies": 0,
        "active_this_epoch": false,
        "cookies_in_jar": 0,
        "cookie_transfer_quota": 0,
        "cookie_interest": 0,
        "measured_epochs": 1,
        "current_cookies": 0
    },
    "bans": {
        "current": "not banned",
        "previous": {}
    },
    "activity": {
        "2019": {
            "1": {
                "30": {
                    "5": {
                        "403086614600876032": 9
                    }
                },
                "31": {
                    "19": {
                        "403084655550791682": 24
                    },
                    "20": {
                        "403084655550791682": 1
                    },
                    "23": {
                        "403084655550791682": 37
                    }
                }
            },
            "2": {
                "5": {
                    "4": {
                        "403084655550791682": 20
                    },
                    "1": {
                        "403084655550791682": 6
                    },
                    "16": {
                        "404067128786944002": 1
                    }
                },
                "2": {
                    "19": {
                        "403086550851911681": 6
                    }
                },
                "3": {
                    "0": {
                        "403084655550791682": 1
                    },
                    "23": {
                        "403084655550791682": 2
                    }
                },
                "1": {
                    "18": {
                        "403084655550791682": 1
                    },
                    "20": {
                        "523913649182605330": 6,
                        "403084655550791682": 2
                    },
                    "2": {
                        "540692422573948992": 2,
                        "403084655550791682": 15
                    },
                    "1": {
                        "403859489985658880": 13,
                        "403084655550791682": 1
                    },
                    "19": {
                        "403086550851911681": 1,
                        "403084655550791682": 10
                    },
                    "0": {
                        "523913649182605330": 7,
                        "403084655550791682": 32
                    }
                },
                "4": {
                    "1": {
                        "403086550851911681": 1
                    }
                },
                "6": {
                    "1": {
                        "403084655550791682": 1
                    }
                }
            }
        }
    },
    "roles": {
        "current": {
            "523917597138354193": {
                "position": 2,
                "colour": 16714995,
                "created_at": "16-12-2018_17-41-29-076000",
                "permissions": 0,
                "name": "Yeeters"
            },
            "187986584686166017": {
                "position": 26,
                "colour": 15632622,
                "created_at": "02-06-2016_17-51-34-411000",
                "permissions": 1610079487,
                "name": "Head of Community Relations"
            },
            "178667818152230912": {
                "position": 0,
                "colour": 0,
                "created_at": "08-05-2016_00-42-07-335000",
                "permissions": 0,
                "name": "@everyone"
            },
            "403272352223461387": {
                "position": 10,
                "colour": 0,
                "created_at": "17-01-2018_19-40-21-208000",
                "permissions": 104187968,
                "name": "Members"
            },
            "373129696960970762": {
                "position": 20,
                "colour": 0,
                "created_at": "26-10-2017_15-24-12-170000",
                "permissions": 0,
                "name": "Staff"
            },
            "469889716435812353": {
                "position": 28,
                "colour": 0,
                "created_at": "20-07-2018_15-33-58-527000",
                "permissions": 2146954743,
                "name": "High Council"
            },
            "400699163026653184": {
                "position": 18,
                "colour": 16728548,
                "created_at": "10-01-2018_17-15-25-096000",
                "permissions": 1342308369,
                "name": "Community Managers"
            },
            "403266285313589250": {
                "position": 11,
                "colour": 16777215,
                "created_at": "17-01-2018_19-16-14-744000",
                "permissions": 0,
                "name": "Abandoned Ones"
            }
        },
        "previous": {}
    },
    "id": "156862097043619840",
    "bot": false,
    "game": {
        "current": {
            "type": null,
            "url": null,
            "name": null
        },
        "previous": {}
    }
}