{
    "display_name": {
        "current": "master morgan",
        "previous": {}
    },
    "colour": {
        "current": 16777215,
        "previous": {
            "07-02-2019_22-30-45-401502": 0
        }
    },
    "created_at": "06-12-2016_17-56-26-058000",
    "roles": {
        "current": {
            "178667818152230912": {
                "position": 0,
                "colour": 0,
                "created_at": "08-05-2016_00-42-07-335000",
                "permissions": 0,
                "name": "@everyone"
            },
            "403266285313589250": {
                "position": 11,
                "colour": 16777215,
                "created_at": "17-01-2018_19-16-14-744000",
                "permissions": 0,
                "name": "Abandoned Ones"
            }
        },
        "previous": {
            "07-02-2019_22-30-45-401502": {
                "178667818152230912": {
                    "permissions": 0,
                    "colour": 0,
                    "name": "@everyone",
                    "position": 0,
                    "created_at": "08-05-2016_00-42-07-335000"
                }
            }
        }
    },
    "name": {
        "current": "master morgan",
        "previous": {}
    },
    "voice": {
        "current": {
            "self_mute": false,
            "server_mute": false,
            "server_deaf": false,
            "is_afk": false,
            "self_deaf": false,
            "channel": {
                "private": null,
                "id": null,
                "name": null
            }
        },
        "previous": {}
    },
    "status": {
        "current": "offline",
        "previous": {}
    },
    "discriminator": {
        "current": "3586",
        "previous": {}
    },
    "cookies": {
        "give": {
            "average": 0,
            "total_cookies": 0
        },
        "active_epochs": 0,
        "total_cookies": 0,
        "get": {
            "average": 0,
            "total_cookies": 0
        },
        "cookies_in_jar": 0,
        "cookie_transfer_quota": 0,
        "cookie_interest": 0,
        "active_this_epoch": false,
        "measured_epochs": 0,
        "current_cookies": 0
    },
    "bans": {
        "current": "not banned",
        "previous": {}
    },
    "activity": {},
    "joined_at": {
        "current": "07-02-2019_18-56-06-099137",
        "previous": {}
    },
    "id": "255754338809544705",
    "bot": false,
    "game": {
        "current": {
            "type": null,
            "url": null,
            "name": null
        },
        "previous": {}
    }
}