{
    "display_name": {
        "current": "CAH",
        "previous": {}
    },
    "colour": {
        "current": 16777215,
        "previous": {
            "25-01-2019_00-26-23-076062": 13079310,
            "10-01-2019_00-18-24-072293": 7506394,
            "07-12-2018_19-07-03-633575": 16777215,
            "07-12-2018_09-02-35-892853": 7506394
        }
    },
    "created_at": "29-12-2016_16-39-14-266000",
    "joined_at": {
        "current": "24-10-2018_20-21-54-146319",
        "previous": {}
    },
    "name": {
        "current": "Smith",
        "previous": {}
    },
    "voice": {
        "current": {
            "channel": {
                "private": null,
                "id": null,
                "name": null
            },
            "server_mute": false,
            "server_deaf": false,
            "is_afk": false,
            "self_deaf": false,
            "self_mute": false
        },
        "previous": {}
    },
    "status": {
        "current": "offline",
        "previous": {}
    },
    "discriminator": {
        "current": "4288",
        "previous": {}
    },
    "cookies": {
        "give": {
            "average": 0.0,
            "total_cookies": 0
        },
        "active_epochs": 0,
        "get": {
            "average": 0.0,
            "total_cookies": 0
        },
        "total_cookies": 0,
        "active_this_epoch": false,
        "cookies_in_jar": 0,
        "cookie_transfer_quota": 0,
        "cookie_interest": 0,
        "measured_epochs": 3,
        "current_cookies": 0
    },
    "bans": {
        "current": "not banned",
        "previous": {}
    },
    "activity": {},
    "roles": {
        "current": {
            "504751410785812510": {
                "position": 6,
                "colour": 0,
                "created_at": "24-10-2018_20-21-54-159000",
                "permissions": 470080,
                "name": "CAH"
            },
            "178667818152230912": {
                "position": 0,
                "colour": 0,
                "created_at": "08-05-2016_00-42-07-335000",
                "permissions": 0,
                "name": "@everyone"
            },
            "403239438802485259": {
                "position": 8,
                "colour": 13079310,
                "created_at": "17-01-2018_17-29-34-037000",
                "permissions": 0,
                "name": "Bots"
            },
            "403266285313589250": {
                "position": 11,
                "colour": 16777215,
                "created_at": "17-01-2018_19-16-14-744000",
                "permissions": 0,
                "name": "Abandoned Ones"
            }
        },
        "previous": {
            "16-12-2018_21-52-39-901037": {
                "504751410785812510": {
                    "position": 1,
                    "colour": 0,
                    "created_at": "24-10-2018_20-21-54-159000",
                    "permissions": 470080,
                    "name": "CAH"
                },
                "178667818152230912": {
                    "position": 0,
                    "colour": 0,
                    "created_at": "08-05-2016_00-42-07-335000",
                    "permissions": 0,
                    "name": "@everyone"
                },
                "403239438802485259": {
                    "position": 12,
                    "colour": 7506394,
                    "created_at": "17-01-2018_17-29-34-037000",
                    "permissions": 7168,
                    "name": "Bots"
                },
                "403266285313589250": {
                    "position": 11,
                    "colour": 16777215,
                    "created_at": "17-01-2018_19-16-14-744000",
                    "permissions": 0,
                    "name": "Abandoned Ones"
                }
            },
            "17-01-2019_17-37-42-106001": {
                "504751410785812510": {
                    "position": 5,
                    "colour": 0,
                    "created_at": "24-10-2018_20-21-54-159000",
                    "permissions": 470080,
                    "name": "CAH"
                },
                "178667818152230912": {
                    "position": 0,
                    "colour": 0,
                    "created_at": "08-05-2016_00-42-07-335000",
                    "permissions": 0,
                    "name": "@everyone"
                },
                "403239438802485259": {
                    "position": 10,
                    "colour": 13079310,
                    "created_at": "17-01-2018_17-29-34-037000",
                    "permissions": 0,
                    "name": "Bots"
                },
                "403266285313589250": {
                    "position": 9,
                    "colour": 16777215,
                    "created_at": "17-01-2018_19-16-14-744000",
                    "permissions": 0,
                    "name": "Abandoned Ones"
                }
            },
            "07-12-2018_09-02-35-892853": {
                "504751410785812510": {
                    "position": 1,
                    "colour": 0,
                    "created_at": "24-10-2018_20-21-54-159000",
                    "permissions": 470080,
                    "name": "CAH"
                },
                "178667818152230912": {
                    "position": 0,
                    "colour": 0,
                    "created_at": "08-05-2016_00-42-07-335000",
                    "permissions": 0,
                    "name": "@everyone"
                },
                "403239438802485259": {
                    "position": 10,
                    "colour": 7506394,
                    "created_at": "17-01-2018_17-29-34-037000",
                    "permissions": 7168,
                    "name": "Bots"
                },
                "403266285313589250": {
                    "position": 12,
                    "colour": 16777215,
                    "created_at": "17-01-2018_19-16-14-744000",
                    "permissions": 0,
                    "name": "Abandoned Ones"
                }
            },
            "25-01-2019_00-26-23-076062": {
                "504751410785812510": {
                    "position": 6,
                    "colour": 0,
                    "created_at": "24-10-2018_20-21-54-159000",
                    "permissions": 470080,
                    "name": "CAH"
                },
                "178667818152230912": {
                    "position": 0,
                    "colour": 0,
                    "created_at": "08-05-2016_00-42-07-335000",
                    "permissions": 0,
                    "name": "@everyone"
                },
                "403239438802485259": {
                    "position": 11,
                    "colour": 13079310,
                    "created_at": "17-01-2018_17-29-34-037000",
                    "permissions": 0,
                    "name": "Bots"
                },
                "403266285313589250": {
                    "position": 10,
                    "colour": 16777215,
                    "created_at": "17-01-2018_19-16-14-744000",
                    "permissions": 0,
                    "name": "Abandoned Ones"
                }
            },
            "25-01-2019_18-03-01-080213": {
                "504751410785812510": {
                    "position": 6,
                    "colour": 0,
                    "created_at": "24-10-2018_20-21-54-159000",
                    "permissions": 470080,
                    "name": "CAH"
                },
                "178667818152230912": {
                    "position": 0,
                    "colour": 0,
                    "created_at": "08-05-2016_00-42-07-335000",
                    "permissions": 0,
                    "name": "@everyone"
                },
                "403239438802485259": {
                    "position": 9,
                    "colour": 13079310,
                    "created_at": "17-01-2018_17-29-34-037000",
                    "permissions": 0,
                    "name": "Bots"
                },
                "403266285313589250": {
                    "position": 12,
                    "colour": 16777215,
                    "created_at": "17-01-2018_19-16-14-744000",
                    "permissions": 0,
                    "name": "Abandoned Ones"
                }
            },
            "10-01-2019_00-18-24-072293": {
                "504751410785812510": {
                    "position": 3,
                    "colour": 0,
                    "created_at": "24-10-2018_20-21-54-159000",
                    "permissions": 470080,
                    "name": "CAH"
                },
                "178667818152230912": {
                    "position": 0,
                    "colour": 0,
                    "created_at": "08-05-2016_00-42-07-335000",
                    "permissions": 0,
                    "name": "@everyone"
                },
                "403239438802485259": {
                    "position": 9,
                    "colour": 7506394,
                    "created_at": "17-01-2018_17-29-34-037000",
                    "permissions": 7168,
                    "name": "Bots"
                },
                "403266285313589250": {
                    "position": 8,
                    "colour": 16777215,
                    "created_at": "17-01-2018_19-16-14-744000",
                    "permissions": 0,
                    "name": "Abandoned Ones"
                }
            },
            "06-12-2018_01-05-49-556858": {
                "504751410785812510": {
                    "position": 2,
                    "colour": 0,
                    "created_at": "24-10-2018_20-21-54-159000",
                    "permissions": 470080,
                    "name": "CAH"
                },
                "178667818152230912": {
                    "position": 0,
                    "colour": 0,
                    "created_at": "08-05-2016_00-42-07-335000",
                    "permissions": 0,
                    "name": "@everyone"
                },
                "403239438802485259": {
                    "position": 11,
                    "colour": 7506394,
                    "created_at": "17-01-2018_17-29-34-037000",
                    "permissions": 7168,
                    "name": "Bots"
                }
            }
        }
    },
    "id": "264069832574500866",
    "bot": true,
    "game": {
        "current": {
            "type": null,
            "url": null,
            "name": null
        },
        "previous": {}
    }
}