{
    "display_name": {
        "current": "Krissu",
        "previous": {
            "10-01-2019_00-18-24-072293": "Fuwa Fuwa Chiisai Bitch Desu"
        }
    },
    "colour": {
        "current": 1033914,
        "previous": {
            "31-01-2019_23-15-25-764869": 0,
            "17-01-2019_17-37-42-106001": 16711680,
            "07-12-2018_07-51-11-182069": 1033914,
            "07-12-2018_09-02-35-892853": 0
        }
    },
    "created_at": "03-02-2017_16-26-04-711000",
    "joined_at": {
        "current": "09-01-2019_21-54-32-402938",
        "previous": {
            "10-01-2019_00-18-24-072293": "28-02-2018_12-04-52-478371"
        }
    },
    "name": {
        "current": "Krissu",
        "previous": {
            "10-01-2019_00-18-24-072293": "Huggles"
        }
    },
    "voice": {
        "current": {
            "channel": {
                "private": null,
                "id": null,
                "name": null
            },
            "server_mute": false,
            "server_deaf": false,
            "is_afk": false,
            "self_deaf": false,
            "self_mute": false
        },
        "previous": {}
    },
    "status": {
        "current": "offline",
        "previous": {}
    },
    "discriminator": {
        "current": "2246",
        "previous": {}
    },
    "cookies": {
        "give": {
            "average": 0.2,
            "total_cookies": 2
        },
        "active_epochs": 1,
        "get": {
            "average": 0.1,
            "total_cookies": 1
        },
        "active_this_epoch": false,
        "cookies_in_jar": 0,
        "cookie_transfer_quota": 0,
        "cookie_interest": 0,
        "current_cookies": 1,
        "measured_epochs": 10,
        "total_cookies": 1
    },
    "bans": {
        "current": "not banned",
        "previous": {}
    },
    "activity": {
        "2019": {
            "1": {
                "16": {
                    "15": {
                        "403084655550791682": 6
                    }
                },
                "25": {
                    "14": {
                        "403084655550791682": 1
                    }
                },
                "31": {
                    "19": {
                        "403084790401728512": 1
                    }
                },
                "17": {
                    "1": {
                        "403084655550791682": 1
                    },
                    "2": {
                        "403084655550791682": 43
                    },
                    "12": {
                        "403084655550791682": 1
                    }
                },
                "19": {
                    "22": {
                        "403084655550791682": 1
                    },
                    "23": {
                        "403084655550791682": 20
                    }
                },
                "12": {
                    "1": {
                        "403084655550791682": 11
                    }
                },
                "15": {
                    "22": {
                        "403084655550791682": 3
                    }
                }
            },
            "2": {
                "5": {
                    "8": {
                        "403084655550791682": 1
                    }
                },
                "3": {
                    "13": {
                        "403084655550791682": 1
                    }
                },
                "1": {
                    "19": {
                        "403084655550791682": 15
                    },
                    "0": {
                        "403084655550791682": 3
                    },
                    "20": {
                        "403084655550791682": 4
                    },
                    "16": {
                        "403084655550791682": 8
                    }
                }
            }
        }
    },
    "roles": {
        "current": {
            "403266269220175892": {
                "position": 14,
                "colour": 1033914,
                "created_at": "17-01-2018_19-16-10-907000",
                "permissions": 262208,
                "name": "Mythical Ones"
            },
            "178667818152230912": {
                "position": 0,
                "colour": 0,
                "created_at": "08-05-2016_00-42-07-335000",
                "permissions": 0,
                "name": "@everyone"
            },
            "403272352223461387": {
                "position": 10,
                "colour": 0,
                "created_at": "17-01-2018_19-40-21-208000",
                "permissions": 104187968,
                "name": "Members"
            }
        },
        "previous": {
            "16-12-2018_21-52-39-901037": {
                "178667818152230912": {
                    "permissions": 0,
                    "colour": 0,
                    "name": "@everyone",
                    "position": 0,
                    "created_at": "08-05-2016_00-42-07-335000"
                },
                "430760351248809986": {
                    "permissions": 0,
                    "colour": 0,
                    "name": "Current Iteration",
                    "position": 9,
                    "created_at": "03-04-2018_16-07-50-878000"
                },
                "403272352223461387": {
                    "permissions": 104187968,
                    "colour": 0,
                    "name": "Members",
                    "position": 10,
                    "created_at": "17-01-2018_19-40-21-208000"
                },
                "403266285313589250": {
                    "permissions": 0,
                    "colour": 16777215,
                    "name": "Abandoned Ones",
                    "position": 11,
                    "created_at": "17-01-2018_19-16-14-744000"
                }
            },
            "31-01-2019_23-15-25-764869": {
                "403266269220175892": {
                    "permissions": 262208,
                    "colour": 1033914,
                    "name": "Mythical Ones",
                    "position": 14,
                    "created_at": "17-01-2018_19-16-10-907000"
                },
                "178667818152230912": {
                    "permissions": 0,
                    "colour": 0,
                    "name": "@everyone",
                    "position": 0,
                    "created_at": "08-05-2016_00-42-07-335000"
                },
                "403272352223461387": {
                    "permissions": 104187968,
                    "colour": 0,
                    "name": "Members",
                    "position": 10,
                    "created_at": "17-01-2018_19-40-21-208000"
                },
                "403266285313589250": {
                    "permissions": 0,
                    "colour": 16777215,
                    "name": "Abandoned Ones",
                    "position": 11,
                    "created_at": "17-01-2018_19-16-14-744000"
                }
            },
            "17-01-2019_17-37-42-106001": {
                "373129696960970762": {
                    "permissions": 0,
                    "colour": 16711680,
                    "name": "Staff",
                    "position": 17,
                    "created_at": "26-10-2017_15-24-12-170000"
                },
                "178667818152230912": {
                    "permissions": 0,
                    "colour": 0,
                    "name": "@everyone",
                    "position": 0,
                    "created_at": "08-05-2016_00-42-07-335000"
                },
                "430760351248809986": {
                    "permissions": 0,
                    "colour": 0,
                    "name": "Current Iteration",
                    "position": 8,
                    "created_at": "03-04-2018_16-07-50-878000"
                },
                "403272352223461387": {
                    "permissions": 104187968,
                    "colour": 0,
                    "name": "Members",
                    "position": 9,
                    "created_at": "17-01-2018_19-40-21-208000"
                },
                "403266285313589250": {
                    "permissions": 0,
                    "colour": 16777215,
                    "name": "Abandoned Ones",
                    "position": 10,
                    "created_at": "17-01-2018_19-16-14-744000"
                }
            },
            "07-12-2018_09-02-35-892853": {
                "178667818152230912": {
                    "permissions": 0,
                    "colour": 0,
                    "name": "@everyone",
                    "position": 0,
                    "created_at": "08-05-2016_00-42-07-335000"
                },
                "430760351248809986": {
                    "permissions": 0,
                    "colour": 0,
                    "name": "Current Iteration",
                    "position": 9,
                    "created_at": "03-04-2018_16-07-50-878000"
                },
                "403272352223461387": {
                    "permissions": 104187968,
                    "colour": 0,
                    "name": "Members",
                    "position": 11,
                    "created_at": "17-01-2018_19-40-21-208000"
                },
                "403266285313589250": {
                    "permissions": 0,
                    "colour": 16777215,
                    "name": "Abandoned Ones",
                    "position": 12,
                    "created_at": "17-01-2018_19-16-14-744000"
                }
            },
            "25-01-2019_00-26-23-076062": {
                "178667818152230912": {
                    "permissions": 0,
                    "colour": 0,
                    "name": "@everyone",
                    "position": 0,
                    "created_at": "08-05-2016_00-42-07-335000"
                },
                "430760351248809986": {
                    "permissions": 0,
                    "colour": 0,
                    "name": "Current Iteration",
                    "position": 8,
                    "created_at": "03-04-2018_16-07-50-878000"
                },
                "403272352223461387": {
                    "permissions": 104187968,
                    "colour": 0,
                    "name": "Members",
                    "position": 9,
                    "created_at": "17-01-2018_19-40-21-208000"
                },
                "403266285313589250": {
                    "permissions": 0,
                    "colour": 16777215,
                    "name": "Abandoned Ones",
                    "position": 10,
                    "created_at": "17-01-2018_19-16-14-744000"
                }
            },
            "25-01-2019_18-03-01-080213": {
                "178667818152230912": {
                    "permissions": 0,
                    "colour": 0,
                    "name": "@everyone",
                    "position": 0,
                    "created_at": "08-05-2016_00-42-07-335000"
                },
                "403272352223461387": {
                    "permissions": 104187968,
                    "colour": 0,
                    "name": "Members",
                    "position": 11,
                    "created_at": "17-01-2018_19-40-21-208000"
                },
                "403266285313589250": {
                    "permissions": 0,
                    "colour": 16777215,
                    "name": "Abandoned Ones",
                    "position": 12,
                    "created_at": "17-01-2018_19-16-14-744000"
                }
            },
            "10-01-2019_00-18-24-072293": {
                "178667818152230912": {
                    "permissions": 0,
                    "colour": 0,
                    "name": "@everyone",
                    "position": 0,
                    "created_at": "08-05-2016_00-42-07-335000"
                },
                "430760351248809986": {
                    "permissions": 0,
                    "colour": 0,
                    "name": "Current Iteration",
                    "position": 6,
                    "created_at": "03-04-2018_16-07-50-878000"
                },
                "403272352223461387": {
                    "permissions": 104187968,
                    "colour": 0,
                    "name": "Members",
                    "position": 7,
                    "created_at": "17-01-2018_19-40-21-208000"
                },
                "403266285313589250": {
                    "permissions": 0,
                    "colour": 16777215,
                    "name": "Abandoned Ones",
                    "position": 8,
                    "created_at": "17-01-2018_19-16-14-744000"
                }
            },
            "06-12-2018_01-05-49-556858": {
                "403266269220175892": {
                    "permissions": 262208,
                    "colour": 1033914,
                    "name": "Mythical Ones",
                    "position": 16,
                    "created_at": "17-01-2018_19-16-10-907000"
                },
                "178667818152230912": {
                    "permissions": 0,
                    "colour": 0,
                    "name": "@everyone",
                    "position": 0,
                    "created_at": "08-05-2016_00-42-07-335000"
                },
                "403272352223461387": {
                    "permissions": 104187968,
                    "colour": 0,
                    "name": "Members",
                    "position": 12,
                    "created_at": "17-01-2018_19-40-21-208000"
                },
                "430760351248809986": {
                    "permissions": 0,
                    "colour": 0,
                    "name": "Current Iteration",
                    "position": 10,
                    "created_at": "03-04-2018_16-07-50-878000"
                }
            },
            "07-12-2018_07-51-11-182069": {
                "403266269220175892": {
                    "permissions": 262208,
                    "colour": 1033914,
                    "name": "Mythical Ones",
                    "position": 15,
                    "created_at": "17-01-2018_19-16-10-907000"
                },
                "178667818152230912": {
                    "permissions": 0,
                    "colour": 0,
                    "name": "@everyone",
                    "position": 0,
                    "created_at": "08-05-2016_00-42-07-335000"
                },
                "403272352223461387": {
                    "permissions": 104187968,
                    "colour": 0,
                    "name": "Members",
                    "position": 11,
                    "created_at": "17-01-2018_19-40-21-208000"
                },
                "430760351248809986": {
                    "permissions": 0,
                    "colour": 0,
                    "name": "Current Iteration",
                    "position": 9,
                    "created_at": "03-04-2018_16-07-50-878000"
                }
            }
        }
    },
    "id": "277112484102406145",
    "bot": false,
    "game": {
        "current": {
            "type": null,
            "url": null,
            "name": null
        },
        "previous": {}
    }
}