{
    "display_name": {
        "current": "Ely",
        "previous": {}
    },
    "colour": {
        "current": 16777215,
        "previous": {
            "25-01-2019_00-26-23-076062": 13079310,
            "10-01-2019_00-18-24-072293": 10181046
        }
    },
    "created_at": "21-06-2017_13-33-13-742000",
    "joined_at": {
        "current": "17-01-2018_14-07-03-149000",
        "previous": {}
    },
    "name": {
        "current": "Ely",
        "previous": {}
    },
    "voice": {
        "current": {
            "channel": {
                "private": null,
                "id": null,
                "name": null
            },
            "server_mute": false,
            "server_deaf": false,
            "is_afk": false,
            "self_deaf": false,
            "self_mute": false
        },
        "previous": {}
    },
    "status": {
        "current": "online",
        "previous": {}
    },
    "discriminator": {
        "current": "3141",
        "previous": {}
    },
    "cookies": {
        "give": {
            "average": 0.0,
            "total_cookies": 0
        },
        "active_epochs": 0,
        "get": {
            "average": 0.0,
            "total_cookies": 0
        },
        "total_cookies": 0,
        "active_this_epoch": false,
        "cookies_in_jar": 0,
        "cookie_transfer_quota": 0,
        "cookie_interest": 0,
        "measured_epochs": 3,
        "current_cookies": 0
    },
    "bans": {
        "current": "not banned",
        "previous": {}
    },
    "activity": {
        "2018": {
            "12": {
                "5": {
                    "17": {
                        "403086614600876032": 17,
                        "403086645437661186": 7
                    },
                    "22": {
                        "403086614600876032": 11,
                        "403086645437661186": 9
                    },
                    "16": {
                        "403086614600876032": 56,
                        "403086645437661186": 43
                    },
                    "15": {
                        "403086614600876032": 52,
                        "403086645437661186": 28
                    }
                },
                "7": {
                    "19": {
                        "403086614600876032": 5,
                        "403086645437661186": 2
                    },
                    "8": {
                        "403086614600876032": 24,
                        "403086645437661186": 18
                    },
                    "9": {
                        "403086614600876032": 16,
                        "403086645437661186": 14
                    }
                },
                "11": {
                    "16": {
                        "403086614600876032": 65,
                        "403086691646046209": 2,
                        "403119788370690048": 2,
                        "403086645437661186": 17
                    }
                },
                "16": {
                    "22": {
                        "403086645437661186": 4
                    }
                },
                "9": {
                    "0": {
                        "403089470091427860": 1
                    }
                },
                "6": {
                    "17": {
                        "403086614600876032": 4,
                        "403086645437661186": 6
                    },
                    "0": {
                        "403086614600876032": 4,
                        "403086645437661186": 4
                    },
                    "21": {
                        "403086614600876032": 4,
                        "403086645437661186": 4
                    },
                    "16": {
                        "403086614600876032": 7,
                        "403086645437661186": 14
                    }
                }
            }
        },
        "2019": {
            "1": {
                "20": {
                    "18": {
                        "403086645437661186": 4
                    },
                    "13": {
                        "403086645437661186": 4
                    },
                    "2": {
                        "403086645437661186": 4
                    }
                },
                "13": {
                    "1": {
                        "523913649182605330": 1,
                        "403086645437661186": 9
                    },
                    "20": {
                        "403086645437661186": 4
                    },
                    "7": {
                        "403086645437661186": 4
                    },
                    "2": {
                        "403086645437661186": 4
                    },
                    "19": {
                        "403086645437661186": 6
                    },
                    "0": {
                        "403086645437661186": 8
                    },
                    "23": {
                        "403086614600876032": 2,
                        "403084655550791682": 3,
                        "403086645437661186": 42
                    },
                    "8": {
                        "403086614600876032": 4,
                        "403086645437661186": 1
                    }
                },
                "16": {
                    "19": {
                        "403086645437661186": 4
                    },
                    "2": {
                        "403086645437661186": 4
                    },
                    "15": {
                        "403086645437661186": 4
                    }
                },
                "14": {
                    "20": {
                        "403086645437661186": 8
                    },
                    "2": {
                        "403086645437661186": 4
                    },
                    "0": {
                        "403086614600876032": 7,
                        "403086645437661186": 17
                    },
                    "19": {
                        "403086645437661186": 4
                    },
                    "22": {
                        "403086614600876032": 6,
                        "403086645437661186": 22
                    },
                    "21": {
                        "403086645437661186": 8
                    },
                    "12": {
                        "403086645437661186": 4
                    },
                    "23": {
                        "403086645437661186": 16
                    }
                },
                "12": {
                    "1": {
                        "403086645437661186": 8
                    },
                    "16": {
                        "403086645437661186": 4
                    },
                    "0": {
                        "403086645437661186": 80
                    }
                },
                "15": {
                    "21": {
                        "403086645437661186": 4
                    },
                    "0": {
                        "403086645437661186": 4
                    }
                },
                "18": {
                    "1": {
                        "403086645437661186": 49
                    },
                    "20": {
                        "403086645437661186": 8
                    },
                    "2": {
                        "403086645437661186": 2
                    },
                    "21": {
                        "403086645437661186": 140
                    },
                    "3": {
                        "403086645437661186": 4
                    },
                    "0": {
                        "403086645437661186": 10
                    },
                    "19": {
                        "403086645437661186": 10
                    },
                    "22": {
                        "403086645437661186": 32
                    },
                    "23": {
                        "403086645437661186": 94
                    },
                    "6": {
                        "403086645437661186": 4
                    }
                },
                "24": {
                    "1": {
                        "403086645437661186": 14
                    },
                    "0": {
                        "403086645437661186": 12
                    }
                },
                "10": {
                    "18": {
                        "403086614600876032": 5,
                        "403086645437661186": 6
                    },
                    "20": {
                        "403086645437661186": 4
                    },
                    "3": {
                        "403086645437661186": 4
                    },
                    "1": {
                        "403086645437661186": 2
                    },
                    "14": {
                        "403086645437661186": 4
                    },
                    "0": {
                        "403086614600876032": 3,
                        "403086645437661186": 69
                    }
                },
                "25": {
                    "1": {
                        "403086645437661186": 2
                    },
                    "9": {
                        "403089512512880640": 1
                    }
                },
                "31": {
                    "2": {
                        "403086645437661186": 4
                    },
                    "19": {
                        "403086645437661186": 8
                    },
                    "0": {
                        "403086645437661186": 4
                    },
                    "23": {
                        "403086645437661186": 66,
                        "403084655550791682": 4
                    },
                    "1": {
                        "403086645437661186": 4
                    }
                },
                "11": {
                    "22": {
                        "403086645437661186": 12
                    },
                    "23": {
                        "403086645437661186": 4
                    }
                },
                "17": {
                    "1": {
                        "403086645437661186": 4
                    },
                    "20": {
                        "403086645437661186": 6,
                        "403089470091427860": 1
                    },
                    "2": {
                        "403086645437661186": 9
                    },
                    "19": {
                        "403086645437661186": 4
                    },
                    "22": {
                        "403086550851911681": 1,
                        "403086645437661186": 15
                    },
                    "21": {
                        "403086614600876032": 10,
                        "403086645437661186": 5
                    },
                    "23": {
                        "403086645437661186": 9
                    }
                },
                "30": {
                    "5": {
                        "403086614600876032": 10,
                        "403086645437661186": 9
                    },
                    "13": {
                        "403086645437661186": 4
                    }
                },
                "19": {
                    "1": {
                        "403086645437661186": 20
                    },
                    "17": {
                        "403086645437661186": 4
                    },
                    "0": {
                        "403086645437661186": 12
                    },
                    "23": {
                        "403086645437661186": 4
                    }
                },
                "23": {
                    "23": {
                        "535533512892219392": 4,
                        "403086645437661186": 5
                    }
                },
                "27": {
                    "13": {
                        "403086645437661186": 4
                    }
                }
            },
            "2": {
                "4": {
                    "17": {
                        "403086645437661186": 4
                    }
                },
                "5": {
                    "4": {
                        "403086645437661186": 66
                    }
                },
                "2": {
                    "19": {
                        "403089470091427860": 1
                    },
                    "16": {
                        "403086645437661186": 4
                    }
                },
                "3": {
                    "20": {
                        "403086645437661186": 2
                    },
                    "13": {
                        "403086645437661186": 4
                    }
                },
                "1": {
                    "1": {
                        "403086645437661186": 4
                    },
                    "20": {
                        "403086645437661186": 33
                    },
                    "2": {
                        "403086645437661186": 16
                    },
                    "3": {
                        "403086645437661186": 2
                    },
                    "19": {
                        "403086645437661186": 2
                    },
                    "0": {
                        "403086645437661186": 18
                    },
                    "16": {
                        "403086645437661186": 10,
                        "403084655550791682": 6
                    }
                }
            }
        }
    },
    "roles": {
        "current": {
            "403188474292994049": {
                "position": 15,
                "colour": 0,
                "created_at": "17-01-2018_14-07-03-151000",
                "permissions": 335019096,
                "name": "Elybot"
            },
            "178667818152230912": {
                "position": 0,
                "colour": 0,
                "created_at": "08-05-2016_00-42-07-335000",
                "permissions": 0,
                "name": "@everyone"
            },
            "403239438802485259": {
                "position": 8,
                "colour": 13079310,
                "created_at": "17-01-2018_17-29-34-037000",
                "permissions": 0,
                "name": "Bots"
            },
            "403266285313589250": {
                "position": 11,
                "colour": 16777215,
                "created_at": "17-01-2018_19-16-14-744000",
                "permissions": 0,
                "name": "Abandoned Ones"
            }
        },
        "previous": {
            "16-12-2018_21-52-39-901037": {
                "479754951917174784": {
                    "position": 31,
                    "colour": 10181046,
                    "created_at": "16-08-2018_20-54-53-953000",
                    "permissions": 0,
                    "name": "Owner"
                },
                "403188474292994049": {
                    "position": 17,
                    "colour": 0,
                    "created_at": "17-01-2018_14-07-03-151000",
                    "permissions": 335019096,
                    "name": "Elybot"
                },
                "178667818152230912": {
                    "position": 0,
                    "colour": 0,
                    "created_at": "08-05-2016_00-42-07-335000",
                    "permissions": 0,
                    "name": "@everyone"
                },
                "403239438802485259": {
                    "position": 12,
                    "colour": 7506394,
                    "created_at": "17-01-2018_17-29-34-037000",
                    "permissions": 7168,
                    "name": "Bots"
                },
                "403266285313589250": {
                    "position": 11,
                    "colour": 16777215,
                    "created_at": "17-01-2018_19-16-14-744000",
                    "permissions": 0,
                    "name": "Abandoned Ones"
                }
            },
            "17-01-2019_17-37-42-106001": {
                "403188474292994049": {
                    "position": 15,
                    "colour": 0,
                    "created_at": "17-01-2018_14-07-03-151000",
                    "permissions": 335019096,
                    "name": "Elybot"
                },
                "178667818152230912": {
                    "position": 0,
                    "colour": 0,
                    "created_at": "08-05-2016_00-42-07-335000",
                    "permissions": 0,
                    "name": "@everyone"
                },
                "403239438802485259": {
                    "position": 10,
                    "colour": 13079310,
                    "created_at": "17-01-2018_17-29-34-037000",
                    "permissions": 0,
                    "name": "Bots"
                },
                "403266285313589250": {
                    "position": 9,
                    "colour": 16777215,
                    "created_at": "17-01-2018_19-16-14-744000",
                    "permissions": 0,
                    "name": "Abandoned Ones"
                }
            },
            "07-12-2018_09-02-35-892853": {
                "479754951917174784": {
                    "position": 31,
                    "colour": 10181046,
                    "created_at": "16-08-2018_20-54-53-953000",
                    "permissions": 0,
                    "name": "Owner"
                },
                "403188474292994049": {
                    "position": 17,
                    "colour": 0,
                    "created_at": "17-01-2018_14-07-03-151000",
                    "permissions": 335019096,
                    "name": "Elybot"
                },
                "178667818152230912": {
                    "position": 0,
                    "colour": 0,
                    "created_at": "08-05-2016_00-42-07-335000",
                    "permissions": 0,
                    "name": "@everyone"
                },
                "403239438802485259": {
                    "position": 10,
                    "colour": 7506394,
                    "created_at": "17-01-2018_17-29-34-037000",
                    "permissions": 7168,
                    "name": "Bots"
                },
                "403266285313589250": {
                    "position": 12,
                    "colour": 16777215,
                    "created_at": "17-01-2018_19-16-14-744000",
                    "permissions": 0,
                    "name": "Abandoned Ones"
                }
            },
            "06-12-2018_00-55-15-699438": {
                "479754951917174784": {
                    "position": 32,
                    "colour": 10181046,
                    "created_at": "16-08-2018_20-54-53-953000",
                    "permissions": 0,
                    "name": "Owner"
                },
                "403188474292994049": {
                    "position": 18,
                    "colour": 0,
                    "created_at": "17-01-2018_14-07-03-151000",
                    "permissions": 335019088,
                    "name": "Elybot"
                },
                "178667818152230912": {
                    "position": 0,
                    "colour": 0,
                    "created_at": "08-05-2016_00-42-07-335000",
                    "permissions": 0,
                    "name": "@everyone"
                },
                "403239438802485259": {
                    "position": 11,
                    "colour": 7506394,
                    "created_at": "17-01-2018_17-29-34-037000",
                    "permissions": 7168,
                    "name": "Bots"
                },
                "403266285313589250": {
                    "position": 13,
                    "colour": 16777215,
                    "created_at": "17-01-2018_19-16-14-744000",
                    "permissions": 0,
                    "name": "Abandoned Ones"
                }
            },
            "25-01-2019_00-26-23-076062": {
                "403188474292994049": {
                    "position": 16,
                    "colour": 0,
                    "created_at": "17-01-2018_14-07-03-151000",
                    "permissions": 335019096,
                    "name": "Elybot"
                },
                "178667818152230912": {
                    "position": 0,
                    "colour": 0,
                    "created_at": "08-05-2016_00-42-07-335000",
                    "permissions": 0,
                    "name": "@everyone"
                },
                "403239438802485259": {
                    "position": 11,
                    "colour": 13079310,
                    "created_at": "17-01-2018_17-29-34-037000",
                    "permissions": 0,
                    "name": "Bots"
                },
                "403266285313589250": {
                    "position": 10,
                    "colour": 16777215,
                    "created_at": "17-01-2018_19-16-14-744000",
                    "permissions": 0,
                    "name": "Abandoned Ones"
                }
            },
            "25-01-2019_18-03-01-080213": {
                "403188474292994049": {
                    "position": 16,
                    "colour": 0,
                    "created_at": "17-01-2018_14-07-03-151000",
                    "permissions": 335019096,
                    "name": "Elybot"
                },
                "178667818152230912": {
                    "position": 0,
                    "colour": 0,
                    "created_at": "08-05-2016_00-42-07-335000",
                    "permissions": 0,
                    "name": "@everyone"
                },
                "403239438802485259": {
                    "position": 9,
                    "colour": 13079310,
                    "created_at": "17-01-2018_17-29-34-037000",
                    "permissions": 0,
                    "name": "Bots"
                },
                "403266285313589250": {
                    "position": 12,
                    "colour": 16777215,
                    "created_at": "17-01-2018_19-16-14-744000",
                    "permissions": 0,
                    "name": "Abandoned Ones"
                }
            },
            "10-01-2019_00-18-24-072293": {
                "479754951917174784": {
                    "position": 27,
                    "colour": 10181046,
                    "created_at": "16-08-2018_20-54-53-953000",
                    "permissions": 0,
                    "name": "Owner"
                },
                "403188474292994049": {
                    "position": 13,
                    "colour": 0,
                    "created_at": "17-01-2018_14-07-03-151000",
                    "permissions": 335019096,
                    "name": "Elybot"
                },
                "178667818152230912": {
                    "position": 0,
                    "colour": 0,
                    "created_at": "08-05-2016_00-42-07-335000",
                    "permissions": 0,
                    "name": "@everyone"
                },
                "403239438802485259": {
                    "position": 9,
                    "colour": 7506394,
                    "created_at": "17-01-2018_17-29-34-037000",
                    "permissions": 7168,
                    "name": "Bots"
                },
                "403266285313589250": {
                    "position": 8,
                    "colour": 16777215,
                    "created_at": "17-01-2018_19-16-14-744000",
                    "permissions": 0,
                    "name": "Abandoned Ones"
                }
            }
        }
    },
    "id": "327078510558445570",
    "bot": true,
    "game": {
        "current": {
            "type": null,
            "url": null,
            "name": null
        },
        "previous": {}
    }
}