{
    "discriminator": {
        "current": "2926",
        "previous": {
            "12-02-2019_19-18-53-139616": "8192",
            "31-01-2019_23-15-25-764869": "2273"
        }
    },
    "id": "149381939428589568",
    "cookies": {
        "cookie_interest": 0.0923259865522077,
        "measured_epochs": 6,
        "give": {
            "average": 5.5,
            "total_cookies": 33
        },
        "get": {
            "average": 3.3333333333333335,
            "total_cookies": 20
        },
        "current_cookies": 19,
        "cookie_transfer_quota": 0,
        "total_cookies": 109,
        "cookies_in_jar": 72,
        "active_epochs": 4,
        "active_this_epoch": false
    },
    "colour": {
        "current": 15844367,
        "previous": {
            "10-01-2019_00-18-24-072293": 16771132
        }
    },
    "voice": {
        "current": {
            "self_mute": false,
            "is_afk": false,
            "server_deaf": false,
            "channel": {
                "id": null,
                "private": null,
                "name": null
            },
            "server_mute": false,
            "self_deaf": false
        },
        "previous": {
            "17-01-2019_17-37-42-106001": {
                "self_mute": false,
                "is_afk": false,
                "server_deaf": false,
                "channel": {
                    "id": "523902470724911105",
                    "private": false,
                    "name": "simply-yeet"
                },
                "server_mute": false,
                "self_deaf": false
            },
            "19-01-2019_23-47-11-591556": {
                "self_mute": false,
                "is_afk": false,
                "server_deaf": false,
                "channel": {
                    "id": "535533609617195018",
                    "private": false,
                    "name": "Kinky Kat Chat"
                },
                "server_mute": false,
                "self_deaf": false
            },
            "18-01-2019_15-04-28-265172": {
                "self_mute": false,
                "is_afk": false,
                "server_deaf": false,
                "channel": {
                    "id": null,
                    "private": null,
                    "name": null
                },
                "server_mute": false,
                "self_deaf": false
            },
            "10-01-2019_03-36-57-747790": {
                "self_mute": false,
                "is_afk": false,
                "server_deaf": false,
                "channel": {
                    "id": "403283673647939595",
                    "private": false,
                    "name": "General"
                },
                "server_mute": false,
                "self_deaf": false
            },
            "17-12-2018_08-19-13-303562": {
                "self_mute": false,
                "is_afk": false,
                "server_deaf": false,
                "channel": {
                    "id": "403283673647939595",
                    "private": false,
                    "name": "General"
                },
                "server_mute": false,
                "self_deaf": false
            },
            "25-01-2019_15-28-36-671537": {
                "self_mute": false,
                "is_afk": false,
                "server_deaf": false,
                "channel": {
                    "id": "403283673647939595",
                    "private": false,
                    "name": "General"
                },
                "server_mute": false,
                "self_deaf": false
            },
            "16-12-2018_21-52-39-901037": {
                "self_mute": false,
                "is_afk": false,
                "server_deaf": false,
                "channel": {
                    "id": null,
                    "private": null,
                    "name": null
                },
                "server_mute": false,
                "self_deaf": false
            },
            "16-12-2018_22-46-26-221531": {
                "self_mute": false,
                "is_afk": false,
                "server_deaf": false,
                "channel": {
                    "id": "403086522146095104",
                    "private": false,
                    "name": "Under Where"
                },
                "server_mute": false,
                "self_deaf": false
            },
            "23-01-2019_23-06-46-438605": {
                "self_mute": false,
                "is_afk": false,
                "server_deaf": false,
                "channel": {
                    "id": "523902470724911105",
                    "private": false,
                    "name": "simply-yeet"
                },
                "server_mute": false,
                "self_deaf": false
            },
            "12-02-2019_19-18-53-139616": {
                "self_mute": false,
                "is_afk": false,
                "server_deaf": false,
                "channel": {
                    "id": "410112729014206467",
                    "private": false,
                    "name": "Loli Dungeon"
                },
                "server_mute": false,
                "self_deaf": false
            },
            "31-01-2019_23-15-25-764869": {
                "self_mute": false,
                "is_afk": false,
                "server_deaf": false,
                "channel": {
                    "id": "403283673647939595",
                    "private": false,
                    "name": "General"
                },
                "server_mute": false,
                "self_deaf": false
            },
            "11-12-2018_09-13-26-392726": {
                "self_mute": false,
                "is_afk": false,
                "server_deaf": false,
                "channel": {
                    "id": "403261388497354752",
                    "private": false,
                    "name": "Staff"
                },
                "server_mute": false,
                "self_deaf": false
            },
            "06-12-2018_19-01-41-672098": {
                "self_mute": false,
                "is_afk": false,
                "server_deaf": false,
                "channel": {
                    "id": "403283673647939595",
                    "private": false,
                    "name": "General"
                },
                "server_mute": false,
                "self_deaf": false
            },
            "09-02-2019_19-14-04-134526": {
                "self_mute": false,
                "is_afk": false,
                "server_deaf": false,
                "channel": {
                    "id": "410813824162201620",
                    "private": false,
                    "name": "High Staff"
                },
                "server_mute": false,
                "self_deaf": false
            },
            "25-01-2019_18-03-01-080213": {
                "self_mute": false,
                "is_afk": false,
                "server_deaf": false,
                "channel": {
                    "id": "523902470724911105",
                    "private": false,
                    "name": "simply-yeet"
                },
                "server_mute": false,
                "self_deaf": false
            },
            "18-02-2019_21-46-13-382171": {
                "self_mute": false,
                "is_afk": false,
                "server_deaf": false,
                "channel": {
                    "id": "523902470724911105",
                    "private": false,
                    "name": "simply-yeet"
                },
                "server_mute": false,
                "self_deaf": false
            },
            "18-01-2019_22-56-50-509179": {
                "self_mute": false,
                "is_afk": false,
                "server_deaf": false,
                "channel": {
                    "id": "535533609617195018",
                    "private": false,
                    "name": "Kinky Kat Chat"
                },
                "server_mute": false,
                "self_deaf": false
            },
            "13-01-2019_23-58-57-488890": {
                "self_mute": false,
                "is_afk": false,
                "server_deaf": false,
                "channel": {
                    "id": "523902470724911105",
                    "private": false,
                    "name": "simply-yeet"
                },
                "server_mute": false,
                "self_deaf": false
            },
            "11-01-2019_23-54-44-166805": {
                "self_mute": false,
                "is_afk": false,
                "server_deaf": false,
                "channel": {
                    "id": null,
                    "private": null,
                    "name": null
                },
                "server_mute": false,
                "self_deaf": false
            },
            "18-01-2019_23-28-09-275982": {
                "self_mute": false,
                "is_afk": false,
                "server_deaf": false,
                "channel": {
                    "id": "523902470724911105",
                    "private": false,
                    "name": "simply-yeet"
                },
                "server_mute": false,
                "self_deaf": false
            },
            "12-01-2019_01-16-58-662867": {
                "self_mute": false,
                "is_afk": false,
                "server_deaf": false,
                "channel": {
                    "id": "523902470724911105",
                    "private": false,
                    "name": "simply-yeet"
                },
                "server_mute": false,
                "self_deaf": false
            }
        }
    },
    "display_name": {
        "current": "Zeny - Neko God-Wizard o' Loli",
        "previous": {
            "07-02-2019_22-30-45-401502": "S. Tribal Chief Zeny",
            "12-02-2019_19-18-53-139616": "Zeny -Neko God-Wizard o' Loli"
        }
    },
    "activity": {
        "2018": {
            "12": {
                "11": {
                    "16": {
                        "403119788370690048": 1,
                        "403086691646046209": 1,
                        "403084763591606273": 1,
                        "403086614600876032": 15
                    }
                },
                "16": {
                    "23": {
                        "523913649182605330": 2
                    },
                    "22": {
                        "523913649182605330": 4
                    }
                },
                "6": {
                    "16": {
                        "403086614600876032": 11
                    },
                    "14": {
                        "403084655550791682": 4
                    },
                    "17": {
                        "403086614600876032": 6
                    },
                    "21": {
                        "403086614600876032": 4
                    },
                    "22": {
                        "403084655550791682": 7
                    },
                    "0": {
                        "403086614600876032": 4
                    }
                },
                "10": {
                    "19": {
                        "403084790401728512": 2
                    },
                    "22": {
                        "403084790401728512": 1
                    }
                },
                "7": {
                    "19": {
                        "403086614600876032": 2
                    },
                    "8": {
                        "403086614600876032": 18
                    },
                    "9": {
                        "403086614600876032": 14
                    }
                },
                "5": {
                    "16": {
                        "403086614600876032": 43
                    },
                    "17": {
                        "403086614600876032": 7
                    },
                    "22": {
                        "403086614600876032": 10
                    },
                    "15": {
                        "403086614600876032": 54
                    }
                }
            }
        },
        "2019": {
            "2": {
                "19": {
                    "0": {
                        "523913649182605330": 6,
                        "404067128786944002": 1
                    },
                    "20": {
                        "403084655550791682": 4
                    },
                    "9": {
                        "403084655550791682": 1
                    }
                },
                "11": {
                    "22": {
                        "410813767840956416": 13
                    }
                },
                "13": {
                    "18": {
                        "403084655550791682": 4
                    },
                    "20": {
                        "403084655550791682": 2
                    }
                },
                "14": {
                    "17": {
                        "403084655550791682": 1
                    }
                },
                "12": {
                    "13": {
                        "403084655550791682": 8
                    },
                    "14": {
                        "403084655550791682": 4
                    }
                },
                "18": {
                    "23": {
                        "535533512892219392": 2
                    },
                    "22": {
                        "523913649182605330": 2,
                        "403086614600876032": 2
                    },
                    "14": {
                        "410813767840956416": 8
                    },
                    "21": {
                        "523913649182605330": 1
                    }
                },
                "16": {
                    "18": {
                        "403084655550791682": 1
                    }
                },
                "9": {
                    "22": {
                        "410813767840956416": 4
                    },
                    "20": {
                        "410813767840956416": 3
                    },
                    "21": {
                        "410813767840956416": 1
                    },
                    "18": {
                        "403084655550791682": 54
                    },
                    "23": {
                        "410813767840956416": 3
                    },
                    "10": {
                        "403084655550791682": 10
                    }
                },
                "1": {
                    "16": {
                        "403084655550791682": 113
                    },
                    "20": {
                        "403084655550791682": 2
                    },
                    "17": {
                        "403084655550791682": 3
                    },
                    "22": {
                        "403084790401728512": 2
                    },
                    "0": {
                        "403084655550791682": 29,
                        "403084763591606273": 1
                    }
                }
            },
            "1": {
                "19": {
                    "23": {
                        "403084655550791682": 12,
                        "535533512892219392": 2
                    },
                    "0": {
                        "535533512892219392": 9
                    },
                    "21": {
                        "403084655550791682": 2
                    },
                    "1": {
                        "535533512892219392": 10
                    }
                },
                "25": {
                    "19": {
                        "523913649182605330": 1
                    },
                    "0": {
                        "410813767840956416": 10
                    },
                    "14": {
                        "535533512892219392": 4
                    },
                    "17": {
                        "403084655550791682": 1
                    },
                    "18": {
                        "523913649182605330": 1
                    },
                    "15": {
                        "403084655550791682": 7
                    }
                },
                "13": {
                    "23": {
                        "403084655550791682": 42,
                        "403086614600876032": 2,
                        "523913649182605330": 11
                    },
                    "8": {
                        "403086614600876032": 1
                    }
                },
                "20": {
                    "18": {
                        "403084655550791682": 10
                    },
                    "23": {
                        "535533512892219392": 1
                    }
                },
                "31": {
                    "19": {
                        "403084655550791682": 17
                    },
                    "23": {
                        "403084655550791682": 20
                    }
                },
                "10": {
                    "19": {
                        "523913649182605330": 1
                    },
                    "18": {
                        "403086614600876032": 2
                    },
                    "0": {
                        "403086614600876032": 3
                    }
                },
                "12": {
                    "0": {
                        "523913649182605330": 56
                    },
                    "15": {
                        "404067128786944002": 1
                    },
                    "23": {
                        "523913649182605330": 1
                    },
                    "2": {
                        "523913649182605330": 22
                    },
                    "3": {
                        "523913649182605330": 9
                    },
                    "1": {
                        "403084655550791682": 30,
                        "523913649182605330": 70
                    }
                },
                "27": {
                    "14": {
                        "404067128786944002": 1
                    }
                },
                "11": {
                    "23": {
                        "523913649182605330": 9
                    }
                },
                "16": {
                    "19": {
                        "403084655550791682": 1
                    },
                    "23": {
                        "403085107386253312": 1
                    },
                    "22": {
                        "403085107386253312": 1
                    }
                },
                "14": {
                    "23": {
                        "523913649182605330": 4
                    },
                    "22": {
                        "403084854243098634": 1,
                        "403086614600876032": 2
                    },
                    "2": {
                        "523913649182605330": 8
                    },
                    "0": {
                        "403084655550791682": 1,
                        "403086614600876032": 5,
                        "523913649182605330": 30
                    }
                },
                "15": {
                    "23": {
                        "403084655550791682": 4,
                        "404067128786944002": 3
                    },
                    "22": {
                        "403084655550791682": 6
                    }
                },
                "24": {
                    "14": {
                        "403084655550791682": 1
                    },
                    "1": {
                        "403084813680115712": 1
                    }
                },
                "18": {
                    "22": {
                        "535533512892219392": 1
                    },
                    "20": {
                        "535533512892219392": 4
                    },
                    "21": {
                        "535533512892219392": 5
                    },
                    "23": {
                        "523913649182605330": 1,
                        "535533512892219392": 12,
                        "532712820454719492": 1
                    },
                    "2": {
                        "523913649182605330": 1
                    },
                    "0": {
                        "535533512892219392": 1
                    }
                },
                "26": {
                    "22": {
                        "403084655550791682": 1
                    },
                    "15": {
                        "403084813680115712": 1
                    }
                },
                "17": {
                    "19": {
                        "403084655550791682": 2,
                        "404067128786944002": 3
                    },
                    "22": {
                        "535533512892219392": 1,
                        "403086550851911681": 2
                    },
                    "20": {
                        "403084655550791682": 1,
                        "404067128786944002": 1,
                        "523913649182605330": 10
                    },
                    "21": {
                        "403086614600876032": 5,
                        "403086550851911681": 1
                    },
                    "23": {
                        "535533512892219392": 3
                    },
                    "2": {
                        "403084655550791682": 5,
                        "523913649182605330": 11
                    },
                    "12": {
                        "403084655550791682": 1
                    }
                }
            }
        }
    },
    "bans": {
        "current": "not banned",
        "previous": {}
    },
    "status": {
        "current": "idle",
        "previous": {
            "19-02-2019_17-56-03-144130": "idle",
            "27-01-2019_13-19-36-209606": "idle",
            "27-01-2019_00-03-40-224296": "online",
            "25-01-2019_15-28-36-671537": "idle",
            "23-01-2019_23-06-46-438605": "online",
            "12-02-2019_19-18-53-139616": "online",
            "31-01-2019_23-15-25-764869": "online",
            "19-02-2019_19-48-32-014694": "online",
            "12-01-2019_01-16-58-662867": "offline",
            "16-01-2019_22-00-47-241502": "online",
            "26-01-2019_15-44-45-130911": "idle",
            "25-01-2019_00-26-23-076062": "online",
            "18-01-2019_15-04-28-265172": "idle",
            "06-12-2018_01-05-49-556858": "idle",
            "30-01-2019_23-45-18-912162": "idle",
            "19-01-2019_13-47-02-065430": "idle",
            "06-12-2018_19-01-41-672098": "idle",
            "06-12-2018_00-29-32-919666": "offline",
            "07-12-2018_09-02-35-892853": "idle",
            "11-12-2018_09-13-26-392726": "idle",
            "06-12-2018_17-09-51-137367": "idle",
            "10-12-2018_16-02-31-496869": "online",
            "08-02-2019_19-09-26-882805": "idle",
            "31-01-2019_19-29-23-149190": "idle",
            "16-01-2019_15-03-07-147943": "idle",
            "10-02-2019_10-58-00-564986": "online",
            "10-01-2019_00-18-24-072293": "online",
            "10-01-2019_03-36-57-747790": "idle",
            "19-01-2019_23-47-11-591556": "online",
            "06-12-2018_14-27-10-018861": "offline",
            "08-02-2019_19-38-42-445767": "idle",
            "17-12-2018_08-19-13-303562": "online",
            "15-01-2019_20-05-24-063373": "idle",
            "07-12-2018_07-51-11-182069": "idle",
            "18-02-2019_14-16-21-404972": "idle",
            "13-01-2019_18-58-47-852165": "idle",
            "23-01-2019_21-15-24-922386": "idle",
            "06-12-2018_13-18-30-157611": "idle",
            "05-12-2018_16-27-33-714312": "idle",
            "11-02-2019_22-51-39-999500": "idle",
            "29-01-2019_23-34-56-773453": "idle",
            "18-01-2019_23-28-09-275982": "online",
            "17-01-2019_17-37-42-106001": "idle",
            "07-02-2019_22-30-45-401502": "idle",
            "25-01-2019_18-03-01-080213": "online",
            "06-12-2018_15-04-14-303670": "offline",
            "09-12-2018_10-12-40-202519": "idle",
            "16-02-2019_18-22-40-919504": "online",
            "06-12-2018_00-44-16-069543": "offline",
            "12-12-2018_11-49-23-541900": "idle",
            "30-01-2019_14-51-49-215528": "idle",
            "09-02-2019_19-14-04-134526": "online",
            "10-01-2019_03-33-44-007928": "idle",
            "07-12-2018_19-07-03-633575": "offline",
            "18-02-2019_21-46-13-382171": "idle",
            "13-01-2019_23-58-57-488890": "online",
            "26-01-2019_04-12-07-077616": "online"
        }
    },
    "name": {
        "current": "Ely",
        "previous": {}
    },
    "joined_at": {
        "current": "05-07-2016_08-07-38-976000",
        "previous": {}
    },
    "bot": false,
    "created_at": "17-02-2016_05-10-29-742000",
    "roles": {
        "current": {
            "324535144641986560": {
                "created_at": "14-06-2017_13-06-48-054000",
                "position": 31,
                "colour": 15844367,
                "permissions": 2116537599,
                "name": "Head of Development"
            },
            "189416410542374912": {
                "created_at": "06-06-2016_16-33-11-460000",
                "position": 20,
                "colour": 3447003,
                "permissions": 267774166,
                "name": "Moderator"
            },
            "469889716435812353": {
                "created_at": "20-07-2018_15-33-58-527000",
                "position": 25,
                "colour": 0,
                "permissions": 2146954743,
                "name": "High Council"
            },
            "403266269220175892": {
                "created_at": "17-01-2018_19-16-10-907000",
                "position": 14,
                "colour": 1033914,
                "permissions": 262208,
                "name": "Mythical Ones"
            },
            "178667818152230912": {
                "created_at": "08-05-2016_00-42-07-335000",
                "position": 0,
                "colour": 0,
                "permissions": 0,
                "name": "@everyone"
            },
            "373129696960970762": {
                "created_at": "26-10-2017_15-24-12-170000",
                "position": 23,
                "colour": 0,
                "permissions": 0,
                "name": "Staff"
            }
        },
        "previous": {
            "10-01-2019_00-18-24-072293": {
                "324535144641986560": {
                    "created_at": "14-06-2017_13-06-48-054000",
                    "position": 23,
                    "colour": 16771132,
                    "permissions": 2116537599,
                    "name": "Head of Development"
                },
                "189416410542374912": {
                    "created_at": "06-06-2016_16-33-11-460000",
                    "position": 15,
                    "colour": 3447003,
                    "permissions": 267775190,
                    "name": "Moderator"
                },
                "469889716435812353": {
                    "created_at": "20-07-2018_15-33-58-527000",
                    "position": 26,
                    "colour": 0,
                    "permissions": 8,
                    "name": "High Council"
                },
                "403266269220175892": {
                    "created_at": "17-01-2018_19-16-10-907000",
                    "position": 12,
                    "colour": 1033914,
                    "permissions": 262208,
                    "name": "Mythical Ones"
                },
                "178667818152230912": {
                    "created_at": "08-05-2016_00-42-07-335000",
                    "position": 0,
                    "colour": 0,
                    "permissions": 0,
                    "name": "@everyone"
                },
                "373129696960970762": {
                    "created_at": "26-10-2017_15-24-12-170000",
                    "position": 14,
                    "colour": 16711680,
                    "permissions": 0,
                    "name": "Staff"
                }
            },
            "07-02-2019_22-30-45-401502": {
                "324535144641986560": {
                    "created_at": "14-06-2017_13-06-48-054000",
                    "position": 24,
                    "colour": 15844367,
                    "permissions": 2116537599,
                    "name": "Head of Development"
                },
                "189416410542374912": {
                    "created_at": "06-06-2016_16-33-11-460000",
                    "position": 15,
                    "colour": 3447003,
                    "permissions": 267774166,
                    "name": "Moderator"
                },
                "469889716435812353": {
                    "created_at": "20-07-2018_15-33-58-527000",
                    "position": 27,
                    "colour": 0,
                    "permissions": 2146954743,
                    "name": "High Council"
                },
                "403266269220175892": {
                    "created_at": "17-01-2018_19-16-10-907000",
                    "position": 14,
                    "colour": 1033914,
                    "permissions": 262208,
                    "name": "Mythical Ones"
                },
                "178667818152230912": {
                    "created_at": "08-05-2016_00-42-07-335000",
                    "position": 0,
                    "colour": 0,
                    "permissions": 0,
                    "name": "@everyone"
                },
                "373129696960970762": {
                    "created_at": "26-10-2017_15-24-12-170000",
                    "position": 19,
                    "colour": 0,
                    "permissions": 0,
                    "name": "Staff"
                }
            },
            "25-01-2019_18-03-01-080213": {
                "324535144641986560": {
                    "created_at": "14-06-2017_13-06-48-054000",
                    "position": 26,
                    "colour": 15844367,
                    "permissions": 2116537599,
                    "name": "Head of Development"
                },
                "189416410542374912": {
                    "created_at": "06-06-2016_16-33-11-460000",
                    "position": 18,
                    "colour": 3447003,
                    "permissions": 267774166,
                    "name": "Moderator"
                },
                "469889716435812353": {
                    "created_at": "20-07-2018_15-33-58-527000",
                    "position": 29,
                    "colour": 0,
                    "permissions": 2146954743,
                    "name": "High Council"
                },
                "403266269220175892": {
                    "created_at": "17-01-2018_19-16-10-907000",
                    "position": 15,
                    "colour": 1033914,
                    "permissions": 262208,
                    "name": "Mythical Ones"
                },
                "178667818152230912": {
                    "created_at": "08-05-2016_00-42-07-335000",
                    "position": 0,
                    "colour": 0,
                    "permissions": 0,
                    "name": "@everyone"
                },
                "373129696960970762": {
                    "created_at": "26-10-2017_15-24-12-170000",
                    "position": 17,
                    "colour": 16711680,
                    "permissions": 0,
                    "name": "Staff"
                }
            },
            "18-02-2019_14-16-21-404972": {
                "324535144641986560": {
                    "created_at": "14-06-2017_13-06-48-054000",
                    "position": 27,
                    "colour": 15844367,
                    "permissions": 2116537599,
                    "name": "Head of Development"
                },
                "189416410542374912": {
                    "created_at": "06-06-2016_16-33-11-460000",
                    "position": 15,
                    "colour": 3447003,
                    "permissions": 267774166,
                    "name": "Moderator"
                },
                "469889716435812353": {
                    "created_at": "20-07-2018_15-33-58-527000",
                    "position": 22,
                    "colour": 0,
                    "permissions": 2146954743,
                    "name": "High Council"
                },
                "403266269220175892": {
                    "created_at": "17-01-2018_19-16-10-907000",
                    "position": 14,
                    "colour": 1033914,
                    "permissions": 262208,
                    "name": "Mythical Ones"
                },
                "178667818152230912": {
                    "created_at": "08-05-2016_00-42-07-335000",
                    "position": 0,
                    "colour": 0,
                    "permissions": 0,
                    "name": "@everyone"
                },
                "373129696960970762": {
                    "created_at": "26-10-2017_15-24-12-170000",
                    "position": 20,
                    "colour": 0,
                    "permissions": 0,
                    "name": "Staff"
                }
            },
            "16-12-2018_21-52-39-901037": {
                "324535144641986560": {
                    "created_at": "14-06-2017_13-06-48-054000",
                    "position": 27,
                    "colour": 16771132,
                    "permissions": 2116537599,
                    "name": "Head of Development"
                },
                "189416410542374912": {
                    "created_at": "06-06-2016_16-33-11-460000",
                    "position": 19,
                    "colour": 3447003,
                    "permissions": 267775190,
                    "name": "Moderator"
                },
                "469889716435812353": {
                    "created_at": "20-07-2018_15-33-58-527000",
                    "position": 30,
                    "colour": 0,
                    "permissions": 8,
                    "name": "High Council"
                },
                "403266269220175892": {
                    "created_at": "17-01-2018_19-16-10-907000",
                    "position": 15,
                    "colour": 1033914,
                    "permissions": 262208,
                    "name": "Mythical Ones"
                },
                "178667818152230912": {
                    "created_at": "08-05-2016_00-42-07-335000",
                    "position": 0,
                    "colour": 0,
                    "permissions": 0,
                    "name": "@everyone"
                },
                "373129696960970762": {
                    "created_at": "26-10-2017_15-24-12-170000",
                    "position": 18,
                    "colour": 16711680,
                    "permissions": 0,
                    "name": "Staff"
                }
            },
            "07-12-2018_09-02-35-892853": {
                "469889716435812353": {
                    "created_at": "20-07-2018_15-33-58-527000",
                    "position": 30,
                    "colour": 0,
                    "permissions": 8,
                    "name": "High Council"
                },
                "324535144641986560": {
                    "created_at": "14-06-2017_13-06-48-054000",
                    "position": 27,
                    "colour": 16771132,
                    "permissions": 2116537599,
                    "name": "Head of Development"
                },
                "189416410542374912": {
                    "created_at": "06-06-2016_16-33-11-460000",
                    "position": 19,
                    "colour": 3447003,
                    "permissions": 267775190,
                    "name": "Moderator"
                },
                "178667818152230912": {
                    "created_at": "08-05-2016_00-42-07-335000",
                    "position": 0,
                    "colour": 0,
                    "permissions": 0,
                    "name": "@everyone"
                },
                "373129696960970762": {
                    "created_at": "26-10-2017_15-24-12-170000",
                    "position": 18,
                    "colour": 16711680,
                    "permissions": 0,
                    "name": "Staff"
                }
            },
            "13-01-2019_18-58-47-852165": {
                "324535144641986560": {
                    "created_at": "14-06-2017_13-06-48-054000",
                    "position": 25,
                    "colour": 15844367,
                    "permissions": 2116537599,
                    "name": "Head of Development"
                },
                "189416410542374912": {
                    "created_at": "06-06-2016_16-33-11-460000",
                    "position": 17,
                    "colour": 3447003,
                    "permissions": 267775190,
                    "name": "Moderator"
                },
                "469889716435812353": {
                    "created_at": "20-07-2018_15-33-58-527000",
                    "position": 28,
                    "colour": 0,
                    "permissions": 8,
                    "name": "High Council"
                },
                "403266269220175892": {
                    "created_at": "17-01-2018_19-16-10-907000",
                    "position": 14,
                    "colour": 1033914,
                    "permissions": 262208,
                    "name": "Mythical Ones"
                },
                "178667818152230912": {
                    "created_at": "08-05-2016_00-42-07-335000",
                    "position": 0,
                    "colour": 0,
                    "permissions": 0,
                    "name": "@everyone"
                },
                "373129696960970762": {
                    "created_at": "26-10-2017_15-24-12-170000",
                    "position": 16,
                    "colour": 16711680,
                    "permissions": 0,
                    "name": "Staff"
                }
            },
            "09-02-2019_19-14-04-134526": {
                "324535144641986560": {
                    "created_at": "14-06-2017_13-06-48-054000",
                    "position": 24,
                    "colour": 15844367,
                    "permissions": 2116537599,
                    "name": "Head of Development"
                },
                "189416410542374912": {
                    "created_at": "06-06-2016_16-33-11-460000",
                    "position": 15,
                    "colour": 3447003,
                    "permissions": 267774166,
                    "name": "Moderator"
                },
                "469889716435812353": {
                    "created_at": "20-07-2018_15-33-58-527000",
                    "position": 27,
                    "colour": 0,
                    "permissions": 2146954743,
                    "name": "Nation Leaders"
                },
                "403266269220175892": {
                    "created_at": "17-01-2018_19-16-10-907000",
                    "position": 14,
                    "colour": 1033914,
                    "permissions": 262208,
                    "name": "Mythical Ones"
                },
                "178667818152230912": {
                    "created_at": "08-05-2016_00-42-07-335000",
                    "position": 0,
                    "colour": 0,
                    "permissions": 0,
                    "name": "@everyone"
                },
                "373129696960970762": {
                    "created_at": "26-10-2017_15-24-12-170000",
                    "position": 19,
                    "colour": 0,
                    "permissions": 0,
                    "name": "Staff"
                }
            },
            "06-12-2018_00-55-15-699438": {
                "324535144641986560": {
                    "created_at": "14-06-2017_13-06-48-054000",
                    "position": 28,
                    "colour": 16771132,
                    "permissions": 2116537599,
                    "name": "Head of Development"
                },
                "189416410542374912": {
                    "created_at": "06-06-2016_16-33-11-460000",
                    "position": 20,
                    "colour": 3447003,
                    "permissions": 267775190,
                    "name": "Moderator"
                },
                "469889716435812353": {
                    "created_at": "20-07-2018_15-33-58-527000",
                    "position": 31,
                    "colour": 0,
                    "permissions": 8,
                    "name": "High Council"
                },
                "403266269220175892": {
                    "created_at": "17-01-2018_19-16-10-907000",
                    "position": 16,
                    "colour": 1033914,
                    "permissions": 262208,
                    "name": "Mythical Ones"
                },
                "178667818152230912": {
                    "created_at": "08-05-2016_00-42-07-335000",
                    "position": 0,
                    "colour": 0,
                    "permissions": 0,
                    "name": "@everyone"
                },
                "373129696960970762": {
                    "created_at": "26-10-2017_15-24-12-170000",
                    "position": 19,
                    "colour": 16711680,
                    "permissions": 0,
                    "name": "Staff"
                }
            },
            "07-12-2018_07-51-11-182069": {
                "324535144641986560": {
                    "created_at": "14-06-2017_13-06-48-054000",
                    "position": 27,
                    "colour": 16771132,
                    "permissions": 2116537599,
                    "name": "Head of Development"
                },
                "189416410542374912": {
                    "created_at": "06-06-2016_16-33-11-460000",
                    "position": 19,
                    "colour": 3447003,
                    "permissions": 267775190,
                    "name": "Moderator"
                },
                "469889716435812353": {
                    "created_at": "20-07-2018_15-33-58-527000",
                    "position": 30,
                    "colour": 0,
                    "permissions": 8,
                    "name": "High Council"
                },
                "403266269220175892": {
                    "created_at": "17-01-2018_19-16-10-907000",
                    "position": 15,
                    "colour": 1033914,
                    "permissions": 262208,
                    "name": "Mythical Ones"
                },
                "178667818152230912": {
                    "created_at": "08-05-2016_00-42-07-335000",
                    "position": 0,
                    "colour": 0,
                    "permissions": 0,
                    "name": "@everyone"
                },
                "373129696960970762": {
                    "created_at": "26-10-2017_15-24-12-170000",
                    "position": 18,
                    "colour": 16711680,
                    "permissions": 0,
                    "name": "Staff"
                }
            },
            "17-01-2019_17-37-42-106001": {
                "324535144641986560": {
                    "created_at": "14-06-2017_13-06-48-054000",
                    "position": 26,
                    "colour": 15844367,
                    "permissions": 2116537599,
                    "name": "Head of Development"
                },
                "189416410542374912": {
                    "created_at": "06-06-2016_16-33-11-460000",
                    "position": 18,
                    "colour": 3447003,
                    "permissions": 267774166,
                    "name": "Moderator"
                },
                "469889716435812353": {
                    "created_at": "20-07-2018_15-33-58-527000",
                    "position": 29,
                    "colour": 0,
                    "permissions": 8,
                    "name": "High Council"
                },
                "403266269220175892": {
                    "created_at": "17-01-2018_19-16-10-907000",
                    "position": 15,
                    "colour": 1033914,
                    "permissions": 262208,
                    "name": "Mythical Ones"
                },
                "178667818152230912": {
                    "created_at": "08-05-2016_00-42-07-335000",
                    "position": 0,
                    "colour": 0,
                    "permissions": 0,
                    "name": "@everyone"
                },
                "373129696960970762": {
                    "created_at": "26-10-2017_15-24-12-170000",
                    "position": 17,
                    "colour": 16711680,
                    "permissions": 0,
                    "name": "Staff"
                }
            },
            "10-02-2019_10-58-00-564986": {
                "324535144641986560": {
                    "created_at": "14-06-2017_13-06-48-054000",
                    "position": 25,
                    "colour": 15844367,
                    "permissions": 2116537599,
                    "name": "Head of Development"
                },
                "189416410542374912": {
                    "created_at": "06-06-2016_16-33-11-460000",
                    "position": 16,
                    "colour": 3447003,
                    "permissions": 267774166,
                    "name": "Moderator"
                },
                "469889716435812353": {
                    "created_at": "20-07-2018_15-33-58-527000",
                    "position": 28,
                    "colour": 0,
                    "permissions": 2146954743,
                    "name": "Nation Leaders"
                },
                "403266269220175892": {
                    "created_at": "17-01-2018_19-16-10-907000",
                    "position": 15,
                    "colour": 1033914,
                    "permissions": 262208,
                    "name": "Mythical Ones"
                },
                "178667818152230912": {
                    "created_at": "08-05-2016_00-42-07-335000",
                    "position": 0,
                    "colour": 0,
                    "permissions": 0,
                    "name": "@everyone"
                },
                "373129696960970762": {
                    "created_at": "26-10-2017_15-24-12-170000",
                    "position": 20,
                    "colour": 0,
                    "permissions": 0,
                    "name": "Staff"
                }
            }
        }
    },
    "game": {
        "current": {
            "type": null,
            "name": null,
            "url": null
        },
        "previous": {
            "27-01-2019_00-03-40-224296": {
                "type": 0,
                "name": "osu!",
                "url": null
            },
            "26-01-2019_15-44-45-130911": {
                "type": null,
                "name": null,
                "url": null
            },
            "27-01-2019_13-19-36-209606": {
                "type": 0,
                "name": "osu!",
                "url": null
            },
            "08-12-2018_15-44-11-058097": {
                "type": 0,
                "name": "Counter-Strike: Global Offensive",
                "url": null
            },
            "07-12-2018_19-07-03-633575": {
                "type": 0,
                "name": "osu!",
                "url": null
            }
        }
    }
}