{
    "discriminator": {
        "current": "8614",
        "previous": {}
    },
    "id": "208699840090079235",
    "cookies": {
        "cookie_interest": 0,
        "measured_epochs": 13,
        "give": {
            "average": 0.0,
            "total_cookies": 0
        },
        "get": {
            "average": 0.0,
            "total_cookies": 0
        },
        "cookie_transfer_quota": 0,
        "current_cookies": 0,
        "total_cookies": 0,
        "cookies_in_jar": 0,
        "active_this_epoch": false,
        "active_epochs": 0
    },
    "colour": {
        "current": 16777215,
        "previous": {}
    },
    "voice": {
        "current": {
            "channel": {
                "id": null,
                "private": null,
                "name": null
            },
            "is_afk": false,
            "server_mute": false,
            "self_mute": false,
            "server_deaf": false,
            "self_deaf": false
        },
        "previous": {}
    },
    "display_name": {
        "current": "Pete Davis",
        "previous": {
            "30-01-2019_23-45-18-912162": "Hydrax",
            "31-01-2019_23-15-25-764869": "XxPeterDavisXX"
        }
    },
    "activity": {},
    "bans": {
        "current": "not banned",
        "previous": {}
    },
    "status": {
        "current": "offline",
        "previous": {
            "10-01-2019_03-36-57-747790": "online",
            "19-01-2019_23-47-11-591556": "offline",
            "08-02-2019_19-38-42-445767": "idle",
            "30-01-2019_23-45-18-912162": "idle",
            "27-01-2019_00-03-40-224296": "idle",
            "15-01-2019_20-05-24-063373": "online",
            "23-01-2019_23-06-46-438605": "online",
            "12-02-2019_19-18-53-139616": "idle",
            "13-01-2019_18-58-47-852165": "offline",
            "07-02-2019_22-30-45-401502": "online",
            "11-02-2019_22-51-39-999500": "online",
            "16-01-2019_22-00-47-241502": "online",
            "26-01-2019_15-44-45-130911": "idle",
            "25-01-2019_00-26-23-076062": "online",
            "29-01-2019_23-34-56-773453": "online",
            "31-01-2019_23-15-25-764869": "online",
            "13-01-2019_23-58-57-488890": "online",
            "17-01-2019_17-37-42-106001": "idle",
            "19-01-2019_13-47-02-065430": "offline",
            "25-01-2019_18-03-01-080213": "offline",
            "11-01-2019_22-45-11-058689": "offline",
            "10-02-2019_10-58-00-564986": "online",
            "16-01-2019_20-42-02-533659": "idle",
            "27-01-2019_13-19-36-209606": "online",
            "29-01-2019_19-57-05-628849": "offline",
            "16-02-2019_18-22-40-919504": "online",
            "09-02-2019_19-14-04-134526": "idle",
            "31-01-2019_19-29-23-149190": "offline",
            "30-01-2019_22-01-10-201736": "offline",
            "26-01-2019_04-12-07-077616": "online",
            "18-01-2019_22-56-50-509179": "offline",
            "16-01-2019_15-03-07-147943": "offline",
            "12-01-2019_01-16-58-662867": "online"
        }
    },
    "name": {
        "current": "Pete Davis",
        "previous": {
            "30-01-2019_23-45-18-912162": "Hydrax",
            "31-01-2019_23-15-25-764869": "XxPeterDavisXX"
        }
    },
    "joined_at": {
        "current": "30-01-2018_21-18-00-980895",
        "previous": {}
    },
    "bot": false,
    "created_at": "29-07-2016_21-38-39-333000",
    "roles": {
        "current": {
            "403272352223461387": {
                "created_at": "17-01-2018_19-40-21-208000",
                "colour": 0,
                "position": 10,
                "permissions": 104187968,
                "name": "Members"
            },
            "178667818152230912": {
                "created_at": "08-05-2016_00-42-07-335000",
                "colour": 0,
                "position": 0,
                "permissions": 0,
                "name": "@everyone"
            },
            "403266285313589250": {
                "created_at": "17-01-2018_19-16-14-744000",
                "colour": 16777215,
                "position": 11,
                "permissions": 0,
                "name": "Abandoned Ones"
            }
        },
        "previous": {
            "10-01-2019_00-18-24-072293": {
                "430760351248809986": {
                    "created_at": "03-04-2018_16-07-50-878000",
                    "colour": 0,
                    "position": 6,
                    "permissions": 0,
                    "name": "Current Iteration"
                },
                "403272352223461387": {
                    "created_at": "17-01-2018_19-40-21-208000",
                    "colour": 0,
                    "position": 7,
                    "permissions": 104187968,
                    "name": "Members"
                },
                "178667818152230912": {
                    "created_at": "08-05-2016_00-42-07-335000",
                    "colour": 0,
                    "position": 0,
                    "permissions": 0,
                    "name": "@everyone"
                },
                "403266285313589250": {
                    "created_at": "17-01-2018_19-16-14-744000",
                    "colour": 16777215,
                    "position": 8,
                    "permissions": 0,
                    "name": "Abandoned Ones"
                }
            },
            "17-01-2019_17-37-42-106001": {
                "430760351248809986": {
                    "created_at": "03-04-2018_16-07-50-878000",
                    "colour": 0,
                    "position": 7,
                    "permissions": 0,
                    "name": "Current Iteration"
                },
                "403272352223461387": {
                    "created_at": "17-01-2018_19-40-21-208000",
                    "colour": 0,
                    "position": 8,
                    "permissions": 104187968,
                    "name": "Members"
                },
                "178667818152230912": {
                    "created_at": "08-05-2016_00-42-07-335000",
                    "colour": 0,
                    "position": 0,
                    "permissions": 0,
                    "name": "@everyone"
                },
                "403266285313589250": {
                    "created_at": "17-01-2018_19-16-14-744000",
                    "colour": 16777215,
                    "position": 9,
                    "permissions": 0,
                    "name": "Abandoned Ones"
                }
            },
            "25-01-2019_18-03-01-080213": {
                "403272352223461387": {
                    "created_at": "17-01-2018_19-40-21-208000",
                    "colour": 0,
                    "position": 11,
                    "permissions": 104187968,
                    "name": "Members"
                },
                "178667818152230912": {
                    "created_at": "08-05-2016_00-42-07-335000",
                    "colour": 0,
                    "position": 0,
                    "permissions": 0,
                    "name": "@everyone"
                },
                "403266285313589250": {
                    "created_at": "17-01-2018_19-16-14-744000",
                    "colour": 16777215,
                    "position": 12,
                    "permissions": 0,
                    "name": "Abandoned Ones"
                }
            },
            "09-02-2019_19-14-04-134526": {
                "403272352223461387": {
                    "created_at": "17-01-2018_19-40-21-208000",
                    "colour": 0,
                    "position": 10,
                    "permissions": 104187968,
                    "name": "Members"
                },
                "178667818152230912": {
                    "created_at": "08-05-2016_00-42-07-335000",
                    "colour": 0,
                    "position": 0,
                    "permissions": 0,
                    "name": "@everyone"
                },
                "403266285313589250": {
                    "created_at": "17-01-2018_19-16-14-744000",
                    "colour": 16777215,
                    "position": 11,
                    "permissions": 0,
                    "name": "Abandoned Ones"
                }
            },
            "07-12-2018_09-02-35-892853": {
                "430760351248809986": {
                    "created_at": "03-04-2018_16-07-50-878000",
                    "colour": 0,
                    "position": 9,
                    "permissions": 0,
                    "name": "Current Iteration"
                },
                "403272352223461387": {
                    "created_at": "17-01-2018_19-40-21-208000",
                    "colour": 0,
                    "position": 11,
                    "permissions": 104187968,
                    "name": "Members"
                },
                "178667818152230912": {
                    "created_at": "08-05-2016_00-42-07-335000",
                    "colour": 0,
                    "position": 0,
                    "permissions": 0,
                    "name": "@everyone"
                },
                "403266285313589250": {
                    "created_at": "17-01-2018_19-16-14-744000",
                    "colour": 16777215,
                    "position": 12,
                    "permissions": 0,
                    "name": "Abandoned Ones"
                }
            },
            "25-01-2019_00-26-23-076062": {
                "430760351248809986": {
                    "created_at": "03-04-2018_16-07-50-878000",
                    "colour": 0,
                    "position": 8,
                    "permissions": 0,
                    "name": "Current Iteration"
                },
                "403272352223461387": {
                    "created_at": "17-01-2018_19-40-21-208000",
                    "colour": 0,
                    "position": 9,
                    "permissions": 104187968,
                    "name": "Members"
                },
                "178667818152230912": {
                    "created_at": "08-05-2016_00-42-07-335000",
                    "colour": 0,
                    "position": 0,
                    "permissions": 0,
                    "name": "@everyone"
                },
                "403266285313589250": {
                    "created_at": "17-01-2018_19-16-14-744000",
                    "colour": 16777215,
                    "position": 10,
                    "permissions": 0,
                    "name": "Abandoned Ones"
                }
            },
            "16-12-2018_21-52-39-901037": {
                "430760351248809986": {
                    "created_at": "03-04-2018_16-07-50-878000",
                    "colour": 0,
                    "position": 9,
                    "permissions": 0,
                    "name": "Current Iteration"
                },
                "403272352223461387": {
                    "created_at": "17-01-2018_19-40-21-208000",
                    "colour": 0,
                    "position": 10,
                    "permissions": 104187968,
                    "name": "Members"
                },
                "178667818152230912": {
                    "created_at": "08-05-2016_00-42-07-335000",
                    "colour": 0,
                    "position": 0,
                    "permissions": 0,
                    "name": "@everyone"
                },
                "403266285313589250": {
                    "created_at": "17-01-2018_19-16-14-744000",
                    "colour": 16777215,
                    "position": 11,
                    "permissions": 0,
                    "name": "Abandoned Ones"
                }
            },
            "06-12-2018_01-05-49-556858": {
                "430760351248809986": {
                    "created_at": "03-04-2018_16-07-50-878000",
                    "colour": 0,
                    "position": 10,
                    "permissions": 0,
                    "name": "Current Iteration"
                },
                "403272352223461387": {
                    "created_at": "17-01-2018_19-40-21-208000",
                    "colour": 0,
                    "position": 12,
                    "permissions": 104187968,
                    "name": "Members"
                },
                "178667818152230912": {
                    "created_at": "08-05-2016_00-42-07-335000",
                    "colour": 0,
                    "position": 0,
                    "permissions": 0,
                    "name": "@everyone"
                },
                "403266285313589250": {
                    "created_at": "17-01-2018_19-16-14-744000",
                    "colour": 16777215,
                    "position": 13,
                    "permissions": 0,
                    "name": "Abandoned Ones"
                }
            },
            "10-02-2019_10-58-00-564986": {
                "403272352223461387": {
                    "created_at": "17-01-2018_19-40-21-208000",
                    "colour": 0,
                    "position": 11,
                    "permissions": 104187968,
                    "name": "Members"
                },
                "178667818152230912": {
                    "created_at": "08-05-2016_00-42-07-335000",
                    "colour": 0,
                    "position": 0,
                    "permissions": 0,
                    "name": "@everyone"
                },
                "403266285313589250": {
                    "created_at": "17-01-2018_19-16-14-744000",
                    "colour": 16777215,
                    "position": 12,
                    "permissions": 0,
                    "name": "Abandoned Ones"
                }
            }
        }
    },
    "game": {
        "current": {
            "type": null,
            "name": null,
            "url": null
        },
        "previous": {
            "30-01-2019_23-45-18-912162": {
                "type": 0,
                "name": "Counter-Strike: Global Offensive",
                "url": null
            },
            "19-01-2019_23-47-11-591556": {
                "type": 0,
                "name": "Minecraft 1.12.2",
                "url": null
            },
            "17-01-2019_17-37-42-106001": {
                "type": 0,
                "name": "Counter-Strike: Global Offensive",
                "url": null
            },
            "29-01-2019_19-57-05-628849": {
                "type": null,
                "name": null,
                "url": null
            },
            "18-01-2019_23-28-09-275982": {
                "type": 0,
                "name": "Counter-Strike: Global Offensive",
                "url": null
            },
            "15-01-2019_20-05-24-063373": {
                "type": 0,
                "name": "Counter-Strike: Global Offensive",
                "url": null
            },
            "19-01-2019_13-47-02-065430": {
                "type": null,
                "name": null,
                "url": null
            },
            "13-01-2019_18-58-47-852165": {
                "type": 0,
                "name": "Counter-Strike: Global Offensive",
                "url": null
            },
            "31-01-2019_19-29-23-149190": {
                "type": null,
                "name": null,
                "url": null
            },
            "13-01-2019_23-58-57-488890": {
                "type": 0,
                "name": "Team Fortress 2",
                "url": null
            },
            "25-01-2019_18-03-01-080213": {
                "type": 0,
                "name": "Counter-Strike: Global Offensive",
                "url": null
            },
            "26-01-2019_15-44-45-130911": {
                "type": 0,
                "name": "Minecraft",
                "url": null
            },
            "29-01-2019_23-34-56-773453": {
                "type": 0,
                "name": "Counter-Strike: Global Offensive",
                "url": null
            },
            "31-01-2019_23-15-25-764869": {
                "type": 0,
                "name": "Counter-Strike: Global Offensive",
                "url": null
            },
            "18-01-2019_22-56-50-509179": {
                "type": null,
                "name": null,
                "url": null
            },
            "30-01-2019_22-01-10-201736": {
                "type": null,
                "name": null,
                "url": null
            }
        }
    }
}