{
    "discriminator": {
        "current": "0110",
        "previous": {
            "09-02-2019_19-14-04-134526": "9999",
            "12-02-2019_19-18-53-139616": "0001"
        }
    },
    "id": "236940575411011585",
    "cookies": {
        "cookie_interest": 0,
        "measured_epochs": 4,
        "give": {
            "average": 0.0,
            "total_cookies": 0
        },
        "get": {
            "average": 0.0,
            "total_cookies": 0
        },
        "current_cookies": 0,
        "cookie_transfer_quota": 0,
        "total_cookies": 0,
        "cookies_in_jar": 0,
        "active_epochs": 0,
        "active_this_epoch": false
    },
    "colour": {
        "current": 16777215,
        "previous": {
            "31-01-2019_19-29-23-149190": 0
        }
    },
    "voice": {
        "current": {
            "self_mute": false,
            "is_afk": false,
            "server_deaf": false,
            "channel": {
                "private": null,
                "id": null,
                "name": null
            },
            "server_mute": false,
            "self_deaf": false
        },
        "previous": {
            "31-01-2019_23-15-25-764869": {
                "self_mute": false,
                "is_afk": false,
                "server_deaf": false,
                "channel": {
                    "private": false,
                    "id": "403283673647939595",
                    "name": "General"
                },
                "server_mute": false,
                "self_deaf": false
            }
        }
    },
    "display_name": {
        "current": "Orr",
        "previous": {}
    },
    "activity": {
        "2019": {
            "2": {
                "19": {
                    "20": {
                        "403084655550791682": 1
                    }
                },
                "16": {
                    "18": {
                        "403084655550791682": 1
                    }
                },
                "14": {
                    "9": {
                        "403084790401728512": 1
                    }
                },
                "3": {
                    "13": {
                        "403084655550791682": 7
                    },
                    "14": {
                        "403084763591606273": 1
                    }
                },
                "12": {
                    "10": {
                        "403084655550791682": 1
                    }
                },
                "1": {
                    "19": {
                        "403084655550791682": 1
                    },
                    "20": {
                        "403084655550791682": 1
                    }
                }
            },
            "1": {
                "31": {
                    "19": {
                        "403084790401728512": 1,
                        "403084655550791682": 10
                    },
                    "20": {
                        "403084655550791682": 1
                    }
                }
            }
        }
    },
    "bans": {
        "current": "not banned",
        "previous": {}
    },
    "status": {
        "current": "offline",
        "previous": {
            "07-02-2019_22-30-45-401502": "online",
            "19-02-2019_17-56-03-144130": "offline",
            "18-02-2019_14-16-21-404972": "online",
            "08-02-2019_19-09-26-882805": "online",
            "16-02-2019_18-22-40-919504": "online",
            "12-02-2019_19-18-53-139616": "online",
            "31-01-2019_23-15-25-764869": "online",
            "08-02-2019_19-38-42-445767": "idle",
            "31-01-2019_19-29-23-149190": "online",
            "09-02-2019_19-14-04-134526": "online",
            "19-02-2019_19-48-32-014694": "online",
            "12-02-2019_19-03-22-820778": "online",
            "18-02-2019_21-46-13-382171": "idle",
            "10-02-2019_10-58-00-564986": "online",
            "11-02-2019_22-51-39-999500": "idle"
        }
    },
    "name": {
        "current": "Orr",
        "previous": {}
    },
    "joined_at": {
        "current": "31-01-2019_17-23-53-476524",
        "previous": {}
    },
    "bot": false,
    "created_at": "15-10-2016_19-57-15-321000",
    "roles": {
        "current": {
            "403272352223461387": {
                "created_at": "17-01-2018_19-40-21-208000",
                "position": 10,
                "colour": 0,
                "permissions": 104187968,
                "name": "Members"
            },
            "178667818152230912": {
                "created_at": "08-05-2016_00-42-07-335000",
                "position": 0,
                "colour": 0,
                "permissions": 0,
                "name": "@everyone"
            },
            "403266285313589250": {
                "created_at": "17-01-2018_19-16-14-744000",
                "position": 11,
                "colour": 16777215,
                "permissions": 0,
                "name": "Abandoned Ones"
            }
        },
        "previous": {
            "31-01-2019_19-29-23-149190": {
                "403272352223461387": {
                    "created_at": "17-01-2018_19-40-21-208000",
                    "position": 10,
                    "colour": 0,
                    "permissions": 104187968,
                    "name": "Members"
                },
                "178667818152230912": {
                    "created_at": "08-05-2016_00-42-07-335000",
                    "position": 0,
                    "colour": 0,
                    "permissions": 0,
                    "name": "@everyone"
                }
            },
            "09-02-2019_19-14-04-134526": {
                "403272352223461387": {
                    "created_at": "17-01-2018_19-40-21-208000",
                    "position": 10,
                    "colour": 0,
                    "permissions": 104187968,
                    "name": "Members"
                },
                "178667818152230912": {
                    "created_at": "08-05-2016_00-42-07-335000",
                    "position": 0,
                    "colour": 0,
                    "permissions": 0,
                    "name": "@everyone"
                },
                "403266285313589250": {
                    "created_at": "17-01-2018_19-16-14-744000",
                    "position": 11,
                    "colour": 16777215,
                    "permissions": 0,
                    "name": "Abandoned Ones"
                }
            },
            "10-02-2019_10-58-00-564986": {
                "403272352223461387": {
                    "created_at": "17-01-2018_19-40-21-208000",
                    "position": 11,
                    "colour": 0,
                    "permissions": 104187968,
                    "name": "Members"
                },
                "178667818152230912": {
                    "created_at": "08-05-2016_00-42-07-335000",
                    "position": 0,
                    "colour": 0,
                    "permissions": 0,
                    "name": "@everyone"
                },
                "403266285313589250": {
                    "created_at": "17-01-2018_19-16-14-744000",
                    "position": 12,
                    "colour": 16777215,
                    "permissions": 0,
                    "name": "Abandoned Ones"
                }
            }
        }
    },
    "game": {
        "current": {
            "type": null,
            "name": null,
            "url": null
        },
        "previous": {
            "31-01-2019_23-15-25-764869": {
                "type": 0,
                "name": "PLAYERUNKNOWN'S BATTLEGROUNDS",
                "url": null
            }
        }
    }
}