{
    "discriminator": {
        "current": "3586",
        "previous": {}
    },
    "id": "255754338809544705",
    "cookies": {
        "cookie_interest": 0,
        "measured_epochs": 3,
        "give": {
            "average": 0.0,
            "total_cookies": 0
        },
        "get": {
            "average": 0.0,
            "total_cookies": 0
        },
        "cookie_transfer_quota": 0,
        "current_cookies": 0,
        "total_cookies": 0,
        "cookies_in_jar": 0,
        "active_this_epoch": false,
        "active_epochs": 0
    },
    "colour": {
        "current": 16777215,
        "previous": {
            "07-02-2019_22-30-45-401502": 0
        }
    },
    "voice": {
        "current": {
            "channel": {
                "id": null,
                "private": null,
                "name": null
            },
            "is_afk": false,
            "server_mute": false,
            "self_mute": false,
            "server_deaf": false,
            "self_deaf": false
        },
        "previous": {}
    },
    "display_name": {
        "current": "master morgan",
        "previous": {}
    },
    "activity": {},
    "bans": {
        "current": "not banned",
        "previous": {}
    },
    "status": {
        "current": "offline",
        "previous": {
            "18-02-2019_14-16-21-404972": "online",
            "09-02-2019_19-14-04-134526": "online",
            "08-02-2019_19-38-42-445767": "online",
            "18-02-2019_21-46-13-382171": "online",
            "08-02-2019_19-09-26-882805": "online",
            "16-02-2019_18-22-40-919504": "online",
            "12-02-2019_19-18-53-139616": "offline",
            "10-02-2019_10-58-00-564986": "idle"
        }
    },
    "name": {
        "current": "master morgan",
        "previous": {}
    },
    "joined_at": {
        "current": "07-02-2019_18-56-06-099137",
        "previous": {}
    },
    "bot": false,
    "created_at": "06-12-2016_17-56-26-058000",
    "roles": {
        "current": {
            "178667818152230912": {
                "created_at": "08-05-2016_00-42-07-335000",
                "colour": 0,
                "position": 0,
                "permissions": 0,
                "name": "@everyone"
            },
            "403266285313589250": {
                "created_at": "17-01-2018_19-16-14-744000",
                "colour": 16777215,
                "position": 11,
                "permissions": 0,
                "name": "Abandoned Ones"
            }
        },
        "previous": {
            "07-02-2019_22-30-45-401502": {
                "178667818152230912": {
                    "created_at": "08-05-2016_00-42-07-335000",
                    "colour": 0,
                    "position": 0,
                    "permissions": 0,
                    "name": "@everyone"
                }
            },
            "09-02-2019_19-14-04-134526": {
                "178667818152230912": {
                    "created_at": "08-05-2016_00-42-07-335000",
                    "colour": 0,
                    "position": 0,
                    "permissions": 0,
                    "name": "@everyone"
                },
                "403266285313589250": {
                    "created_at": "17-01-2018_19-16-14-744000",
                    "colour": 16777215,
                    "position": 11,
                    "permissions": 0,
                    "name": "Abandoned Ones"
                }
            },
            "10-02-2019_10-58-00-564986": {
                "178667818152230912": {
                    "created_at": "08-05-2016_00-42-07-335000",
                    "colour": 0,
                    "position": 0,
                    "permissions": 0,
                    "name": "@everyone"
                },
                "403266285313589250": {
                    "created_at": "17-01-2018_19-16-14-744000",
                    "colour": 16777215,
                    "position": 12,
                    "permissions": 0,
                    "name": "Abandoned Ones"
                }
            }
        }
    },
    "game": {
        "current": {
            "type": null,
            "name": null,
            "url": null
        },
        "previous": {
            "18-02-2019_14-16-21-404972": {
                "type": 0,
                "name": "Bigscreen Beta",
                "url": null
            },
            "16-02-2019_18-22-40-919504": {
                "type": 0,
                "name": "Onward",
                "url": null
            },
            "08-02-2019_19-38-42-445767": {
                "type": 0,
                "name": "World of Tanks",
                "url": null
            },
            "12-02-2019_19-18-53-139616": {
                "type": null,
                "name": null,
                "url": null
            }
        }
    }
}