{
    "discriminator": {
        "current": "3285",
        "previous": {
            "10-01-2019_00-18-24-072293": "9774",
            "23-01-2019_21-15-24-922386": "0770"
        }
    },
    "id": "334070792130265108",
    "cookies": {
        "cookie_interest": 0,
        "measured_epochs": 13,
        "give": {
            "average": 0.0,
            "total_cookies": 0
        },
        "get": {
            "average": 0.0,
            "total_cookies": 0
        },
        "current_cookies": 0,
        "cookie_transfer_quota": 0,
        "total_cookies": 0,
        "cookies_in_jar": 0,
        "active_epochs": 0,
        "active_this_epoch": false
    },
    "colour": {
        "current": 16741437,
        "previous": {
            "10-01-2019_00-18-24-072293": 7962319
        }
    },
    "voice": {
        "current": {
            "self_mute": false,
            "is_afk": false,
            "server_deaf": false,
            "channel": {
                "private": null,
                "id": null,
                "name": null
            },
            "server_mute": false,
            "self_deaf": false
        },
        "previous": {
            "09-02-2019_19-14-04-134526": {
                "self_mute": false,
                "is_afk": false,
                "server_deaf": false,
                "channel": {
                    "private": false,
                    "id": "410813824162201620",
                    "name": "High Staff"
                },
                "server_mute": false,
                "self_deaf": false
            },
            "31-01-2019_23-15-25-764869": {
                "self_mute": false,
                "is_afk": false,
                "server_deaf": false,
                "channel": {
                    "private": false,
                    "id": "404218721922580481",
                    "name": "Media Staff"
                },
                "server_mute": false,
                "self_deaf": false
            }
        }
    },
    "display_name": {
        "current": "S. Tribal Chief Neon",
        "previous": {
            "07-02-2019_22-30-45-401502": "Chi-Blocker Leader Neon"
        }
    },
    "activity": {
        "2019": {
            "2": {
                "1": {
                    "19": {
                        "403084655550791682": 4,
                        "403086550851911681": 1
                    }
                }
            },
            "1": {
                "25": {
                    "1": {
                        "410813767840956416": 4
                    }
                }
            }
        }
    },
    "bans": {
        "current": "not banned",
        "previous": {}
    },
    "status": {
        "current": "dnd",
        "previous": {
            "19-02-2019_17-56-03-144130": "offline",
            "27-01-2019_13-19-36-209606": "dnd",
            "27-01-2019_00-03-40-224296": "dnd",
            "25-01-2019_15-28-36-671537": "dnd",
            "05-12-2018_16-23-43-417186": "dnd",
            "23-01-2019_23-06-46-438605": "offline",
            "12-02-2019_19-18-53-139616": "offline",
            "31-01-2019_23-15-25-764869": "dnd",
            "06-12-2018_15-16-54-897558": "dnd",
            "19-01-2019_23-47-11-591556": "offline",
            "12-01-2019_01-16-58-662867": "online",
            "16-01-2019_22-00-47-241502": "dnd",
            "26-01-2019_15-44-45-130911": "offline",
            "25-01-2019_00-26-23-076062": "dnd",
            "18-01-2019_15-04-28-265172": "offline",
            "06-12-2018_01-05-49-556858": "offline",
            "30-01-2019_23-45-18-912162": "dnd",
            "08-02-2019_19-38-42-445767": "offline",
            "19-01-2019_13-47-02-065430": "offline",
            "06-12-2018_19-01-41-672098": "offline",
            "31-01-2019_15-07-05-822989": "dnd",
            "11-01-2019_22-45-11-058689": "dnd",
            "07-12-2018_09-02-35-892853": "offline",
            "06-12-2018_14-01-40-919859": "offline",
            "11-12-2018_09-13-26-392726": "idle",
            "06-12-2018_17-09-51-137367": "dnd",
            "06-12-2018_14-10-10-501058": "offline",
            "10-12-2018_16-02-31-496869": "offline",
            "31-01-2019_19-29-23-149190": "offline",
            "06-12-2018_00-45-45-907811": "dnd",
            "16-01-2019_15-03-07-147943": "offline",
            "10-02-2019_10-58-00-564986": "offline",
            "10-01-2019_00-18-24-072293": "offline",
            "10-01-2019_03-36-57-747790": "offline",
            "09-12-2018_10-10-43-790279": "dnd",
            "06-12-2018_14-27-10-018861": "dnd",
            "17-12-2018_00-07-55-794219": "offline",
            "17-12-2018_08-19-13-303562": "dnd",
            "15-01-2019_20-05-24-063373": "dnd",
            "16-12-2018_21-52-39-901037": "dnd",
            "16-12-2018_22-46-26-221531": "offline",
            "18-02-2019_14-16-21-404972": "dnd",
            "13-01-2019_18-58-47-852165": "idle",
            "06-12-2018_13-18-30-157611": "dnd",
            "05-12-2018_16-27-33-714312": "offline",
            "11-02-2019_22-51-39-999500": "dnd",
            "29-01-2019_19-57-05-628849": "offline",
            "29-01-2019_23-34-56-773453": "online",
            "06-12-2018_17-01-29-984225": "offline",
            "18-01-2019_23-28-09-275982": "idle",
            "17-01-2019_17-37-42-106001": "dnd",
            "07-02-2019_22-30-45-401502": "offline",
            "25-01-2019_18-03-01-080213": "offline",
            "06-12-2018_15-04-14-303670": "offline",
            "09-12-2018_10-12-40-202519": "idle",
            "06-12-2018_15-40-12-725739": "dnd",
            "16-02-2019_18-22-40-919504": "online",
            "06-12-2018_00-44-16-069543": "offline",
            "08-12-2018_15-44-11-058097": "offline",
            "12-12-2018_11-49-23-541900": "offline",
            "30-01-2019_14-51-49-215528": "offline",
            "09-02-2019_19-14-04-134526": "offline",
            "06-12-2018_00-55-15-699438": "offline",
            "06-12-2018_14-32-19-309128": "offline",
            "06-12-2018_00-43-19-590607": "dnd",
            "18-02-2019_21-46-13-382171": "dnd",
            "13-01-2019_23-58-57-488890": "offline",
            "07-12-2018_19-07-03-633575": "dnd",
            "26-01-2019_04-12-07-077616": "offline"
        }
    },
    "name": {
        "current": "Neon",
        "previous": {}
    },
    "joined_at": {
        "current": "17-01-2018_09-28-15-816000",
        "previous": {}
    },
    "bot": false,
    "created_at": "10-07-2017_20-38-03-579000",
    "roles": {
        "current": {
            "401845161266642944": {
                "created_at": "13-01-2018_21-09-12-368000",
                "position": 18,
                "colour": 7962319,
                "permissions": 0,
                "name": "Media Creators"
            },
            "403272352223461387": {
                "created_at": "17-01-2018_19-40-21-208000",
                "position": 10,
                "colour": 0,
                "permissions": 104187968,
                "name": "Members"
            },
            "469889439775326208": {
                "created_at": "20-07-2018_15-32-52-566000",
                "position": 28,
                "colour": 16741437,
                "permissions": 0,
                "name": "Head of Media"
            },
            "469889716435812353": {
                "created_at": "20-07-2018_15-33-58-527000",
                "position": 25,
                "colour": 0,
                "permissions": 2146954743,
                "name": "High Council"
            },
            "403266285313589250": {
                "created_at": "17-01-2018_19-16-14-744000",
                "position": 11,
                "colour": 16777215,
                "permissions": 0,
                "name": "Abandoned Ones"
            },
            "523917597138354193": {
                "created_at": "16-12-2018_17-41-29-076000",
                "position": 2,
                "colour": 16714995,
                "permissions": 0,
                "name": "Yeeters"
            },
            "178667818152230912": {
                "created_at": "08-05-2016_00-42-07-335000",
                "position": 0,
                "colour": 0,
                "permissions": 0,
                "name": "@everyone"
            },
            "373129696960970762": {
                "created_at": "26-10-2017_15-24-12-170000",
                "position": 23,
                "colour": 0,
                "permissions": 0,
                "name": "Staff"
            }
        },
        "previous": {
            "10-01-2019_00-18-24-072293": {
                "401845161266642944": {
                    "created_at": "13-01-2018_21-09-12-368000",
                    "position": 16,
                    "colour": 7962319,
                    "permissions": 0,
                    "name": "Media Creators"
                },
                "430760351248809986": {
                    "created_at": "03-04-2018_16-07-50-878000",
                    "position": 6,
                    "colour": 0,
                    "permissions": 0,
                    "name": "Current Iteration"
                },
                "403272352223461387": {
                    "created_at": "17-01-2018_19-40-21-208000",
                    "position": 7,
                    "colour": 0,
                    "permissions": 104187968,
                    "name": "Members"
                },
                "403266285313589250": {
                    "created_at": "17-01-2018_19-16-14-744000",
                    "position": 8,
                    "colour": 16777215,
                    "permissions": 0,
                    "name": "Abandoned Ones"
                },
                "178667818152230912": {
                    "created_at": "08-05-2016_00-42-07-335000",
                    "position": 0,
                    "colour": 0,
                    "permissions": 0,
                    "name": "@everyone"
                },
                "373129696960970762": {
                    "created_at": "26-10-2017_15-24-12-170000",
                    "position": 14,
                    "colour": 16711680,
                    "permissions": 0,
                    "name": "Staff"
                }
            },
            "18-02-2019_14-16-21-404972": {
                "401845161266642944": {
                    "created_at": "13-01-2018_21-09-12-368000",
                    "position": 16,
                    "colour": 7962319,
                    "permissions": 0,
                    "name": "Media Creators"
                },
                "403272352223461387": {
                    "created_at": "17-01-2018_19-40-21-208000",
                    "position": 10,
                    "colour": 0,
                    "permissions": 104187968,
                    "name": "Members"
                },
                "469889439775326208": {
                    "created_at": "20-07-2018_15-32-52-566000",
                    "position": 25,
                    "colour": 16741437,
                    "permissions": 0,
                    "name": "Head of Media"
                },
                "469889716435812353": {
                    "created_at": "20-07-2018_15-33-58-527000",
                    "position": 22,
                    "colour": 0,
                    "permissions": 2146954743,
                    "name": "High Council"
                },
                "403266285313589250": {
                    "created_at": "17-01-2018_19-16-14-744000",
                    "position": 11,
                    "colour": 16777215,
                    "permissions": 0,
                    "name": "Abandoned Ones"
                },
                "523917597138354193": {
                    "created_at": "16-12-2018_17-41-29-076000",
                    "position": 2,
                    "colour": 16714995,
                    "permissions": 0,
                    "name": "Yeeters"
                },
                "178667818152230912": {
                    "created_at": "08-05-2016_00-42-07-335000",
                    "position": 0,
                    "colour": 0,
                    "permissions": 0,
                    "name": "@everyone"
                },
                "373129696960970762": {
                    "created_at": "26-10-2017_15-24-12-170000",
                    "position": 20,
                    "colour": 0,
                    "permissions": 0,
                    "name": "Staff"
                }
            },
            "25-01-2019_18-03-01-080213": {
                "401845161266642944": {
                    "created_at": "13-01-2018_21-09-12-368000",
                    "position": 19,
                    "colour": 7962319,
                    "permissions": 0,
                    "name": "Media Creators"
                },
                "403272352223461387": {
                    "created_at": "17-01-2018_19-40-21-208000",
                    "position": 11,
                    "colour": 0,
                    "permissions": 104187968,
                    "name": "Members"
                },
                "469889439775326208": {
                    "created_at": "20-07-2018_15-32-52-566000",
                    "position": 24,
                    "colour": 16741437,
                    "permissions": 0,
                    "name": "Head of Media"
                },
                "469889716435812353": {
                    "created_at": "20-07-2018_15-33-58-527000",
                    "position": 29,
                    "colour": 0,
                    "permissions": 2146954743,
                    "name": "High Council"
                },
                "403266285313589250": {
                    "created_at": "17-01-2018_19-16-14-744000",
                    "position": 12,
                    "colour": 16777215,
                    "permissions": 0,
                    "name": "Abandoned Ones"
                },
                "523917597138354193": {
                    "created_at": "16-12-2018_17-41-29-076000",
                    "position": 2,
                    "colour": 16714995,
                    "permissions": 0,
                    "name": "Yeeters"
                },
                "178667818152230912": {
                    "created_at": "08-05-2016_00-42-07-335000",
                    "position": 0,
                    "colour": 0,
                    "permissions": 0,
                    "name": "@everyone"
                },
                "373129696960970762": {
                    "created_at": "26-10-2017_15-24-12-170000",
                    "position": 17,
                    "colour": 16711680,
                    "permissions": 0,
                    "name": "Staff"
                }
            },
            "07-02-2019_22-30-45-401502": {
                "401845161266642944": {
                    "created_at": "13-01-2018_21-09-12-368000",
                    "position": 16,
                    "colour": 7962319,
                    "permissions": 0,
                    "name": "Media Creators"
                },
                "403272352223461387": {
                    "created_at": "17-01-2018_19-40-21-208000",
                    "position": 10,
                    "colour": 0,
                    "permissions": 104187968,
                    "name": "Members"
                },
                "469889439775326208": {
                    "created_at": "20-07-2018_15-32-52-566000",
                    "position": 22,
                    "colour": 16741437,
                    "permissions": 0,
                    "name": "Head of Media"
                },
                "469889716435812353": {
                    "created_at": "20-07-2018_15-33-58-527000",
                    "position": 27,
                    "colour": 0,
                    "permissions": 2146954743,
                    "name": "High Council"
                },
                "403266285313589250": {
                    "created_at": "17-01-2018_19-16-14-744000",
                    "position": 11,
                    "colour": 16777215,
                    "permissions": 0,
                    "name": "Abandoned Ones"
                },
                "523917597138354193": {
                    "created_at": "16-12-2018_17-41-29-076000",
                    "position": 2,
                    "colour": 16714995,
                    "permissions": 0,
                    "name": "Yeeters"
                },
                "178667818152230912": {
                    "created_at": "08-05-2016_00-42-07-335000",
                    "position": 0,
                    "colour": 0,
                    "permissions": 0,
                    "name": "@everyone"
                },
                "373129696960970762": {
                    "created_at": "26-10-2017_15-24-12-170000",
                    "position": 19,
                    "colour": 0,
                    "permissions": 0,
                    "name": "Staff"
                }
            },
            "16-12-2018_21-52-39-901037": {
                "401845161266642944": {
                    "created_at": "13-01-2018_21-09-12-368000",
                    "position": 20,
                    "colour": 7962319,
                    "permissions": 0,
                    "name": "Media Creators"
                },
                "430760351248809986": {
                    "created_at": "03-04-2018_16-07-50-878000",
                    "position": 9,
                    "colour": 0,
                    "permissions": 0,
                    "name": "Current Iteration"
                },
                "403272352223461387": {
                    "created_at": "17-01-2018_19-40-21-208000",
                    "position": 10,
                    "colour": 0,
                    "permissions": 104187968,
                    "name": "Members"
                },
                "403266285313589250": {
                    "created_at": "17-01-2018_19-16-14-744000",
                    "position": 11,
                    "colour": 16777215,
                    "permissions": 0,
                    "name": "Abandoned Ones"
                },
                "178667818152230912": {
                    "created_at": "08-05-2016_00-42-07-335000",
                    "position": 0,
                    "colour": 0,
                    "permissions": 0,
                    "name": "@everyone"
                },
                "373129696960970762": {
                    "created_at": "26-10-2017_15-24-12-170000",
                    "position": 18,
                    "colour": 16711680,
                    "permissions": 0,
                    "name": "Staff"
                }
            },
            "07-12-2018_09-02-35-892853": {
                "401845161266642944": {
                    "created_at": "13-01-2018_21-09-12-368000",
                    "position": 20,
                    "colour": 7962319,
                    "permissions": 0,
                    "name": "Media Creators"
                },
                "430760351248809986": {
                    "created_at": "03-04-2018_16-07-50-878000",
                    "position": 9,
                    "colour": 0,
                    "permissions": 0,
                    "name": "Current Iteration"
                },
                "403272352223461387": {
                    "created_at": "17-01-2018_19-40-21-208000",
                    "position": 11,
                    "colour": 0,
                    "permissions": 104187968,
                    "name": "Members"
                },
                "403266285313589250": {
                    "created_at": "17-01-2018_19-16-14-744000",
                    "position": 12,
                    "colour": 16777215,
                    "permissions": 0,
                    "name": "Abandoned Ones"
                },
                "178667818152230912": {
                    "created_at": "08-05-2016_00-42-07-335000",
                    "position": 0,
                    "colour": 0,
                    "permissions": 0,
                    "name": "@everyone"
                },
                "373129696960970762": {
                    "created_at": "26-10-2017_15-24-12-170000",
                    "position": 18,
                    "colour": 16711680,
                    "permissions": 0,
                    "name": "Staff"
                }
            },
            "09-02-2019_19-14-04-134526": {
                "401845161266642944": {
                    "created_at": "13-01-2018_21-09-12-368000",
                    "position": 16,
                    "colour": 7962319,
                    "permissions": 0,
                    "name": "Media Creators"
                },
                "403272352223461387": {
                    "created_at": "17-01-2018_19-40-21-208000",
                    "position": 10,
                    "colour": 0,
                    "permissions": 104187968,
                    "name": "Members"
                },
                "469889439775326208": {
                    "created_at": "20-07-2018_15-32-52-566000",
                    "position": 22,
                    "colour": 16741437,
                    "permissions": 0,
                    "name": "Head of Media"
                },
                "469889716435812353": {
                    "created_at": "20-07-2018_15-33-58-527000",
                    "position": 27,
                    "colour": 0,
                    "permissions": 2146954743,
                    "name": "Nation Leaders"
                },
                "403266285313589250": {
                    "created_at": "17-01-2018_19-16-14-744000",
                    "position": 11,
                    "colour": 16777215,
                    "permissions": 0,
                    "name": "Abandoned Ones"
                },
                "523917597138354193": {
                    "created_at": "16-12-2018_17-41-29-076000",
                    "position": 2,
                    "colour": 16714995,
                    "permissions": 0,
                    "name": "Yeeters"
                },
                "178667818152230912": {
                    "created_at": "08-05-2016_00-42-07-335000",
                    "position": 0,
                    "colour": 0,
                    "permissions": 0,
                    "name": "@everyone"
                },
                "373129696960970762": {
                    "created_at": "26-10-2017_15-24-12-170000",
                    "position": 19,
                    "colour": 0,
                    "permissions": 0,
                    "name": "Staff"
                }
            },
            "06-12-2018_00-55-15-699438": {
                "401845161266642944": {
                    "created_at": "13-01-2018_21-09-12-368000",
                    "position": 21,
                    "colour": 7962319,
                    "permissions": 0,
                    "name": "Media Creators"
                },
                "430760351248809986": {
                    "created_at": "03-04-2018_16-07-50-878000",
                    "position": 10,
                    "colour": 0,
                    "permissions": 0,
                    "name": "Current Iteration"
                },
                "403272352223461387": {
                    "created_at": "17-01-2018_19-40-21-208000",
                    "position": 12,
                    "colour": 0,
                    "permissions": 104187968,
                    "name": "Members"
                },
                "403266269220175892": {
                    "created_at": "17-01-2018_19-16-10-907000",
                    "position": 16,
                    "colour": 1033914,
                    "permissions": 262208,
                    "name": "Mythical Ones"
                },
                "178667818152230912": {
                    "created_at": "08-05-2016_00-42-07-335000",
                    "position": 0,
                    "colour": 0,
                    "permissions": 0,
                    "name": "@everyone"
                },
                "373129696960970762": {
                    "created_at": "26-10-2017_15-24-12-170000",
                    "position": 19,
                    "colour": 16711680,
                    "permissions": 0,
                    "name": "Staff"
                }
            },
            "07-12-2018_07-51-11-182069": {
                "401845161266642944": {
                    "created_at": "13-01-2018_21-09-12-368000",
                    "position": 20,
                    "colour": 7962319,
                    "permissions": 0,
                    "name": "Media Creators"
                },
                "430760351248809986": {
                    "created_at": "03-04-2018_16-07-50-878000",
                    "position": 9,
                    "colour": 0,
                    "permissions": 0,
                    "name": "Current Iteration"
                },
                "403272352223461387": {
                    "created_at": "17-01-2018_19-40-21-208000",
                    "position": 11,
                    "colour": 0,
                    "permissions": 104187968,
                    "name": "Members"
                },
                "403266269220175892": {
                    "created_at": "17-01-2018_19-16-10-907000",
                    "position": 15,
                    "colour": 1033914,
                    "permissions": 262208,
                    "name": "Mythical Ones"
                },
                "178667818152230912": {
                    "created_at": "08-05-2016_00-42-07-335000",
                    "position": 0,
                    "colour": 0,
                    "permissions": 0,
                    "name": "@everyone"
                },
                "373129696960970762": {
                    "created_at": "26-10-2017_15-24-12-170000",
                    "position": 18,
                    "colour": 16711680,
                    "permissions": 0,
                    "name": "Staff"
                }
            },
            "25-01-2019_00-26-23-076062": {
                "401845161266642944": {
                    "created_at": "13-01-2018_21-09-12-368000",
                    "position": 19,
                    "colour": 7962319,
                    "permissions": 0,
                    "name": "Media Creators"
                },
                "430760351248809986": {
                    "created_at": "03-04-2018_16-07-50-878000",
                    "position": 8,
                    "colour": 0,
                    "permissions": 0,
                    "name": "Current Iteration"
                },
                "403272352223461387": {
                    "created_at": "17-01-2018_19-40-21-208000",
                    "position": 9,
                    "colour": 0,
                    "permissions": 104187968,
                    "name": "Members"
                },
                "469889716435812353": {
                    "created_at": "20-07-2018_15-33-58-527000",
                    "position": 29,
                    "colour": 0,
                    "permissions": 2146954743,
                    "name": "High Council"
                },
                "523917597138354193": {
                    "created_at": "16-12-2018_17-41-29-076000",
                    "position": 2,
                    "colour": 16714995,
                    "permissions": 0,
                    "name": "Yeeters"
                },
                "403266285313589250": {
                    "created_at": "17-01-2018_19-16-14-744000",
                    "position": 10,
                    "colour": 16777215,
                    "permissions": 0,
                    "name": "Abandoned Ones"
                },
                "469889439775326208": {
                    "created_at": "20-07-2018_15-32-52-566000",
                    "position": 24,
                    "colour": 16741437,
                    "permissions": 0,
                    "name": "Head of Media"
                },
                "178667818152230912": {
                    "created_at": "08-05-2016_00-42-07-335000",
                    "position": 0,
                    "colour": 0,
                    "permissions": 0,
                    "name": "@everyone"
                },
                "373129696960970762": {
                    "created_at": "26-10-2017_15-24-12-170000",
                    "position": 17,
                    "colour": 16711680,
                    "permissions": 0,
                    "name": "Staff"
                }
            },
            "17-01-2019_17-37-42-106001": {
                "401845161266642944": {
                    "created_at": "13-01-2018_21-09-12-368000",
                    "position": 19,
                    "colour": 7962319,
                    "permissions": 0,
                    "name": "Media Creators"
                },
                "430760351248809986": {
                    "created_at": "03-04-2018_16-07-50-878000",
                    "position": 8,
                    "colour": 0,
                    "permissions": 0,
                    "name": "Current Iteration"
                },
                "403272352223461387": {
                    "created_at": "17-01-2018_19-40-21-208000",
                    "position": 9,
                    "colour": 0,
                    "permissions": 104187968,
                    "name": "Members"
                },
                "469889439775326208": {
                    "created_at": "20-07-2018_15-32-52-566000",
                    "position": 24,
                    "colour": 16741437,
                    "permissions": 0,
                    "name": "Head of Media"
                },
                "469889716435812353": {
                    "created_at": "20-07-2018_15-33-58-527000",
                    "position": 29,
                    "colour": 0,
                    "permissions": 8,
                    "name": "High Council"
                },
                "403266285313589250": {
                    "created_at": "17-01-2018_19-16-14-744000",
                    "position": 10,
                    "colour": 16777215,
                    "permissions": 0,
                    "name": "Abandoned Ones"
                },
                "178667818152230912": {
                    "created_at": "08-05-2016_00-42-07-335000",
                    "position": 0,
                    "colour": 0,
                    "permissions": 0,
                    "name": "@everyone"
                },
                "373129696960970762": {
                    "created_at": "26-10-2017_15-24-12-170000",
                    "position": 17,
                    "colour": 16711680,
                    "permissions": 0,
                    "name": "Staff"
                }
            },
            "10-02-2019_10-58-00-564986": {
                "401845161266642944": {
                    "created_at": "13-01-2018_21-09-12-368000",
                    "position": 17,
                    "colour": 7962319,
                    "permissions": 0,
                    "name": "Media Creators"
                },
                "403272352223461387": {
                    "created_at": "17-01-2018_19-40-21-208000",
                    "position": 11,
                    "colour": 0,
                    "permissions": 104187968,
                    "name": "Members"
                },
                "469889439775326208": {
                    "created_at": "20-07-2018_15-32-52-566000",
                    "position": 23,
                    "colour": 16741437,
                    "permissions": 0,
                    "name": "Head of Media"
                },
                "469889716435812353": {
                    "created_at": "20-07-2018_15-33-58-527000",
                    "position": 28,
                    "colour": 0,
                    "permissions": 2146954743,
                    "name": "Nation Leaders"
                },
                "403266285313589250": {
                    "created_at": "17-01-2018_19-16-14-744000",
                    "position": 12,
                    "colour": 16777215,
                    "permissions": 0,
                    "name": "Abandoned Ones"
                },
                "523917597138354193": {
                    "created_at": "16-12-2018_17-41-29-076000",
                    "position": 3,
                    "colour": 16714995,
                    "permissions": 0,
                    "name": "Yeeters"
                },
                "178667818152230912": {
                    "created_at": "08-05-2016_00-42-07-335000",
                    "position": 0,
                    "colour": 0,
                    "permissions": 0,
                    "name": "@everyone"
                },
                "373129696960970762": {
                    "created_at": "26-10-2017_15-24-12-170000",
                    "position": 20,
                    "colour": 0,
                    "permissions": 0,
                    "name": "Staff"
                }
            }
        }
    },
    "game": {
        "current": {
            "type": null,
            "name": null,
            "url": null
        },
        "previous": {
            "18-02-2019_14-16-21-404972": {
                "type": 0,
                "name": "Warframe",
                "url": null
            },
            "19-01-2019_23-47-11-591556": {
                "type": 0,
                "name": "Minecraft",
                "url": null
            },
            "17-12-2018_00-07-55-794219": {
                "type": 0,
                "name": "Warframe",
                "url": null
            },
            "30-01-2019_23-45-18-912162": {
                "type": 0,
                "name": "Coloring Pixels",
                "url": null
            },
            "27-01-2019_00-03-40-224296": {
                "type": 0,
                "name": "Stick Fight: The Game",
                "url": null
            },
            "23-01-2019_23-06-46-438605": {
                "type": null,
                "name": null,
                "url": null
            },
            "16-12-2018_21-52-39-901037": {
                "type": null,
                "name": null,
                "url": null
            },
            "16-12-2018_22-46-26-221531": {
                "type": null,
                "name": null,
                "url": null
            },
            "15-01-2019_20-05-24-063373": {
                "type": 0,
                "name": "Stick Fight: The Game",
                "url": null
            },
            "12-02-2019_19-18-53-139616": {
                "type": 0,
                "name": "Watching",
                "url": null
            },
            "31-01-2019_23-15-25-764869": {
                "type": 0,
                "name": "openCanvas 7",
                "url": null
            },
            "31-01-2019_19-29-23-149190": {
                "type": 0,
                "name": "Warframe",
                "url": null
            },
            "27-01-2019_13-19-36-209606": {
                "type": null,
                "name": null,
                "url": null
            },
            "09-12-2018_10-10-43-790279": {
                "type": 0,
                "name": "Garry's Mod",
                "url": null
            },
            "05-12-2018_16-27-33-714312": {
                "type": 0,
                "name": "Minecraft",
                "url": null
            },
            "11-02-2019_22-51-39-999500": {
                "type": 0,
                "name": "Warframe",
                "url": null
            },
            "16-01-2019_22-00-47-241502": {
                "type": 0,
                "name": "openCanvas 7",
                "url": null
            },
            "26-01-2019_15-44-45-130911": {
                "type": null,
                "name": null,
                "url": null
            },
            "25-01-2019_00-26-23-076062": {
                "type": 0,
                "name": "Minecraft",
                "url": null
            },
            "29-01-2019_23-34-56-773453": {
                "type": 0,
                "name": "The Isle",
                "url": null
            },
            "13-01-2019_18-58-47-852165": {
                "type": null,
                "name": null,
                "url": null
            },
            "13-01-2019_23-58-57-488890": {
                "type": 0,
                "name": "The Sims 4",
                "url": null
            },
            "17-01-2019_17-37-42-106001": {
                "type": 0,
                "name": "openCanvas 7",
                "url": null
            },
            "08-02-2019_19-38-42-445767": {
                "type": 0,
                "name": "The Isle",
                "url": null
            },
            "19-02-2019_17-56-03-144130": {
                "type": null,
                "name": null,
                "url": null
            },
            "07-02-2019_22-30-45-401502": {
                "type": 0,
                "name": "Warframe",
                "url": null
            },
            "25-01-2019_18-03-01-080213": {
                "type": 0,
                "name": "Warframe",
                "url": null
            },
            "12-01-2019_01-16-58-662867": {
                "type": 0,
                "name": "openCanvas 7",
                "url": null
            },
            "16-02-2019_18-22-40-919504": {
                "type": 0,
                "name": "Warframe",
                "url": null
            },
            "29-01-2019_19-57-05-628849": {
                "type": null,
                "name": null,
                "url": null
            },
            "08-12-2018_15-44-11-058097": {
                "type": null,
                "name": null,
                "url": null
            },
            "12-12-2018_11-49-23-541900": {
                "type": 0,
                "name": "openCanvas 7",
                "url": null
            },
            "11-12-2018_09-13-26-392726": {
                "type": 0,
                "name": "The Forest",
                "url": null
            },
            "06-12-2018_19-01-41-672098": {
                "type": 0,
                "name": "Grand Theft Auto V",
                "url": null
            },
            "09-02-2019_19-14-04-134526": {
                "type": 0,
                "name": "The Isle",
                "url": null
            },
            "10-12-2018_16-02-31-496869": {
                "type": 0,
                "name": "openCanvas 7",
                "url": null
            },
            "07-12-2018_19-07-03-633575": {
                "type": null,
                "name": null,
                "url": null
            },
            "18-02-2019_21-46-13-382171": {
                "type": 0,
                "name": "Warframe",
                "url": null
            },
            "30-01-2019_22-01-10-201736": {
                "type": null,
                "name": null,
                "url": null
            },
            "26-01-2019_04-12-07-077616": {
                "type": null,
                "name": null,
                "url": null
            },
            "19-02-2019_19-48-32-014694": {
                "type": 0,
                "name": "Warframe",
                "url": null
            },
            "16-01-2019_15-03-07-147943": {
                "type": 0,
                "name": "openCanvas 7",
                "url": null
            },
            "10-02-2019_10-58-00-564986": {
                "type": 0,
                "name": "The Isle",
                "url": null
            }
        }
    }
}