{
    "discriminator": {
        "current": "5626",
        "previous": {}
    },
    "id": "365605138230018050",
    "cookies": {
        "cookie_interest": 0,
        "measured_epochs": 13,
        "give": {
            "average": 0.0,
            "total_cookies": 0
        },
        "get": {
            "average": 0.0,
            "total_cookies": 0
        },
        "cookie_transfer_quota": 0,
        "current_cookies": 0,
        "total_cookies": 0,
        "cookies_in_jar": 0,
        "active_this_epoch": false,
        "active_epochs": 0
    },
    "colour": {
        "current": 16777215,
        "previous": {}
    },
    "voice": {
        "current": {
            "channel": {
                "id": null,
                "private": null,
                "name": null
            },
            "is_afk": false,
            "server_mute": false,
            "self_mute": false,
            "server_deaf": false,
            "self_deaf": false
        },
        "previous": {}
    },
    "display_name": {
        "current": "deathmanwalking",
        "previous": {}
    },
    "activity": {},
    "bans": {
        "current": "not banned",
        "previous": {}
    },
    "status": {
        "current": "offline",
        "previous": {
            "29-01-2019_23-34-56-773453": "online"
        }
    },
    "name": {
        "current": "deathmanwalking",
        "previous": {}
    },
    "joined_at": {
        "current": "07-07-2018_21-28-53-521934",
        "previous": {}
    },
    "bot": false,
    "created_at": "05-10-2017_21-04-17-569000",
    "roles": {
        "current": {
            "403272352223461387": {
                "created_at": "17-01-2018_19-40-21-208000",
                "colour": 0,
                "position": 10,
                "permissions": 104187968,
                "name": "Members"
            },
            "178667818152230912": {
                "created_at": "08-05-2016_00-42-07-335000",
                "colour": 0,
                "position": 0,
                "permissions": 0,
                "name": "@everyone"
            },
            "403266285313589250": {
                "created_at": "17-01-2018_19-16-14-744000",
                "colour": 16777215,
                "position": 11,
                "permissions": 0,
                "name": "Abandoned Ones"
            }
        },
        "previous": {
            "10-01-2019_00-18-24-072293": {
                "430760351248809986": {
                    "created_at": "03-04-2018_16-07-50-878000",
                    "colour": 0,
                    "position": 6,
                    "permissions": 0,
                    "name": "Current Iteration"
                },
                "403272352223461387": {
                    "created_at": "17-01-2018_19-40-21-208000",
                    "colour": 0,
                    "position": 7,
                    "permissions": 104187968,
                    "name": "Members"
                },
                "178667818152230912": {
                    "created_at": "08-05-2016_00-42-07-335000",
                    "colour": 0,
                    "position": 0,
                    "permissions": 0,
                    "name": "@everyone"
                },
                "403266285313589250": {
                    "created_at": "17-01-2018_19-16-14-744000",
                    "colour": 16777215,
                    "position": 8,
                    "permissions": 0,
                    "name": "Abandoned Ones"
                }
            },
            "17-01-2019_17-37-42-106001": {
                "430760351248809986": {
                    "created_at": "03-04-2018_16-07-50-878000",
                    "colour": 0,
                    "position": 7,
                    "permissions": 0,
                    "name": "Current Iteration"
                },
                "403272352223461387": {
                    "created_at": "17-01-2018_19-40-21-208000",
                    "colour": 0,
                    "position": 8,
                    "permissions": 104187968,
                    "name": "Members"
                },
                "178667818152230912": {
                    "created_at": "08-05-2016_00-42-07-335000",
                    "colour": 0,
                    "position": 0,
                    "permissions": 0,
                    "name": "@everyone"
                },
                "403266285313589250": {
                    "created_at": "17-01-2018_19-16-14-744000",
                    "colour": 16777215,
                    "position": 9,
                    "permissions": 0,
                    "name": "Abandoned Ones"
                }
            },
            "25-01-2019_18-03-01-080213": {
                "403272352223461387": {
                    "created_at": "17-01-2018_19-40-21-208000",
                    "colour": 0,
                    "position": 11,
                    "permissions": 104187968,
                    "name": "Members"
                },
                "178667818152230912": {
                    "created_at": "08-05-2016_00-42-07-335000",
                    "colour": 0,
                    "position": 0,
                    "permissions": 0,
                    "name": "@everyone"
                },
                "403266285313589250": {
                    "created_at": "17-01-2018_19-16-14-744000",
                    "colour": 16777215,
                    "position": 12,
                    "permissions": 0,
                    "name": "Abandoned Ones"
                }
            },
            "09-02-2019_19-14-04-134526": {
                "403272352223461387": {
                    "created_at": "17-01-2018_19-40-21-208000",
                    "colour": 0,
                    "position": 10,
                    "permissions": 104187968,
                    "name": "Members"
                },
                "178667818152230912": {
                    "created_at": "08-05-2016_00-42-07-335000",
                    "colour": 0,
                    "position": 0,
                    "permissions": 0,
                    "name": "@everyone"
                },
                "403266285313589250": {
                    "created_at": "17-01-2018_19-16-14-744000",
                    "colour": 16777215,
                    "position": 11,
                    "permissions": 0,
                    "name": "Abandoned Ones"
                }
            },
            "07-12-2018_09-02-35-892853": {
                "430760351248809986": {
                    "created_at": "03-04-2018_16-07-50-878000",
                    "colour": 0,
                    "position": 9,
                    "permissions": 0,
                    "name": "Current Iteration"
                },
                "403272352223461387": {
                    "created_at": "17-01-2018_19-40-21-208000",
                    "colour": 0,
                    "position": 11,
                    "permissions": 104187968,
                    "name": "Members"
                },
                "178667818152230912": {
                    "created_at": "08-05-2016_00-42-07-335000",
                    "colour": 0,
                    "position": 0,
                    "permissions": 0,
                    "name": "@everyone"
                },
                "403266285313589250": {
                    "created_at": "17-01-2018_19-16-14-744000",
                    "colour": 16777215,
                    "position": 12,
                    "permissions": 0,
                    "name": "Abandoned Ones"
                }
            },
            "25-01-2019_00-26-23-076062": {
                "430760351248809986": {
                    "created_at": "03-04-2018_16-07-50-878000",
                    "colour": 0,
                    "position": 8,
                    "permissions": 0,
                    "name": "Current Iteration"
                },
                "403272352223461387": {
                    "created_at": "17-01-2018_19-40-21-208000",
                    "colour": 0,
                    "position": 9,
                    "permissions": 104187968,
                    "name": "Members"
                },
                "178667818152230912": {
                    "created_at": "08-05-2016_00-42-07-335000",
                    "colour": 0,
                    "position": 0,
                    "permissions": 0,
                    "name": "@everyone"
                },
                "403266285313589250": {
                    "created_at": "17-01-2018_19-16-14-744000",
                    "colour": 16777215,
                    "position": 10,
                    "permissions": 0,
                    "name": "Abandoned Ones"
                }
            },
            "16-12-2018_21-52-39-901037": {
                "430760351248809986": {
                    "created_at": "03-04-2018_16-07-50-878000",
                    "colour": 0,
                    "position": 9,
                    "permissions": 0,
                    "name": "Current Iteration"
                },
                "403272352223461387": {
                    "created_at": "17-01-2018_19-40-21-208000",
                    "colour": 0,
                    "position": 10,
                    "permissions": 104187968,
                    "name": "Members"
                },
                "178667818152230912": {
                    "created_at": "08-05-2016_00-42-07-335000",
                    "colour": 0,
                    "position": 0,
                    "permissions": 0,
                    "name": "@everyone"
                },
                "403266285313589250": {
                    "created_at": "17-01-2018_19-16-14-744000",
                    "colour": 16777215,
                    "position": 11,
                    "permissions": 0,
                    "name": "Abandoned Ones"
                }
            },
            "06-12-2018_01-05-49-556858": {
                "430760351248809986": {
                    "created_at": "03-04-2018_16-07-50-878000",
                    "colour": 0,
                    "position": 10,
                    "permissions": 0,
                    "name": "Current Iteration"
                },
                "403272352223461387": {
                    "created_at": "17-01-2018_19-40-21-208000",
                    "colour": 0,
                    "position": 12,
                    "permissions": 104187968,
                    "name": "Members"
                },
                "178667818152230912": {
                    "created_at": "08-05-2016_00-42-07-335000",
                    "colour": 0,
                    "position": 0,
                    "permissions": 0,
                    "name": "@everyone"
                },
                "403266285313589250": {
                    "created_at": "17-01-2018_19-16-14-744000",
                    "colour": 16777215,
                    "position": 13,
                    "permissions": 0,
                    "name": "Abandoned Ones"
                }
            },
            "10-02-2019_10-58-00-564986": {
                "403272352223461387": {
                    "created_at": "17-01-2018_19-40-21-208000",
                    "colour": 0,
                    "position": 11,
                    "permissions": 104187968,
                    "name": "Members"
                },
                "178667818152230912": {
                    "created_at": "08-05-2016_00-42-07-335000",
                    "colour": 0,
                    "position": 0,
                    "permissions": 0,
                    "name": "@everyone"
                },
                "403266285313589250": {
                    "created_at": "17-01-2018_19-16-14-744000",
                    "colour": 16777215,
                    "position": 12,
                    "permissions": 0,
                    "name": "Abandoned Ones"
                }
            }
        }
    },
    "game": {
        "current": {
            "type": null,
            "name": null,
            "url": null
        },
        "previous": {}
    }
}