{
    "discriminator": {
        "current": "2113",
        "previous": {}
    },
    "id": "379034216417067018",
    "cookies": {
        "cookie_interest": 0,
        "measured_epochs": 13,
        "give": {
            "average": 0.07692307692307693,
            "total_cookies": 1
        },
        "get": {
            "average": 0.0,
            "total_cookies": 0
        },
        "cookie_transfer_quota": 0,
        "current_cookies": 0,
        "total_cookies": 0,
        "cookies_in_jar": 0,
        "active_this_epoch": false,
        "active_epochs": 1
    },
    "colour": {
        "current": 16777215,
        "previous": {}
    },
    "voice": {
        "current": {
            "channel": {
                "id": null,
                "private": null,
                "name": null
            },
            "is_afk": false,
            "server_mute": false,
            "self_mute": false,
            "server_deaf": false,
            "self_deaf": false
        },
        "previous": {
            "16-12-2018_22-46-26-221531": {
                "channel": {
                    "id": "403283673647939595",
                    "private": false,
                    "name": "General"
                },
                "is_afk": false,
                "server_mute": false,
                "self_mute": false,
                "server_deaf": false,
                "self_deaf": false
            },
            "12-01-2019_01-16-58-662867": {
                "channel": {
                    "id": "403085252005855234",
                    "private": false,
                    "name": "GR-1 - Not In Use"
                },
                "is_afk": false,
                "server_mute": false,
                "self_mute": false,
                "server_deaf": false,
                "self_deaf": false
            }
        }
    },
    "display_name": {
        "current": "Scooby Doo",
        "previous": {
            "10-01-2019_00-18-24-072293": "The True Lolli God, Jack",
            "07-02-2019_22-30-45-401502": "Communistic Potato",
            "16-12-2018_22-46-26-221531": "Jew",
            "12-01-2019_01-16-58-662867": "Zeny's Loli Potato",
            "10-02-2019_10-58-00-564986": "Shaggy's Projection"
        }
    },
    "activity": {
        "2019": {
            "2": {
                "13": {
                    "18": {
                        "403084655550791682": 15,
                        "403084763591606273": 1
                    },
                    "22": {
                        "403084655550791682": 2
                    },
                    "20": {
                        "403084655550791682": 2
                    }
                },
                "8": {
                    "1": {
                        "543213512046936077": 3,
                        "403084655550791682": 21,
                        "404067128786944002": 1
                    }
                },
                "9": {
                    "15": {
                        "403084655550791682": 1
                    }
                },
                "14": {
                    "15": {
                        "403084655550791682": 1
                    }
                },
                "12": {
                    "13": {
                        "403084655550791682": 6
                    }
                },
                "10": {
                    "19": {
                        "403084655550791682": 26
                    },
                    "20": {
                        "403084655550791682": 5
                    },
                    "17": {
                        "403084655550791682": 3
                    },
                    "21": {
                        "403084655550791682": 1
                    },
                    "18": {
                        "403084655550791682": 5
                    },
                    "15": {
                        "403084655550791682": 1
                    }
                }
            },
            "1": {
                "17": {
                    "2": {
                        "403084655550791682": 22
                    },
                    "1": {
                        "403084655550791682": 5
                    }
                },
                "12": {
                    "1": {
                        "403084655550791682": 21
                    }
                }
            }
        }
    },
    "bans": {
        "current": "not banned",
        "previous": {}
    },
    "status": {
        "current": "offline",
        "previous": {
            "11-12-2018_09-13-26-392726": "online",
            "07-02-2019_22-30-45-401502": "online",
            "11-02-2019_22-51-39-999500": "online",
            "08-02-2019_19-38-42-445767": "online",
            "16-01-2019_22-00-47-241502": "online",
            "18-02-2019_21-46-13-382171": "online",
            "10-02-2019_10-58-00-564986": "online",
            "12-01-2019_01-16-58-662867": "online",
            "16-12-2018_22-46-26-221531": "online",
            "12-02-2019_19-18-53-139616": "online",
            "31-01-2019_23-15-25-764869": "online"
        }
    },
    "name": {
        "current": "Jacob E. Wright (Comcer)",
        "previous": {}
    },
    "joined_at": {
        "current": "03-03-2018_21-21-43-251257",
        "previous": {}
    },
    "bot": false,
    "created_at": "11-11-2017_22-26-39-309000",
    "roles": {
        "current": {
            "403272352223461387": {
                "created_at": "17-01-2018_19-40-21-208000",
                "colour": 0,
                "position": 10,
                "permissions": 104187968,
                "name": "Members"
            },
            "178667818152230912": {
                "created_at": "08-05-2016_00-42-07-335000",
                "colour": 0,
                "position": 0,
                "permissions": 0,
                "name": "@everyone"
            },
            "403266285313589250": {
                "created_at": "17-01-2018_19-16-14-744000",
                "colour": 16777215,
                "position": 11,
                "permissions": 0,
                "name": "Abandoned Ones"
            }
        },
        "previous": {
            "10-01-2019_00-18-24-072293": {
                "430760351248809986": {
                    "created_at": "03-04-2018_16-07-50-878000",
                    "colour": 0,
                    "position": 6,
                    "permissions": 0,
                    "name": "Current Iteration"
                },
                "403272352223461387": {
                    "created_at": "17-01-2018_19-40-21-208000",
                    "colour": 0,
                    "position": 7,
                    "permissions": 104187968,
                    "name": "Members"
                },
                "178667818152230912": {
                    "created_at": "08-05-2016_00-42-07-335000",
                    "colour": 0,
                    "position": 0,
                    "permissions": 0,
                    "name": "@everyone"
                },
                "403266285313589250": {
                    "created_at": "17-01-2018_19-16-14-744000",
                    "colour": 16777215,
                    "position": 8,
                    "permissions": 0,
                    "name": "Abandoned Ones"
                }
            },
            "17-01-2019_17-37-42-106001": {
                "430760351248809986": {
                    "created_at": "03-04-2018_16-07-50-878000",
                    "colour": 0,
                    "position": 7,
                    "permissions": 0,
                    "name": "Current Iteration"
                },
                "403272352223461387": {
                    "created_at": "17-01-2018_19-40-21-208000",
                    "colour": 0,
                    "position": 8,
                    "permissions": 104187968,
                    "name": "Members"
                },
                "178667818152230912": {
                    "created_at": "08-05-2016_00-42-07-335000",
                    "colour": 0,
                    "position": 0,
                    "permissions": 0,
                    "name": "@everyone"
                },
                "403266285313589250": {
                    "created_at": "17-01-2018_19-16-14-744000",
                    "colour": 16777215,
                    "position": 9,
                    "permissions": 0,
                    "name": "Abandoned Ones"
                }
            },
            "25-01-2019_18-03-01-080213": {
                "403272352223461387": {
                    "created_at": "17-01-2018_19-40-21-208000",
                    "colour": 0,
                    "position": 11,
                    "permissions": 104187968,
                    "name": "Members"
                },
                "178667818152230912": {
                    "created_at": "08-05-2016_00-42-07-335000",
                    "colour": 0,
                    "position": 0,
                    "permissions": 0,
                    "name": "@everyone"
                },
                "403266285313589250": {
                    "created_at": "17-01-2018_19-16-14-744000",
                    "colour": 16777215,
                    "position": 12,
                    "permissions": 0,
                    "name": "Abandoned Ones"
                }
            },
            "09-02-2019_19-14-04-134526": {
                "403272352223461387": {
                    "created_at": "17-01-2018_19-40-21-208000",
                    "colour": 0,
                    "position": 10,
                    "permissions": 104187968,
                    "name": "Members"
                },
                "178667818152230912": {
                    "created_at": "08-05-2016_00-42-07-335000",
                    "colour": 0,
                    "position": 0,
                    "permissions": 0,
                    "name": "@everyone"
                },
                "403266285313589250": {
                    "created_at": "17-01-2018_19-16-14-744000",
                    "colour": 16777215,
                    "position": 11,
                    "permissions": 0,
                    "name": "Abandoned Ones"
                }
            },
            "07-12-2018_09-02-35-892853": {
                "430760351248809986": {
                    "created_at": "03-04-2018_16-07-50-878000",
                    "colour": 0,
                    "position": 9,
                    "permissions": 0,
                    "name": "Current Iteration"
                },
                "403272352223461387": {
                    "created_at": "17-01-2018_19-40-21-208000",
                    "colour": 0,
                    "position": 11,
                    "permissions": 104187968,
                    "name": "Members"
                },
                "178667818152230912": {
                    "created_at": "08-05-2016_00-42-07-335000",
                    "colour": 0,
                    "position": 0,
                    "permissions": 0,
                    "name": "@everyone"
                },
                "403266285313589250": {
                    "created_at": "17-01-2018_19-16-14-744000",
                    "colour": 16777215,
                    "position": 12,
                    "permissions": 0,
                    "name": "Abandoned Ones"
                }
            },
            "25-01-2019_00-26-23-076062": {
                "430760351248809986": {
                    "created_at": "03-04-2018_16-07-50-878000",
                    "colour": 0,
                    "position": 8,
                    "permissions": 0,
                    "name": "Current Iteration"
                },
                "403272352223461387": {
                    "created_at": "17-01-2018_19-40-21-208000",
                    "colour": 0,
                    "position": 9,
                    "permissions": 104187968,
                    "name": "Members"
                },
                "178667818152230912": {
                    "created_at": "08-05-2016_00-42-07-335000",
                    "colour": 0,
                    "position": 0,
                    "permissions": 0,
                    "name": "@everyone"
                },
                "403266285313589250": {
                    "created_at": "17-01-2018_19-16-14-744000",
                    "colour": 16777215,
                    "position": 10,
                    "permissions": 0,
                    "name": "Abandoned Ones"
                }
            },
            "16-12-2018_21-52-39-901037": {
                "430760351248809986": {
                    "created_at": "03-04-2018_16-07-50-878000",
                    "colour": 0,
                    "position": 9,
                    "permissions": 0,
                    "name": "Current Iteration"
                },
                "403272352223461387": {
                    "created_at": "17-01-2018_19-40-21-208000",
                    "colour": 0,
                    "position": 10,
                    "permissions": 104187968,
                    "name": "Members"
                },
                "178667818152230912": {
                    "created_at": "08-05-2016_00-42-07-335000",
                    "colour": 0,
                    "position": 0,
                    "permissions": 0,
                    "name": "@everyone"
                },
                "403266285313589250": {
                    "created_at": "17-01-2018_19-16-14-744000",
                    "colour": 16777215,
                    "position": 11,
                    "permissions": 0,
                    "name": "Abandoned Ones"
                }
            },
            "06-12-2018_01-05-49-556858": {
                "430760351248809986": {
                    "created_at": "03-04-2018_16-07-50-878000",
                    "colour": 0,
                    "position": 10,
                    "permissions": 0,
                    "name": "Current Iteration"
                },
                "403272352223461387": {
                    "created_at": "17-01-2018_19-40-21-208000",
                    "colour": 0,
                    "position": 12,
                    "permissions": 104187968,
                    "name": "Members"
                },
                "178667818152230912": {
                    "created_at": "08-05-2016_00-42-07-335000",
                    "colour": 0,
                    "position": 0,
                    "permissions": 0,
                    "name": "@everyone"
                },
                "403266285313589250": {
                    "created_at": "17-01-2018_19-16-14-744000",
                    "colour": 16777215,
                    "position": 13,
                    "permissions": 0,
                    "name": "Abandoned Ones"
                }
            },
            "10-02-2019_10-58-00-564986": {
                "403272352223461387": {
                    "created_at": "17-01-2018_19-40-21-208000",
                    "colour": 0,
                    "position": 11,
                    "permissions": 104187968,
                    "name": "Members"
                },
                "178667818152230912": {
                    "created_at": "08-05-2016_00-42-07-335000",
                    "colour": 0,
                    "position": 0,
                    "permissions": 0,
                    "name": "@everyone"
                },
                "403266285313589250": {
                    "created_at": "17-01-2018_19-16-14-744000",
                    "colour": 16777215,
                    "position": 12,
                    "permissions": 0,
                    "name": "Abandoned Ones"
                }
            }
        }
    },
    "game": {
        "current": {
            "type": null,
            "name": null,
            "url": null
        },
        "previous": {}
    }
}