{
    "discriminator": {
        "current": "1162",
        "previous": {}
    },
    "id": "384210400469581825",
    "cookies": {
        "cookie_interest": 0,
        "measured_epochs": 5,
        "give": {
            "average": 0.0,
            "total_cookies": 0
        },
        "get": {
            "average": 0.2,
            "total_cookies": 1
        },
        "current_cookies": 1,
        "cookie_transfer_quota": 0,
        "total_cookies": 1,
        "cookies_in_jar": 0,
        "active_epochs": 1,
        "active_this_epoch": false
    },
    "colour": {
        "current": 16728548,
        "previous": {
            "16-12-2018_21-52-39-901037": 16777215,
            "09-12-2018_10-12-20-733458": 0
        }
    },
    "voice": {
        "current": {
            "self_mute": false,
            "is_afk": false,
            "server_deaf": false,
            "channel": {
                "private": null,
                "id": null,
                "name": null
            },
            "server_mute": false,
            "self_deaf": false
        },
        "previous": {
            "10-01-2019_00-18-24-072293": {
                "self_mute": false,
                "is_afk": false,
                "server_deaf": false,
                "channel": {
                    "private": null,
                    "id": null,
                    "name": null
                },
                "server_mute": false,
                "self_deaf": false
            },
            "11-01-2019_23-09-28-971572": {
                "self_mute": true,
                "is_afk": false,
                "server_deaf": false,
                "channel": {
                    "private": false,
                    "id": "523902470724911105",
                    "name": "simply-yeet"
                },
                "server_mute": false,
                "self_deaf": false
            },
            "19-01-2019_23-47-11-591556": {
                "self_mute": false,
                "is_afk": false,
                "server_deaf": false,
                "channel": {
                    "private": false,
                    "id": "535533609617195018",
                    "name": "Kinky Kat Chat"
                },
                "server_mute": false,
                "self_deaf": false
            },
            "08-02-2019_19-38-42-445767": {
                "self_mute": false,
                "is_afk": false,
                "server_deaf": false,
                "channel": {
                    "private": null,
                    "id": null,
                    "name": null
                },
                "server_mute": false,
                "self_deaf": false
            },
            "18-01-2019_15-04-28-265172": {
                "self_mute": false,
                "is_afk": false,
                "server_deaf": false,
                "channel": {
                    "private": null,
                    "id": null,
                    "name": null
                },
                "server_mute": false,
                "self_deaf": false
            },
            "10-01-2019_03-36-57-747790": {
                "self_mute": true,
                "is_afk": false,
                "server_deaf": false,
                "channel": {
                    "private": false,
                    "id": "523902470724911105",
                    "name": "simply-yeet"
                },
                "server_mute": false,
                "self_deaf": false
            },
            "11-01-2019_22-45-11-058689": {
                "self_mute": false,
                "is_afk": false,
                "server_deaf": false,
                "channel": {
                    "private": false,
                    "id": "523902470724911105",
                    "name": "simply-yeet"
                },
                "server_mute": false,
                "self_deaf": false
            },
            "23-01-2019_23-06-46-438605": {
                "self_mute": false,
                "is_afk": false,
                "server_deaf": false,
                "channel": {
                    "private": false,
                    "id": "523902470724911105",
                    "name": "simply-yeet"
                },
                "server_mute": false,
                "self_deaf": false
            },
            "16-12-2018_21-52-39-901037": {
                "self_mute": false,
                "is_afk": false,
                "server_deaf": false,
                "channel": {
                    "private": null,
                    "id": null,
                    "name": null
                },
                "server_mute": false,
                "self_deaf": false
            },
            "15-01-2019_20-05-24-063373": {
                "self_mute": false,
                "is_afk": false,
                "server_deaf": false,
                "channel": {
                    "private": false,
                    "id": "523902470724911105",
                    "name": "simply-yeet"
                },
                "server_mute": false,
                "self_deaf": false
            },
            "19-01-2019_13-47-02-065430": {
                "self_mute": false,
                "is_afk": false,
                "server_deaf": false,
                "channel": {
                    "private": null,
                    "id": null,
                    "name": null
                },
                "server_mute": false,
                "self_deaf": false
            },
            "13-01-2019_18-58-47-852165": {
                "self_mute": false,
                "is_afk": false,
                "server_deaf": false,
                "channel": {
                    "private": false,
                    "id": "523902470724911105",
                    "name": "simply-yeet"
                },
                "server_mute": false,
                "self_deaf": false
            },
            "17-12-2018_08-19-13-303562": {
                "self_mute": false,
                "is_afk": false,
                "server_deaf": false,
                "channel": {
                    "private": false,
                    "id": "403283673647939595",
                    "name": "General"
                },
                "server_mute": false,
                "self_deaf": false
            },
            "09-02-2019_19-14-04-134526": {
                "self_mute": false,
                "is_afk": false,
                "server_deaf": false,
                "channel": {
                    "private": false,
                    "id": "523902470724911105",
                    "name": "simply-yeet"
                },
                "server_mute": false,
                "self_deaf": false
            },
            "12-01-2019_01-16-58-662867": {
                "self_mute": false,
                "is_afk": false,
                "server_deaf": false,
                "channel": {
                    "private": false,
                    "id": "523902470724911105",
                    "name": "simply-yeet"
                },
                "server_mute": false,
                "self_deaf": false
            },
            "13-01-2019_23-50-53-236086": {
                "self_mute": true,
                "is_afk": false,
                "server_deaf": false,
                "channel": {
                    "private": false,
                    "id": "523902470724911105",
                    "name": "simply-yeet"
                },
                "server_mute": false,
                "self_deaf": false
            },
            "18-01-2019_23-28-09-275982": {
                "self_mute": false,
                "is_afk": false,
                "server_deaf": false,
                "channel": {
                    "private": false,
                    "id": "523902470724911105",
                    "name": "simply-yeet"
                },
                "server_mute": false,
                "self_deaf": false
            },
            "13-01-2019_23-58-57-488890": {
                "self_mute": false,
                "is_afk": false,
                "server_deaf": false,
                "channel": {
                    "private": false,
                    "id": "523902470724911105",
                    "name": "simply-yeet"
                },
                "server_mute": false,
                "self_deaf": false
            },
            "11-01-2019_23-54-44-166805": {
                "self_mute": true,
                "is_afk": false,
                "server_deaf": false,
                "channel": {
                    "private": false,
                    "id": "523902470724911105",
                    "name": "simply-yeet"
                },
                "server_mute": false,
                "self_deaf": false
            },
            "18-01-2019_22-56-50-509179": {
                "self_mute": false,
                "is_afk": false,
                "server_deaf": false,
                "channel": {
                    "private": false,
                    "id": "535533609617195018",
                    "name": "Kinky Kat Chat"
                },
                "server_mute": false,
                "self_deaf": false
            },
            "17-01-2019_17-37-42-106001": {
                "self_mute": false,
                "is_afk": false,
                "server_deaf": false,
                "channel": {
                    "private": false,
                    "id": "523902470724911105",
                    "name": "simply-yeet"
                },
                "server_mute": false,
                "self_deaf": false
            }
        }
    },
    "display_name": {
        "current": "Sad Lonely Convict",
        "previous": {
            "10-01-2019_00-18-24-072293": "LmanTheAussie",
            "11-01-2019_22-45-11-058689": "The Edgy Sad Foreign Child"
        }
    },
    "activity": {
        "2018": {
            "12": {
                "16": {
                    "23": {
                        "523913649182605330": 8
                    },
                    "22": {
                        "523913649182605330": 9
                    }
                }
            }
        },
        "2019": {
            "2": {
                "9": {
                    "18": {
                        "403084655550791682": 11,
                        "403084763591606273": 1
                    }
                }
            },
            "1": {
                "19": {
                    "23": {
                        "535533512892219392": 1
                    }
                },
                "13": {
                    "19": {
                        "523913649182605330": 2
                    },
                    "22": {
                        "523913649182605330": 1
                    },
                    "20": {
                        "403084655550791682": 1,
                        "523913649182605330": 1
                    },
                    "8": {
                        "403084790401728512": 1
                    },
                    "23": {
                        "403084655550791682": 1,
                        "523913649182605330": 2
                    },
                    "2": {
                        "523913649182605330": 1
                    },
                    "0": {
                        "523913649182605330": 1
                    },
                    "1": {
                        "523913649182605330": 7
                    }
                },
                "20": {
                    "23": {
                        "535533512892219392": 1
                    },
                    "2": {
                        "403084790401728512": 1
                    }
                },
                "17": {
                    "23": {
                        "535533512892219392": 1
                    },
                    "22": {
                        "403084790401728512": 1,
                        "403084763591606273": 1,
                        "535533512892219392": 2,
                        "523913649182605330": 1
                    }
                },
                "21": {
                    "0": {
                        "535533512892219392": 1
                    }
                },
                "18": {
                    "20": {
                        "535533512892219392": 3
                    },
                    "6": {
                        "403084790401728512": 1
                    },
                    "21": {
                        "535533512892219392": 1
                    },
                    "1": {
                        "523913649182605330": 4,
                        "535533512892219392": 2
                    }
                },
                "12": {
                    "19": {
                        "523913649182605330": 4
                    },
                    "22": {
                        "523913649182605330": 2
                    },
                    "14": {
                        "523913649182605330": 1
                    },
                    "18": {
                        "523913649182605330": 1
                    },
                    "1": {
                        "523913649182605330": 4
                    },
                    "2": {
                        "403084655550791682": 2,
                        "523913649182605330": 1
                    },
                    "16": {
                        "523913649182605330": 1,
                        "404067128786944002": 1
                    },
                    "0": {
                        "523913649182605330": 3
                    }
                },
                "14": {
                    "23": {
                        "523913649182605330": 4
                    },
                    "0": {
                        "523913649182605330": 5
                    },
                    "22": {
                        "523913649182605330": 2
                    },
                    "21": {
                        "523913649182605330": 2
                    }
                },
                "26": {
                    "5": {
                        "403084068100636672": 1
                    }
                },
                "10": {
                    "16": {
                        "403084655550791682": 1
                    },
                    "14": {
                        "523913649182605330": 8
                    },
                    "17": {
                        "523913649182605330": 1
                    },
                    "13": {
                        "403084655550791682": 1,
                        "523913649182605330": 1
                    },
                    "18": {
                        "523913649182605330": 1
                    },
                    "1": {
                        "523913649182605330": 1
                    },
                    "2": {
                        "523913649182605330": 3
                    },
                    "3": {
                        "523913649182605330": 2
                    },
                    "0": {
                        "523913649182605330": 6,
                        "403084763591606273": 1
                    }
                }
            }
        }
    },
    "bans": {
        "current": "not banned",
        "previous": {}
    },
    "status": {
        "current": "offline",
        "previous": {
            "10-01-2019_00-18-24-072293": "offline",
            "10-01-2019_03-36-57-747790": "idle",
            "19-01-2019_23-47-11-591556": "online",
            "08-02-2019_19-38-42-445767": "offline",
            "18-02-2019_14-16-21-404972": "online",
            "27-01-2019_00-03-40-224296": "online",
            "08-02-2019_19-09-26-882805": "online",
            "16-12-2018_21-52-39-901037": "offline",
            "30-01-2019_22-01-10-201736": "online",
            "23-01-2019_23-06-46-438605": "online",
            "12-02-2019_19-18-53-139616": "online",
            "13-01-2019_18-58-47-852165": "offline",
            "09-12-2018_10-12-40-202519": "online",
            "15-01-2019_20-05-24-063373": "online",
            "31-01-2019_15-07-05-822989": "online",
            "12-01-2019_01-16-58-662867": "online",
            "16-01-2019_22-00-47-241502": "online",
            "25-01-2019_00-26-23-076062": "online",
            "29-01-2019_23-34-56-773453": "online",
            "31-01-2019_23-15-25-764869": "online",
            "18-01-2019_15-04-28-265172": "offline",
            "30-01-2019_23-45-18-912162": "online",
            "19-02-2019_17-56-03-144130": "offline",
            "19-01-2019_13-47-02-065430": "offline",
            "07-02-2019_22-30-45-401502": "offline",
            "16-01-2019_20-42-02-533659": "online",
            "16-02-2019_18-22-40-919504": "online",
            "11-02-2019_22-51-39-999500": "online",
            "08-12-2018_15-44-11-058097": "online",
            "11-12-2018_09-13-26-392726": "online",
            "17-12-2018_08-19-13-303562": "idle",
            "30-01-2019_14-51-49-215528": "online",
            "09-02-2019_19-14-04-134526": "online",
            "17-01-2019_17-37-42-106001": "online",
            "10-12-2018_16-02-31-496869": "online",
            "18-02-2019_21-46-13-382171": "online",
            "13-01-2019_23-58-57-488890": "online",
            "26-01-2019_04-12-07-077616": "online",
            "19-02-2019_19-48-32-014694": "online",
            "16-01-2019_15-03-07-147943": "idle",
            "10-02-2019_10-58-00-564986": "online"
        }
    },
    "name": {
        "current": "Some Mop",
        "previous": {
            "10-01-2019_00-18-24-072293": "LmanTheAussie"
        }
    },
    "joined_at": {
        "current": "08-12-2018_22-38-24-111768",
        "previous": {}
    },
    "bot": false,
    "created_at": "26-11-2017_05-14-57-756000",
    "roles": {
        "current": {
            "400699163026653184": {
                "created_at": "10-01-2018_17-15-25-096000",
                "position": 22,
                "colour": 16728548,
                "permissions": 1342308369,
                "name": "Community Managers"
            },
            "535533082678394880": {
                "created_at": "17-01-2019_18-57-16-634000",
                "position": 1,
                "colour": 15277667,
                "permissions": 0,
                "name": "Kinksters"
            },
            "403272352223461387": {
                "created_at": "17-01-2018_19-40-21-208000",
                "position": 10,
                "colour": 0,
                "permissions": 104187968,
                "name": "Members"
            },
            "403266269220175892": {
                "created_at": "17-01-2018_19-16-10-907000",
                "position": 14,
                "colour": 1033914,
                "permissions": 262208,
                "name": "Mythical Ones"
            },
            "523917597138354193": {
                "created_at": "16-12-2018_17-41-29-076000",
                "position": 2,
                "colour": 16714995,
                "permissions": 0,
                "name": "Yeeters"
            },
            "178667818152230912": {
                "created_at": "08-05-2016_00-42-07-335000",
                "position": 0,
                "colour": 0,
                "permissions": 0,
                "name": "@everyone"
            },
            "373129696960970762": {
                "created_at": "26-10-2017_15-24-12-170000",
                "position": 23,
                "colour": 0,
                "permissions": 0,
                "name": "Staff"
            }
        },
        "previous": {
            "10-01-2019_00-18-24-072293": {
                "400699163026653184": {
                    "created_at": "10-01-2018_17-15-25-096000",
                    "position": 17,
                    "colour": 16728548,
                    "permissions": 129,
                    "name": "Community Managers"
                },
                "430760351248809986": {
                    "created_at": "03-04-2018_16-07-50-878000",
                    "position": 6,
                    "colour": 0,
                    "permissions": 0,
                    "name": "Current Iteration"
                },
                "403272352223461387": {
                    "created_at": "17-01-2018_19-40-21-208000",
                    "position": 7,
                    "colour": 0,
                    "permissions": 104187968,
                    "name": "Members"
                },
                "403266285313589250": {
                    "created_at": "17-01-2018_19-16-14-744000",
                    "position": 8,
                    "colour": 16777215,
                    "permissions": 0,
                    "name": "Abandoned Ones"
                },
                "523917597138354193": {
                    "created_at": "16-12-2018_17-41-29-076000",
                    "position": 1,
                    "colour": 16714995,
                    "permissions": 0,
                    "name": "Yeeters"
                },
                "178667818152230912": {
                    "created_at": "08-05-2016_00-42-07-335000",
                    "position": 0,
                    "colour": 0,
                    "permissions": 0,
                    "name": "@everyone"
                },
                "373129696960970762": {
                    "created_at": "26-10-2017_15-24-12-170000",
                    "position": 14,
                    "colour": 16711680,
                    "permissions": 0,
                    "name": "Staff"
                }
            },
            "18-02-2019_14-16-21-404972": {
                "400699163026653184": {
                    "created_at": "10-01-2018_17-15-25-096000",
                    "position": 17,
                    "colour": 16728548,
                    "permissions": 1342308369,
                    "name": "Community Managers"
                },
                "535533082678394880": {
                    "created_at": "17-01-2019_18-57-16-634000",
                    "position": 1,
                    "colour": 15277667,
                    "permissions": 0,
                    "name": "Kinksters"
                },
                "403272352223461387": {
                    "created_at": "17-01-2018_19-40-21-208000",
                    "position": 10,
                    "colour": 0,
                    "permissions": 104187968,
                    "name": "Members"
                },
                "523917597138354193": {
                    "created_at": "16-12-2018_17-41-29-076000",
                    "position": 2,
                    "colour": 16714995,
                    "permissions": 0,
                    "name": "Yeeters"
                },
                "403266269220175892": {
                    "created_at": "17-01-2018_19-16-10-907000",
                    "position": 14,
                    "colour": 1033914,
                    "permissions": 262208,
                    "name": "Mythical Ones"
                },
                "178667818152230912": {
                    "created_at": "08-05-2016_00-42-07-335000",
                    "position": 0,
                    "colour": 0,
                    "permissions": 0,
                    "name": "@everyone"
                },
                "373129696960970762": {
                    "created_at": "26-10-2017_15-24-12-170000",
                    "position": 20,
                    "colour": 0,
                    "permissions": 0,
                    "name": "Staff"
                }
            },
            "25-01-2019_18-03-01-080213": {
                "400699163026653184": {
                    "created_at": "10-01-2018_17-15-25-096000",
                    "position": 20,
                    "colour": 16728548,
                    "permissions": 1342308369,
                    "name": "Community Managers"
                },
                "535533082678394880": {
                    "created_at": "17-01-2019_18-57-16-634000",
                    "position": 1,
                    "colour": 15277667,
                    "permissions": 0,
                    "name": "Kinksters"
                },
                "403272352223461387": {
                    "created_at": "17-01-2018_19-40-21-208000",
                    "position": 11,
                    "colour": 0,
                    "permissions": 104187968,
                    "name": "Members"
                },
                "523917597138354193": {
                    "created_at": "16-12-2018_17-41-29-076000",
                    "position": 2,
                    "colour": 16714995,
                    "permissions": 0,
                    "name": "Yeeters"
                },
                "403266269220175892": {
                    "created_at": "17-01-2018_19-16-10-907000",
                    "position": 15,
                    "colour": 1033914,
                    "permissions": 262208,
                    "name": "Mythical Ones"
                },
                "178667818152230912": {
                    "created_at": "08-05-2016_00-42-07-335000",
                    "position": 0,
                    "colour": 0,
                    "permissions": 0,
                    "name": "@everyone"
                },
                "373129696960970762": {
                    "created_at": "26-10-2017_15-24-12-170000",
                    "position": 17,
                    "colour": 16711680,
                    "permissions": 0,
                    "name": "Staff"
                }
            },
            "17-01-2019_17-37-42-106001": {
                "400699163026653184": {
                    "created_at": "10-01-2018_17-15-25-096000",
                    "position": 20,
                    "colour": 16728548,
                    "permissions": 1073741953,
                    "name": "Community Managers"
                },
                "535533082678394880": {
                    "created_at": "17-01-2019_18-57-16-634000",
                    "position": 1,
                    "colour": 15277667,
                    "permissions": 0,
                    "name": "Kinksters"
                },
                "403272352223461387": {
                    "created_at": "17-01-2018_19-40-21-208000",
                    "position": 9,
                    "colour": 0,
                    "permissions": 104187968,
                    "name": "Members"
                },
                "403266269220175892": {
                    "created_at": "17-01-2018_19-16-10-907000",
                    "position": 15,
                    "colour": 1033914,
                    "permissions": 262208,
                    "name": "Mythical Ones"
                },
                "523917597138354193": {
                    "created_at": "16-12-2018_17-41-29-076000",
                    "position": 2,
                    "colour": 16714995,
                    "permissions": 0,
                    "name": "Yeeters"
                },
                "430760351248809986": {
                    "created_at": "03-04-2018_16-07-50-878000",
                    "position": 8,
                    "colour": 0,
                    "permissions": 0,
                    "name": "Current Iteration"
                },
                "178667818152230912": {
                    "created_at": "08-05-2016_00-42-07-335000",
                    "position": 0,
                    "colour": 0,
                    "permissions": 0,
                    "name": "@everyone"
                },
                "373129696960970762": {
                    "created_at": "26-10-2017_15-24-12-170000",
                    "position": 17,
                    "colour": 16711680,
                    "permissions": 0,
                    "name": "Staff"
                }
            },
            "08-02-2019_19-09-26-882805": {
                "400699163026653184": {
                    "created_at": "10-01-2018_17-15-25-096000",
                    "position": 18,
                    "colour": 16728548,
                    "permissions": 1342308369,
                    "name": "Community Managers"
                },
                "535533082678394880": {
                    "created_at": "17-01-2019_18-57-16-634000",
                    "position": 1,
                    "colour": 15277667,
                    "permissions": 0,
                    "name": "Kinksters"
                },
                "403272352223461387": {
                    "created_at": "17-01-2018_19-40-21-208000",
                    "position": 10,
                    "colour": 0,
                    "permissions": 104187968,
                    "name": "Members"
                },
                "523917597138354193": {
                    "created_at": "16-12-2018_17-41-29-076000",
                    "position": 2,
                    "colour": 16714995,
                    "permissions": 0,
                    "name": "Yeeters"
                },
                "403266269220175892": {
                    "created_at": "17-01-2018_19-16-10-907000",
                    "position": 14,
                    "colour": 1033914,
                    "permissions": 262208,
                    "name": "Mythical Ones"
                },
                "178667818152230912": {
                    "created_at": "08-05-2016_00-42-07-335000",
                    "position": 0,
                    "colour": 0,
                    "permissions": 0,
                    "name": "@everyone"
                },
                "373129696960970762": {
                    "created_at": "26-10-2017_15-24-12-170000",
                    "position": 20,
                    "colour": 0,
                    "permissions": 0,
                    "name": "Staff"
                }
            },
            "16-12-2018_21-52-39-901037": {
                "178667818152230912": {
                    "created_at": "08-05-2016_00-42-07-335000",
                    "position": 0,
                    "colour": 0,
                    "permissions": 0,
                    "name": "@everyone"
                },
                "403266285313589250": {
                    "created_at": "17-01-2018_19-16-14-744000",
                    "position": 11,
                    "colour": 16777215,
                    "permissions": 0,
                    "name": "Abandoned Ones"
                }
            },
            "09-12-2018_10-12-20-733458": {
                "178667818152230912": {
                    "created_at": "08-05-2016_00-42-07-335000",
                    "position": 0,
                    "colour": 0,
                    "permissions": 0,
                    "name": "@everyone"
                }
            },
            "09-02-2019_19-14-04-134526": {
                "400699163026653184": {
                    "created_at": "10-01-2018_17-15-25-096000",
                    "position": 17,
                    "colour": 16728548,
                    "permissions": 1342308369,
                    "name": "Community Managers"
                },
                "535533082678394880": {
                    "created_at": "17-01-2019_18-57-16-634000",
                    "position": 1,
                    "colour": 15277667,
                    "permissions": 0,
                    "name": "Kinksters"
                },
                "403272352223461387": {
                    "created_at": "17-01-2018_19-40-21-208000",
                    "position": 10,
                    "colour": 0,
                    "permissions": 104187968,
                    "name": "Members"
                },
                "523917597138354193": {
                    "created_at": "16-12-2018_17-41-29-076000",
                    "position": 2,
                    "colour": 16714995,
                    "permissions": 0,
                    "name": "Yeeters"
                },
                "403266269220175892": {
                    "created_at": "17-01-2018_19-16-10-907000",
                    "position": 14,
                    "colour": 1033914,
                    "permissions": 262208,
                    "name": "Mythical Ones"
                },
                "178667818152230912": {
                    "created_at": "08-05-2016_00-42-07-335000",
                    "position": 0,
                    "colour": 0,
                    "permissions": 0,
                    "name": "@everyone"
                },
                "373129696960970762": {
                    "created_at": "26-10-2017_15-24-12-170000",
                    "position": 19,
                    "colour": 0,
                    "permissions": 0,
                    "name": "Staff"
                }
            },
            "12-01-2019_01-16-58-662867": {
                "400699163026653184": {
                    "created_at": "10-01-2018_17-15-25-096000",
                    "position": 19,
                    "colour": 16728548,
                    "permissions": 1073741953,
                    "name": "Community Managers"
                },
                "430760351248809986": {
                    "created_at": "03-04-2018_16-07-50-878000",
                    "position": 7,
                    "colour": 0,
                    "permissions": 0,
                    "name": "Current Iteration"
                },
                "403272352223461387": {
                    "created_at": "17-01-2018_19-40-21-208000",
                    "position": 8,
                    "colour": 0,
                    "permissions": 104187968,
                    "name": "Members"
                },
                "403266285313589250": {
                    "created_at": "17-01-2018_19-16-14-744000",
                    "position": 9,
                    "colour": 16777215,
                    "permissions": 0,
                    "name": "Abandoned Ones"
                },
                "403266269220175892": {
                    "created_at": "17-01-2018_19-16-10-907000",
                    "position": 14,
                    "colour": 1033914,
                    "permissions": 262208,
                    "name": "Mythical Ones"
                },
                "523917597138354193": {
                    "created_at": "16-12-2018_17-41-29-076000",
                    "position": 3,
                    "colour": 16714995,
                    "permissions": 0,
                    "name": "Yeeters"
                },
                "178667818152230912": {
                    "created_at": "08-05-2016_00-42-07-335000",
                    "position": 0,
                    "colour": 0,
                    "permissions": 0,
                    "name": "@everyone"
                },
                "373129696960970762": {
                    "created_at": "26-10-2017_15-24-12-170000",
                    "position": 16,
                    "colour": 16711680,
                    "permissions": 0,
                    "name": "Staff"
                }
            },
            "25-01-2019_00-26-23-076062": {
                "400699163026653184": {
                    "created_at": "10-01-2018_17-15-25-096000",
                    "position": 20,
                    "colour": 16728548,
                    "permissions": 1342177297,
                    "name": "Community Managers"
                },
                "535533082678394880": {
                    "created_at": "17-01-2019_18-57-16-634000",
                    "position": 1,
                    "colour": 15277667,
                    "permissions": 0,
                    "name": "Kinksters"
                },
                "403272352223461387": {
                    "created_at": "17-01-2018_19-40-21-208000",
                    "position": 9,
                    "colour": 0,
                    "permissions": 104187968,
                    "name": "Members"
                },
                "403266269220175892": {
                    "created_at": "17-01-2018_19-16-10-907000",
                    "position": 15,
                    "colour": 1033914,
                    "permissions": 262208,
                    "name": "Mythical Ones"
                },
                "523917597138354193": {
                    "created_at": "16-12-2018_17-41-29-076000",
                    "position": 2,
                    "colour": 16714995,
                    "permissions": 0,
                    "name": "Yeeters"
                },
                "430760351248809986": {
                    "created_at": "03-04-2018_16-07-50-878000",
                    "position": 8,
                    "colour": 0,
                    "permissions": 0,
                    "name": "Current Iteration"
                },
                "178667818152230912": {
                    "created_at": "08-05-2016_00-42-07-335000",
                    "position": 0,
                    "colour": 0,
                    "permissions": 0,
                    "name": "@everyone"
                },
                "373129696960970762": {
                    "created_at": "26-10-2017_15-24-12-170000",
                    "position": 17,
                    "colour": 16711680,
                    "permissions": 0,
                    "name": "Staff"
                }
            },
            "18-01-2019_23-28-09-275982": {
                "400699163026653184": {
                    "created_at": "10-01-2018_17-15-25-096000",
                    "position": 20,
                    "colour": 16728548,
                    "permissions": 1342177409,
                    "name": "Community Managers"
                },
                "535533082678394880": {
                    "created_at": "17-01-2019_18-57-16-634000",
                    "position": 1,
                    "colour": 15277667,
                    "permissions": 0,
                    "name": "Kinksters"
                },
                "403272352223461387": {
                    "created_at": "17-01-2018_19-40-21-208000",
                    "position": 9,
                    "colour": 0,
                    "permissions": 104187968,
                    "name": "Members"
                },
                "403266269220175892": {
                    "created_at": "17-01-2018_19-16-10-907000",
                    "position": 15,
                    "colour": 1033914,
                    "permissions": 262208,
                    "name": "Mythical Ones"
                },
                "523917597138354193": {
                    "created_at": "16-12-2018_17-41-29-076000",
                    "position": 2,
                    "colour": 16714995,
                    "permissions": 0,
                    "name": "Yeeters"
                },
                "430760351248809986": {
                    "created_at": "03-04-2018_16-07-50-878000",
                    "position": 8,
                    "colour": 0,
                    "permissions": 0,
                    "name": "Current Iteration"
                },
                "178667818152230912": {
                    "created_at": "08-05-2016_00-42-07-335000",
                    "position": 0,
                    "colour": 0,
                    "permissions": 0,
                    "name": "@everyone"
                },
                "373129696960970762": {
                    "created_at": "26-10-2017_15-24-12-170000",
                    "position": 17,
                    "colour": 16711680,
                    "permissions": 0,
                    "name": "Staff"
                }
            },
            "10-02-2019_10-58-00-564986": {
                "400699163026653184": {
                    "created_at": "10-01-2018_17-15-25-096000",
                    "position": 18,
                    "colour": 16728548,
                    "permissions": 1342308369,
                    "name": "Community Managers"
                },
                "535533082678394880": {
                    "created_at": "17-01-2019_18-57-16-634000",
                    "position": 2,
                    "colour": 15277667,
                    "permissions": 0,
                    "name": "Kinksters"
                },
                "403272352223461387": {
                    "created_at": "17-01-2018_19-40-21-208000",
                    "position": 11,
                    "colour": 0,
                    "permissions": 104187968,
                    "name": "Members"
                },
                "523917597138354193": {
                    "created_at": "16-12-2018_17-41-29-076000",
                    "position": 3,
                    "colour": 16714995,
                    "permissions": 0,
                    "name": "Yeeters"
                },
                "403266269220175892": {
                    "created_at": "17-01-2018_19-16-10-907000",
                    "position": 15,
                    "colour": 1033914,
                    "permissions": 262208,
                    "name": "Mythical Ones"
                },
                "178667818152230912": {
                    "created_at": "08-05-2016_00-42-07-335000",
                    "position": 0,
                    "colour": 0,
                    "permissions": 0,
                    "name": "@everyone"
                },
                "373129696960970762": {
                    "created_at": "26-10-2017_15-24-12-170000",
                    "position": 20,
                    "colour": 0,
                    "permissions": 0,
                    "name": "Staff"
                }
            }
        }
    },
    "game": {
        "current": {
            "type": null,
            "name": null,
            "url": null
        },
        "previous": {
            "10-01-2019_03-36-57-747790": {
                "type": 0,
                "name": "RuneScape",
                "url": null
            },
            "12-01-2019_01-16-58-662867": {
                "type": 2,
                "name": "Spotify",
                "url": null
            },
            "13-01-2019_23-58-57-488890": {
                "type": 0,
                "name": "Wallpaper Engine",
                "url": null
            },
            "11-01-2019_23-54-44-166805": {
                "type": 0,
                "name": "Overwatch",
                "url": null
            },
            "15-01-2019_20-05-24-063373": {
                "type": 0,
                "name": "Never Split the Party",
                "url": null
            },
            "13-01-2019_18-58-47-852165": {
                "type": 0,
                "name": "Wallpaper Engine",
                "url": null
            }
        }
    }
}