{
    "display_name": {
        "current": "Sir E",
        "previous": {}
    },
    "colour": {
        "current": 0,
        "previous": {
            "05-12-2018_23-34-35-600797": 15158332,
            "29-11-2018_15-39-39-394402": 3447003,
            "29-11-2018_15-38-13-102418": 0
        }
    },
    "created_at": "11-11-2016_13-40-58-318000",
    "joined_at": {
        "current": "27-07-2018_04-33-37-063000",
        "previous": {}
    },
    "name": {
        "current": "Sir E",
        "previous": {}
    },
    "voice": {
        "current": {
            "channel": {
                "private": null,
                "id": null,
                "name": null
            },
            "server_mute": false,
            "server_deaf": false,
            "is_afk": false,
            "self_deaf": false,
            "self_mute": false
        },
        "previous": {}
    },
    "status": {
        "current": "offline",
        "previous": {
            "05-12-2018_15-19-39-125060": "online"
        }
    },
    "discriminator": {
        "current": "7204",
        "previous": {}
    },
    "cookies": {
        "give": {
            "average": 0.0,
            "total_cookies": 0
        },
        "active_epochs": 1,
        "get": {
            "average": 0.4,
            "total_cookies": 2
        },
        "total_cookies": 2,
        "active_this_epoch": false,
        "cookies_in_jar": 0,
        "cookie_transfer_quota": 0,
        "cookie_interest": 0,
        "measured_epochs": 5,
        "current_cookies": 2
    },
    "bans": {
        "current": "not banned",
        "previous": {}
    },
    "activity": {
        "2018": {
            "11": {
                "26": {
                    "18": {
                        "403514718482071554": 11,
                        "403243509324447755": 12
                    },
                    "20": {
                        "403514718482071554": 18,
                        "403243509324447755": 9
                    },
                    "22": {
                        "403514718482071554": 1,
                        "403243509324447755": 1
                    },
                    "21": {
                        "403514718482071554": 2,
                        "403243509324447755": 2
                    },
                    "23": {
                        "403514718482071554": 1,
                        "403243509324447755": 1
                    }
                },
                "25": {
                    "10": {
                        "403514718482071554": 13,
                        "403243509324447755": 9
                    },
                    "11": {
                        "403514718482071554": 9,
                        "403243509324447755": 8
                    }
                },
                "29": {
                    "18": {
                        "403514718482071554": 3,
                        "403515799794614273": 4,
                        "403243509324447755": 3
                    },
                    "17": {
                        "403514718482071554": 28,
                        "403515799794614273": 97,
                        "403243509324447755": 19
                    },
                    "16": {
                        "403514718482071554": 20,
                        "403515799794614273": 45,
                        "403243509324447755": 16
                    },
                    "15": {
                        "403514718482071554": 16,
                        "403243509324447755": 21
                    }
                },
                "30": {
                    "15": {
                        "403514718482071554": 6,
                        "403243509324447755": 14
                    }
                },
                "23": {
                    "10": {
                        "403514718482071554": 2,
                        "403243509324447755": 2
                    }
                },
                "27": {
                    "1": {
                        "403514718482071554": 2
                    },
                    "14": {
                        "403514718482071554": 22,
                        "403243509324447755": 14
                    }
                }
            },
            "12": {
                "5": {
                    "14": {
                        "403514718482071554": 16,
                        "403243509324447755": 14
                    },
                    "13": {
                        "403514718482071554": 3,
                        "403243509324447755": 1
                    },
                    "15": {
                        "403514718482071554": 10,
                        "403243509324447755": 9
                    }
                }
            }
        }
    },
    "roles": {
        "current": {
            "403243508833452032": {
                "permissions": 104324161,
                "colour": 0,
                "name": "@everyone",
                "position": 0,
                "created_at": "17-01-2018_17-45-44-408000"
            },
            "403243729072160790": {
                "permissions": 104324169,
                "colour": 0,
                "name": "Admin",
                "position": 6,
                "created_at": "17-01-2018_17-46-36-917000"
            }
        },
        "previous": {
            "29-11-2018_15-39-39-394402": {
                "517688783982952458": {
                    "permissions": 0,
                    "colour": 3447003,
                    "name": "Color_Blue",
                    "position": 1,
                    "created_at": "29-11-2018_13-10-24-294000"
                },
                "403243508833452032": {
                    "permissions": 104324161,
                    "colour": 0,
                    "name": "@everyone",
                    "position": 0,
                    "created_at": "17-01-2018_17-45-44-408000"
                },
                "403243729072160790": {
                    "permissions": 104324169,
                    "colour": 0,
                    "name": "Admin",
                    "position": 6,
                    "created_at": "17-01-2018_17-46-36-917000"
                }
            },
            "29-11-2018_15-40-12-441109": {
                "406523819545591808": {
                    "permissions": 0,
                    "colour": 15158332,
                    "name": "Color_Red",
                    "position": 2,
                    "created_at": "26-01-2018_19-00-31-427000"
                },
                "403243508833452032": {
                    "permissions": 104324161,
                    "colour": 0,
                    "name": "@everyone",
                    "position": 0,
                    "created_at": "17-01-2018_17-45-44-408000"
                },
                "403243729072160790": {
                    "permissions": 104324169,
                    "colour": 0,
                    "name": "Admin",
                    "position": 6,
                    "created_at": "17-01-2018_17-46-36-917000"
                },
                "517688783982952458": {
                    "permissions": 0,
                    "colour": 3447003,
                    "name": "Color_Blue",
                    "position": 1,
                    "created_at": "29-11-2018_13-10-24-294000"
                }
            },
            "29-11-2018_15-38-13-102418": {
                "403243508833452032": {
                    "permissions": 104324161,
                    "colour": 0,
                    "name": "@everyone",
                    "position": 0,
                    "created_at": "17-01-2018_17-45-44-408000"
                },
                "403243729072160790": {
                    "permissions": 104324169,
                    "colour": 0,
                    "name": "Admin",
                    "position": 6,
                    "created_at": "17-01-2018_17-46-36-917000"
                }
            },
            "29-11-2018_15-09-24-930495": {
                "403243508833452032": {
                    "permissions": 104324161,
                    "colour": 0,
                    "name": "@everyone",
                    "position": 0,
                    "created_at": "17-01-2018_17-45-44-408000"
                },
                "403243729072160790": {
                    "permissions": 104324169,
                    "colour": 0,
                    "name": "Admin",
                    "position": 5,
                    "created_at": "17-01-2018_17-46-36-917000"
                }
            },
            "05-12-2018_23-34-35-600797": {
                "406523819545591808": {
                    "permissions": 0,
                    "colour": 15158332,
                    "name": "Color_Red",
                    "position": 2,
                    "created_at": "26-01-2018_19-00-31-427000"
                },
                "403243508833452032": {
                    "permissions": 104324161,
                    "colour": 0,
                    "name": "@everyone",
                    "position": 0,
                    "created_at": "17-01-2018_17-45-44-408000"
                },
                "403243729072160790": {
                    "permissions": 104324169,
                    "colour": 0,
                    "name": "Admin",
                    "position": 6,
                    "created_at": "17-01-2018_17-46-36-917000"
                }
            }
        }
    },
    "id": "246630352968220675",
    "bot": true,
    "game": {
        "current": {
            "type": null,
            "url": null,
            "name": null
        },
        "previous": {}
    }
}