{
    "discriminator": {
        "previous": {},
        "current": "7962"
    },
    "joined_at": {
        "previous": {},
        "current": "17-01-2019_18-43-44-540606"
    },
    "bans": {
        "previous": {},
        "current": "not banned"
    },
    "activity": {
        "2019": {
            "1": {
                "20": {
                    "18": {
                        "403084655550791682": 2
                    },
                    "23": {
                        "535533512892219392": 2
                    }
                },
                "19": {
                    "21": {
                        "403084655550791682": 2
                    },
                    "23": {
                        "535533512892219392": 4
                    }
                },
                "17": {
                    "21": {
                        "535533512892219392": 1
                    },
                    "22": {
                        "535533512892219392": 3,
                        "403084763591606273": 1
                    },
                    "23": {
                        "535533512892219392": 22,
                        "403084763591606273": 1
                    }
                },
                "25": {
                    "15": {
                        "535533512892219392": 1
                    },
                    "0": {
                        "523913649182605330": 1
                    },
                    "3": {
                        "403084655550791682": 1
                    },
                    "5": {
                        "535533512892219392": 4
                    }
                },
                "18": {
                    "20": {
                        "535533512892219392": 6
                    },
                    "21": {
                        "535533512892219392": 6
                    },
                    "23": {
                        "535533512892219392": 10
                    },
                    "1": {
                        "535533512892219392": 9
                    },
                    "0": {
                        "535533512892219392": 3
                    }
                }
            }
        }
    },
    "cookies": {
        "cookie_transfer_quota": 0,
        "active_this_epoch": false,
        "give": {
            "total_cookies": 0,
            "average": 0.0
        },
        "active_epochs": 0,
        "get": {
            "total_cookies": 0,
            "average": 0.0
        },
        "total_cookies": 0,
        "cookies_in_jar": 0,
        "measured_epochs": 1,
        "current_cookies": 0,
        "cookie_interest": 0
    },
    "name": {
        "previous": {},
        "current": "Theuncreativederp"
    },
    "status": {
        "previous": {
            "17-01-2019_17-37-42-106001": "online",
            "18-01-2019_23-28-09-275982": "online",
            "18-01-2019_22-56-50-509179": "idle",
            "18-01-2019_15-04-28-265172": "idle",
            "19-01-2019_13-47-02-065430": "offline",
            "19-01-2019_23-47-11-591556": "online"
        },
        "current": "offline"
    },
    "roles": {
        "previous": {
            "17-01-2019_17-37-42-106001": {
                "430760351248809986": {
                    "permissions": 0,
                    "name": "Current Iteration",
                    "created_at": "03-04-2018_16-07-50-878000",
                    "position": 8,
                    "colour": 0
                },
                "403266285313589250": {
                    "permissions": 0,
                    "name": "Abandoned Ones",
                    "created_at": "17-01-2018_19-16-14-744000",
                    "position": 10,
                    "colour": 16777215
                },
                "178667818152230912": {
                    "permissions": 0,
                    "name": "@everyone",
                    "created_at": "08-05-2016_00-42-07-335000",
                    "position": 0,
                    "colour": 0
                },
                "403272352223461387": {
                    "permissions": 104187968,
                    "name": "Members",
                    "created_at": "17-01-2018_19-40-21-208000",
                    "position": 9,
                    "colour": 0
                },
                "535533082678394880": {
                    "permissions": 0,
                    "name": "Kinksters",
                    "created_at": "17-01-2019_18-57-16-634000",
                    "position": 1,
                    "colour": 15277667
                }
            },
            "25-01-2019_18-03-01-080213": {
                "403266285313589250": {
                    "permissions": 0,
                    "name": "Abandoned Ones",
                    "created_at": "17-01-2018_19-16-14-744000",
                    "position": 12,
                    "colour": 16777215
                },
                "178667818152230912": {
                    "permissions": 0,
                    "name": "@everyone",
                    "created_at": "08-05-2016_00-42-07-335000",
                    "position": 0,
                    "colour": 0
                },
                "523917597138354193": {
                    "permissions": 0,
                    "name": "Yeeters",
                    "created_at": "16-12-2018_17-41-29-076000",
                    "position": 2,
                    "colour": 16714995
                },
                "535533082678394880": {
                    "permissions": 0,
                    "name": "Kinksters",
                    "created_at": "17-01-2019_18-57-16-634000",
                    "position": 1,
                    "colour": 15277667
                },
                "403272352223461387": {
                    "permissions": 104187968,
                    "name": "Members",
                    "created_at": "17-01-2018_19-40-21-208000",
                    "position": 11,
                    "colour": 0
                }
            },
            "25-01-2019_00-26-23-076062": {
                "178667818152230912": {
                    "permissions": 0,
                    "name": "@everyone",
                    "created_at": "08-05-2016_00-42-07-335000",
                    "position": 0,
                    "colour": 0
                },
                "403266285313589250": {
                    "permissions": 0,
                    "name": "Abandoned Ones",
                    "created_at": "17-01-2018_19-16-14-744000",
                    "position": 10,
                    "colour": 16777215
                },
                "430760351248809986": {
                    "permissions": 0,
                    "name": "Current Iteration",
                    "created_at": "03-04-2018_16-07-50-878000",
                    "position": 8,
                    "colour": 0
                },
                "535533082678394880": {
                    "permissions": 0,
                    "name": "Kinksters",
                    "created_at": "17-01-2019_18-57-16-634000",
                    "position": 1,
                    "colour": 15277667
                },
                "523917597138354193": {
                    "permissions": 0,
                    "name": "Yeeters",
                    "created_at": "16-12-2018_17-41-29-076000",
                    "position": 2,
                    "colour": 16714995
                },
                "403272352223461387": {
                    "permissions": 104187968,
                    "name": "Members",
                    "created_at": "17-01-2018_19-40-21-208000",
                    "position": 9,
                    "colour": 0
                }
            }
        },
        "current": {
            "403266285313589250": {
                "permissions": 0,
                "name": "Abandoned Ones",
                "created_at": "17-01-2018_19-16-14-744000",
                "position": 11,
                "colour": 16777215
            },
            "178667818152230912": {
                "permissions": 0,
                "name": "@everyone",
                "created_at": "08-05-2016_00-42-07-335000",
                "position": 0,
                "colour": 0
            },
            "523917597138354193": {
                "permissions": 0,
                "name": "Yeeters",
                "created_at": "16-12-2018_17-41-29-076000",
                "position": 2,
                "colour": 16714995
            },
            "535533082678394880": {
                "permissions": 0,
                "name": "Kinksters",
                "created_at": "17-01-2019_18-57-16-634000",
                "position": 1,
                "colour": 15277667
            },
            "403272352223461387": {
                "permissions": 104187968,
                "name": "Members",
                "created_at": "17-01-2018_19-40-21-208000",
                "position": 10,
                "colour": 0
            }
        }
    },
    "game": {
        "previous": {},
        "current": {
            "url": null,
            "type": null,
            "name": null
        }
    },
    "id": "186940731225669632",
    "display_name": {
        "previous": {},
        "current": "Theuncreativederp"
    },
    "voice": {
        "previous": {
            "17-01-2019_17-37-42-106001": {
                "server_mute": false,
                "server_deaf": false,
                "is_afk": false,
                "channel": {
                    "private": false,
                    "name": "simply-yeet",
                    "id": "523902470724911105"
                },
                "self_mute": false,
                "self_deaf": false
            },
            "18-01-2019_23-28-09-275982": {
                "server_mute": false,
                "server_deaf": false,
                "is_afk": false,
                "channel": {
                    "private": false,
                    "name": "simply-yeet",
                    "id": "523902470724911105"
                },
                "self_mute": false,
                "self_deaf": false
            },
            "18-01-2019_22-56-50-509179": {
                "server_mute": false,
                "server_deaf": false,
                "is_afk": false,
                "channel": {
                    "private": false,
                    "name": "simply-yeet",
                    "id": "523902470724911105"
                },
                "self_mute": false,
                "self_deaf": false
            },
            "18-01-2019_15-04-28-265172": {
                "server_mute": false,
                "server_deaf": false,
                "is_afk": false,
                "channel": {
                    "private": false,
                    "name": "Kinky Kat Chat",
                    "id": "535533609617195018"
                },
                "self_mute": false,
                "self_deaf": false
            },
            "19-01-2019_13-47-02-065430": {
                "server_mute": false,
                "server_deaf": false,
                "is_afk": false,
                "channel": {
                    "private": null,
                    "name": null,
                    "id": null
                },
                "self_mute": false,
                "self_deaf": false
            },
            "19-01-2019_23-47-11-591556": {
                "server_mute": false,
                "server_deaf": false,
                "is_afk": false,
                "channel": {
                    "private": false,
                    "name": "Kinky Kat Chat",
                    "id": "535533609617195018"
                },
                "self_mute": false,
                "self_deaf": false
            }
        },
        "current": {
            "server_mute": false,
            "server_deaf": false,
            "is_afk": false,
            "channel": {
                "private": null,
                "name": null,
                "id": null
            },
            "self_mute": false,
            "self_deaf": false
        }
    },
    "colour": {
        "previous": {
            "17-01-2019_17-37-42-106001": 0
        },
        "current": 16777215
    },
    "bot": false,
    "created_at": "30-05-2016_20-35-43-515000"
}