{
    "discriminator": {
        "previous": {},
        "current": "1838"
    },
    "voice": {
        "previous": {
            "30-01-2019_23-45-18-912162": {
                "server_mute": false,
                "server_deaf": false,
                "is_afk": false,
                "channel": {
                    "private": false,
                    "name": "simply-yeet",
                    "id": "523902470724911105"
                },
                "self_mute": false,
                "self_deaf": false
            },
            "31-01-2019_23-15-25-764869": {
                "server_mute": false,
                "server_deaf": false,
                "is_afk": false,
                "channel": {
                    "private": false,
                    "name": "General",
                    "id": "403283673647939595"
                },
                "self_mute": false,
                "self_deaf": false
            }
        },
        "current": {
            "server_mute": false,
            "server_deaf": false,
            "is_afk": false,
            "channel": {
                "private": null,
                "id": null,
                "name": null
            },
            "self_mute": false,
            "self_deaf": false
        }
    },
    "bans": {
        "previous": {},
        "current": "not banned"
    },
    "activity": {
        "2019": {
            "2": {
                "5": {
                    "4": {
                        "404067128786944002": 1,
                        "403084655550791682": 22
                    },
                    "12": {
                        "404067128786944002": 2
                    }
                },
                "1": {
                    "0": {
                        "523913649182605330": 11
                    },
                    "2": {
                        "403084790401728512": 1
                    },
                    "3": {
                        "403084655550791682": 1
                    }
                }
            },
            "1": {
                "31": {
                    "0": {
                        "523913649182605330": 1
                    },
                    "2": {
                        "523913649182605330": 5
                    },
                    "23": {
                        "523913649182605330": 3,
                        "403084655550791682": 1
                    },
                    "1": {
                        "523913649182605330": 1
                    }
                }
            }
        }
    },
    "cookies": {
        "cookie_transfer_quota": 0,
        "active_this_epoch": false,
        "give": {
            "total_cookies": 0,
            "average": 0.0
        },
        "active_epochs": 0,
        "get": {
            "total_cookies": 0,
            "average": 0.0
        },
        "total_cookies": 0,
        "cookies_in_jar": 0,
        "measured_epochs": 1,
        "current_cookies": 0,
        "cookie_interest": 0
    },
    "name": {
        "previous": {},
        "current": "Pinkman ZFT"
    },
    "status": {
        "previous": {
            "30-01-2019_23-45-18-912162": "online",
            "29-01-2019_19-57-05-628849": "offline",
            "30-01-2019_14-51-49-215528": "offline",
            "30-01-2019_22-01-10-201736": "online",
            "31-01-2019_23-15-25-764869": "idle",
            "29-01-2019_23-34-56-773453": "online"
        },
        "current": "online"
    },
    "roles": {
        "previous": {
            "30-01-2019_14-51-49-215528": {
                "403266285313589250": {
                    "permissions": 0,
                    "name": "Abandoned Ones",
                    "created_at": "17-01-2018_19-16-14-744000",
                    "position": 11,
                    "colour": 16777215
                },
                "178667818152230912": {
                    "permissions": 0,
                    "name": "@everyone",
                    "created_at": "08-05-2016_00-42-07-335000",
                    "position": 0,
                    "colour": 0
                },
                "403272352223461387": {
                    "permissions": 104187968,
                    "name": "Members",
                    "created_at": "17-01-2018_19-40-21-208000",
                    "position": 10,
                    "colour": 0
                }
            },
            "30-01-2019_23-45-18-912162": {
                "523917597138354193": {
                    "permissions": 0,
                    "name": "Yeeters",
                    "created_at": "16-12-2018_17-41-29-076000",
                    "position": 2,
                    "colour": 16714995
                },
                "178667818152230912": {
                    "permissions": 0,
                    "name": "@everyone",
                    "created_at": "08-05-2016_00-42-07-335000",
                    "position": 0,
                    "colour": 0
                },
                "403266285313589250": {
                    "permissions": 0,
                    "name": "Abandoned Ones",
                    "created_at": "17-01-2018_19-16-14-744000",
                    "position": 11,
                    "colour": 16777215
                },
                "403272352223461387": {
                    "permissions": 104187968,
                    "name": "Members",
                    "created_at": "17-01-2018_19-40-21-208000",
                    "position": 10,
                    "colour": 0
                }
            }
        },
        "current": {
            "403266285313589250": {
                "permissions": 0,
                "name": "Abandoned Ones",
                "created_at": "17-01-2018_19-16-14-744000",
                "position": 11,
                "colour": 16777215
            },
            "178667818152230912": {
                "permissions": 0,
                "name": "@everyone",
                "created_at": "08-05-2016_00-42-07-335000",
                "position": 0,
                "colour": 0
            },
            "523917597138354193": {
                "permissions": 0,
                "name": "Yeeters",
                "created_at": "16-12-2018_17-41-29-076000",
                "position": 2,
                "colour": 16714995
            },
            "403272352223461387": {
                "permissions": 104187968,
                "name": "Members",
                "created_at": "17-01-2018_19-40-21-208000",
                "position": 10,
                "colour": 0
            },
            "535533082678394880": {
                "permissions": 0,
                "name": "Kinksters",
                "created_at": "17-01-2019_18-57-16-634000",
                "position": 1,
                "colour": 15277667
            }
        }
    },
    "game": {
        "previous": {
            "30-01-2019_14-51-49-215528": {
                "url": null,
                "type": null,
                "name": null
            },
            "30-01-2019_23-45-18-912162": {
                "url": null,
                "type": 2,
                "name": "Spotify"
            },
            "31-01-2019_23-15-25-764869": {
                "url": null,
                "type": null,
                "name": null
            },
            "29-01-2019_23-34-56-773453": {
                "url": null,
                "type": 2,
                "name": "Spotify"
            }
        },
        "current": {
            "url": null,
            "type": 0,
            "name": "Kerbal Space Program"
        }
    },
    "id": "196793671029358592",
    "display_name": {
        "previous": {},
        "current": "Cangenicus"
    },
    "colour": {
        "previous": {},
        "current": 16777215
    },
    "joined_at": {
        "previous": {},
        "current": "28-01-2019_18-10-53-502563"
    },
    "bot": false,
    "created_at": "27-06-2016_01-07-47-423000"
}