{
    "discriminator": {
        "previous": {},
        "current": "4454"
    },
    "voice": {
        "previous": {},
        "current": {
            "server_mute": false,
            "server_deaf": false,
            "is_afk": false,
            "channel": {
                "private": null,
                "name": null,
                "id": null
            },
            "self_mute": false,
            "self_deaf": false
        }
    },
    "bans": {
        "previous": {},
        "current": "not banned"
    },
    "activity": {},
    "cookies": {
        "cookie_transfer_quota": 0,
        "active_this_epoch": false,
        "give": {
            "total_cookies": 0,
            "average": 0.0
        },
        "active_epochs": 0,
        "get": {
            "total_cookies": 0,
            "average": 0.0
        },
        "total_cookies": 0,
        "cookies_in_jar": 0,
        "measured_epochs": 2,
        "current_cookies": 0,
        "cookie_interest": 0
    },
    "name": {
        "previous": {},
        "current": "Mantaro"
    },
    "status": {
        "previous": {
            "16-01-2019_22-00-47-241502": "offline",
            "17-01-2019_17-37-42-106001": "offline",
            "31-01-2019_15-07-05-822989": "offline",
            "31-01-2019_23-15-25-764869": "offline"
        },
        "current": "online"
    },
    "roles": {
        "previous": {
            "17-01-2019_17-37-42-106001": {
                "403266285313589250": {
                    "permissions": 0,
                    "name": "Abandoned Ones",
                    "created_at": "17-01-2018_19-16-14-744000",
                    "position": 9,
                    "colour": 16777215
                },
                "178667818152230912": {
                    "permissions": 0,
                    "name": "@everyone",
                    "created_at": "08-05-2016_00-42-07-335000",
                    "position": 0,
                    "colour": 0
                },
                "403239438802485259": {
                    "permissions": 0,
                    "name": "Bots",
                    "created_at": "17-01-2018_17-29-34-037000",
                    "position": 10,
                    "colour": 13079310
                },
                "531604526327791666": {
                    "permissions": 475191,
                    "name": "Mantaro",
                    "created_at": "06-01-2019_22-46-35-811000",
                    "position": 1,
                    "colour": 0
                }
            },
            "25-01-2019_18-03-01-080213": {
                "403266285313589250": {
                    "permissions": 0,
                    "name": "Abandoned Ones",
                    "created_at": "17-01-2018_19-16-14-744000",
                    "position": 12,
                    "colour": 16777215
                },
                "178667818152230912": {
                    "permissions": 0,
                    "name": "@everyone",
                    "created_at": "08-05-2016_00-42-07-335000",
                    "position": 0,
                    "colour": 0
                },
                "403239438802485259": {
                    "permissions": 0,
                    "name": "Bots",
                    "created_at": "17-01-2018_17-29-34-037000",
                    "position": 9,
                    "colour": 13079310
                },
                "531604526327791666": {
                    "permissions": 475191,
                    "name": "Mantaro",
                    "created_at": "06-01-2019_22-46-35-811000",
                    "position": 4,
                    "colour": 0
                }
            },
            "25-01-2019_00-26-23-076062": {
                "403266285313589250": {
                    "permissions": 0,
                    "name": "Abandoned Ones",
                    "created_at": "17-01-2018_19-16-14-744000",
                    "position": 10,
                    "colour": 16777215
                },
                "178667818152230912": {
                    "permissions": 0,
                    "name": "@everyone",
                    "created_at": "08-05-2016_00-42-07-335000",
                    "position": 0,
                    "colour": 0
                },
                "403239438802485259": {
                    "permissions": 0,
                    "name": "Bots",
                    "created_at": "17-01-2018_17-29-34-037000",
                    "position": 11,
                    "colour": 13079310
                },
                "531604526327791666": {
                    "permissions": 475191,
                    "name": "Mantaro",
                    "created_at": "06-01-2019_22-46-35-811000",
                    "position": 4,
                    "colour": 0
                }
            }
        },
        "current": {
            "403266285313589250": {
                "permissions": 0,
                "name": "Abandoned Ones",
                "created_at": "17-01-2018_19-16-14-744000",
                "position": 11,
                "colour": 16777215
            },
            "178667818152230912": {
                "permissions": 0,
                "name": "@everyone",
                "created_at": "08-05-2016_00-42-07-335000",
                "position": 0,
                "colour": 0
            },
            "403239438802485259": {
                "permissions": 0,
                "name": "Bots",
                "created_at": "17-01-2018_17-29-34-037000",
                "position": 8,
                "colour": 13079310
            },
            "531604526327791666": {
                "permissions": 475191,
                "name": "Mantaro",
                "created_at": "06-01-2019_22-46-35-811000",
                "position": 4,
                "colour": 0
            }
        }
    },
    "game": {
        "previous": {
            "10-01-2019_00-18-24-072293": {
                "url": null,
                "type": 0,
                "name": "~>help | I don't wanna, but I guess I gotta. | [7]"
            },
            "25-01-2019_18-03-01-080213": {
                "url": null,
                "type": 0,
                "name": "~>help | Running in 37GB of allocated memory!... I guess that will be enough... I hope. | [7]"
            },
            "15-01-2019_20-05-24-063373": {
                "url": null,
                "type": 0,
                "name": "~>help | with a bunch of zeros and ones... basically with myself. | [7]"
            },
            "23-01-2019_21-15-24-922386": {
                "url": null,
                "type": 0,
                "name": "~>help | Check ~>richest | [7]"
            },
            "30-01-2019_22-01-10-201736": {
                "url": null,
                "type": 0,
                "name": "~>help | Want support? Join our support guild. Link is in ~>about. | [7]"
            },
            "16-01-2019_15-03-07-147943": {
                "url": null,
                "type": 0,
                "name": "~>help | With now more embeds! | [7]"
            },
            "13-01-2019_23-58-57-488890": {
                "url": null,
                "type": 0,
                "name": "~>help | an instance of Player | [7]"
            },
            "12-01-2019_01-16-58-662867": {
                "url": null,
                "type": 0,
                "name": "~>help | Check ~>misc | [7]"
            },
            "25-01-2019_00-26-23-076062": {
                "url": null,
                "type": 0,
                "name": "~>help | With 208 shards. | [7]"
            },
            "18-01-2019_15-04-28-265172": {
                "url": null,
                "type": 0,
                "name": "~>help | Check ~>gamble | [7]"
            },
            "17-01-2019_17-37-42-106001": {
                "url": null,
                "type": 0,
                "name": "~>help | Let's hope I finish my assignment on time. | [7]"
            },
            "10-01-2019_03-36-57-747790": {
                "url": null,
                "type": 0,
                "name": "~>help | I'm also a CPU. No, really! | [7]"
            },
            "18-01-2019_23-28-09-275982": {
                "url": null,
                "type": 0,
                "name": "~>help | ra-mu-ne. | [7]"
            },
            "30-01-2019_14-51-49-215528": {
                "url": null,
                "type": 0,
                "name": "~>help | in theaters near you! | [7]"
            },
            "10-01-2019_03-33-44-007928": {
                "url": null,
                "type": 0,
                "name": "~>help | with RPG | [7]"
            },
            "11-01-2019_23-54-44-166805": {
                "url": null,
                "type": 0,
                "name": "~>help | Now singing along you. | [7]"
            },
            "11-01-2019_22-45-11-058689": {
                "url": null,
                "type": 0,
                "name": "~>help | Tatoe will make you dance to the pp. | [7]"
            },
            "13-01-2019_23-50-53-236086": {
                "url": null,
                "type": 0,
                "name": "~>help | Now with more ~>tsundere | [7]"
            },
            "30-01-2019_23-45-18-912162": {
                "url": null,
                "type": 0,
                "name": "~>help | With now more embeds! | [7]"
            },
            "11-01-2019_23-09-28-971572": {
                "url": null,
                "type": 0,
                "name": "~>help | Check ~>pat | [7]"
            },
            "19-01-2019_13-47-02-065430": {
                "url": null,
                "type": 0,
                "name": "~>help | Doing bot things. | [7]"
            },
            "27-01-2019_00-03-40-224296": {
                "url": null,
                "type": 0,
                "name": "~>help | More features than ever! | [7]"
            },
            "25-01-2019_15-28-36-671537": {
                "url": null,
                "type": 0,
                "name": "~>help | Here comes the great bot to destroy all the people it hates... not you of course. | [7]"
            },
            "31-01-2019_19-29-23-149190": {
                "url": null,
                "type": 0,
                "name": "~>help | Check ~>loot | [7]"
            },
            "23-01-2019_23-06-46-438605": {
                "url": null,
                "type": 0,
                "name": "~>help | Damn! I should've finished my backlog before formatting Windows. | [7]"
            },
            "16-01-2019_20-42-02-533659": {
                "url": null,
                "type": 0,
                "name": "~>help | Your king is on fire! | [7]"
            },
            "26-01-2019_04-12-07-077616": {
                "url": null,
                "type": 0,
                "name": "~>help | Check ~>profile | [7]"
            },
            "26-01-2019_15-44-45-130911": {
                "url": null,
                "type": 0,
                "name": "~>help | Cookiezi would eat this... or would I eat a cookie? | [7]"
            },
            "27-01-2019_13-19-36-209606": {
                "url": null,
                "type": 0,
                "name": "~>help | I don't wanna, but I guess I gotta. | [7]"
            },
            "31-01-2019_15-07-05-822989": {
                "url": null,
                "type": 0,
                "name": "~>help | Have they released Neko models so people could play with them? | [7]"
            },
            "29-01-2019_19-57-05-628849": {
                "url": null,
                "type": 0,
                "name": "~>help | Lets go and stick those protest signs somewhere less visible. | [7]"
            },
            "16-01-2019_22-00-47-241502": {
                "url": null,
                "type": 0,
                "name": "~>help | Now with more ~>tsundere | [7]"
            },
            "13-01-2019_18-58-47-852165": {
                "url": null,
                "type": 0,
                "name": "~>help | Stop this already... | [7]"
            },
            "19-01-2019_23-47-11-591556": {
                "url": null,
                "type": 0,
                "name": "~>help | Lets go and stick those protest signs somewhere less visible. | [7]"
            },
            "18-01-2019_22-56-50-509179": {
                "url": null,
                "type": 0,
                "name": "~>help | Your king is on fire! | [7]"
            },
            "31-01-2019_23-15-25-764869": {
                "url": null,
                "type": 0,
                "name": "~>help | Like mantaro? Vote for mantaro in http://polr.me/voteformantaro | [7]"
            },
            "29-01-2019_23-34-56-773453": {
                "url": null,
                "type": 0,
                "name": "~>help | More low effort memes than /r/Paladins! | [7]"
            }
        },
        "current": {
            "url": null,
            "type": 0,
            "name": "~>help | with greenscreens | [7]"
        }
    },
    "id": "213466096718708737",
    "display_name": {
        "previous": {},
        "current": "Mantaro"
    },
    "colour": {
        "previous": {
            "25-01-2019_00-26-23-076062": 13079310
        },
        "current": 16777215
    },
    "joined_at": {
        "previous": {},
        "current": "06-01-2019_22-46-35-749175"
    },
    "bot": true,
    "created_at": "12-08-2016_01-18-03-466000"
}