{
    "display_name": {
        "current": "Hewie, Hero & Princess of Hyrule",
        "previous": {}
    },
    "joined_at": {
        "current": "06-01-2019_17-52-50-087471",
        "previous": {}
    },
    "name": {
        "current": "Hewie, Hero & Princess of Hyrule",
        "previous": {}
    },
    "bans": {
        "current": "not banned",
        "previous": {}
    },
    "discriminator": {
        "current": "8056",
        "previous": {}
    },
    "game": {
        "current": {
            "type": null,
            "name": null,
            "url": null
        },
        "previous": {}
    },
    "activity": {},
    "colour": {
        "current": 16777215,
        "previous": {
            "11-01-2019_22-45-11-058689": 16777215,
            "11-01-2019_23-54-44-166805": 10181046
        }
    },
    "status": {
        "current": "online",
        "previous": {
            "13-01-2019_23-58-57-488890": "idle",
            "15-01-2019_20-05-24-063373": "online",
            "16-01-2019_22-00-47-241502": "idle",
            "17-01-2019_17-37-42-106001": "online",
            "16-01-2019_15-03-07-147943": "idle",
            "11-01-2019_23-09-28-971572": "idle",
            "11-01-2019_22-45-11-058689": "online",
            "12-01-2019_01-16-58-662867": "idle",
            "18-01-2019_23-28-09-275982": "online",
            "10-01-2019_03-33-44-007928": "idle",
            "23-01-2019_23-06-46-438605": "idle",
            "19-01-2019_13-47-02-065430": "idle",
            "11-01-2019_23-54-44-166805": "online",
            "19-01-2019_23-47-11-591556": "online",
            "13-01-2019_18-58-47-852165": "online",
            "25-01-2019_00-26-23-076062": "idle",
            "18-01-2019_15-04-28-265172": "idle",
            "10-01-2019_03-36-57-747790": "online",
            "10-01-2019_00-18-24-072293": "online"
        }
    },
    "id": "306891519439142922",
    "cookies": {
        "measured_epochs": 1,
        "give": {
            "average": 0.0,
            "total_cookies": 0
        },
        "total_cookies": 0,
        "get": {
            "average": 0.0,
            "total_cookies": 0
        },
        "cookie_interest": 0,
        "active_epochs": 0,
        "active_this_epoch": false,
        "cookie_transfer_quota": 0,
        "current_cookies": 0,
        "cookies_in_jar": 0
    },
    "roles": {
        "current": {
            "403266285313589250": {
                "colour": 16777215,
                "created_at": "17-01-2018_19-16-14-744000",
                "name": "Abandoned Ones",
                "position": 12,
                "permissions": 0
            },
            "178667818152230912": {
                "colour": 0,
                "created_at": "08-05-2016_00-42-07-335000",
                "name": "@everyone",
                "position": 0,
                "permissions": 0
            },
            "403272352223461387": {
                "colour": 0,
                "created_at": "17-01-2018_19-40-21-208000",
                "name": "Members",
                "position": 11,
                "permissions": 104187968
            }
        },
        "previous": {
            "25-01-2019_00-26-23-076062": {
                "403266285313589250": {
                    "created_at": "17-01-2018_19-16-14-744000",
                    "colour": 16777215,
                    "name": "Abandoned Ones",
                    "position": 10,
                    "permissions": 0
                },
                "403272352223461387": {
                    "created_at": "17-01-2018_19-40-21-208000",
                    "colour": 0,
                    "name": "Members",
                    "position": 9,
                    "permissions": 104187968
                },
                "178667818152230912": {
                    "created_at": "08-05-2016_00-42-07-335000",
                    "colour": 0,
                    "name": "@everyone",
                    "position": 0,
                    "permissions": 0
                }
            },
            "11-01-2019_23-54-44-166805": {
                "479754951917174784": {
                    "created_at": "16-08-2018_20-54-53-953000",
                    "colour": 10181046,
                    "name": "Owner",
                    "position": 29,
                    "permissions": 0
                },
                "403266285313589250": {
                    "created_at": "17-01-2018_19-16-14-744000",
                    "colour": 16777215,
                    "name": "Abandoned Ones",
                    "position": 9,
                    "permissions": 0
                },
                "403272352223461387": {
                    "created_at": "17-01-2018_19-40-21-208000",
                    "colour": 0,
                    "name": "Members",
                    "position": 8,
                    "permissions": 104187968
                },
                "178667818152230912": {
                    "created_at": "08-05-2016_00-42-07-335000",
                    "colour": 0,
                    "name": "@everyone",
                    "position": 0,
                    "permissions": 0
                }
            },
            "17-01-2019_17-37-42-106001": {
                "403266285313589250": {
                    "created_at": "17-01-2018_19-16-14-744000",
                    "colour": 16777215,
                    "name": "Abandoned Ones",
                    "position": 9,
                    "permissions": 0
                },
                "403272352223461387": {
                    "created_at": "17-01-2018_19-40-21-208000",
                    "colour": 0,
                    "name": "Members",
                    "position": 8,
                    "permissions": 104187968
                },
                "178667818152230912": {
                    "created_at": "08-05-2016_00-42-07-335000",
                    "colour": 0,
                    "name": "@everyone",
                    "position": 0,
                    "permissions": 0
                }
            },
            "11-01-2019_22-45-11-058689": {
                "403266285313589250": {
                    "created_at": "17-01-2018_19-16-14-744000",
                    "colour": 16777215,
                    "name": "Abandoned Ones",
                    "position": 9,
                    "permissions": 0
                },
                "403272352223461387": {
                    "created_at": "17-01-2018_19-40-21-208000",
                    "colour": 0,
                    "name": "Members",
                    "position": 8,
                    "permissions": 104187968
                },
                "178667818152230912": {
                    "created_at": "08-05-2016_00-42-07-335000",
                    "colour": 0,
                    "name": "@everyone",
                    "position": 0,
                    "permissions": 0
                }
            }
        }
    },
    "created_at": "26-04-2017_20-37-20-003000",
    "bot": false,
    "voice": {
        "current": {
            "is_afk": false,
            "channel": {
                "private": null,
                "id": null,
                "name": null
            },
            "server_deaf": false,
            "server_mute": false,
            "self_deaf": false,
            "self_mute": false
        },
        "previous": {}
    }
}