{
    "activity": {
        "2019": {
            "1": {
                "30": {
                    "5": {
                        "403086614600876032": 9
                    }
                },
                "31": {
                    "19": {
                        "403084655550791682": 24
                    },
                    "23": {
                        "403084655550791682": 37
                    },
                    "20": {
                        "403084655550791682": 1
                    }
                }
            },
            "2": {
                "10": {
                    "19": {
                        "403084655550791682": 1
                    },
                    "18": {
                        "403084655550791682": 12
                    },
                    "20": {
                        "403084655550791682": 3
                    }
                },
                "5": {
                    "1": {
                        "403084655550791682": 6
                    },
                    "16": {
                        "404067128786944002": 1
                    },
                    "4": {
                        "403084655550791682": 20
                    }
                },
                "4": {
                    "1": {
                        "403086550851911681": 1
                    }
                },
                "1": {
                    "19": {
                        "403086550851911681": 1,
                        "403084655550791682": 10
                    },
                    "18": {
                        "403084655550791682": 1
                    },
                    "20": {
                        "523913649182605330": 6,
                        "403084655550791682": 2
                    },
                    "1": {
                        "403084655550791682": 1,
                        "403859489985658880": 13
                    },
                    "2": {
                        "403084655550791682": 15,
                        "540692422573948992": 2
                    },
                    "0": {
                        "523913649182605330": 7,
                        "403084655550791682": 32
                    }
                },
                "9": {
                    "19": {
                        "410813767840956416": 1,
                        "523913649182605330": 4
                    },
                    "1": {
                        "535533512892219392": 1
                    },
                    "18": {
                        "410813767840956416": 3,
                        "523913649182605330": 1
                    },
                    "21": {
                        "410813767840956416": 1
                    },
                    "20": {
                        "410813767840956416": 2,
                        "523913649182605330": 1
                    },
                    "23": {
                        "410813767840956416": 8,
                        "523913649182605330": 1
                    },
                    "22": {
                        "410813767840956416": 5
                    },
                    "0": {
                        "535533512892219392": 1,
                        "403084655550791682": 2
                    }
                },
                "3": {
                    "23": {
                        "403084655550791682": 2
                    },
                    "0": {
                        "403084655550791682": 1
                    }
                },
                "6": {
                    "1": {
                        "403084655550791682": 1
                    }
                },
                "8": {
                    "1": {
                        "409087531074977832": 1,
                        "543213512046936077": 33,
                        "403084655550791682": 13,
                        "523913649182605330": 3
                    }
                },
                "2": {
                    "19": {
                        "403086550851911681": 6
                    }
                }
            }
        }
    },
    "roles": {
        "current": {
            "187986584686166017": {
                "name": "Head of Community Relations",
                "position": 26,
                "colour": 15632622,
                "created_at": "02-06-2016_17-51-34-411000",
                "permissions": 1610079487
            },
            "403272352223461387": {
                "name": "Members",
                "position": 11,
                "colour": 0,
                "created_at": "17-01-2018_19-40-21-208000",
                "permissions": 104187968
            },
            "178667818152230912": {
                "name": "@everyone",
                "position": 0,
                "colour": 0,
                "created_at": "08-05-2016_00-42-07-335000",
                "permissions": 0
            },
            "403266285313589250": {
                "name": "Abandoned Ones",
                "position": 12,
                "colour": 16777215,
                "created_at": "17-01-2018_19-16-14-744000",
                "permissions": 0
            },
            "400699163026653184": {
                "name": "Community Managers",
                "position": 18,
                "colour": 16728548,
                "created_at": "10-01-2018_17-15-25-096000",
                "permissions": 1342308369
            },
            "523917597138354193": {
                "name": "Yeeters",
                "position": 3,
                "colour": 16714995,
                "created_at": "16-12-2018_17-41-29-076000",
                "permissions": 0
            },
            "373129696960970762": {
                "name": "Staff",
                "position": 20,
                "colour": 0,
                "created_at": "26-10-2017_15-24-12-170000",
                "permissions": 0
            },
            "469889716435812353": {
                "name": "Nation Leaders",
                "position": 28,
                "colour": 0,
                "created_at": "20-07-2018_15-33-58-527000",
                "permissions": 2146954743
            }
        },
        "previous": {
            "07-02-2019_22-30-45-401502": {
                "187986584686166017": {
                    "name": "Head of Community Relations",
                    "position": 25,
                    "colour": 15632622,
                    "created_at": "02-06-2016_17-51-34-411000",
                    "permissions": 1610079487
                },
                "403272352223461387": {
                    "name": "Members",
                    "position": 10,
                    "colour": 0,
                    "created_at": "17-01-2018_19-40-21-208000",
                    "permissions": 104187968
                },
                "178667818152230912": {
                    "name": "@everyone",
                    "position": 0,
                    "colour": 0,
                    "created_at": "08-05-2016_00-42-07-335000",
                    "permissions": 0
                },
                "403266285313589250": {
                    "name": "Abandoned Ones",
                    "position": 11,
                    "colour": 16777215,
                    "created_at": "17-01-2018_19-16-14-744000",
                    "permissions": 0
                },
                "400699163026653184": {
                    "name": "Community Managers",
                    "position": 17,
                    "colour": 16728548,
                    "created_at": "10-01-2018_17-15-25-096000",
                    "permissions": 1342308369
                },
                "523917597138354193": {
                    "name": "Yeeters",
                    "position": 2,
                    "colour": 16714995,
                    "created_at": "16-12-2018_17-41-29-076000",
                    "permissions": 0
                },
                "373129696960970762": {
                    "name": "Staff",
                    "position": 19,
                    "colour": 0,
                    "created_at": "26-10-2017_15-24-12-170000",
                    "permissions": 0
                },
                "469889716435812353": {
                    "name": "High Council",
                    "position": 27,
                    "colour": 0,
                    "created_at": "20-07-2018_15-33-58-527000",
                    "permissions": 2146954743
                }
            },
            "09-02-2019_19-14-04-134526": {
                "187986584686166017": {
                    "name": "Head of Community Relations",
                    "position": 25,
                    "colour": 15632622,
                    "created_at": "02-06-2016_17-51-34-411000",
                    "permissions": 1610079487
                },
                "403272352223461387": {
                    "name": "Members",
                    "position": 10,
                    "colour": 0,
                    "created_at": "17-01-2018_19-40-21-208000",
                    "permissions": 104187968
                },
                "178667818152230912": {
                    "name": "@everyone",
                    "position": 0,
                    "colour": 0,
                    "created_at": "08-05-2016_00-42-07-335000",
                    "permissions": 0
                },
                "403266285313589250": {
                    "name": "Abandoned Ones",
                    "position": 11,
                    "colour": 16777215,
                    "created_at": "17-01-2018_19-16-14-744000",
                    "permissions": 0
                },
                "400699163026653184": {
                    "name": "Community Managers",
                    "position": 17,
                    "colour": 16728548,
                    "created_at": "10-01-2018_17-15-25-096000",
                    "permissions": 1342308369
                },
                "523917597138354193": {
                    "name": "Yeeters",
                    "position": 2,
                    "colour": 16714995,
                    "created_at": "16-12-2018_17-41-29-076000",
                    "permissions": 0
                },
                "373129696960970762": {
                    "name": "Staff",
                    "position": 19,
                    "colour": 0,
                    "created_at": "26-10-2017_15-24-12-170000",
                    "permissions": 0
                },
                "469889716435812353": {
                    "name": "Nation Leaders",
                    "position": 27,
                    "colour": 0,
                    "created_at": "20-07-2018_15-33-58-527000",
                    "permissions": 2146954743
                }
            }
        }
    },
    "cookies": {
        "measured_epochs": 3,
        "give": {
            "total_cookies": 1,
            "average": 0.3333333333333333
        },
        "cookie_transfer_quota": 0,
        "cookie_interest": 0,
        "active_epochs": 1,
        "cookies_in_jar": 0,
        "active_this_epoch": false,
        "get": {
            "total_cookies": 0,
            "average": 0.0
        },
        "total_cookies": 0,
        "current_cookies": 0
    },
    "colour": {
        "current": 15632622,
        "previous": {}
    },
    "created_at": "08-03-2016_20-33-58-292000",
    "display_name": {
        "current": "Lechaim the Masked One",
        "previous": {
            "10-02-2019_10-58-00-564986": "Earth King Lechaim",
            "07-02-2019_22-30-45-401502": "Earth king Bumi",
            "31-01-2019_23-15-25-764869": "Dry Bones",
            "30-01-2019_22-01-10-201736": "Dinkimus Prime"
        }
    },
    "game": {
        "current": {
            "name": null,
            "url": null,
            "type": null
        },
        "previous": {}
    },
    "discriminator": {
        "current": "7744",
        "previous": {}
    },
    "name": {
        "current": "Lechaim",
        "previous": {}
    },
    "id": "156862097043619840",
    "bans": {
        "current": "not banned",
        "previous": {}
    },
    "bot": false,
    "joined_at": {
        "current": "08-05-2016_00-42-07-338000",
        "previous": {}
    },
    "status": {
        "current": "online",
        "previous": {
            "09-02-2019_19-14-04-134526": "idle",
            "31-01-2019_19-29-23-149190": "idle",
            "10-02-2019_10-58-00-564986": "offline",
            "07-02-2019_22-30-45-401502": "online",
            "08-02-2019_19-38-42-445767": "offline",
            "31-01-2019_23-15-25-764869": "online",
            "08-02-2019_19-09-26-882805": "online",
            "30-01-2019_23-45-18-912162": "online",
            "30-01-2019_22-01-10-201736": "offline"
        }
    },
    "voice": {
        "current": {
            "self_mute": false,
            "self_deaf": false,
            "server_deaf": false,
            "is_afk": false,
            "server_mute": false,
            "channel": {
                "name": "simply-yeet",
                "private": false,
                "id": "523902470724911105"
            }
        },
        "previous": {
            "10-02-2019_10-58-00-564986": {
                "self_mute": false,
                "self_deaf": false,
                "server_deaf": false,
                "is_afk": false,
                "server_mute": false,
                "channel": {
                    "name": null,
                    "private": null,
                    "id": null
                }
            },
            "07-02-2019_22-30-45-401502": {
                "self_mute": false,
                "self_deaf": false,
                "server_mute": false,
                "is_afk": false,
                "server_deaf": false,
                "channel": {
                    "name": "simply-yeet",
                    "private": false,
                    "id": "523902470724911105"
                }
            },
            "31-01-2019_23-15-25-764869": {
                "self_mute": false,
                "self_deaf": false,
                "server_mute": false,
                "is_afk": false,
                "server_deaf": false,
                "channel": {
                    "name": "General",
                    "private": false,
                    "id": "403283673647939595"
                }
            },
            "09-02-2019_19-14-04-134526": {
                "self_mute": false,
                "self_deaf": false,
                "server_mute": false,
                "is_afk": false,
                "server_deaf": false,
                "channel": {
                    "name": "High Staff",
                    "private": false,
                    "id": "410813824162201620"
                }
            },
            "08-02-2019_19-38-42-445767": {
                "self_mute": false,
                "self_deaf": false,
                "server_mute": false,
                "is_afk": false,
                "server_deaf": false,
                "channel": {
                    "name": null,
                    "private": null,
                    "id": null
                }
            }
        }
    }
}