{
    "activity": {
        "2019": {
            "1": {
                "10": {
                    "2": {
                        "523913649182605330": 5
                    }
                },
                "18": {
                    "1": {
                        "532712820454719492": 1
                    },
                    "23": {
                        "532712820454719492": 1
                    },
                    "20": {
                        "535533512892219392": 1
                    }
                },
                "13": {
                    "1": {
                        "523913649182605330": 4
                    }
                }
            }
        }
    },
    "roles": {
        "current": {
            "403266285313589250": {
                "name": "Abandoned Ones",
                "position": 12,
                "colour": 16777215,
                "created_at": "17-01-2018_19-16-14-744000",
                "permissions": 0
            },
            "523917597138354193": {
                "name": "Yeeters",
                "position": 3,
                "colour": 16714995,
                "created_at": "16-12-2018_17-41-29-076000",
                "permissions": 0
            },
            "406512653796900867": {
                "name": "Yggdrasil",
                "position": 8,
                "colour": 0,
                "created_at": "26-01-2018_18-16-09-305000",
                "permissions": 3532864
            },
            "403239438802485259": {
                "name": "Bots",
                "position": 9,
                "colour": 13079310,
                "created_at": "17-01-2018_17-29-34-037000",
                "permissions": 0
            },
            "178667818152230912": {
                "name": "@everyone",
                "position": 0,
                "colour": 0,
                "created_at": "08-05-2016_00-42-07-335000",
                "permissions": 0
            }
        },
        "previous": {
            "07-12-2018_09-02-35-892853": {
                "403266285313589250": {
                    "permissions": 0,
                    "position": 12,
                    "name": "Abandoned Ones",
                    "colour": 16777215,
                    "created_at": "17-01-2018_19-16-14-744000"
                },
                "406512653796900867": {
                    "permissions": 3532864,
                    "position": 7,
                    "name": "Yggdrasil",
                    "colour": 0,
                    "created_at": "26-01-2018_18-16-09-305000"
                },
                "403239438802485259": {
                    "permissions": 7168,
                    "position": 10,
                    "name": "Bots",
                    "colour": 7506394,
                    "created_at": "17-01-2018_17-29-34-037000"
                },
                "178667818152230912": {
                    "permissions": 0,
                    "position": 0,
                    "name": "@everyone",
                    "colour": 0,
                    "created_at": "08-05-2016_00-42-07-335000"
                }
            },
            "09-02-2019_19-14-04-134526": {
                "403266285313589250": {
                    "permissions": 0,
                    "position": 11,
                    "name": "Abandoned Ones",
                    "colour": 16777215,
                    "created_at": "17-01-2018_19-16-14-744000"
                },
                "523917597138354193": {
                    "permissions": 0,
                    "position": 2,
                    "name": "Yeeters",
                    "colour": 16714995,
                    "created_at": "16-12-2018_17-41-29-076000"
                },
                "406512653796900867": {
                    "permissions": 3532864,
                    "position": 7,
                    "name": "Yggdrasil",
                    "colour": 0,
                    "created_at": "26-01-2018_18-16-09-305000"
                },
                "403239438802485259": {
                    "permissions": 0,
                    "position": 8,
                    "name": "Bots",
                    "colour": 13079310,
                    "created_at": "17-01-2018_17-29-34-037000"
                },
                "178667818152230912": {
                    "permissions": 0,
                    "position": 0,
                    "name": "@everyone",
                    "colour": 0,
                    "created_at": "08-05-2016_00-42-07-335000"
                }
            },
            "16-12-2018_21-52-39-901037": {
                "403266285313589250": {
                    "permissions": 0,
                    "position": 11,
                    "name": "Abandoned Ones",
                    "colour": 16777215,
                    "created_at": "17-01-2018_19-16-14-744000"
                },
                "406512653796900867": {
                    "permissions": 3532864,
                    "position": 7,
                    "name": "Yggdrasil",
                    "colour": 0,
                    "created_at": "26-01-2018_18-16-09-305000"
                },
                "403239438802485259": {
                    "permissions": 7168,
                    "position": 12,
                    "name": "Bots",
                    "colour": 7506394,
                    "created_at": "17-01-2018_17-29-34-037000"
                },
                "178667818152230912": {
                    "permissions": 0,
                    "position": 0,
                    "name": "@everyone",
                    "colour": 0,
                    "created_at": "08-05-2016_00-42-07-335000"
                }
            },
            "10-01-2019_00-18-24-072293": {
                "403266285313589250": {
                    "permissions": 0,
                    "position": 8,
                    "name": "Abandoned Ones",
                    "colour": 16777215,
                    "created_at": "17-01-2018_19-16-14-744000"
                },
                "406512653796900867": {
                    "permissions": 3532864,
                    "position": 5,
                    "name": "Yggdrasil",
                    "colour": 0,
                    "created_at": "26-01-2018_18-16-09-305000"
                },
                "403239438802485259": {
                    "permissions": 7168,
                    "position": 9,
                    "name": "Bots",
                    "colour": 7506394,
                    "created_at": "17-01-2018_17-29-34-037000"
                },
                "178667818152230912": {
                    "permissions": 0,
                    "position": 0,
                    "name": "@everyone",
                    "colour": 0,
                    "created_at": "08-05-2016_00-42-07-335000"
                }
            },
            "25-01-2019_18-03-01-080213": {
                "403266285313589250": {
                    "permissions": 0,
                    "position": 12,
                    "name": "Abandoned Ones",
                    "colour": 16777215,
                    "created_at": "17-01-2018_19-16-14-744000"
                },
                "523917597138354193": {
                    "permissions": 0,
                    "position": 2,
                    "name": "Yeeters",
                    "colour": 16714995,
                    "created_at": "16-12-2018_17-41-29-076000"
                },
                "406512653796900867": {
                    "permissions": 3532864,
                    "position": 7,
                    "name": "Yggdrasil",
                    "colour": 0,
                    "created_at": "26-01-2018_18-16-09-305000"
                },
                "403239438802485259": {
                    "permissions": 0,
                    "position": 9,
                    "name": "Bots",
                    "colour": 13079310,
                    "created_at": "17-01-2018_17-29-34-037000"
                },
                "178667818152230912": {
                    "permissions": 0,
                    "position": 0,
                    "name": "@everyone",
                    "colour": 0,
                    "created_at": "08-05-2016_00-42-07-335000"
                }
            },
            "17-01-2019_17-37-42-106001": {
                "403266285313589250": {
                    "permissions": 0,
                    "position": 9,
                    "name": "Abandoned Ones",
                    "colour": 16777215,
                    "created_at": "17-01-2018_19-16-14-744000"
                },
                "523917597138354193": {
                    "permissions": 0,
                    "position": 3,
                    "name": "Yeeters",
                    "colour": 16714995,
                    "created_at": "16-12-2018_17-41-29-076000"
                },
                "406512653796900867": {
                    "permissions": 3532864,
                    "position": 6,
                    "name": "Yggdrasil",
                    "colour": 0,
                    "created_at": "26-01-2018_18-16-09-305000"
                },
                "403239438802485259": {
                    "permissions": 0,
                    "position": 10,
                    "name": "Bots",
                    "colour": 13079310,
                    "created_at": "17-01-2018_17-29-34-037000"
                },
                "178667818152230912": {
                    "permissions": 0,
                    "position": 0,
                    "name": "@everyone",
                    "colour": 0,
                    "created_at": "08-05-2016_00-42-07-335000"
                }
            },
            "06-12-2018_01-05-49-556858": {
                "406512653796900867": {
                    "permissions": 3532864,
                    "position": 8,
                    "name": "Yggdrasil",
                    "colour": 0,
                    "created_at": "26-01-2018_18-16-09-305000"
                },
                "403239438802485259": {
                    "permissions": 7168,
                    "position": 11,
                    "name": "Bots",
                    "colour": 7506394,
                    "created_at": "17-01-2018_17-29-34-037000"
                },
                "178667818152230912": {
                    "permissions": 0,
                    "position": 0,
                    "name": "@everyone",
                    "colour": 0,
                    "created_at": "08-05-2016_00-42-07-335000"
                }
            },
            "25-01-2019_00-26-23-076062": {
                "403266285313589250": {
                    "permissions": 0,
                    "position": 10,
                    "name": "Abandoned Ones",
                    "colour": 16777215,
                    "created_at": "17-01-2018_19-16-14-744000"
                },
                "523917597138354193": {
                    "permissions": 0,
                    "position": 2,
                    "name": "Yeeters",
                    "colour": 16714995,
                    "created_at": "16-12-2018_17-41-29-076000"
                },
                "406512653796900867": {
                    "permissions": 3532864,
                    "position": 7,
                    "name": "Yggdrasil",
                    "colour": 0,
                    "created_at": "26-01-2018_18-16-09-305000"
                },
                "403239438802485259": {
                    "permissions": 0,
                    "position": 11,
                    "name": "Bots",
                    "colour": 13079310,
                    "created_at": "17-01-2018_17-29-34-037000"
                },
                "178667818152230912": {
                    "permissions": 0,
                    "position": 0,
                    "name": "@everyone",
                    "colour": 0,
                    "created_at": "08-05-2016_00-42-07-335000"
                }
            }
        }
    },
    "cookies": {
        "measured_epochs": 12,
        "give": {
            "total_cookies": 0,
            "average": 0.0
        },
        "cookie_transfer_quota": 0,
        "cookie_interest": 0,
        "active_epochs": 0,
        "cookies_in_jar": 0,
        "active_this_epoch": false,
        "get": {
            "total_cookies": 0,
            "average": 0.0
        },
        "total_cookies": 0,
        "current_cookies": 0
    },
    "colour": {
        "current": 16777215,
        "previous": {
            "07-12-2018_19-07-03-633575": 16777215,
            "07-12-2018_09-02-35-892853": 7506394,
            "25-01-2019_00-26-23-076062": 13079310,
            "10-01-2019_00-18-24-072293": 7506394
        }
    },
    "created_at": "13-11-2016_08-56-09-843000",
    "display_name": {
        "current": "Yggdrasil",
        "previous": {}
    },
    "game": {
        "current": {
            "name": "Type --help",
            "url": null,
            "type": 0
        },
        "previous": {
            "23-01-2019_23-06-46-438605": {
                "name": "loading...",
                "url": null,
                "type": 0
            },
            "07-12-2018_07-42-43-243407": {
                "name": "Type --help",
                "url": null,
                "type": 0
            },
            "18-01-2019_15-04-28-265172": {
                "name": "loading...",
                "url": null,
                "type": 0
            },
            "07-12-2018_19-07-03-633575": {
                "name": null,
                "url": null,
                "type": null
            },
            "31-01-2019_23-15-25-764869": {
                "name": null,
                "url": null,
                "type": null
            },
            "08-12-2018_15-44-11-058097": {
                "name": null,
                "url": null,
                "type": null
            },
            "30-01-2019_23-45-18-912162": {
                "name": null,
                "url": null,
                "type": null
            },
            "30-01-2019_22-01-10-201736": {
                "name": null,
                "url": null,
                "type": null
            }
        }
    },
    "discriminator": {
        "current": "4195",
        "previous": {}
    },
    "name": {
        "current": "Yggdrasil",
        "previous": {}
    },
    "id": "247283454440374274",
    "bans": {
        "current": "not banned",
        "previous": {}
    },
    "bot": true,
    "joined_at": {
        "current": "26-01-2018_18-16-09-296455",
        "previous": {}
    },
    "status": {
        "current": "online",
        "previous": {
            "23-01-2019_23-06-46-438605": "dnd",
            "07-12-2018_19-07-03-633575": "offline",
            "18-01-2019_15-04-28-265172": "dnd",
            "31-01-2019_23-15-25-764869": "offline",
            "08-12-2018_15-44-11-058097": "offline",
            "30-01-2019_23-45-18-912162": "offline",
            "30-01-2019_22-01-10-201736": "offline"
        }
    },
    "voice": {
        "current": {
            "self_mute": false,
            "self_deaf": false,
            "server_deaf": false,
            "is_afk": false,
            "server_mute": false,
            "channel": {
                "name": null,
                "private": null,
                "id": null
            }
        },
        "previous": {
            "18-01-2019_22-56-50-509179": {
                "self_mute": false,
                "self_deaf": false,
                "server_deaf": false,
                "is_afk": false,
                "server_mute": false,
                "channel": {
                    "name": "simply-yeet",
                    "private": false,
                    "id": "523902470724911105"
                }
            },
            "18-01-2019_15-04-28-265172": {
                "self_mute": false,
                "self_deaf": false,
                "server_deaf": false,
                "is_afk": false,
                "server_mute": false,
                "channel": {
                    "name": "Kinky Kat Chat",
                    "private": false,
                    "id": "535533609617195018"
                }
            },
            "10-01-2019_00-18-24-072293": {
                "self_mute": false,
                "self_deaf": false,
                "server_deaf": false,
                "is_afk": false,
                "server_mute": false,
                "channel": {
                    "name": "simply-yeet",
                    "private": false,
                    "id": "523902470724911105"
                }
            },
            "17-01-2019_17-37-42-106001": {
                "self_mute": false,
                "self_deaf": false,
                "server_deaf": false,
                "is_afk": false,
                "server_mute": false,
                "channel": {
                    "name": "simply-yeet",
                    "private": false,
                    "id": "523902470724911105"
                }
            },
            "11-01-2019_23-54-44-166805": {
                "self_mute": false,
                "self_deaf": false,
                "server_deaf": false,
                "is_afk": false,
                "server_mute": false,
                "channel": {
                    "name": "simply-yeet",
                    "private": false,
                    "id": "523902470724911105"
                }
            },
            "10-01-2019_03-36-57-747790": {
                "self_mute": false,
                "self_deaf": false,
                "server_deaf": false,
                "is_afk": false,
                "server_mute": false,
                "channel": {
                    "name": "simply-yeet",
                    "private": false,
                    "id": "523902470724911105"
                }
            }
        }
    }
}