{
    "activity": {},
    "roles": {
        "current": {
            "403266285313589250": {
                "name": "Abandoned Ones",
                "position": 12,
                "colour": 16777215,
                "created_at": "17-01-2018_19-16-14-744000",
                "permissions": 0
            },
            "403272352223461387": {
                "name": "Members",
                "position": 11,
                "colour": 0,
                "created_at": "17-01-2018_19-40-21-208000",
                "permissions": 104187968
            },
            "178667818152230912": {
                "name": "@everyone",
                "position": 0,
                "colour": 0,
                "created_at": "08-05-2016_00-42-07-335000",
                "permissions": 0
            }
        },
        "previous": {
            "07-12-2018_09-02-35-892853": {
                "403266285313589250": {
                    "permissions": 0,
                    "position": 12,
                    "name": "Abandoned Ones",
                    "colour": 16777215,
                    "created_at": "17-01-2018_19-16-14-744000"
                },
                "430760351248809986": {
                    "permissions": 0,
                    "position": 9,
                    "name": "Current Iteration",
                    "colour": 0,
                    "created_at": "03-04-2018_16-07-50-878000"
                },
                "403272352223461387": {
                    "permissions": 104187968,
                    "position": 11,
                    "name": "Members",
                    "colour": 0,
                    "created_at": "17-01-2018_19-40-21-208000"
                },
                "178667818152230912": {
                    "permissions": 0,
                    "position": 0,
                    "name": "@everyone",
                    "colour": 0,
                    "created_at": "08-05-2016_00-42-07-335000"
                }
            },
            "09-02-2019_19-14-04-134526": {
                "403266285313589250": {
                    "permissions": 0,
                    "position": 11,
                    "name": "Abandoned Ones",
                    "colour": 16777215,
                    "created_at": "17-01-2018_19-16-14-744000"
                },
                "403272352223461387": {
                    "permissions": 104187968,
                    "position": 10,
                    "name": "Members",
                    "colour": 0,
                    "created_at": "17-01-2018_19-40-21-208000"
                },
                "178667818152230912": {
                    "permissions": 0,
                    "position": 0,
                    "name": "@everyone",
                    "colour": 0,
                    "created_at": "08-05-2016_00-42-07-335000"
                }
            },
            "16-12-2018_21-52-39-901037": {
                "403266285313589250": {
                    "permissions": 0,
                    "position": 11,
                    "name": "Abandoned Ones",
                    "colour": 16777215,
                    "created_at": "17-01-2018_19-16-14-744000"
                },
                "430760351248809986": {
                    "permissions": 0,
                    "position": 9,
                    "name": "Current Iteration",
                    "colour": 0,
                    "created_at": "03-04-2018_16-07-50-878000"
                },
                "403272352223461387": {
                    "permissions": 104187968,
                    "position": 10,
                    "name": "Members",
                    "colour": 0,
                    "created_at": "17-01-2018_19-40-21-208000"
                },
                "178667818152230912": {
                    "permissions": 0,
                    "position": 0,
                    "name": "@everyone",
                    "colour": 0,
                    "created_at": "08-05-2016_00-42-07-335000"
                }
            },
            "10-01-2019_00-18-24-072293": {
                "403266285313589250": {
                    "permissions": 0,
                    "position": 8,
                    "name": "Abandoned Ones",
                    "colour": 16777215,
                    "created_at": "17-01-2018_19-16-14-744000"
                },
                "430760351248809986": {
                    "permissions": 0,
                    "position": 6,
                    "name": "Current Iteration",
                    "colour": 0,
                    "created_at": "03-04-2018_16-07-50-878000"
                },
                "403272352223461387": {
                    "permissions": 104187968,
                    "position": 7,
                    "name": "Members",
                    "colour": 0,
                    "created_at": "17-01-2018_19-40-21-208000"
                },
                "178667818152230912": {
                    "permissions": 0,
                    "position": 0,
                    "name": "@everyone",
                    "colour": 0,
                    "created_at": "08-05-2016_00-42-07-335000"
                }
            },
            "25-01-2019_18-03-01-080213": {
                "403266285313589250": {
                    "permissions": 0,
                    "position": 12,
                    "name": "Abandoned Ones",
                    "colour": 16777215,
                    "created_at": "17-01-2018_19-16-14-744000"
                },
                "403272352223461387": {
                    "permissions": 104187968,
                    "position": 11,
                    "name": "Members",
                    "colour": 0,
                    "created_at": "17-01-2018_19-40-21-208000"
                },
                "178667818152230912": {
                    "permissions": 0,
                    "position": 0,
                    "name": "@everyone",
                    "colour": 0,
                    "created_at": "08-05-2016_00-42-07-335000"
                }
            },
            "17-01-2019_17-37-42-106001": {
                "403266285313589250": {
                    "permissions": 0,
                    "position": 9,
                    "name": "Abandoned Ones",
                    "colour": 16777215,
                    "created_at": "17-01-2018_19-16-14-744000"
                },
                "430760351248809986": {
                    "permissions": 0,
                    "position": 7,
                    "name": "Current Iteration",
                    "colour": 0,
                    "created_at": "03-04-2018_16-07-50-878000"
                },
                "403272352223461387": {
                    "permissions": 104187968,
                    "position": 8,
                    "name": "Members",
                    "colour": 0,
                    "created_at": "17-01-2018_19-40-21-208000"
                },
                "178667818152230912": {
                    "permissions": 0,
                    "position": 0,
                    "name": "@everyone",
                    "colour": 0,
                    "created_at": "08-05-2016_00-42-07-335000"
                }
            },
            "06-12-2018_01-05-49-556858": {
                "403266285313589250": {
                    "permissions": 0,
                    "position": 13,
                    "name": "Abandoned Ones",
                    "colour": 16777215,
                    "created_at": "17-01-2018_19-16-14-744000"
                },
                "430760351248809986": {
                    "permissions": 0,
                    "position": 10,
                    "name": "Current Iteration",
                    "colour": 0,
                    "created_at": "03-04-2018_16-07-50-878000"
                },
                "403272352223461387": {
                    "permissions": 104187968,
                    "position": 12,
                    "name": "Members",
                    "colour": 0,
                    "created_at": "17-01-2018_19-40-21-208000"
                },
                "178667818152230912": {
                    "permissions": 0,
                    "position": 0,
                    "name": "@everyone",
                    "colour": 0,
                    "created_at": "08-05-2016_00-42-07-335000"
                }
            },
            "25-01-2019_00-26-23-076062": {
                "403266285313589250": {
                    "permissions": 0,
                    "position": 10,
                    "name": "Abandoned Ones",
                    "colour": 16777215,
                    "created_at": "17-01-2018_19-16-14-744000"
                },
                "430760351248809986": {
                    "permissions": 0,
                    "position": 8,
                    "name": "Current Iteration",
                    "colour": 0,
                    "created_at": "03-04-2018_16-07-50-878000"
                },
                "403272352223461387": {
                    "permissions": 104187968,
                    "position": 9,
                    "name": "Members",
                    "colour": 0,
                    "created_at": "17-01-2018_19-40-21-208000"
                },
                "178667818152230912": {
                    "permissions": 0,
                    "position": 0,
                    "name": "@everyone",
                    "colour": 0,
                    "created_at": "08-05-2016_00-42-07-335000"
                }
            }
        }
    },
    "cookies": {
        "measured_epochs": 5,
        "give": {
            "total_cookies": 0,
            "average": 0.0
        },
        "cookie_transfer_quota": 0,
        "cookie_interest": 0,
        "active_epochs": 0,
        "cookies_in_jar": 0,
        "active_this_epoch": false,
        "get": {
            "total_cookies": 0,
            "average": 0.0
        },
        "total_cookies": 0,
        "current_cookies": 0
    },
    "colour": {
        "current": 16777215,
        "previous": {}
    },
    "created_at": "06-05-2017_13-54-48-966000",
    "display_name": {
        "current": "Skinny",
        "previous": {}
    },
    "game": {
        "current": {
            "name": null,
            "url": null,
            "type": null
        },
        "previous": {
            "07-02-2019_22-30-45-401502": {
                "name": "Spotify",
                "url": null,
                "type": 2
            },
            "31-01-2019_23-15-25-764869": {
                "name": "Spotify",
                "url": null,
                "type": 2
            }
        }
    },
    "discriminator": {
        "current": "8445",
        "previous": {
            "31-01-2019_23-15-25-764869": "6969",
            "10-01-2019_00-18-24-072293": "8564"
        }
    },
    "name": {
        "current": "ken",
        "previous": {
            "19-01-2019_23-47-11-591556": "kenenenenenenene",
            "10-12-2018_16-02-31-496869": "blot out the sun.",
            "06-12-2018_01-05-49-556858": "ruin.",
            "08-12-2018_15-44-11-058097": "fading.",
            "10-01-2019_00-18-24-072293": "Ken\ud83d\udc7d"
        }
    },
    "id": "310414101304049675",
    "bans": {
        "current": "not banned",
        "previous": {}
    },
    "bot": false,
    "joined_at": {
        "current": "17-01-2018_00-41-11-300000",
        "previous": {}
    },
    "status": {
        "current": "offline",
        "previous": {
            "18-01-2019_22-56-50-509179": "offline",
            "11-12-2018_09-13-26-392726": "online",
            "10-01-2019_03-33-44-007928": "online",
            "26-01-2019_04-12-07-077616": "online",
            "17-12-2018_08-19-13-303562": "dnd",
            "10-01-2019_00-18-24-072293": "offline",
            "13-01-2019_18-58-47-852165": "online",
            "31-01-2019_23-15-25-764869": "dnd",
            "06-12-2018_13-18-30-157611": "online",
            "30-01-2019_14-51-49-215528": "online",
            "19-01-2019_23-47-11-591556": "online",
            "18-01-2019_23-28-09-275982": "online",
            "10-12-2018_16-02-31-496869": "online",
            "16-01-2019_15-03-07-147943": "online",
            "17-01-2019_17-37-42-106001": "online",
            "13-01-2019_23-58-57-488890": "online",
            "06-12-2018_14-01-40-919859": "offline",
            "07-02-2019_22-30-45-401502": "dnd",
            "06-12-2018_14-35-48-128249": "offline",
            "08-12-2018_15-44-11-058097": "online",
            "19-01-2019_13-47-02-065430": "online",
            "06-12-2018_14-32-19-309128": "online",
            "11-01-2019_22-45-11-058689": "online",
            "05-12-2018_23-34-35-600797": "online",
            "25-01-2019_18-03-01-080213": "online",
            "11-01-2019_23-54-44-166805": "online",
            "30-01-2019_22-01-10-201736": "online",
            "06-12-2018_14-37-28-467255": "online",
            "27-01-2019_00-03-40-224296": "online",
            "06-12-2018_14-27-10-018861": "offline",
            "09-12-2018_10-12-40-202519": "online",
            "06-12-2018_14-12-20-455951": "online",
            "23-01-2019_21-15-24-922386": "online",
            "06-12-2018_01-05-49-556858": "online",
            "16-01-2019_22-00-47-241502": "online",
            "08-02-2019_19-38-42-445767": "offline",
            "23-01-2019_23-06-46-438605": "online",
            "25-01-2019_15-28-36-671537": "online",
            "07-12-2018_09-02-35-892853": "online",
            "15-01-2019_20-05-24-063373": "online",
            "10-01-2019_03-36-57-747790": "online",
            "06-12-2018_14-15-48-721797": "offline",
            "12-12-2018_11-49-23-541900": "online",
            "25-01-2019_00-26-23-076062": "offline",
            "12-01-2019_01-16-58-662867": "online",
            "06-12-2018_14-16-46-253527": "online",
            "31-01-2019_15-07-05-822989": "online",
            "06-12-2018_14-07-33-191131": "online",
            "29-01-2019_23-34-56-773453": "online",
            "09-02-2019_19-14-04-134526": "dnd",
            "06-12-2018_19-01-41-672098": "online",
            "10-02-2019_10-58-00-564986": "online",
            "06-12-2018_15-16-54-897558": "online",
            "26-01-2019_15-44-45-130911": "online",
            "30-01-2019_23-45-18-912162": "online",
            "06-12-2018_14-10-10-501058": "offline"
        }
    },
    "voice": {
        "current": {
            "self_mute": false,
            "self_deaf": false,
            "server_deaf": false,
            "is_afk": false,
            "server_mute": false,
            "channel": {
                "name": null,
                "private": null,
                "id": null
            }
        },
        "previous": {}
    }
}