{
    "activity": {
        "2019": {
            "1": {
                "10": {
                    "19": {
                        "523913649182605330": 1
                    },
                    "21": {
                        "523913649182605330": 1
                    },
                    "0": {
                        "403084854243098634": 2,
                        "523913649182605330": 9
                    },
                    "3": {
                        "523913649182605330": 6
                    },
                    "2": {
                        "523913649182605330": 5
                    }
                },
                "14": {
                    "22": {
                        "523913649182605330": 2
                    },
                    "21": {
                        "523913649182605330": 9
                    },
                    "0": {
                        "523913649182605330": 9
                    },
                    "20": {
                        "523913649182605330": 1
                    }
                },
                "13": {
                    "1": {
                        "523913649182605330": 10
                    },
                    "23": {
                        "523913649182605330": 1,
                        "403084655550791682": 3
                    }
                },
                "18": {
                    "1": {
                        "523913649182605330": 1
                    },
                    "21": {
                        "535533512892219392": 3,
                        "523913649182605330": 2
                    },
                    "20": {
                        "535533512892219392": 4
                    },
                    "0": {
                        "523913649182605330": 1
                    }
                },
                "17": {
                    "23": {
                        "535533512892219392": 2
                    },
                    "21": {
                        "535533512892219392": 1,
                        "523913649182605330": 1
                    }
                }
            },
            "2": {
                "9": {
                    "18": {
                        "523913649182605330": 2
                    }
                }
            }
        }
    },
    "roles": {
        "current": {
            "403266269220175892": {
                "name": "Mythical Ones",
                "position": 15,
                "colour": 1033914,
                "created_at": "17-01-2018_19-16-10-907000",
                "permissions": 262208
            },
            "535533082678394880": {
                "name": "Kinksters",
                "position": 2,
                "colour": 15277667,
                "created_at": "17-01-2019_18-57-16-634000",
                "permissions": 0
            },
            "523917597138354193": {
                "name": "Yeeters",
                "position": 3,
                "colour": 16714995,
                "created_at": "16-12-2018_17-41-29-076000",
                "permissions": 0
            },
            "403272352223461387": {
                "name": "Members",
                "position": 11,
                "colour": 0,
                "created_at": "17-01-2018_19-40-21-208000",
                "permissions": 104187968
            },
            "178667818152230912": {
                "name": "@everyone",
                "position": 0,
                "colour": 0,
                "created_at": "08-05-2016_00-42-07-335000",
                "permissions": 0
            }
        },
        "previous": {
            "25-01-2019_18-03-01-080213": {
                "403266269220175892": {
                    "permissions": 262208,
                    "position": 15,
                    "name": "Mythical Ones",
                    "colour": 1033914,
                    "created_at": "17-01-2018_19-16-10-907000"
                },
                "535533082678394880": {
                    "permissions": 0,
                    "position": 1,
                    "name": "Kinksters",
                    "colour": 15277667,
                    "created_at": "17-01-2019_18-57-16-634000"
                },
                "523917597138354193": {
                    "permissions": 0,
                    "position": 2,
                    "name": "Yeeters",
                    "colour": 16714995,
                    "created_at": "16-12-2018_17-41-29-076000"
                },
                "403272352223461387": {
                    "permissions": 104187968,
                    "position": 11,
                    "name": "Members",
                    "colour": 0,
                    "created_at": "17-01-2018_19-40-21-208000"
                },
                "178667818152230912": {
                    "permissions": 0,
                    "position": 0,
                    "name": "@everyone",
                    "colour": 0,
                    "created_at": "08-05-2016_00-42-07-335000"
                }
            },
            "09-02-2019_19-14-04-134526": {
                "403266269220175892": {
                    "permissions": 262208,
                    "position": 14,
                    "name": "Mythical Ones",
                    "colour": 1033914,
                    "created_at": "17-01-2018_19-16-10-907000"
                },
                "535533082678394880": {
                    "permissions": 0,
                    "position": 1,
                    "name": "Kinksters",
                    "colour": 15277667,
                    "created_at": "17-01-2019_18-57-16-634000"
                },
                "523917597138354193": {
                    "permissions": 0,
                    "position": 2,
                    "name": "Yeeters",
                    "colour": 16714995,
                    "created_at": "16-12-2018_17-41-29-076000"
                },
                "403272352223461387": {
                    "permissions": 104187968,
                    "position": 10,
                    "name": "Members",
                    "colour": 0,
                    "created_at": "17-01-2018_19-40-21-208000"
                },
                "178667818152230912": {
                    "permissions": 0,
                    "position": 0,
                    "name": "@everyone",
                    "colour": 0,
                    "created_at": "08-05-2016_00-42-07-335000"
                }
            },
            "12-01-2019_01-16-58-662867": {
                "403266269220175892": {
                    "permissions": 262208,
                    "position": 14,
                    "name": "Mythical Ones",
                    "colour": 1033914,
                    "created_at": "17-01-2018_19-16-10-907000"
                },
                "403266285313589250": {
                    "permissions": 0,
                    "position": 9,
                    "name": "Abandoned Ones",
                    "colour": 16777215,
                    "created_at": "17-01-2018_19-16-14-744000"
                },
                "523917597138354193": {
                    "permissions": 0,
                    "position": 3,
                    "name": "Yeeters",
                    "colour": 16714995,
                    "created_at": "16-12-2018_17-41-29-076000"
                },
                "403272352223461387": {
                    "permissions": 104187968,
                    "position": 8,
                    "name": "Members",
                    "colour": 0,
                    "created_at": "17-01-2018_19-40-21-208000"
                },
                "178667818152230912": {
                    "permissions": 0,
                    "position": 0,
                    "name": "@everyone",
                    "colour": 0,
                    "created_at": "08-05-2016_00-42-07-335000"
                }
            },
            "25-01-2019_00-26-23-076062": {
                "403266269220175892": {
                    "permissions": 262208,
                    "position": 15,
                    "name": "Mythical Ones",
                    "colour": 1033914,
                    "created_at": "17-01-2018_19-16-10-907000"
                },
                "535533082678394880": {
                    "permissions": 0,
                    "position": 1,
                    "name": "Kinksters",
                    "colour": 15277667,
                    "created_at": "17-01-2019_18-57-16-634000"
                },
                "523917597138354193": {
                    "permissions": 0,
                    "position": 2,
                    "name": "Yeeters",
                    "colour": 16714995,
                    "created_at": "16-12-2018_17-41-29-076000"
                },
                "403272352223461387": {
                    "permissions": 104187968,
                    "position": 9,
                    "name": "Members",
                    "colour": 0,
                    "created_at": "17-01-2018_19-40-21-208000"
                },
                "178667818152230912": {
                    "permissions": 0,
                    "position": 0,
                    "name": "@everyone",
                    "colour": 0,
                    "created_at": "08-05-2016_00-42-07-335000"
                }
            },
            "17-01-2019_17-37-42-106001": {
                "403266269220175892": {
                    "permissions": 262208,
                    "position": 15,
                    "name": "Mythical Ones",
                    "colour": 1033914,
                    "created_at": "17-01-2018_19-16-10-907000"
                },
                "523917597138354193": {
                    "permissions": 0,
                    "position": 2,
                    "name": "Yeeters",
                    "colour": 16714995,
                    "created_at": "16-12-2018_17-41-29-076000"
                },
                "403272352223461387": {
                    "permissions": 104187968,
                    "position": 9,
                    "name": "Members",
                    "colour": 0,
                    "created_at": "17-01-2018_19-40-21-208000"
                },
                "178667818152230912": {
                    "permissions": 0,
                    "position": 0,
                    "name": "@everyone",
                    "colour": 0,
                    "created_at": "08-05-2016_00-42-07-335000"
                }
            }
        }
    },
    "cookies": {
        "measured_epochs": 4,
        "give": {
            "total_cookies": 0,
            "average": 0.0
        },
        "cookie_transfer_quota": 0,
        "cookie_interest": 0,
        "active_epochs": 1,
        "cookies_in_jar": 0,
        "active_this_epoch": false,
        "get": {
            "total_cookies": 2,
            "average": 0.5
        },
        "total_cookies": 2,
        "current_cookies": 2
    },
    "colour": {
        "current": 1033914,
        "previous": {
            "12-01-2019_01-16-58-662867": 16714995
        }
    },
    "created_at": "28-07-2017_21-33-58-007000",
    "display_name": {
        "current": "Kemboobies",
        "previous": {
            "10-01-2019_00-18-24-072293": "Bot abuser"
        }
    },
    "game": {
        "current": {
            "name": null,
            "url": null,
            "type": null
        },
        "previous": {}
    },
    "discriminator": {
        "current": "8223",
        "previous": {}
    },
    "name": {
        "current": "Kemphy",
        "previous": {}
    },
    "id": "340607843201712129",
    "bans": {
        "current": "not banned",
        "previous": {}
    },
    "bot": false,
    "joined_at": {
        "current": "09-01-2019_18-11-34-599932",
        "previous": {}
    },
    "status": {
        "current": "idle",
        "previous": {
            "27-01-2019_00-03-40-224296": "online",
            "26-01-2019_04-12-07-077616": "idle",
            "18-01-2019_15-04-28-265172": "idle",
            "13-01-2019_18-58-47-852165": "offline",
            "31-01-2019_23-15-25-764869": "online",
            "16-01-2019_22-00-47-241502": "offline",
            "08-02-2019_19-38-42-445767": "idle",
            "23-01-2019_23-06-46-438605": "online",
            "15-01-2019_20-05-24-063373": "online",
            "10-01-2019_03-36-57-747790": "online",
            "30-01-2019_14-51-49-215528": "online",
            "25-01-2019_00-26-23-076062": "online",
            "19-01-2019_23-47-11-591556": "online",
            "12-01-2019_01-16-58-662867": "online",
            "16-01-2019_15-03-07-147943": "idle",
            "17-01-2019_17-37-42-106001": "online",
            "13-01-2019_23-58-57-488890": "online",
            "10-02-2019_10-58-00-564986": "online",
            "07-02-2019_22-30-45-401502": "online",
            "19-01-2019_13-47-02-065430": "idle",
            "27-01-2019_13-19-36-209606": "online",
            "29-01-2019_23-34-56-773453": "online",
            "09-02-2019_19-14-04-134526": "online",
            "31-01-2019_19-29-23-149190": "online",
            "25-01-2019_18-03-01-080213": "idle",
            "26-01-2019_15-44-45-130911": "online",
            "30-01-2019_23-45-18-912162": "online",
            "30-01-2019_22-01-10-201736": "idle"
        }
    },
    "voice": {
        "current": {
            "self_mute": false,
            "self_deaf": false,
            "server_deaf": false,
            "is_afk": false,
            "server_mute": false,
            "channel": {
                "name": null,
                "private": null,
                "id": null
            }
        },
        "previous": {
            "18-01-2019_22-56-50-509179": {
                "self_mute": true,
                "self_deaf": false,
                "server_mute": false,
                "is_afk": false,
                "server_deaf": false,
                "channel": {
                    "name": "Kinky Kat Chat",
                    "private": false,
                    "id": "535533609617195018"
                }
            },
            "12-01-2019_01-16-58-662867": {
                "self_mute": false,
                "self_deaf": false,
                "server_mute": false,
                "is_afk": false,
                "server_deaf": false,
                "channel": {
                    "name": "simply-yeet",
                    "private": false,
                    "id": "523902470724911105"
                }
            },
            "18-01-2019_15-04-28-265172": {
                "self_mute": false,
                "self_deaf": false,
                "server_mute": false,
                "is_afk": false,
                "server_deaf": false,
                "channel": {
                    "name": "Kinky Kat Chat",
                    "private": false,
                    "id": "535533609617195018"
                }
            },
            "17-01-2019_17-37-42-106001": {
                "self_mute": false,
                "self_deaf": false,
                "server_mute": false,
                "is_afk": false,
                "server_deaf": false,
                "channel": {
                    "name": "simply-yeet",
                    "private": false,
                    "id": "523902470724911105"
                }
            },
            "13-01-2019_18-58-47-852165": {
                "self_mute": true,
                "self_deaf": false,
                "server_mute": false,
                "is_afk": false,
                "server_deaf": false,
                "channel": {
                    "name": "simply-yeet",
                    "private": false,
                    "id": "523902470724911105"
                }
            },
            "10-01-2019_00-18-24-072293": {
                "self_mute": true,
                "self_deaf": false,
                "server_mute": false,
                "is_afk": false,
                "server_deaf": false,
                "channel": {
                    "name": "simply-yeet",
                    "private": false,
                    "id": "523902470724911105"
                }
            },
            "09-02-2019_19-14-04-134526": {
                "self_mute": false,
                "self_deaf": false,
                "server_mute": false,
                "is_afk": false,
                "server_deaf": false,
                "channel": {
                    "name": "simply-yeet",
                    "private": false,
                    "id": "523902470724911105"
                }
            },
            "08-02-2019_19-38-42-445767": {
                "self_mute": false,
                "self_deaf": false,
                "server_mute": false,
                "is_afk": false,
                "server_deaf": false,
                "channel": {
                    "name": null,
                    "private": null,
                    "id": null
                }
            },
            "19-01-2019_23-47-11-591556": {
                "self_mute": false,
                "self_deaf": false,
                "server_mute": false,
                "is_afk": false,
                "server_deaf": false,
                "channel": {
                    "name": "Kinky Kat Chat",
                    "private": false,
                    "id": "535533609617195018"
                }
            },
            "19-01-2019_13-47-02-065430": {
                "self_mute": false,
                "self_deaf": false,
                "server_mute": false,
                "is_afk": false,
                "server_deaf": false,
                "channel": {
                    "name": null,
                    "private": null,
                    "id": null
                }
            },
            "11-01-2019_22-45-11-058689": {
                "self_mute": true,
                "self_deaf": false,
                "server_mute": false,
                "is_afk": false,
                "server_deaf": false,
                "channel": {
                    "name": null,
                    "private": null,
                    "id": null
                }
            },
            "10-01-2019_03-36-57-747790": {
                "self_mute": true,
                "self_deaf": false,
                "server_mute": false,
                "is_afk": false,
                "server_deaf": false,
                "channel": {
                    "name": "simply-yeet",
                    "private": false,
                    "id": "523902470724911105"
                }
            },
            "18-01-2019_23-28-09-275982": {
                "self_mute": false,
                "self_deaf": false,
                "server_mute": false,
                "is_afk": false,
                "server_deaf": false,
                "channel": {
                    "name": "simply-yeet",
                    "private": false,
                    "id": "523902470724911105"
                }
            },
            "13-01-2019_23-58-57-488890": {
                "self_mute": false,
                "self_deaf": false,
                "server_mute": false,
                "is_afk": false,
                "server_deaf": false,
                "channel": {
                    "name": "simply-yeet",
                    "private": false,
                    "id": "523902470724911105"
                }
            },
            "15-01-2019_20-05-24-063373": {
                "self_mute": false,
                "self_deaf": false,
                "server_mute": false,
                "is_afk": false,
                "server_deaf": false,
                "channel": {
                    "name": "simply-yeet",
                    "private": false,
                    "id": "523902470724911105"
                }
            }
        }
    }
}