{
    "activity": {},
    "roles": {
        "current": {
            "403266285313589250": {
                "name": "Abandoned Ones",
                "position": 12,
                "colour": 16777215,
                "created_at": "17-01-2018_19-16-14-744000",
                "permissions": 0
            },
            "403272352223461387": {
                "name": "Members",
                "position": 11,
                "colour": 0,
                "created_at": "17-01-2018_19-40-21-208000",
                "permissions": 104187968
            },
            "178667818152230912": {
                "name": "@everyone",
                "position": 0,
                "colour": 0,
                "created_at": "08-05-2016_00-42-07-335000",
                "permissions": 0
            }
        },
        "previous": {
            "07-12-2018_09-02-35-892853": {
                "403266285313589250": {
                    "permissions": 0,
                    "position": 12,
                    "name": "Abandoned Ones",
                    "colour": 16777215,
                    "created_at": "17-01-2018_19-16-14-744000"
                },
                "403272352223461387": {
                    "permissions": 104187968,
                    "position": 11,
                    "name": "Members",
                    "colour": 0,
                    "created_at": "17-01-2018_19-40-21-208000"
                },
                "178667818152230912": {
                    "permissions": 0,
                    "position": 0,
                    "name": "@everyone",
                    "colour": 0,
                    "created_at": "08-05-2016_00-42-07-335000"
                }
            },
            "09-02-2019_19-14-04-134526": {
                "403266285313589250": {
                    "permissions": 0,
                    "position": 11,
                    "name": "Abandoned Ones",
                    "colour": 16777215,
                    "created_at": "17-01-2018_19-16-14-744000"
                },
                "403272352223461387": {
                    "permissions": 104187968,
                    "position": 10,
                    "name": "Members",
                    "colour": 0,
                    "created_at": "17-01-2018_19-40-21-208000"
                },
                "178667818152230912": {
                    "permissions": 0,
                    "position": 0,
                    "name": "@everyone",
                    "colour": 0,
                    "created_at": "08-05-2016_00-42-07-335000"
                }
            },
            "16-12-2018_21-52-39-901037": {
                "403266285313589250": {
                    "permissions": 0,
                    "position": 11,
                    "name": "Abandoned Ones",
                    "colour": 16777215,
                    "created_at": "17-01-2018_19-16-14-744000"
                },
                "403272352223461387": {
                    "permissions": 104187968,
                    "position": 10,
                    "name": "Members",
                    "colour": 0,
                    "created_at": "17-01-2018_19-40-21-208000"
                },
                "178667818152230912": {
                    "permissions": 0,
                    "position": 0,
                    "name": "@everyone",
                    "colour": 0,
                    "created_at": "08-05-2016_00-42-07-335000"
                }
            },
            "10-01-2019_00-18-24-072293": {
                "403266285313589250": {
                    "permissions": 0,
                    "position": 8,
                    "name": "Abandoned Ones",
                    "colour": 16777215,
                    "created_at": "17-01-2018_19-16-14-744000"
                },
                "403272352223461387": {
                    "permissions": 104187968,
                    "position": 7,
                    "name": "Members",
                    "colour": 0,
                    "created_at": "17-01-2018_19-40-21-208000"
                },
                "178667818152230912": {
                    "permissions": 0,
                    "position": 0,
                    "name": "@everyone",
                    "colour": 0,
                    "created_at": "08-05-2016_00-42-07-335000"
                }
            },
            "25-01-2019_18-03-01-080213": {
                "403266285313589250": {
                    "permissions": 0,
                    "position": 12,
                    "name": "Abandoned Ones",
                    "colour": 16777215,
                    "created_at": "17-01-2018_19-16-14-744000"
                },
                "403272352223461387": {
                    "permissions": 104187968,
                    "position": 11,
                    "name": "Members",
                    "colour": 0,
                    "created_at": "17-01-2018_19-40-21-208000"
                },
                "178667818152230912": {
                    "permissions": 0,
                    "position": 0,
                    "name": "@everyone",
                    "colour": 0,
                    "created_at": "08-05-2016_00-42-07-335000"
                }
            },
            "17-01-2019_17-37-42-106001": {
                "403266285313589250": {
                    "permissions": 0,
                    "position": 9,
                    "name": "Abandoned Ones",
                    "colour": 16777215,
                    "created_at": "17-01-2018_19-16-14-744000"
                },
                "403272352223461387": {
                    "permissions": 104187968,
                    "position": 8,
                    "name": "Members",
                    "colour": 0,
                    "created_at": "17-01-2018_19-40-21-208000"
                },
                "178667818152230912": {
                    "permissions": 0,
                    "position": 0,
                    "name": "@everyone",
                    "colour": 0,
                    "created_at": "08-05-2016_00-42-07-335000"
                }
            },
            "06-12-2018_01-05-49-556858": {
                "403266285313589250": {
                    "permissions": 0,
                    "position": 13,
                    "name": "Abandoned Ones",
                    "colour": 16777215,
                    "created_at": "17-01-2018_19-16-14-744000"
                },
                "403272352223461387": {
                    "permissions": 104187968,
                    "position": 12,
                    "name": "Members",
                    "colour": 0,
                    "created_at": "17-01-2018_19-40-21-208000"
                },
                "178667818152230912": {
                    "permissions": 0,
                    "position": 0,
                    "name": "@everyone",
                    "colour": 0,
                    "created_at": "08-05-2016_00-42-07-335000"
                }
            },
            "25-01-2019_00-26-23-076062": {
                "403266285313589250": {
                    "permissions": 0,
                    "position": 10,
                    "name": "Abandoned Ones",
                    "colour": 16777215,
                    "created_at": "17-01-2018_19-16-14-744000"
                },
                "403272352223461387": {
                    "permissions": 104187968,
                    "position": 9,
                    "name": "Members",
                    "colour": 0,
                    "created_at": "17-01-2018_19-40-21-208000"
                },
                "178667818152230912": {
                    "permissions": 0,
                    "position": 0,
                    "name": "@everyone",
                    "colour": 0,
                    "created_at": "08-05-2016_00-42-07-335000"
                }
            }
        }
    },
    "cookies": {
        "measured_epochs": 12,
        "give": {
            "total_cookies": 0,
            "average": 0.0
        },
        "cookie_transfer_quota": 0,
        "cookie_interest": 0,
        "active_epochs": 0,
        "cookies_in_jar": 0,
        "active_this_epoch": false,
        "get": {
            "total_cookies": 0,
            "average": 0.0
        },
        "total_cookies": 0,
        "current_cookies": 0
    },
    "colour": {
        "current": 16777215,
        "previous": {}
    },
    "created_at": "18-08-2018_00-36-45-877000",
    "display_name": {
        "current": "muzerytheraven",
        "previous": {}
    },
    "game": {
        "current": {
            "name": null,
            "url": null,
            "type": null
        },
        "previous": {}
    },
    "discriminator": {
        "current": "6319",
        "previous": {}
    },
    "name": {
        "current": "muzerytheraven",
        "previous": {}
    },
    "id": "480173174038724618",
    "bans": {
        "current": "not banned",
        "previous": {}
    },
    "bot": false,
    "joined_at": {
        "current": "18-08-2018_00-41-38-989453",
        "previous": {}
    },
    "status": {
        "current": "offline",
        "previous": {}
    },
    "voice": {
        "current": {
            "self_mute": false,
            "self_deaf": false,
            "server_deaf": false,
            "is_afk": false,
            "server_mute": false,
            "channel": {
                "name": null,
                "private": null,
                "id": null
            }
        },
        "previous": {}
    }
}