{
    "activity": {
        "2019": {
            "2": {
                "3": {
                    "5": {
                        "535533512892219392": 1
                    }
                },
                "5": {
                    "4": {
                        "403084655550791682": 1
                    }
                }
            }
        }
    },
    "roles": {
        "current": {
            "403266285313589250": {
                "name": "Abandoned Ones",
                "position": 12,
                "colour": 16777215,
                "created_at": "17-01-2018_19-16-14-744000",
                "permissions": 0
            },
            "535533082678394880": {
                "name": "Kinksters",
                "position": 2,
                "colour": 15277667,
                "created_at": "17-01-2019_18-57-16-634000",
                "permissions": 0
            },
            "523917597138354193": {
                "name": "Yeeters",
                "position": 3,
                "colour": 16714995,
                "created_at": "16-12-2018_17-41-29-076000",
                "permissions": 0
            },
            "403272352223461387": {
                "name": "Members",
                "position": 11,
                "colour": 0,
                "created_at": "17-01-2018_19-40-21-208000",
                "permissions": 104187968
            },
            "178667818152230912": {
                "name": "@everyone",
                "position": 0,
                "colour": 0,
                "created_at": "08-05-2016_00-42-07-335000",
                "permissions": 0
            }
        },
        "previous": {
            "07-02-2019_22-30-45-401502": {
                "403266285313589250": {
                    "name": "Abandoned Ones",
                    "position": 11,
                    "colour": 16777215,
                    "created_at": "17-01-2018_19-16-14-744000",
                    "permissions": 0
                },
                "535533082678394880": {
                    "name": "Kinksters",
                    "position": 1,
                    "colour": 15277667,
                    "created_at": "17-01-2019_18-57-16-634000",
                    "permissions": 0
                },
                "403272352223461387": {
                    "name": "Members",
                    "position": 10,
                    "colour": 0,
                    "created_at": "17-01-2018_19-40-21-208000",
                    "permissions": 104187968
                },
                "178667818152230912": {
                    "name": "@everyone",
                    "position": 0,
                    "colour": 0,
                    "created_at": "08-05-2016_00-42-07-335000",
                    "permissions": 0
                }
            },
            "31-01-2019_23-15-25-764869": {
                "403266285313589250": {
                    "name": "Abandoned Ones",
                    "position": 11,
                    "colour": 16777215,
                    "created_at": "17-01-2018_19-16-14-744000",
                    "permissions": 0
                },
                "403272352223461387": {
                    "name": "Members",
                    "position": 10,
                    "colour": 0,
                    "created_at": "17-01-2018_19-40-21-208000",
                    "permissions": 104187968
                },
                "178667818152230912": {
                    "name": "@everyone",
                    "position": 0,
                    "colour": 0,
                    "created_at": "08-05-2016_00-42-07-335000",
                    "permissions": 0
                }
            },
            "09-02-2019_19-14-04-134526": {
                "403266285313589250": {
                    "name": "Abandoned Ones",
                    "position": 11,
                    "colour": 16777215,
                    "created_at": "17-01-2018_19-16-14-744000",
                    "permissions": 0
                },
                "535533082678394880": {
                    "name": "Kinksters",
                    "position": 1,
                    "colour": 15277667,
                    "created_at": "17-01-2019_18-57-16-634000",
                    "permissions": 0
                },
                "523917597138354193": {
                    "name": "Yeeters",
                    "position": 2,
                    "colour": 16714995,
                    "created_at": "16-12-2018_17-41-29-076000",
                    "permissions": 0
                },
                "403272352223461387": {
                    "name": "Members",
                    "position": 10,
                    "colour": 0,
                    "created_at": "17-01-2018_19-40-21-208000",
                    "permissions": 104187968
                },
                "178667818152230912": {
                    "name": "@everyone",
                    "position": 0,
                    "colour": 0,
                    "created_at": "08-05-2016_00-42-07-335000",
                    "permissions": 0
                }
            }
        }
    },
    "cookies": {
        "measured_epochs": 2,
        "give": {
            "total_cookies": 0,
            "average": 0.0
        },
        "cookie_transfer_quota": 0,
        "cookie_interest": 0,
        "active_epochs": 0,
        "cookies_in_jar": 0,
        "active_this_epoch": false,
        "get": {
            "total_cookies": 0,
            "average": 0.0
        },
        "total_cookies": 0,
        "current_cookies": 0
    },
    "colour": {
        "current": 16777215,
        "previous": {
            "31-01-2019_23-15-25-764869": 0
        }
    },
    "created_at": "02-02-2019_17-44-23-502000",
    "display_name": {
        "current": "dopeydominic",
        "previous": {}
    },
    "game": {
        "current": {
            "name": null,
            "url": null,
            "type": null
        },
        "previous": {}
    },
    "discriminator": {
        "current": "0147",
        "previous": {}
    },
    "name": {
        "current": "dopeydominic",
        "previous": {}
    },
    "id": "541312946282823690",
    "bans": {
        "current": "not banned",
        "previous": {}
    },
    "bot": false,
    "joined_at": {
        "current": "02-02-2019_17-48-51-772017",
        "previous": {}
    },
    "status": {
        "current": "offline",
        "previous": {
            "07-02-2019_22-30-45-401502": "online",
            "31-01-2019_23-15-25-764869": "online",
            "08-02-2019_19-38-42-445767": "online"
        }
    },
    "voice": {
        "current": {
            "self_mute": false,
            "self_deaf": false,
            "server_deaf": false,
            "is_afk": false,
            "server_mute": false,
            "channel": {
                "name": null,
                "private": null,
                "id": null
            }
        },
        "previous": {}
    }
}