{
    "name": {
        "current": "Lechaim",
        "previous": {}
    },
    "cookies": {
        "measured_epochs": 8,
        "cookie_transfer_quota": 0,
        "current_cookies": 0,
        "active_this_epoch": false,
        "get": {
            "average": 0.0,
            "total_cookies": 0
        },
        "active_epochs": 0,
        "cookies_in_jar": 0,
        "give": {
            "average": 0.0,
            "total_cookies": 0
        },
        "total_cookies": 0,
        "cookie_interest": 0
    },
    "id": "156862097043619840",
    "voice": {
        "current": {
            "server_mute": false,
            "server_deaf": false,
            "self_deaf": false,
            "channel": {
                "private": null,
                "id": null,
                "name": null
            },
            "self_mute": false,
            "is_afk": false
        },
        "previous": {}
    },
    "joined_at": {
        "current": "21-01-2018_14-54-11-370000",
        "previous": {}
    },
    "status": {
        "current": "offline",
        "previous": {
            "27-11-2018_01-45-46-914286": "dnd",
            "05-12-2018_23-17-11-812802": "online",
            "06-12-2018_15-27-46-642824": "online",
            "06-12-2018_17-09-51-137367": "online",
            "04-12-2018_18-44-39-823871": "dnd",
            "05-12-2018_16-27-33-714312": "online",
            "10-12-2018_16-02-31-496869": "online",
            "29-11-2018_17-18-38-082476": "offline",
            "30-11-2018_14-33-05-991723": "dnd",
            "06-12-2018_15-04-14-303670": "online",
            "23-11-2018_09-56-35-181914": "dnd",
            "06-12-2018_15-40-12-725739": "online",
            "28-11-2018_00-16-39-854123": "dnd",
            "30-11-2018_15-49-54-556422": "offline",
            "30-11-2018_00-08-53-953188": "offline",
            "30-11-2018_15-15-14-971433": "offline",
            "26-11-2018_20-36-46-531378": "dnd",
            "08-12-2018_15-44-11-058097": "online",
            "06-12-2018_19-01-41-672098": "online",
            "04-12-2018_21-50-21-537905": "dnd"
        }
    },
    "created_at": "08-03-2016_20-33-58-292000",
    "colour": {
        "current": 10181046,
        "previous": {}
    },
    "display_name": {
        "current": "Nossie",
        "previous": {}
    },
    "activity": {},
    "bans": {
        "current": "not banned",
        "previous": {}
    },
    "roles": {
        "current": {
            "406515414722543617": {
                "colour": 10181046,
                "created_at": "26-01-2018_18-27-07-561000",
                "permissions": 104324169,
                "position": 5,
                "name": "Zonnoser"
            },
            "403243508833452032": {
                "colour": 0,
                "created_at": "17-01-2018_17-45-44-408000",
                "permissions": 104324161,
                "position": 0,
                "name": "@everyone"
            },
            "403243729072160790": {
                "colour": 0,
                "created_at": "17-01-2018_17-46-36-917000",
                "permissions": 104324169,
                "position": 6,
                "name": "Admin"
            }
        },
        "previous": {
            "29-11-2018_15-14-54-884202": {
                "406515414722543617": {
                    "colour": 10181046,
                    "created_at": "26-01-2018_18-27-07-561000",
                    "permissions": 104324169,
                    "position": 4,
                    "name": "Zonnoser"
                },
                "403243508833452032": {
                    "colour": 0,
                    "created_at": "17-01-2018_17-45-44-408000",
                    "permissions": 104324161,
                    "position": 0,
                    "name": "@everyone"
                },
                "403243729072160790": {
                    "colour": 0,
                    "created_at": "17-01-2018_17-46-36-917000",
                    "permissions": 104324169,
                    "position": 5,
                    "name": "Admin"
                }
            }
        }
    },
    "bot": false,
    "discriminator": {
        "current": "7744",
        "previous": {}
    },
    "game": {
        "current": {
            "url": null,
            "name": null,
            "type": null
        },
        "previous": {}
    }
}