{
    "name": {
        "current": "Devnepte",
        "previous": {}
    },
    "cookies": {
        "measured_epochs": 2,
        "cookie_transfer_quota": 0,
        "current_cookies": 0,
        "active_this_epoch": false,
        "get": {
            "average": 0.0,
            "total_cookies": 0
        },
        "active_epochs": 0,
        "cookie_interest": 0,
        "give": {
            "average": 0.0,
            "total_cookies": 0
        },
        "total_cookies": 0,
        "cookies_in_jar": 0
    },
    "id": "175974530098003968",
    "colour": {
        "current": 15765983,
        "previous": {}
    },
    "bans": {
        "current": "not banned",
        "previous": {}
    },
    "game": {
        "current": {
            "url": null,
            "name": null,
            "type": null
        },
        "previous": {}
    },
    "created_at": "30-04-2016_14-19-57-424000",
    "joined_at": {
        "current": "26-01-2018_18-26-33-034000",
        "previous": {}
    },
    "display_name": {
        "current": "More Porn Bot",
        "previous": {}
    },
    "activity": {},
    "status": {
        "current": "online",
        "previous": {
            "27-11-2018_01-45-46-914286": "online",
            "05-12-2018_13-17-03-081678": "online",
            "07-12-2018_19-07-03-633575": "idle",
            "26-11-2018_20-36-46-531378": "idle",
            "29-11-2018_21-17-26-105126": "offline",
            "10-12-2018_16-02-31-496869": "idle",
            "30-11-2018_14-33-05-991723": "online",
            "06-12-2018_00-11-55-269398": "offline",
            "28-11-2018_00-16-39-854123": "online",
            "07-12-2018_07-42-43-243407": "idle",
            "30-11-2018_15-49-54-556422": "online",
            "06-12-2018_01-05-49-556858": "online",
            "09-12-2018_10-10-43-790279": "online",
            "08-12-2018_15-44-11-058097": "idle",
            "06-12-2018_19-01-41-672098": "online",
            "04-12-2018_21-50-21-537905": "idle"
        }
    },
    "roles": {
        "current": {
            "406515511464165378": {
                "colour": 15765983,
                "created_at": "26-01-2018_18-27-30-626000",
                "permissions": 104324169,
                "position": 4,
                "name": "Powwaahhh"
            },
            "403243508833452032": {
                "colour": 0,
                "created_at": "17-01-2018_17-45-44-408000",
                "permissions": 104324161,
                "position": 0,
                "name": "@everyone"
            }
        },
        "previous": {
            "29-11-2018_15-14-54-884202": {
                "406515511464165378": {
                    "colour": 15765983,
                    "created_at": "26-01-2018_18-27-30-626000",
                    "permissions": 104324169,
                    "position": 3,
                    "name": "Powwaahhh"
                },
                "403243508833452032": {
                    "colour": 0,
                    "created_at": "17-01-2018_17-45-44-408000",
                    "permissions": 104324161,
                    "position": 0,
                    "name": "@everyone"
                }
            }
        }
    },
    "bot": false,
    "discriminator": {
        "current": "3909",
        "previous": {}
    },
    "voice": {
        "current": {
            "server_mute": false,
            "server_deaf": false,
            "self_deaf": false,
            "channel": {
                "private": null,
                "id": null,
                "name": null
            },
            "self_mute": false,
            "is_afk": false
        },
        "previous": {}
    }
}