{
    "name": {
        "current": "Huggles",
        "previous": {}
    },
    "cookies": {
        "measured_epochs": 7,
        "cookie_transfer_quota": 0,
        "current_cookies": 0,
        "active_this_epoch": false,
        "get": {
            "average": 0.0,
            "total_cookies": 0
        },
        "active_epochs": 0,
        "cookies_in_jar": 0,
        "give": {
            "average": 0.0,
            "total_cookies": 0
        },
        "total_cookies": 0,
        "cookie_interest": 0
    },
    "id": "277112484102406145",
    "voice": {
        "current": {
            "server_mute": false,
            "server_deaf": false,
            "self_deaf": false,
            "channel": {
                "private": null,
                "id": null,
                "name": null
            },
            "self_mute": false,
            "is_afk": false
        },
        "previous": {}
    },
    "joined_at": {
        "current": "25-10-2018_23-02-26-514000",
        "previous": {}
    },
    "status": {
        "current": "offline",
        "previous": {}
    },
    "created_at": "03-02-2017_16-26-04-711000",
    "colour": {
        "current": 0,
        "previous": {}
    },
    "game": {
        "current": {
            "url": null,
            "name": null,
            "type": null
        },
        "previous": {}
    },
    "activity": {
        "2018": {
            "12": {
                "6": {
                    "15": {
                        "403243509324447755": 21
                    }
                }
            }
        }
    },
    "bans": {
        "current": "not banned",
        "previous": {}
    },
    "roles": {
        "current": {
            "403243508833452032": {
                "colour": 0,
                "created_at": "17-01-2018_17-45-44-408000",
                "permissions": 104324161,
                "position": 0,
                "name": "@everyone"
            }
        },
        "previous": {}
    },
    "bot": false,
    "discriminator": {
        "current": "2246",
        "previous": {}
    },
    "display_name": {
        "current": "Huggles",
        "previous": {}
    }
}