{
    "game": {
        "current": {
            "url": null,
            "name": null,
            "type": null
        },
        "previous": {}
    },
    "roles": {
        "current": {
            "403243508833452032": {
                "position": 0,
                "colour": 0,
                "name": "@everyone",
                "created_at": "17-01-2018_17-45-44-408000",
                "permissions": 104324161
            },
            "406515511464165378": {
                "position": 4,
                "colour": 15765983,
                "name": "Powwaahhh",
                "created_at": "26-01-2018_18-27-30-626000",
                "permissions": 104324169
            }
        },
        "previous": {
            "29-11-2018_15-14-54-884202": {
                "403243508833452032": {
                    "position": 0,
                    "colour": 0,
                    "name": "@everyone",
                    "created_at": "17-01-2018_17-45-44-408000",
                    "permissions": 104324161
                },
                "406515511464165378": {
                    "position": 3,
                    "colour": 15765983,
                    "name": "Powwaahhh",
                    "created_at": "26-01-2018_18-27-30-626000",
                    "permissions": 104324169
                }
            }
        }
    },
    "colour": {
        "current": 15765983,
        "previous": {}
    },
    "bot": false,
    "id": "175974530098003968",
    "discriminator": {
        "current": "3909",
        "previous": {}
    },
    "display_name": {
        "current": "More Porn Bot",
        "previous": {}
    },
    "created_at": "30-04-2016_14-19-57-424000",
    "joined_at": {
        "current": "26-01-2018_18-26-33-034000",
        "previous": {}
    },
    "name": {
        "current": "Devnepte",
        "previous": {}
    },
    "bans": {
        "current": "not banned",
        "previous": {}
    },
    "activity": {},
    "cookies": {
        "measured_epochs": 2,
        "active_epochs": 0,
        "get": {
            "average": 0.0,
            "total_cookies": 0
        },
        "cookies_in_jar": 0,
        "cookie_transfer_quota": 0,
        "total_cookies": 0,
        "give": {
            "average": 0.0,
            "total_cookies": 0
        },
        "active_this_epoch": false,
        "cookie_interest": 0,
        "current_cookies": 0
    },
    "voice": {
        "current": {
            "server_deaf": false,
            "self_mute": false,
            "channel": {
                "name": null,
                "private": null,
                "id": null
            },
            "self_deaf": false,
            "is_afk": false,
            "server_mute": false
        },
        "previous": {}
    },
    "status": {
        "current": "online",
        "previous": {
            "04-12-2018_21-50-21-537905": "idle",
            "16-01-2019_22-00-47-241502": "idle",
            "27-11-2018_01-45-46-914286": "online",
            "11-01-2019_22-45-11-058689": "offline",
            "27-01-2019_00-03-40-224296": "idle",
            "19-01-2019_23-47-11-591556": "online",
            "25-01-2019_00-26-23-076062": "online",
            "08-12-2018_15-44-11-058097": "idle",
            "16-12-2018_21-52-39-901037": "idle",
            "30-11-2018_15-49-54-556422": "online",
            "10-12-2018_16-02-31-496869": "idle",
            "23-01-2019_23-06-46-438605": "online",
            "30-11-2018_14-33-05-991723": "online",
            "29-01-2019_23-34-56-773453": "online",
            "25-01-2019_18-03-01-080213": "offline",
            "30-01-2019_23-45-18-912162": "online",
            "12-01-2019_01-16-58-662867": "online",
            "18-01-2019_23-28-09-275982": "online",
            "11-12-2018_09-13-26-392726": "online",
            "29-11-2018_21-17-26-105126": "offline",
            "26-01-2019_15-44-45-130911": "idle",
            "06-12-2018_01-05-49-556858": "online",
            "07-12-2018_07-42-43-243407": "idle",
            "30-01-2019_22-01-10-201736": "idle",
            "07-12-2018_19-07-03-633575": "idle",
            "17-12-2018_08-19-13-303562": "online",
            "06-12-2018_19-01-41-672098": "online",
            "17-01-2019_17-37-42-106001": "online",
            "13-01-2019_18-58-47-852165": "offline",
            "26-01-2019_04-12-07-077616": "online",
            "13-01-2019_23-58-57-488890": "idle",
            "09-12-2018_10-10-43-790279": "online",
            "15-01-2019_20-05-24-063373": "online",
            "31-01-2019_15-07-05-822989": "online",
            "10-02-2019_10-58-00-564986": "idle",
            "31-01-2019_23-15-25-764869": "online",
            "06-12-2018_00-11-55-269398": "offline",
            "26-11-2018_20-36-46-531378": "idle",
            "28-11-2018_00-16-39-854123": "online",
            "10-01-2019_00-18-24-072293": "online",
            "05-12-2018_13-17-03-081678": "online",
            "11-01-2019_23-54-44-166805": "idle",
            "07-02-2019_22-30-45-401502": "online",
            "11-02-2019_22-51-39-999500": "idle"
        }
    }
}