{
    "display_name": {
        "previous": {
            "10-12-2018_16-02-31-496869": "Double-Ended Dildomon"
        },
        "current": "Jack FuckMeTon - The Cummin King"
    },
    "name": {
        "previous": {},
        "current": "HarryBruceTV"
    },
    "discriminator": {
        "previous": {},
        "current": "1042"
    },
    "bans": {
        "previous": {},
        "current": "not banned"
    },
    "activity": {},
    "joined_at": {
        "previous": {},
        "current": "17-01-2018_10-10-50-119000"
    },
    "colour": {
        "previous": {},
        "current": 16713728
    },
    "bot": false,
    "cookies": {
        "cookie_interest": 0,
        "total_cookies": 0,
        "give": {
            "total_cookies": 0,
            "average": 0.0
        },
        "measured_epochs": 8,
        "cookies_in_jar": 0,
        "active_epochs": 0,
        "get": {
            "total_cookies": 0,
            "average": 0.0
        },
        "current_cookies": 0,
        "active_this_epoch": false,
        "cookie_transfer_quota": 0
    },
    "id": "140484622034272256",
    "created_at": "23-01-2016_15-55-43-971000",
    "game": {
        "previous": {},
        "current": {
            "type": null,
            "url": null,
            "name": null
        }
    },
    "roles": {
        "previous": {
            "07-12-2018_07-51-11-182069": {
                "178667818152230912": {
                    "name": "@everyone",
                    "created_at": "08-05-2016_00-42-07-335000",
                    "colour": 0,
                    "permissions": 0,
                    "position": 0
                },
                "403266269220175892": {
                    "name": "Mythical Ones",
                    "created_at": "17-01-2018_19-16-10-907000",
                    "colour": 1033914,
                    "permissions": 262208,
                    "position": 15
                },
                "404068252361162759": {
                    "name": "Under Where?",
                    "created_at": "20-01-2018_00-22-58-588000",
                    "colour": 0,
                    "permissions": 0,
                    "position": 16
                },
                "469889716435812353": {
                    "name": "High Council",
                    "created_at": "20-07-2018_15-33-58-527000",
                    "colour": 0,
                    "permissions": 8,
                    "position": 30
                },
                "469889632117456896": {
                    "name": "Head of Events",
                    "created_at": "20-07-2018_15-33-38-424000",
                    "colour": 16713728,
                    "permissions": 0,
                    "position": 23
                },
                "373129696960970762": {
                    "name": "Staff",
                    "created_at": "26-10-2017_15-24-12-170000",
                    "colour": 16711680,
                    "permissions": 0,
                    "position": 18
                },
                "430760351248809986": {
                    "name": "Current Iteration",
                    "created_at": "03-04-2018_16-07-50-878000",
                    "colour": 0,
                    "permissions": 0,
                    "position": 9
                },
                "403272352223461387": {
                    "name": "Members",
                    "created_at": "17-01-2018_19-40-21-208000",
                    "colour": 0,
                    "permissions": 104187968,
                    "position": 11
                },
                "363695886297071626": {
                    "name": "Event Managers",
                    "created_at": "30-09-2017_14-37-36-436000",
                    "colour": 14747399,
                    "permissions": 541200384,
                    "position": 22
                }
            },
            "16-12-2018_21-52-39-901037": {
                "178667818152230912": {
                    "name": "@everyone",
                    "created_at": "08-05-2016_00-42-07-335000",
                    "colour": 0,
                    "permissions": 0,
                    "position": 0
                },
                "404068252361162759": {
                    "name": "Under Where?",
                    "created_at": "20-01-2018_00-22-58-588000",
                    "colour": 0,
                    "permissions": 0,
                    "position": 16
                },
                "469889716435812353": {
                    "name": "High Council",
                    "created_at": "20-07-2018_15-33-58-527000",
                    "colour": 0,
                    "permissions": 8,
                    "position": 30
                },
                "430760351248809986": {
                    "name": "Current Iteration",
                    "created_at": "03-04-2018_16-07-50-878000",
                    "colour": 0,
                    "permissions": 0,
                    "position": 9
                },
                "403266285313589250": {
                    "name": "Abandoned Ones",
                    "created_at": "17-01-2018_19-16-14-744000",
                    "colour": 16777215,
                    "permissions": 0,
                    "position": 11
                },
                "373129696960970762": {
                    "name": "Staff",
                    "created_at": "26-10-2017_15-24-12-170000",
                    "colour": 16711680,
                    "permissions": 0,
                    "position": 18
                },
                "469889632117456896": {
                    "name": "Head of Events",
                    "created_at": "20-07-2018_15-33-38-424000",
                    "colour": 16713728,
                    "permissions": 0,
                    "position": 23
                },
                "403272352223461387": {
                    "name": "Members",
                    "created_at": "17-01-2018_19-40-21-208000",
                    "colour": 0,
                    "permissions": 104187968,
                    "position": 10
                },
                "363695886297071626": {
                    "name": "Event Managers",
                    "created_at": "30-09-2017_14-37-36-436000",
                    "colour": 14747399,
                    "permissions": 541200384,
                    "position": 22
                }
            },
            "06-12-2018_01-05-49-556858": {
                "178667818152230912": {
                    "name": "@everyone",
                    "created_at": "08-05-2016_00-42-07-335000",
                    "colour": 0,
                    "permissions": 0,
                    "position": 0
                },
                "403266269220175892": {
                    "name": "Mythical Ones",
                    "created_at": "17-01-2018_19-16-10-907000",
                    "colour": 1033914,
                    "permissions": 262208,
                    "position": 16
                },
                "404068252361162759": {
                    "name": "Under Where?",
                    "created_at": "20-01-2018_00-22-58-588000",
                    "colour": 0,
                    "permissions": 0,
                    "position": 17
                },
                "469889716435812353": {
                    "name": "High Council",
                    "created_at": "20-07-2018_15-33-58-527000",
                    "colour": 0,
                    "permissions": 8,
                    "position": 31
                },
                "469889632117456896": {
                    "name": "Head of Events",
                    "created_at": "20-07-2018_15-33-38-424000",
                    "colour": 16713728,
                    "permissions": 0,
                    "position": 24
                },
                "373129696960970762": {
                    "name": "Staff",
                    "created_at": "26-10-2017_15-24-12-170000",
                    "colour": 16711680,
                    "permissions": 0,
                    "position": 19
                },
                "430760351248809986": {
                    "name": "Current Iteration",
                    "created_at": "03-04-2018_16-07-50-878000",
                    "colour": 0,
                    "permissions": 0,
                    "position": 10
                },
                "403272352223461387": {
                    "name": "Members",
                    "created_at": "17-01-2018_19-40-21-208000",
                    "colour": 0,
                    "permissions": 104187968,
                    "position": 12
                },
                "363695886297071626": {
                    "name": "Event Managers",
                    "created_at": "30-09-2017_14-37-36-436000",
                    "colour": 14747399,
                    "permissions": 541200384,
                    "position": 23
                }
            },
            "07-12-2018_09-02-35-892853": {
                "178667818152230912": {
                    "name": "@everyone",
                    "created_at": "08-05-2016_00-42-07-335000",
                    "colour": 0,
                    "permissions": 0,
                    "position": 0
                },
                "404068252361162759": {
                    "name": "Under Where?",
                    "created_at": "20-01-2018_00-22-58-588000",
                    "colour": 0,
                    "permissions": 0,
                    "position": 16
                },
                "469889716435812353": {
                    "name": "High Council",
                    "created_at": "20-07-2018_15-33-58-527000",
                    "colour": 0,
                    "permissions": 8,
                    "position": 30
                },
                "430760351248809986": {
                    "name": "Current Iteration",
                    "created_at": "03-04-2018_16-07-50-878000",
                    "colour": 0,
                    "permissions": 0,
                    "position": 9
                },
                "403266285313589250": {
                    "name": "Abandoned Ones",
                    "created_at": "17-01-2018_19-16-14-744000",
                    "colour": 16777215,
                    "permissions": 0,
                    "position": 12
                },
                "373129696960970762": {
                    "name": "Staff",
                    "created_at": "26-10-2017_15-24-12-170000",
                    "colour": 16711680,
                    "permissions": 0,
                    "position": 18
                },
                "469889632117456896": {
                    "name": "Head of Events",
                    "created_at": "20-07-2018_15-33-38-424000",
                    "colour": 16713728,
                    "permissions": 0,
                    "position": 23
                },
                "403272352223461387": {
                    "name": "Members",
                    "created_at": "17-01-2018_19-40-21-208000",
                    "colour": 0,
                    "permissions": 104187968,
                    "position": 11
                },
                "363695886297071626": {
                    "name": "Event Managers",
                    "created_at": "30-09-2017_14-37-36-436000",
                    "colour": 14747399,
                    "permissions": 541200384,
                    "position": 22
                }
            }
        },
        "current": {
            "178667818152230912": {
                "name": "@everyone",
                "created_at": "08-05-2016_00-42-07-335000",
                "colour": 0,
                "permissions": 0,
                "position": 0
            },
            "404068252361162759": {
                "name": "Under Where?",
                "created_at": "20-01-2018_00-22-58-588000",
                "colour": 0,
                "permissions": 0,
                "position": 2
            },
            "469889716435812353": {
                "name": "High Council",
                "created_at": "20-07-2018_15-33-58-527000",
                "colour": 0,
                "permissions": 8,
                "position": 26
            },
            "430760351248809986": {
                "name": "Current Iteration",
                "created_at": "03-04-2018_16-07-50-878000",
                "colour": 0,
                "permissions": 0,
                "position": 6
            },
            "403266285313589250": {
                "name": "Abandoned Ones",
                "created_at": "17-01-2018_19-16-14-744000",
                "colour": 16777215,
                "permissions": 0,
                "position": 8
            },
            "373129696960970762": {
                "name": "Staff",
                "created_at": "26-10-2017_15-24-12-170000",
                "colour": 16711680,
                "permissions": 0,
                "position": 14
            },
            "469889632117456896": {
                "name": "Head of Events",
                "created_at": "20-07-2018_15-33-38-424000",
                "colour": 16713728,
                "permissions": 0,
                "position": 19
            },
            "403272352223461387": {
                "name": "Members",
                "created_at": "17-01-2018_19-40-21-208000",
                "colour": 0,
                "permissions": 104187968,
                "position": 7
            },
            "363695886297071626": {
                "name": "Event Managers",
                "created_at": "30-09-2017_14-37-36-436000",
                "colour": 14747399,
                "permissions": 541200384,
                "position": 18
            }
        }
    },
    "voice": {
        "previous": {
            "16-12-2018_21-52-39-901037": {
                "server_deaf": false,
                "self_mute": false,
                "self_deaf": false,
                "is_afk": false,
                "channel": {
                    "name": "Event Staff",
                    "private": false,
                    "id": "404217202737283072"
                },
                "server_mute": false
            }
        },
        "current": {
            "server_deaf": false,
            "self_mute": false,
            "self_deaf": false,
            "is_afk": false,
            "channel": {
                "name": null,
                "private": null,
                "id": null
            },
            "server_mute": false
        }
    },
    "status": {
        "previous": {
            "07-12-2018_09-02-35-892853": "online",
            "11-12-2018_09-13-26-392726": "online",
            "05-12-2018_16-27-33-714312": "online",
            "06-12-2018_16-49-44-878444": "offline",
            "08-12-2018_15-44-11-058097": "online",
            "05-12-2018_23-34-35-600797": "online",
            "06-12-2018_19-01-41-672098": "idle",
            "12-12-2018_11-49-23-541900": "offline",
            "07-12-2018_19-07-03-633575": "online",
            "07-12-2018_07-42-43-243407": "online",
            "06-12-2018_01-05-49-556858": "online",
            "17-12-2018_08-19-13-303562": "online",
            "10-12-2018_16-02-31-496869": "idle",
            "06-12-2018_17-09-51-137367": "idle",
            "16-12-2018_22-46-26-221531": "idle",
            "06-12-2018_00-25-10-559318": "idle",
            "06-12-2018_17-01-29-984225": "online",
            "16-12-2018_21-52-39-901037": "idle"
        },
        "current": "offline"
    }
}