{
    "display_name": {
        "previous": {},
        "current": "Miki"
    },
    "name": {
        "previous": {},
        "current": "Miki"
    },
    "discriminator": {
        "previous": {},
        "current": "6045"
    },
    "bans": {
        "previous": {},
        "current": "not banned"
    },
    "activity": {},
    "joined_at": {
        "previous": {},
        "current": "26-01-2018_22-00-23-635313"
    },
    "colour": {
        "previous": {
            "07-12-2018_09-02-35-892853": 7506394,
            "07-12-2018_19-07-03-633575": 16777215
        },
        "current": 7506394
    },
    "bot": true,
    "cookies": {
        "cookie_interest": 0,
        "total_cookies": 0,
        "give": {
            "total_cookies": 0,
            "average": 0.0
        },
        "measured_epochs": 8,
        "get": {
            "total_cookies": 0,
            "average": 0.0
        },
        "active_epochs": 0,
        "active_this_epoch": false,
        "current_cookies": 0,
        "cookies_in_jar": 0,
        "cookie_transfer_quota": 0
    },
    "id": "160105994217586689",
    "created_at": "17-03-2016_19-24-03-647000",
    "game": {
        "previous": {},
        "current": {
            "type": null,
            "url": null,
            "name": null
        }
    },
    "roles": {
        "previous": {
            "07-12-2018_09-02-35-892853": {
                "403239438802485259": {
                    "name": "Bots",
                    "created_at": "17-01-2018_17-29-34-037000",
                    "colour": 7506394,
                    "permissions": 7168,
                    "position": 10
                },
                "178667818152230912": {
                    "name": "@everyone",
                    "created_at": "08-05-2016_00-42-07-335000",
                    "colour": 0,
                    "permissions": 0,
                    "position": 0
                },
                "406569085380329472": {
                    "name": "Miki",
                    "created_at": "26-01-2018_22-00-23-643000",
                    "colour": 0,
                    "permissions": 3405888,
                    "position": 5
                },
                "403266285313589250": {
                    "name": "Abandoned Ones",
                    "created_at": "17-01-2018_19-16-14-744000",
                    "colour": 16777215,
                    "permissions": 0,
                    "position": 12
                }
            },
            "16-12-2018_21-52-39-901037": {
                "403239438802485259": {
                    "name": "Bots",
                    "created_at": "17-01-2018_17-29-34-037000",
                    "colour": 7506394,
                    "permissions": 7168,
                    "position": 12
                },
                "178667818152230912": {
                    "name": "@everyone",
                    "created_at": "08-05-2016_00-42-07-335000",
                    "colour": 0,
                    "permissions": 0,
                    "position": 0
                },
                "406569085380329472": {
                    "name": "Miki",
                    "created_at": "26-01-2018_22-00-23-643000",
                    "colour": 0,
                    "permissions": 3405888,
                    "position": 5
                },
                "403266285313589250": {
                    "name": "Abandoned Ones",
                    "created_at": "17-01-2018_19-16-14-744000",
                    "colour": 16777215,
                    "permissions": 0,
                    "position": 11
                }
            },
            "06-12-2018_01-05-49-556858": {
                "403239438802485259": {
                    "name": "Bots",
                    "created_at": "17-01-2018_17-29-34-037000",
                    "colour": 7506394,
                    "permissions": 7168,
                    "position": 11
                },
                "178667818152230912": {
                    "name": "@everyone",
                    "created_at": "08-05-2016_00-42-07-335000",
                    "colour": 0,
                    "permissions": 0,
                    "position": 0
                },
                "406569085380329472": {
                    "name": "Miki",
                    "created_at": "26-01-2018_22-00-23-643000",
                    "colour": 0,
                    "permissions": 3405888,
                    "position": 6
                }
            }
        },
        "current": {
            "403239438802485259": {
                "name": "Bots",
                "created_at": "17-01-2018_17-29-34-037000",
                "colour": 7506394,
                "permissions": 7168,
                "position": 9
            },
            "178667818152230912": {
                "name": "@everyone",
                "created_at": "08-05-2016_00-42-07-335000",
                "colour": 0,
                "permissions": 0,
                "position": 0
            },
            "406569085380329472": {
                "name": "Miki",
                "created_at": "26-01-2018_22-00-23-643000",
                "colour": 0,
                "permissions": 3405888,
                "position": 4
            },
            "403266285313589250": {
                "name": "Abandoned Ones",
                "created_at": "17-01-2018_19-16-14-744000",
                "colour": 16777215,
                "permissions": 0,
                "position": 8
            }
        }
    },
    "voice": {
        "previous": {},
        "current": {
            "server_deaf": false,
            "self_mute": false,
            "self_deaf": false,
            "is_afk": false,
            "channel": {
                "name": null,
                "private": null,
                "id": null
            },
            "server_mute": false
        }
    },
    "status": {
        "previous": {
            "07-12-2018_19-07-03-633575": "offline",
            "06-12-2018_01-05-49-556858": "offline",
            "08-12-2018_15-44-11-058097": "offline",
            "17-12-2018_08-19-13-303562": "offline",
            "06-12-2018_14-35-48-128249": "offline",
            "06-12-2018_14-21-28-866312": "online",
            "06-12-2018_19-01-41-672098": "offline"
        },
        "current": "online"
    }
}