{
    "display_name": {
        "previous": {},
        "current": "CAH"
    },
    "name": {
        "previous": {},
        "current": "Smith"
    },
    "discriminator": {
        "previous": {},
        "current": "4288"
    },
    "bans": {
        "previous": {},
        "current": "not banned"
    },
    "activity": {},
    "joined_at": {
        "previous": {},
        "current": "24-10-2018_20-21-54-146319"
    },
    "colour": {
        "previous": {
            "07-12-2018_09-02-35-892853": 7506394,
            "07-12-2018_19-07-03-633575": 16777215
        },
        "current": 7506394
    },
    "bot": true,
    "cookies": {
        "cookie_interest": 0,
        "total_cookies": 0,
        "give": {
            "total_cookies": 0,
            "average": 0.0
        },
        "measured_epochs": 1,
        "cookies_in_jar": 0,
        "active_epochs": 0,
        "get": {
            "total_cookies": 0,
            "average": 0.0
        },
        "current_cookies": 0,
        "active_this_epoch": false,
        "cookie_transfer_quota": 0
    },
    "id": "264069832574500866",
    "created_at": "29-12-2016_16-39-14-266000",
    "game": {
        "previous": {},
        "current": {
            "type": null,
            "url": null,
            "name": null
        }
    },
    "roles": {
        "previous": {
            "07-12-2018_09-02-35-892853": {
                "403239438802485259": {
                    "name": "Bots",
                    "created_at": "17-01-2018_17-29-34-037000",
                    "colour": 7506394,
                    "permissions": 7168,
                    "position": 10
                },
                "178667818152230912": {
                    "name": "@everyone",
                    "created_at": "08-05-2016_00-42-07-335000",
                    "colour": 0,
                    "permissions": 0,
                    "position": 0
                },
                "504751410785812510": {
                    "name": "CAH",
                    "created_at": "24-10-2018_20-21-54-159000",
                    "colour": 0,
                    "permissions": 470080,
                    "position": 1
                },
                "403266285313589250": {
                    "name": "Abandoned Ones",
                    "created_at": "17-01-2018_19-16-14-744000",
                    "colour": 16777215,
                    "permissions": 0,
                    "position": 12
                }
            },
            "16-12-2018_21-52-39-901037": {
                "403239438802485259": {
                    "name": "Bots",
                    "created_at": "17-01-2018_17-29-34-037000",
                    "colour": 7506394,
                    "permissions": 7168,
                    "position": 12
                },
                "178667818152230912": {
                    "name": "@everyone",
                    "created_at": "08-05-2016_00-42-07-335000",
                    "colour": 0,
                    "permissions": 0,
                    "position": 0
                },
                "504751410785812510": {
                    "name": "CAH",
                    "created_at": "24-10-2018_20-21-54-159000",
                    "colour": 0,
                    "permissions": 470080,
                    "position": 1
                },
                "403266285313589250": {
                    "name": "Abandoned Ones",
                    "created_at": "17-01-2018_19-16-14-744000",
                    "colour": 16777215,
                    "permissions": 0,
                    "position": 11
                }
            },
            "06-12-2018_01-05-49-556858": {
                "403239438802485259": {
                    "name": "Bots",
                    "created_at": "17-01-2018_17-29-34-037000",
                    "colour": 7506394,
                    "permissions": 7168,
                    "position": 11
                },
                "178667818152230912": {
                    "name": "@everyone",
                    "created_at": "08-05-2016_00-42-07-335000",
                    "colour": 0,
                    "permissions": 0,
                    "position": 0
                },
                "504751410785812510": {
                    "name": "CAH",
                    "created_at": "24-10-2018_20-21-54-159000",
                    "colour": 0,
                    "permissions": 470080,
                    "position": 2
                }
            }
        },
        "current": {
            "403239438802485259": {
                "name": "Bots",
                "created_at": "17-01-2018_17-29-34-037000",
                "colour": 7506394,
                "permissions": 7168,
                "position": 9
            },
            "178667818152230912": {
                "name": "@everyone",
                "created_at": "08-05-2016_00-42-07-335000",
                "colour": 0,
                "permissions": 0,
                "position": 0
            },
            "504751410785812510": {
                "name": "CAH",
                "created_at": "24-10-2018_20-21-54-159000",
                "colour": 0,
                "permissions": 470080,
                "position": 3
            },
            "403266285313589250": {
                "name": "Abandoned Ones",
                "created_at": "17-01-2018_19-16-14-744000",
                "colour": 16777215,
                "permissions": 0,
                "position": 8
            }
        }
    },
    "voice": {
        "previous": {},
        "current": {
            "server_deaf": false,
            "self_mute": false,
            "self_deaf": false,
            "is_afk": false,
            "channel": {
                "name": null,
                "private": null,
                "id": null
            },
            "server_mute": false
        }
    },
    "status": {
        "previous": {},
        "current": "offline"
    }
}