{
    "display_name": {
        "previous": {},
        "current": "Fuwa Fuwa Chiisai Bitch Desu"
    },
    "name": {
        "previous": {},
        "current": "Huggles"
    },
    "discriminator": {
        "previous": {},
        "current": "2246"
    },
    "bans": {
        "previous": {},
        "current": "not banned"
    },
    "activity": {},
    "joined_at": {
        "previous": {},
        "current": "28-02-2018_12-04-52-478371"
    },
    "colour": {
        "previous": {
            "07-12-2018_07-51-11-182069": 1033914,
            "07-12-2018_09-02-35-892853": 0
        },
        "current": 16777215
    },
    "bot": false,
    "cookies": {
        "cookie_interest": 0,
        "total_cookies": 0,
        "give": {
            "total_cookies": 0,
            "average": 0.0
        },
        "measured_epochs": 8,
        "cookies_in_jar": 0,
        "active_epochs": 0,
        "get": {
            "total_cookies": 0,
            "average": 0.0
        },
        "current_cookies": 0,
        "active_this_epoch": false,
        "cookie_transfer_quota": 0
    },
    "id": "277112484102406145",
    "created_at": "03-02-2017_16-26-04-711000",
    "game": {
        "previous": {},
        "current": {
            "type": null,
            "url": null,
            "name": null
        }
    },
    "roles": {
        "previous": {
            "07-12-2018_07-51-11-182069": {
                "178667818152230912": {
                    "name": "@everyone",
                    "created_at": "08-05-2016_00-42-07-335000",
                    "colour": 0,
                    "permissions": 0,
                    "position": 0
                },
                "403266269220175892": {
                    "name": "Mythical Ones",
                    "created_at": "17-01-2018_19-16-10-907000",
                    "colour": 1033914,
                    "permissions": 262208,
                    "position": 15
                },
                "430760351248809986": {
                    "name": "Current Iteration",
                    "created_at": "03-04-2018_16-07-50-878000",
                    "colour": 0,
                    "permissions": 0,
                    "position": 9
                },
                "403272352223461387": {
                    "name": "Members",
                    "created_at": "17-01-2018_19-40-21-208000",
                    "colour": 0,
                    "permissions": 104187968,
                    "position": 11
                }
            },
            "16-12-2018_21-52-39-901037": {
                "178667818152230912": {
                    "name": "@everyone",
                    "created_at": "08-05-2016_00-42-07-335000",
                    "colour": 0,
                    "permissions": 0,
                    "position": 0
                },
                "430760351248809986": {
                    "name": "Current Iteration",
                    "created_at": "03-04-2018_16-07-50-878000",
                    "colour": 0,
                    "permissions": 0,
                    "position": 9
                },
                "403272352223461387": {
                    "name": "Members",
                    "created_at": "17-01-2018_19-40-21-208000",
                    "colour": 0,
                    "permissions": 104187968,
                    "position": 10
                },
                "403266285313589250": {
                    "name": "Abandoned Ones",
                    "created_at": "17-01-2018_19-16-14-744000",
                    "colour": 16777215,
                    "permissions": 0,
                    "position": 11
                }
            },
            "06-12-2018_01-05-49-556858": {
                "178667818152230912": {
                    "name": "@everyone",
                    "created_at": "08-05-2016_00-42-07-335000",
                    "colour": 0,
                    "permissions": 0,
                    "position": 0
                },
                "403266269220175892": {
                    "name": "Mythical Ones",
                    "created_at": "17-01-2018_19-16-10-907000",
                    "colour": 1033914,
                    "permissions": 262208,
                    "position": 16
                },
                "430760351248809986": {
                    "name": "Current Iteration",
                    "created_at": "03-04-2018_16-07-50-878000",
                    "colour": 0,
                    "permissions": 0,
                    "position": 10
                },
                "403272352223461387": {
                    "name": "Members",
                    "created_at": "17-01-2018_19-40-21-208000",
                    "colour": 0,
                    "permissions": 104187968,
                    "position": 12
                }
            },
            "07-12-2018_09-02-35-892853": {
                "178667818152230912": {
                    "name": "@everyone",
                    "created_at": "08-05-2016_00-42-07-335000",
                    "colour": 0,
                    "permissions": 0,
                    "position": 0
                },
                "430760351248809986": {
                    "name": "Current Iteration",
                    "created_at": "03-04-2018_16-07-50-878000",
                    "colour": 0,
                    "permissions": 0,
                    "position": 9
                },
                "403272352223461387": {
                    "name": "Members",
                    "created_at": "17-01-2018_19-40-21-208000",
                    "colour": 0,
                    "permissions": 104187968,
                    "position": 11
                },
                "403266285313589250": {
                    "name": "Abandoned Ones",
                    "created_at": "17-01-2018_19-16-14-744000",
                    "colour": 16777215,
                    "permissions": 0,
                    "position": 12
                }
            }
        },
        "current": {
            "178667818152230912": {
                "name": "@everyone",
                "created_at": "08-05-2016_00-42-07-335000",
                "colour": 0,
                "permissions": 0,
                "position": 0
            },
            "430760351248809986": {
                "name": "Current Iteration",
                "created_at": "03-04-2018_16-07-50-878000",
                "colour": 0,
                "permissions": 0,
                "position": 6
            },
            "403272352223461387": {
                "name": "Members",
                "created_at": "17-01-2018_19-40-21-208000",
                "colour": 0,
                "permissions": 104187968,
                "position": 7
            },
            "403266285313589250": {
                "name": "Abandoned Ones",
                "created_at": "17-01-2018_19-16-14-744000",
                "colour": 16777215,
                "permissions": 0,
                "position": 8
            }
        }
    },
    "voice": {
        "previous": {},
        "current": {
            "server_deaf": false,
            "self_mute": false,
            "self_deaf": false,
            "is_afk": false,
            "channel": {
                "name": null,
                "private": null,
                "id": null
            },
            "server_mute": false
        }
    },
    "status": {
        "previous": {},
        "current": "offline"
    }
}