{
    "display_name": {
        "previous": {},
        "current": "Neon"
    },
    "name": {
        "previous": {},
        "current": "Neon"
    },
    "discriminator": {
        "previous": {},
        "current": "9774"
    },
    "bans": {
        "previous": {},
        "current": "not banned"
    },
    "activity": {},
    "joined_at": {
        "previous": {},
        "current": "17-01-2018_09-28-15-816000"
    },
    "colour": {
        "previous": {},
        "current": 7962319
    },
    "bot": false,
    "cookies": {
        "cookie_interest": 0,
        "total_cookies": 0,
        "give": {
            "total_cookies": 0,
            "average": 0.0
        },
        "measured_epochs": 8,
        "get": {
            "total_cookies": 0,
            "average": 0.0
        },
        "active_epochs": 0,
        "active_this_epoch": false,
        "current_cookies": 0,
        "cookies_in_jar": 0,
        "cookie_transfer_quota": 0
    },
    "id": "334070792130265108",
    "created_at": "10-07-2017_20-38-03-579000",
    "game": {
        "previous": {
            "11-12-2018_09-13-26-392726": {
                "type": 0,
                "url": null,
                "name": "The Forest"
            },
            "16-12-2018_22-46-26-221531": {
                "type": null,
                "url": null,
                "name": null
            },
            "05-12-2018_16-27-33-714312": {
                "type": 0,
                "url": null,
                "name": "Minecraft"
            },
            "08-12-2018_15-44-11-058097": {
                "type": null,
                "url": null,
                "name": null
            },
            "10-12-2018_16-02-31-496869": {
                "type": 0,
                "url": null,
                "name": "openCanvas 7"
            },
            "16-12-2018_21-52-39-901037": {
                "type": null,
                "url": null,
                "name": null
            },
            "07-12-2018_19-07-03-633575": {
                "type": null,
                "url": null,
                "name": null
            },
            "09-12-2018_10-10-43-790279": {
                "type": 0,
                "url": null,
                "name": "Garry's Mod"
            },
            "12-12-2018_11-49-23-541900": {
                "type": 0,
                "url": null,
                "name": "openCanvas 7"
            },
            "06-12-2018_19-01-41-672098": {
                "type": 0,
                "url": null,
                "name": "Grand Theft Auto V"
            },
            "17-12-2018_00-07-55-794219": {
                "type": 0,
                "url": null,
                "name": "Warframe"
            }
        },
        "current": {
            "type": null,
            "url": null,
            "name": null
        }
    },
    "roles": {
        "previous": {
            "07-12-2018_07-51-11-182069": {
                "178667818152230912": {
                    "name": "@everyone",
                    "created_at": "08-05-2016_00-42-07-335000",
                    "colour": 0,
                    "permissions": 0,
                    "position": 0
                },
                "403266269220175892": {
                    "name": "Mythical Ones",
                    "created_at": "17-01-2018_19-16-10-907000",
                    "colour": 1033914,
                    "permissions": 262208,
                    "position": 15
                },
                "430760351248809986": {
                    "name": "Current Iteration",
                    "created_at": "03-04-2018_16-07-50-878000",
                    "colour": 0,
                    "permissions": 0,
                    "position": 9
                },
                "373129696960970762": {
                    "name": "Staff",
                    "created_at": "26-10-2017_15-24-12-170000",
                    "colour": 16711680,
                    "permissions": 0,
                    "position": 18
                },
                "401845161266642944": {
                    "name": "Media Creators",
                    "created_at": "13-01-2018_21-09-12-368000",
                    "colour": 7962319,
                    "permissions": 0,
                    "position": 20
                },
                "403272352223461387": {
                    "name": "Members",
                    "created_at": "17-01-2018_19-40-21-208000",
                    "colour": 0,
                    "permissions": 104187968,
                    "position": 11
                }
            },
            "16-12-2018_21-52-39-901037": {
                "178667818152230912": {
                    "name": "@everyone",
                    "created_at": "08-05-2016_00-42-07-335000",
                    "colour": 0,
                    "permissions": 0,
                    "position": 0
                },
                "430760351248809986": {
                    "name": "Current Iteration",
                    "created_at": "03-04-2018_16-07-50-878000",
                    "colour": 0,
                    "permissions": 0,
                    "position": 9
                },
                "373129696960970762": {
                    "name": "Staff",
                    "created_at": "26-10-2017_15-24-12-170000",
                    "colour": 16711680,
                    "permissions": 0,
                    "position": 18
                },
                "401845161266642944": {
                    "name": "Media Creators",
                    "created_at": "13-01-2018_21-09-12-368000",
                    "colour": 7962319,
                    "permissions": 0,
                    "position": 20
                },
                "403272352223461387": {
                    "name": "Members",
                    "created_at": "17-01-2018_19-40-21-208000",
                    "colour": 0,
                    "permissions": 104187968,
                    "position": 10
                },
                "403266285313589250": {
                    "name": "Abandoned Ones",
                    "created_at": "17-01-2018_19-16-14-744000",
                    "colour": 16777215,
                    "permissions": 0,
                    "position": 11
                }
            },
            "06-12-2018_00-55-15-699438": {
                "178667818152230912": {
                    "name": "@everyone",
                    "created_at": "08-05-2016_00-42-07-335000",
                    "colour": 0,
                    "permissions": 0,
                    "position": 0
                },
                "403266269220175892": {
                    "name": "Mythical Ones",
                    "created_at": "17-01-2018_19-16-10-907000",
                    "colour": 1033914,
                    "permissions": 262208,
                    "position": 16
                },
                "430760351248809986": {
                    "name": "Current Iteration",
                    "created_at": "03-04-2018_16-07-50-878000",
                    "colour": 0,
                    "permissions": 0,
                    "position": 10
                },
                "373129696960970762": {
                    "name": "Staff",
                    "created_at": "26-10-2017_15-24-12-170000",
                    "colour": 16711680,
                    "permissions": 0,
                    "position": 19
                },
                "401845161266642944": {
                    "name": "Media Creators",
                    "created_at": "13-01-2018_21-09-12-368000",
                    "colour": 7962319,
                    "permissions": 0,
                    "position": 21
                },
                "403272352223461387": {
                    "name": "Members",
                    "created_at": "17-01-2018_19-40-21-208000",
                    "colour": 0,
                    "permissions": 104187968,
                    "position": 12
                }
            },
            "07-12-2018_09-02-35-892853": {
                "178667818152230912": {
                    "name": "@everyone",
                    "created_at": "08-05-2016_00-42-07-335000",
                    "colour": 0,
                    "permissions": 0,
                    "position": 0
                },
                "430760351248809986": {
                    "name": "Current Iteration",
                    "created_at": "03-04-2018_16-07-50-878000",
                    "colour": 0,
                    "permissions": 0,
                    "position": 9
                },
                "373129696960970762": {
                    "name": "Staff",
                    "created_at": "26-10-2017_15-24-12-170000",
                    "colour": 16711680,
                    "permissions": 0,
                    "position": 18
                },
                "401845161266642944": {
                    "name": "Media Creators",
                    "created_at": "13-01-2018_21-09-12-368000",
                    "colour": 7962319,
                    "permissions": 0,
                    "position": 20
                },
                "403272352223461387": {
                    "name": "Members",
                    "created_at": "17-01-2018_19-40-21-208000",
                    "colour": 0,
                    "permissions": 104187968,
                    "position": 11
                },
                "403266285313589250": {
                    "name": "Abandoned Ones",
                    "created_at": "17-01-2018_19-16-14-744000",
                    "colour": 16777215,
                    "permissions": 0,
                    "position": 12
                }
            }
        },
        "current": {
            "178667818152230912": {
                "name": "@everyone",
                "created_at": "08-05-2016_00-42-07-335000",
                "colour": 0,
                "permissions": 0,
                "position": 0
            },
            "430760351248809986": {
                "name": "Current Iteration",
                "created_at": "03-04-2018_16-07-50-878000",
                "colour": 0,
                "permissions": 0,
                "position": 6
            },
            "373129696960970762": {
                "name": "Staff",
                "created_at": "26-10-2017_15-24-12-170000",
                "colour": 16711680,
                "permissions": 0,
                "position": 14
            },
            "401845161266642944": {
                "name": "Media Creators",
                "created_at": "13-01-2018_21-09-12-368000",
                "colour": 7962319,
                "permissions": 0,
                "position": 16
            },
            "403272352223461387": {
                "name": "Members",
                "created_at": "17-01-2018_19-40-21-208000",
                "colour": 0,
                "permissions": 104187968,
                "position": 7
            },
            "403266285313589250": {
                "name": "Abandoned Ones",
                "created_at": "17-01-2018_19-16-14-744000",
                "colour": 16777215,
                "permissions": 0,
                "position": 8
            }
        }
    },
    "voice": {
        "previous": {},
        "current": {
            "server_deaf": false,
            "self_mute": false,
            "self_deaf": false,
            "is_afk": false,
            "channel": {
                "name": null,
                "private": null,
                "id": null
            },
            "server_mute": false
        }
    },
    "status": {
        "previous": {
            "07-12-2018_09-02-35-892853": "offline",
            "06-12-2018_00-43-19-590607": "dnd",
            "11-12-2018_09-13-26-392726": "idle",
            "06-12-2018_15-40-12-725739": "dnd",
            "09-12-2018_10-12-40-202519": "idle",
            "06-12-2018_15-04-14-303670": "offline",
            "06-12-2018_19-01-41-672098": "offline",
            "16-12-2018_22-46-26-221531": "offline",
            "06-12-2018_00-45-45-907811": "dnd",
            "05-12-2018_16-23-43-417186": "dnd",
            "07-12-2018_19-07-03-633575": "dnd",
            "06-12-2018_01-05-49-556858": "offline",
            "06-12-2018_00-44-16-069543": "offline",
            "17-12-2018_08-19-13-303562": "dnd",
            "06-12-2018_17-09-51-137367": "dnd",
            "09-12-2018_10-10-43-790279": "dnd",
            "12-12-2018_11-49-23-541900": "offline",
            "16-12-2018_21-52-39-901037": "dnd",
            "17-12-2018_00-07-55-794219": "offline",
            "06-12-2018_14-10-10-501058": "offline",
            "05-12-2018_16-27-33-714312": "offline",
            "08-12-2018_15-44-11-058097": "offline",
            "06-12-2018_15-16-54-897558": "dnd",
            "06-12-2018_14-01-40-919859": "offline",
            "06-12-2018_14-27-10-018861": "dnd",
            "06-12-2018_14-32-19-309128": "offline",
            "10-12-2018_16-02-31-496869": "offline",
            "06-12-2018_00-55-15-699438": "offline",
            "06-12-2018_17-01-29-984225": "offline",
            "06-12-2018_13-18-30-157611": "dnd"
        },
        "current": "offline"
    }
}