{
    "display_name": {
        "previous": {},
        "current": "Binners"
    },
    "name": {
        "previous": {},
        "current": "Binners"
    },
    "discriminator": {
        "previous": {},
        "current": "5162"
    },
    "bans": {
        "previous": {},
        "current": "not banned"
    },
    "activity": {
        "2018": {
            "12": {
                "11": {
                    "16": {
                        "403084763591606273": 1
                    }
                }
            }
        }
    },
    "joined_at": {
        "previous": {},
        "current": "22-11-2018_10-28-57-829329"
    },
    "colour": {
        "previous": {},
        "current": 16777215
    },
    "bot": false,
    "cookies": {
        "cookie_interest": 0,
        "total_cookies": 0,
        "give": {
            "total_cookies": 0,
            "average": 0.0
        },
        "measured_epochs": 8,
        "cookies_in_jar": 0,
        "active_epochs": 0,
        "get": {
            "total_cookies": 0,
            "average": 0.0
        },
        "current_cookies": 0,
        "active_this_epoch": false,
        "cookie_transfer_quota": 0
    },
    "id": "514886151677542411",
    "created_at": "21-11-2018_19-33-44-682000",
    "game": {
        "previous": {},
        "current": {
            "type": null,
            "url": null,
            "name": null
        }
    },
    "roles": {
        "previous": {
            "07-12-2018_09-02-35-892853": {
                "178667818152230912": {
                    "name": "@everyone",
                    "created_at": "08-05-2016_00-42-07-335000",
                    "colour": 0,
                    "permissions": 0,
                    "position": 0
                },
                "403266285313589250": {
                    "name": "Abandoned Ones",
                    "created_at": "17-01-2018_19-16-14-744000",
                    "colour": 16777215,
                    "permissions": 0,
                    "position": 12
                },
                "403272352223461387": {
                    "name": "Members",
                    "created_at": "17-01-2018_19-40-21-208000",
                    "colour": 0,
                    "permissions": 104187968,
                    "position": 11
                }
            },
            "16-12-2018_21-52-39-901037": {
                "178667818152230912": {
                    "name": "@everyone",
                    "created_at": "08-05-2016_00-42-07-335000",
                    "colour": 0,
                    "permissions": 0,
                    "position": 0
                },
                "403266285313589250": {
                    "name": "Abandoned Ones",
                    "created_at": "17-01-2018_19-16-14-744000",
                    "colour": 16777215,
                    "permissions": 0,
                    "position": 11
                },
                "403272352223461387": {
                    "name": "Members",
                    "created_at": "17-01-2018_19-40-21-208000",
                    "colour": 0,
                    "permissions": 104187968,
                    "position": 10
                }
            },
            "06-12-2018_01-05-49-556858": {
                "178667818152230912": {
                    "name": "@everyone",
                    "created_at": "08-05-2016_00-42-07-335000",
                    "colour": 0,
                    "permissions": 0,
                    "position": 0
                },
                "403266285313589250": {
                    "name": "Abandoned Ones",
                    "created_at": "17-01-2018_19-16-14-744000",
                    "colour": 16777215,
                    "permissions": 0,
                    "position": 13
                },
                "403272352223461387": {
                    "name": "Members",
                    "created_at": "17-01-2018_19-40-21-208000",
                    "colour": 0,
                    "permissions": 104187968,
                    "position": 12
                }
            }
        },
        "current": {
            "178667818152230912": {
                "name": "@everyone",
                "created_at": "08-05-2016_00-42-07-335000",
                "colour": 0,
                "permissions": 0,
                "position": 0
            },
            "403266285313589250": {
                "name": "Abandoned Ones",
                "created_at": "17-01-2018_19-16-14-744000",
                "colour": 16777215,
                "permissions": 0,
                "position": 8
            },
            "403272352223461387": {
                "name": "Members",
                "created_at": "17-01-2018_19-40-21-208000",
                "colour": 0,
                "permissions": 104187968,
                "position": 7
            }
        }
    },
    "voice": {
        "previous": {},
        "current": {
            "server_deaf": false,
            "self_mute": false,
            "self_deaf": false,
            "is_afk": false,
            "channel": {
                "name": null,
                "private": null,
                "id": null
            },
            "server_mute": false
        }
    },
    "status": {
        "previous": {
            "07-12-2018_09-02-35-892853": "online",
            "11-12-2018_09-13-26-392726": "online",
            "05-12-2018_15-43-55-700669": "online",
            "05-12-2018_16-27-33-714312": "online",
            "08-12-2018_15-44-11-058097": "online",
            "10-12-2018_16-02-31-496869": "online",
            "09-12-2018_10-12-40-202519": "online",
            "06-12-2018_19-01-41-672098": "online"
        },
        "current": "offline"
    }
}