{
    "status": {
        "current": "offline",
        "previous": {
            "06-12-2018_00-14-36-874566": "idle",
            "04-12-2018_21-50-21-537905": "online",
            "06-12-2018_17-02-08-075871": "online",
            "30-11-2018_00-08-53-953188": "offline",
            "06-12-2018_00-13-14-276644": "offline",
            "30-11-2018_15-49-54-556422": "idle",
            "06-12-2018_15-16-54-897558": "idle",
            "08-12-2018_15-44-11-058097": "online",
            "04-12-2018_18-44-39-823871": "online",
            "05-12-2018_16-27-33-714312": "offline",
            "29-11-2018_21-17-26-105126": "online",
            "06-12-2018_15-40-12-725739": "idle",
            "30-11-2018_14-33-05-991723": "online",
            "06-12-2018_01-05-49-556858": "online",
            "06-12-2018_16-38-45-836018": "online",
            "06-12-2018_17-09-51-137367": "online",
            "06-12-2018_16-49-44-878444": "idle",
            "06-12-2018_19-01-41-672098": "online",
            "05-12-2018_23-34-35-600797": "online"
        }
    },
    "voice": {
        "current": {
            "self_mute": false,
            "self_deaf": false,
            "channel": {
                "private": null,
                "name": null,
                "id": null
            },
            "is_afk": false,
            "server_deaf": false,
            "server_mute": false
        },
        "previous": {}
    },
    "discriminator": {
        "current": "1364",
        "previous": {}
    },
    "display_name": {
        "current": "Zepher Aerlera",
        "previous": {}
    },
    "id": "305797386926817281",
    "created_at": "23-04-2017_20-09-38-484000",
    "joined_at": {
        "current": "26-01-2018_20-29-41-946000",
        "previous": {}
    },
    "bot": false,
    "game": {
        "current": {
            "name": null,
            "url": null,
            "type": null
        },
        "previous": {
            "06-12-2018_00-13-14-276644": {
                "name": null,
                "url": null,
                "type": null
            },
            "06-12-2018_01-05-49-556858": {
                "name": "Slay the Spire",
                "url": null,
                "type": 0
            },
            "30-11-2018_15-49-54-556422": {
                "name": "Slay the Spire",
                "url": null,
                "type": 0
            },
            "05-12-2018_16-27-33-714312": {
                "name": null,
                "url": null,
                "type": null
            },
            "05-12-2018_23-34-35-600797": {
                "name": "Slay the Spire",
                "url": null,
                "type": 0
            }
        }
    },
    "colour": {
        "current": 0,
        "previous": {}
    },
    "activity": {},
    "bans": {
        "current": "not banned",
        "previous": {}
    },
    "roles": {
        "current": {
            "403243508833452032": {
                "colour": 0,
                "created_at": "17-01-2018_17-45-44-408000",
                "position": 0,
                "permissions": 104324161,
                "name": "@everyone"
            }
        },
        "previous": {}
    },
    "cookies": {
        "active_epochs": 0,
        "cookie_interest": 0,
        "measured_epochs": 3,
        "get": {
            "total_cookies": 0,
            "average": 0.0
        },
        "cookies_in_jar": 0,
        "total_cookies": 0,
        "active_this_epoch": false,
        "give": {
            "total_cookies": 0,
            "average": 0.0
        },
        "current_cookies": 0,
        "cookie_transfer_quota": 0
    },
    "name": {
        "current": "Zepher Aerlera",
        "previous": {}
    }
}