{
    "voice": {
        "previous": {},
        "current": {
            "server_deaf": false,
            "channel": {
                "name": null,
                "private": null,
                "id": null
            },
            "is_afk": false,
            "self_deaf": false,
            "self_mute": false,
            "server_mute": false
        }
    },
    "created_at": "16-10-2016_22-33-58-575000",
    "game": {
        "previous": {
            "13-01-2019_18-58-47-852165": {
                "url": null,
                "type": 0,
                "name": "Overwatch"
            },
            "07-12-2018_19-07-03-633575": {
                "url": null,
                "type": 0,
                "name": "League of Legends"
            },
            "05-12-2018_16-27-33-714312": {
                "url": null,
                "type": 0,
                "name": "Minecraft"
            },
            "15-01-2019_20-05-24-063373": {
                "url": null,
                "type": 0,
                "name": "The Witcher 3: Wild Hunt"
            },
            "19-01-2019_23-47-11-591556": {
                "url": null,
                "type": 0,
                "name": "Fortnite"
            },
            "13-01-2019_23-58-57-488890": {
                "url": null,
                "type": 0,
                "name": "Middle-earth: Shadow of Mordor"
            },
            "13-01-2019_23-50-53-236086": {
                "url": null,
                "type": null,
                "name": null
            },
            "10-01-2019_03-36-57-747790": {
                "url": null,
                "type": null,
                "name": null
            },
            "17-12-2018_08-19-13-303562": {
                "url": null,
                "type": 0,
                "name": "Overwatch"
            },
            "10-01-2019_00-18-24-072293": {
                "url": null,
                "type": null,
                "name": null
            },
            "16-12-2018_22-46-26-221531": {
                "url": null,
                "type": null,
                "name": null
            },
            "18-01-2019_23-28-09-275982": {
                "url": null,
                "type": 0,
                "name": "Minecraft"
            },
            "12-01-2019_01-16-58-662867": {
                "url": null,
                "type": 0,
                "name": "Middle-earth: Shadow of Mordor"
            },
            "10-01-2019_03-33-44-007928": {
                "url": null,
                "type": 0,
                "name": "Resident Evil 6 / Biohazard 6"
            },
            "16-01-2019_22-00-47-241502": {
                "url": null,
                "type": 0,
                "name": "Minecraft"
            },
            "06-12-2018_19-01-41-672098": {
                "url": null,
                "type": 0,
                "name": "League of Legends"
            },
            "11-01-2019_22-45-11-058689": {
                "url": null,
                "type": 0,
                "name": "MONSTER HUNTER: WORLD"
            },
            "17-01-2019_17-37-42-106001": {
                "url": null,
                "type": 0,
                "name": "Fortnite"
            },
            "06-12-2018_01-05-49-556858": {
                "url": null,
                "type": 0,
                "name": "Overwatch"
            }
        },
        "current": {
            "url": null,
            "type": null,
            "name": null
        }
    },
    "joined_at": {
        "previous": {},
        "current": "17-08-2018_23-53-33-874845"
    },
    "status": {
        "previous": {
            "19-01-2019_13-47-02-065430": "dnd",
            "13-01-2019_18-58-47-852165": "offline",
            "17-12-2018_08-19-13-303562": "dnd",
            "05-12-2018_16-27-33-714312": "offline",
            "05-12-2018_15-29-30-194946": "offline",
            "06-12-2018_19-01-41-672098": "offline",
            "10-01-2019_03-36-57-747790": "offline",
            "06-12-2018_16-49-44-878444": "offline",
            "18-01-2019_15-04-28-265172": "dnd",
            "06-12-2018_01-05-49-556858": "dnd",
            "06-12-2018_17-09-51-137367": "offline",
            "10-01-2019_00-18-24-072293": "offline",
            "18-01-2019_23-28-09-275982": "offline",
            "12-01-2019_01-16-58-662867": "dnd",
            "11-01-2019_23-54-44-166805": "dnd",
            "16-01-2019_22-00-47-241502": "dnd",
            "19-01-2019_23-47-11-591556": "offline",
            "17-01-2019_17-37-42-106001": "dnd",
            "16-01-2019_15-03-07-147943": "dnd",
            "16-01-2019_20-42-02-533659": "offline"
        },
        "current": "dnd"
    },
    "bans": {
        "previous": {},
        "current": "not banned"
    },
    "cookies": {
        "active_epochs": 0,
        "total_cookies": 0,
        "cookies_in_jar": 0,
        "give": {
            "total_cookies": 0,
            "average": 0.0
        },
        "measured_epochs": 2,
        "get": {
            "total_cookies": 0,
            "average": 0.0
        },
        "cookie_transfer_quota": 0,
        "cookie_interest": 0,
        "current_cookies": 0,
        "active_this_epoch": false
    },
    "colour": {
        "previous": {},
        "current": 16777215
    },
    "roles": {
        "previous": {
            "10-01-2019_00-18-24-072293": {
                "403272352223461387": {
                    "permissions": 104187968,
                    "created_at": "17-01-2018_19-40-21-208000",
                    "colour": 0,
                    "name": "Members",
                    "position": 7
                },
                "430760351248809986": {
                    "permissions": 0,
                    "created_at": "03-04-2018_16-07-50-878000",
                    "colour": 0,
                    "name": "Current Iteration",
                    "position": 6
                },
                "403266285313589250": {
                    "permissions": 0,
                    "created_at": "17-01-2018_19-16-14-744000",
                    "colour": 16777215,
                    "name": "Abandoned Ones",
                    "position": 8
                },
                "178667818152230912": {
                    "permissions": 0,
                    "created_at": "08-05-2016_00-42-07-335000",
                    "colour": 0,
                    "name": "@everyone",
                    "position": 0
                }
            },
            "16-12-2018_21-52-39-901037": {
                "403272352223461387": {
                    "permissions": 104187968,
                    "created_at": "17-01-2018_19-40-21-208000",
                    "colour": 0,
                    "name": "Members",
                    "position": 10
                },
                "430760351248809986": {
                    "permissions": 0,
                    "created_at": "03-04-2018_16-07-50-878000",
                    "colour": 0,
                    "name": "Current Iteration",
                    "position": 9
                },
                "403266285313589250": {
                    "permissions": 0,
                    "created_at": "17-01-2018_19-16-14-744000",
                    "colour": 16777215,
                    "name": "Abandoned Ones",
                    "position": 11
                },
                "178667818152230912": {
                    "permissions": 0,
                    "created_at": "08-05-2016_00-42-07-335000",
                    "colour": 0,
                    "name": "@everyone",
                    "position": 0
                }
            },
            "17-01-2019_17-37-42-106001": {
                "403272352223461387": {
                    "permissions": 104187968,
                    "created_at": "17-01-2018_19-40-21-208000",
                    "colour": 0,
                    "name": "Members",
                    "position": 8
                },
                "430760351248809986": {
                    "permissions": 0,
                    "created_at": "03-04-2018_16-07-50-878000",
                    "colour": 0,
                    "name": "Current Iteration",
                    "position": 7
                },
                "403266285313589250": {
                    "permissions": 0,
                    "created_at": "17-01-2018_19-16-14-744000",
                    "colour": 16777215,
                    "name": "Abandoned Ones",
                    "position": 9
                },
                "178667818152230912": {
                    "permissions": 0,
                    "created_at": "08-05-2016_00-42-07-335000",
                    "colour": 0,
                    "name": "@everyone",
                    "position": 0
                }
            },
            "06-12-2018_01-05-49-556858": {
                "403272352223461387": {
                    "permissions": 104187968,
                    "created_at": "17-01-2018_19-40-21-208000",
                    "colour": 0,
                    "name": "Members",
                    "position": 12
                },
                "430760351248809986": {
                    "permissions": 0,
                    "created_at": "03-04-2018_16-07-50-878000",
                    "colour": 0,
                    "name": "Current Iteration",
                    "position": 10
                },
                "403266285313589250": {
                    "permissions": 0,
                    "created_at": "17-01-2018_19-16-14-744000",
                    "colour": 16777215,
                    "name": "Abandoned Ones",
                    "position": 13
                },
                "178667818152230912": {
                    "permissions": 0,
                    "created_at": "08-05-2016_00-42-07-335000",
                    "colour": 0,
                    "name": "@everyone",
                    "position": 0
                }
            },
            "07-12-2018_09-02-35-892853": {
                "403272352223461387": {
                    "permissions": 104187968,
                    "created_at": "17-01-2018_19-40-21-208000",
                    "colour": 0,
                    "name": "Members",
                    "position": 11
                },
                "430760351248809986": {
                    "permissions": 0,
                    "created_at": "03-04-2018_16-07-50-878000",
                    "colour": 0,
                    "name": "Current Iteration",
                    "position": 9
                },
                "403266285313589250": {
                    "permissions": 0,
                    "created_at": "17-01-2018_19-16-14-744000",
                    "colour": 16777215,
                    "name": "Abandoned Ones",
                    "position": 12
                },
                "178667818152230912": {
                    "permissions": 0,
                    "created_at": "08-05-2016_00-42-07-335000",
                    "colour": 0,
                    "name": "@everyone",
                    "position": 0
                }
            }
        },
        "current": {
            "403272352223461387": {
                "permissions": 104187968,
                "created_at": "17-01-2018_19-40-21-208000",
                "colour": 0,
                "name": "Members",
                "position": 9
            },
            "430760351248809986": {
                "permissions": 0,
                "created_at": "03-04-2018_16-07-50-878000",
                "colour": 0,
                "name": "Current Iteration",
                "position": 8
            },
            "403266285313589250": {
                "permissions": 0,
                "created_at": "17-01-2018_19-16-14-744000",
                "colour": 16777215,
                "name": "Abandoned Ones",
                "position": 10
            },
            "178667818152230912": {
                "permissions": 0,
                "created_at": "08-05-2016_00-42-07-335000",
                "colour": 0,
                "name": "@everyone",
                "position": 0
            }
        }
    },
    "discriminator": {
        "previous": {},
        "current": "6733"
    },
    "display_name": {
        "previous": {},
        "current": "Sean"
    },
    "activity": {},
    "bot": false,
    "name": {
        "previous": {},
        "current": "Qu0tte"
    },
    "id": "237342403382607872"
}