{
    "voice": {
        "previous": {
            "17-12-2018_08-19-13-303562": {
                "server_deaf": false,
                "channel": {
                    "name": "General",
                    "private": false,
                    "id": "403283673647939595"
                },
                "is_afk": false,
                "self_deaf": false,
                "self_mute": false,
                "server_mute": false
            }
        },
        "current": {
            "server_deaf": false,
            "channel": {
                "name": null,
                "private": null,
                "id": null
            },
            "is_afk": false,
            "self_deaf": false,
            "self_mute": false,
            "server_mute": false
        }
    },
    "created_at": "16-12-2016_08-35-41-389000",
    "game": {
        "previous": {},
        "current": {
            "url": null,
            "type": null,
            "name": null
        }
    },
    "joined_at": {
        "previous": {},
        "current": "16-12-2018_16-56-48-733978"
    },
    "status": {
        "previous": {
            "17-12-2018_08-19-13-303562": "idle"
        },
        "current": "offline"
    },
    "bans": {
        "previous": {},
        "current": "not banned"
    },
    "cookies": {
        "active_epochs": 0,
        "total_cookies": 0,
        "cookies_in_jar": 0,
        "give": {
            "total_cookies": 0,
            "average": 0.0
        },
        "measured_epochs": 1,
        "get": {
            "total_cookies": 0,
            "average": 0.0
        },
        "cookie_transfer_quota": 0,
        "cookie_interest": 0,
        "current_cookies": 0,
        "active_this_epoch": false
    },
    "colour": {
        "previous": {},
        "current": 16777215
    },
    "roles": {
        "previous": {
            "10-01-2019_00-18-24-072293": {
                "403272352223461387": {
                    "permissions": 104187968,
                    "created_at": "17-01-2018_19-40-21-208000",
                    "colour": 0,
                    "name": "Members",
                    "position": 7
                },
                "430760351248809986": {
                    "permissions": 0,
                    "created_at": "03-04-2018_16-07-50-878000",
                    "colour": 0,
                    "name": "Current Iteration",
                    "position": 6
                },
                "403266285313589250": {
                    "permissions": 0,
                    "created_at": "17-01-2018_19-16-14-744000",
                    "colour": 16777215,
                    "name": "Abandoned Ones",
                    "position": 8
                },
                "178667818152230912": {
                    "permissions": 0,
                    "created_at": "08-05-2016_00-42-07-335000",
                    "colour": 0,
                    "name": "@everyone",
                    "position": 0
                }
            },
            "17-01-2019_17-37-42-106001": {
                "403272352223461387": {
                    "permissions": 104187968,
                    "created_at": "17-01-2018_19-40-21-208000",
                    "colour": 0,
                    "name": "Members",
                    "position": 8
                },
                "430760351248809986": {
                    "permissions": 0,
                    "created_at": "03-04-2018_16-07-50-878000",
                    "colour": 0,
                    "name": "Current Iteration",
                    "position": 7
                },
                "403266285313589250": {
                    "permissions": 0,
                    "created_at": "17-01-2018_19-16-14-744000",
                    "colour": 16777215,
                    "name": "Abandoned Ones",
                    "position": 9
                },
                "178667818152230912": {
                    "permissions": 0,
                    "created_at": "08-05-2016_00-42-07-335000",
                    "colour": 0,
                    "name": "@everyone",
                    "position": 0
                }
            }
        },
        "current": {
            "403272352223461387": {
                "permissions": 104187968,
                "created_at": "17-01-2018_19-40-21-208000",
                "colour": 0,
                "name": "Members",
                "position": 9
            },
            "430760351248809986": {
                "permissions": 0,
                "created_at": "03-04-2018_16-07-50-878000",
                "colour": 0,
                "name": "Current Iteration",
                "position": 8
            },
            "403266285313589250": {
                "permissions": 0,
                "created_at": "17-01-2018_19-16-14-744000",
                "colour": 16777215,
                "name": "Abandoned Ones",
                "position": 10
            },
            "178667818152230912": {
                "permissions": 0,
                "created_at": "08-05-2016_00-42-07-335000",
                "colour": 0,
                "name": "@everyone",
                "position": 0
            }
        }
    },
    "discriminator": {
        "previous": {},
        "current": "5910"
    },
    "display_name": {
        "previous": {},
        "current": "Larkie"
    },
    "activity": {},
    "bot": false,
    "name": {
        "previous": {},
        "current": "Larkie"
    },
    "id": "259237101495779329"
}