{
    "voice": {
        "previous": {},
        "current": {
            "server_deaf": false,
            "channel": {
                "name": null,
                "private": null,
                "id": null
            },
            "is_afk": false,
            "self_deaf": false,
            "self_mute": false,
            "server_mute": false
        }
    },
    "created_at": "09-05-2017_21-17-31-842000",
    "game": {
        "previous": {
            "17-12-2018_08-19-13-303562": {
                "url": null,
                "type": 0,
                "name": "Minecraft"
            },
            "10-01-2019_03-36-57-747790": {
                "url": null,
                "type": 0,
                "name": "Minecraft"
            },
            "09-12-2018_10-10-43-790279": {
                "url": null,
                "type": null,
                "name": null
            },
            "15-01-2019_20-05-24-063373": {
                "url": null,
                "type": 0,
                "name": "Minecraft"
            },
            "11-12-2018_09-13-26-392726": {
                "url": null,
                "type": 0,
                "name": "Minecraft"
            },
            "13-01-2019_23-58-57-488890": {
                "url": null,
                "type": 0,
                "name": "Minecraft"
            },
            "09-12-2018_10-12-40-202519": {
                "url": null,
                "type": 0,
                "name": "Minecraft"
            },
            "16-12-2018_22-46-26-221531": {
                "url": null,
                "type": null,
                "name": null
            },
            "12-01-2019_01-16-58-662867": {
                "url": null,
                "type": 0,
                "name": "Minecraft"
            },
            "10-01-2019_03-33-44-007928": {
                "url": null,
                "type": null,
                "name": null
            },
            "16-01-2019_22-00-47-241502": {
                "url": null,
                "type": 0,
                "name": "Minecraft"
            },
            "19-01-2019_23-47-11-591556": {
                "url": null,
                "type": 0,
                "name": "Minecraft"
            },
            "17-01-2019_17-37-42-106001": {
                "url": null,
                "type": 0,
                "name": "Minecraft"
            },
            "06-12-2018_01-05-49-556858": {
                "url": null,
                "type": 0,
                "name": "Minecraft"
            }
        },
        "current": {
            "url": null,
            "type": null,
            "name": null
        }
    },
    "joined_at": {
        "previous": {},
        "current": "27-03-2018_07-22-29-867919"
    },
    "status": {
        "previous": {
            "08-12-2018_15-44-11-058097": "online",
            "17-12-2018_08-19-13-303562": "online",
            "10-01-2019_03-36-57-747790": "online",
            "15-01-2019_20-05-24-063373": "offline",
            "11-12-2018_09-13-26-392726": "online",
            "13-01-2019_23-58-57-488890": "online",
            "06-12-2018_00-08-32-850108": "online",
            "10-01-2019_00-18-24-072293": "online",
            "19-01-2019_23-47-11-591556": "offline",
            "05-12-2018_16-27-33-714312": "online",
            "16-01-2019_22-00-47-241502": "online",
            "06-12-2018_19-01-41-672098": "online",
            "06-12-2018_00-14-36-874566": "online",
            "17-01-2019_17-37-42-106001": "online",
            "10-12-2018_16-02-31-496869": "online",
            "13-01-2019_18-58-47-852165": "online",
            "16-12-2018_21-52-39-901037": "online",
            "18-01-2019_23-28-09-275982": "online",
            "09-12-2018_10-10-43-790279": "offline",
            "09-12-2018_10-12-40-202519": "online",
            "05-12-2018_23-34-35-600797": "online",
            "07-12-2018_09-02-35-892853": "online",
            "16-01-2019_15-03-07-147943": "dnd",
            "16-12-2018_22-46-26-221531": "offline",
            "06-12-2018_00-28-06-241263": "online",
            "11-01-2019_23-54-44-166805": "online",
            "06-12-2018_00-25-10-559318": "offline",
            "12-01-2019_01-16-58-662867": "online",
            "06-12-2018_01-05-49-556858": "online",
            "07-12-2018_07-42-43-243407": "offline",
            "10-01-2019_03-33-44-007928": "offline"
        },
        "current": "online"
    },
    "bans": {
        "previous": {},
        "current": "not banned"
    },
    "cookies": {
        "active_epochs": 0,
        "total_cookies": 0,
        "cookies_in_jar": 0,
        "give": {
            "total_cookies": 0,
            "average": 0.0
        },
        "measured_epochs": 9,
        "get": {
            "total_cookies": 0,
            "average": 0.0
        },
        "cookie_transfer_quota": 0,
        "cookie_interest": 0,
        "current_cookies": 0,
        "active_this_epoch": false
    },
    "colour": {
        "previous": {},
        "current": 16777215
    },
    "roles": {
        "previous": {
            "10-01-2019_00-18-24-072293": {
                "403272352223461387": {
                    "permissions": 104187968,
                    "created_at": "17-01-2018_19-40-21-208000",
                    "colour": 0,
                    "name": "Members",
                    "position": 7
                },
                "430760351248809986": {
                    "permissions": 0,
                    "created_at": "03-04-2018_16-07-50-878000",
                    "colour": 0,
                    "name": "Current Iteration",
                    "position": 6
                },
                "403266285313589250": {
                    "permissions": 0,
                    "created_at": "17-01-2018_19-16-14-744000",
                    "colour": 16777215,
                    "name": "Abandoned Ones",
                    "position": 8
                },
                "178667818152230912": {
                    "permissions": 0,
                    "created_at": "08-05-2016_00-42-07-335000",
                    "colour": 0,
                    "name": "@everyone",
                    "position": 0
                }
            },
            "16-12-2018_21-52-39-901037": {
                "403272352223461387": {
                    "permissions": 104187968,
                    "created_at": "17-01-2018_19-40-21-208000",
                    "colour": 0,
                    "name": "Members",
                    "position": 10
                },
                "430760351248809986": {
                    "permissions": 0,
                    "created_at": "03-04-2018_16-07-50-878000",
                    "colour": 0,
                    "name": "Current Iteration",
                    "position": 9
                },
                "403266285313589250": {
                    "permissions": 0,
                    "created_at": "17-01-2018_19-16-14-744000",
                    "colour": 16777215,
                    "name": "Abandoned Ones",
                    "position": 11
                },
                "178667818152230912": {
                    "permissions": 0,
                    "created_at": "08-05-2016_00-42-07-335000",
                    "colour": 0,
                    "name": "@everyone",
                    "position": 0
                }
            },
            "17-01-2019_17-37-42-106001": {
                "403272352223461387": {
                    "permissions": 104187968,
                    "created_at": "17-01-2018_19-40-21-208000",
                    "colour": 0,
                    "name": "Members",
                    "position": 8
                },
                "430760351248809986": {
                    "permissions": 0,
                    "created_at": "03-04-2018_16-07-50-878000",
                    "colour": 0,
                    "name": "Current Iteration",
                    "position": 7
                },
                "403266285313589250": {
                    "permissions": 0,
                    "created_at": "17-01-2018_19-16-14-744000",
                    "colour": 16777215,
                    "name": "Abandoned Ones",
                    "position": 9
                },
                "178667818152230912": {
                    "permissions": 0,
                    "created_at": "08-05-2016_00-42-07-335000",
                    "colour": 0,
                    "name": "@everyone",
                    "position": 0
                }
            },
            "06-12-2018_01-05-49-556858": {
                "403272352223461387": {
                    "permissions": 104187968,
                    "created_at": "17-01-2018_19-40-21-208000",
                    "colour": 0,
                    "name": "Members",
                    "position": 12
                },
                "430760351248809986": {
                    "permissions": 0,
                    "created_at": "03-04-2018_16-07-50-878000",
                    "colour": 0,
                    "name": "Current Iteration",
                    "position": 10
                },
                "403266285313589250": {
                    "permissions": 0,
                    "created_at": "17-01-2018_19-16-14-744000",
                    "colour": 16777215,
                    "name": "Abandoned Ones",
                    "position": 13
                },
                "178667818152230912": {
                    "permissions": 0,
                    "created_at": "08-05-2016_00-42-07-335000",
                    "colour": 0,
                    "name": "@everyone",
                    "position": 0
                }
            },
            "07-12-2018_09-02-35-892853": {
                "403272352223461387": {
                    "permissions": 104187968,
                    "created_at": "17-01-2018_19-40-21-208000",
                    "colour": 0,
                    "name": "Members",
                    "position": 11
                },
                "430760351248809986": {
                    "permissions": 0,
                    "created_at": "03-04-2018_16-07-50-878000",
                    "colour": 0,
                    "name": "Current Iteration",
                    "position": 9
                },
                "403266285313589250": {
                    "permissions": 0,
                    "created_at": "17-01-2018_19-16-14-744000",
                    "colour": 16777215,
                    "name": "Abandoned Ones",
                    "position": 12
                },
                "178667818152230912": {
                    "permissions": 0,
                    "created_at": "08-05-2016_00-42-07-335000",
                    "colour": 0,
                    "name": "@everyone",
                    "position": 0
                }
            }
        },
        "current": {
            "403272352223461387": {
                "permissions": 104187968,
                "created_at": "17-01-2018_19-40-21-208000",
                "colour": 0,
                "name": "Members",
                "position": 9
            },
            "430760351248809986": {
                "permissions": 0,
                "created_at": "03-04-2018_16-07-50-878000",
                "colour": 0,
                "name": "Current Iteration",
                "position": 8
            },
            "403266285313589250": {
                "permissions": 0,
                "created_at": "17-01-2018_19-16-14-744000",
                "colour": 16777215,
                "name": "Abandoned Ones",
                "position": 10
            },
            "178667818152230912": {
                "permissions": 0,
                "created_at": "08-05-2016_00-42-07-335000",
                "colour": 0,
                "name": "@everyone",
                "position": 0
            }
        }
    },
    "discriminator": {
        "previous": {},
        "current": "1763"
    },
    "display_name": {
        "previous": {},
        "current": "Bees???"
    },
    "activity": {},
    "bot": false,
    "name": {
        "previous": {},
        "current": "\ud83c\udf3b\ud835\ude77\ud835\ude98\ud835\ude97\ud835\ude8e\ud835\udea2\ud83c\udf3b"
    },
    "id": "311612677678170113"
}