{
    "status": {
        "current": "offline",
        "previous": {
            "19-01-2019_13-47-02-065430": "offline",
            "25-01-2019_00-26-23-076062": "offline",
            "12-01-2019_01-16-58-662867": "dnd",
            "16-01-2019_15-03-07-147943": "offline",
            "17-01-2019_17-37-42-106001": "dnd",
            "12-12-2018_11-49-23-541900": "online",
            "10-01-2019_00-18-24-072293": "offline",
            "13-01-2019_23-58-57-488890": "offline",
            "18-01-2019_15-04-28-265172": "offline",
            "17-12-2018_08-19-13-303562": "dnd",
            "16-12-2018_22-46-26-221531": "online",
            "10-12-2018_16-02-31-496869": "online",
            "13-01-2019_18-58-47-852165": "offline",
            "23-01-2019_23-06-46-438605": "dnd",
            "06-12-2018_19-01-41-672098": "online",
            "10-01-2019_03-36-57-747790": "offline",
            "06-12-2018_15-40-12-725739": "online",
            "05-12-2018_16-27-33-714312": "online",
            "08-12-2018_15-44-11-058097": "online",
            "06-12-2018_15-27-46-642824": "online",
            "05-12-2018_23-17-11-812802": "online",
            "15-01-2019_20-05-24-063373": "dnd",
            "06-12-2018_17-09-51-137367": "online",
            "06-12-2018_15-04-14-303670": "online",
            "25-01-2019_15-28-36-671537": "dnd",
            "16-01-2019_22-00-47-241502": "dnd",
            "16-12-2018_21-52-39-901037": "offline",
            "25-01-2019_18-03-01-080213": "dnd",
            "11-12-2018_09-13-26-392726": "online",
            "19-01-2019_23-47-11-591556": "idle"
        }
    },
    "discriminator": {
        "current": "7744",
        "previous": {}
    },
    "colour": {
        "current": 15632622,
        "previous": {}
    },
    "activity": {
        "2018": {
            "12": {
                "9": {
                    "0": {
                        "403084655550791682": 2
                    }
                },
                "16": {
                    "22": {
                        "523913649182605330": 10
                    },
                    "23": {
                        "523913649182605330": 1
                    }
                },
                "12": {
                    "4": {
                        "403084655550791682": 1
                    }
                },
                "10": {
                    "18": {
                        "403084790401728512": 1
                    }
                },
                "5": {
                    "18": {
                        "403086550851911681": 2
                    }
                }
            }
        },
        "2019": {
            "1": {
                "16": {
                    "2": {
                        "404067128786944002": 5,
                        "403086550851911681": 1
                    },
                    "22": {
                        "532712820454719492": 9,
                        "404067128786944002": 2
                    },
                    "1": {
                        "404067128786944002": 4,
                        "403084655550791682": 1
                    },
                    "23": {
                        "532712820454719492": 1,
                        "523913649182605330": 1
                    },
                    "19": {
                        "403084763591606273": 17,
                        "403084655550791682": 16
                    }
                },
                "10": {
                    "18": {
                        "532712820454719492": 15,
                        "523913649182605330": 1
                    },
                    "21": {
                        "523913649182605330": 9
                    },
                    "3": {
                        "532712820454719492": 41,
                        "523913649182605330": 3
                    },
                    "1": {
                        "523913649182605330": 2
                    },
                    "4": {
                        "532712820454719492": 7
                    },
                    "19": {
                        "523913649182605330": 2
                    },
                    "2": {
                        "532712820454719492": 29,
                        "523913649182605330": 42
                    },
                    "0": {
                        "523913649182605330": 9
                    },
                    "22": {
                        "523913649182605330": 1
                    },
                    "20": {
                        "532712820454719492": 1,
                        "523913649182605330": 6
                    }
                },
                "14": {
                    "21": {
                        "523913649182605330": 3
                    },
                    "22": {
                        "523913649182605330": 5
                    },
                    "23": {
                        "523913649182605330": 1
                    },
                    "17": {
                        "403084655550791682": 2
                    },
                    "20": {
                        "523913649182605330": 1
                    }
                },
                "15": {
                    "23": {
                        "403084655550791682": 1
                    }
                },
                "24": {
                    "0": {
                        "523913649182605330": 1
                    }
                },
                "25": {
                    "0": {
                        "523913649182605330": 1,
                        "410813767840956416": 19,
                        "403084655550791682": 1
                    },
                    "5": {
                        "535533512892219392": 1
                    },
                    "1": {
                        "410813767840956416": 6
                    },
                    "13": {
                        "403084655550791682": 1
                    },
                    "6": {
                        "535533512892219392": 2
                    }
                },
                "23": {
                    "23": {
                        "535533512892219392": 3,
                        "523913649182605330": 7
                    }
                },
                "17": {
                    "2": {
                        "523913649182605330": 1,
                        "403084655550791682": 1
                    },
                    "22": {
                        "535533512892219392": 22,
                        "403084763591606273": 3,
                        "523913649182605330": 1,
                        "403086550851911681": 3
                    },
                    "21": {
                        "403086550851911681": 1
                    },
                    "23": {
                        "535533512892219392": 6
                    },
                    "20": {
                        "532712820454719492": 1,
                        "523913649182605330": 2,
                        "403084655550791682": 1
                    }
                },
                "20": {
                    "18": {
                        "403084655550791682": 5
                    }
                },
                "18": {
                    "21": {
                        "535533512892219392": 59
                    },
                    "22": {
                        "535533512892219392": 13
                    },
                    "1": {
                        "535533512892219392": 15,
                        "532712820454719492": 6,
                        "523913649182605330": 3
                    },
                    "19": {
                        "535533512892219392": 9,
                        "532712820454719492": 1,
                        "403084763591606273": 1
                    },
                    "0": {
                        "535533512892219392": 7,
                        "532712820454719492": 11,
                        "523913649182605330": 4
                    },
                    "23": {
                        "535533512892219392": 7,
                        "532712820454719492": 31
                    },
                    "20": {
                        "535533512892219392": 18,
                        "532712820454719492": 5
                    }
                },
                "19": {
                    "0": {
                        "535533512892219392": 1,
                        "532712820454719492": 1
                    },
                    "1": {
                        "535533512892219392": 1
                    }
                },
                "11": {
                    "22": {
                        "523913649182605330": 3
                    },
                    "23": {
                        "523913649182605330": 9
                    }
                },
                "13": {
                    "2": {
                        "523913649182605330": 2
                    },
                    "22": {
                        "523913649182605330": 1
                    },
                    "1": {
                        "523913649182605330": 18
                    },
                    "19": {
                        "523913649182605330": 5
                    },
                    "0": {
                        "523913649182605330": 4
                    },
                    "23": {
                        "523913649182605330": 2,
                        "403084655550791682": 30
                    },
                    "7": {
                        "403084790401728512": 2
                    },
                    "20": {
                        "523913649182605330": 7
                    }
                },
                "12": {
                    "0": {
                        "532712820454719492": 14,
                        "523913649182605330": 48
                    },
                    "1": {
                        "523913649182605330": 18,
                        "403086550851911681": 3,
                        "403084655550791682": 2
                    },
                    "22": {
                        "523913649182605330": 4
                    }
                }
            }
        }
    },
    "roles": {
        "current": {
            "373129696960970762": {
                "name": "Staff",
                "created_at": "26-10-2017_15-24-12-170000",
                "permissions": 0,
                "colour": 0,
                "position": 20
            },
            "178667818152230912": {
                "name": "@everyone",
                "created_at": "08-05-2016_00-42-07-335000",
                "permissions": 0,
                "colour": 0,
                "position": 0
            },
            "403266285313589250": {
                "name": "Abandoned Ones",
                "created_at": "17-01-2018_19-16-14-744000",
                "permissions": 0,
                "colour": 16777215,
                "position": 11
            },
            "187986584686166017": {
                "name": "Head of Community Relations",
                "created_at": "02-06-2016_17-51-34-411000",
                "permissions": 1610079487,
                "colour": 15632622,
                "position": 26
            },
            "403272352223461387": {
                "name": "Members",
                "created_at": "17-01-2018_19-40-21-208000",
                "permissions": 104187968,
                "colour": 0,
                "position": 10
            },
            "469889716435812353": {
                "name": "High Council",
                "created_at": "20-07-2018_15-33-58-527000",
                "permissions": 2146954743,
                "colour": 0,
                "position": 28
            },
            "400699163026653184": {
                "name": "Community Managers",
                "created_at": "10-01-2018_17-15-25-096000",
                "permissions": 1342308369,
                "colour": 16728548,
                "position": 18
            },
            "523917597138354193": {
                "name": "Yeeters",
                "created_at": "16-12-2018_17-41-29-076000",
                "permissions": 0,
                "colour": 16714995,
                "position": 2
            }
        },
        "previous": {
            "11-01-2019_23-54-44-166805": {
                "373129696960970762": {
                    "position": 16,
                    "created_at": "26-10-2017_15-24-12-170000",
                    "permissions": 0,
                    "colour": 16711680,
                    "name": "Staff"
                },
                "178667818152230912": {
                    "position": 0,
                    "created_at": "08-05-2016_00-42-07-335000",
                    "permissions": 0,
                    "colour": 0,
                    "name": "@everyone"
                },
                "403266285313589250": {
                    "position": 9,
                    "created_at": "17-01-2018_19-16-14-744000",
                    "permissions": 0,
                    "colour": 16777215,
                    "name": "Abandoned Ones"
                },
                "187986584686166017": {
                    "position": 26,
                    "created_at": "02-06-2016_17-51-34-411000",
                    "permissions": 1610079487,
                    "colour": 15632622,
                    "name": "Head of Community Relations"
                },
                "403272352223461387": {
                    "position": 8,
                    "created_at": "17-01-2018_19-40-21-208000",
                    "permissions": 104187968,
                    "colour": 0,
                    "name": "Members"
                },
                "469889716435812353": {
                    "position": 28,
                    "created_at": "20-07-2018_15-33-58-527000",
                    "permissions": 8,
                    "colour": 0,
                    "name": "High Council"
                },
                "404068252361162759": {
                    "position": 4,
                    "created_at": "20-01-2018_00-22-58-588000",
                    "permissions": 0,
                    "colour": 0,
                    "name": "Under Where?"
                },
                "430760351248809986": {
                    "position": 7,
                    "created_at": "03-04-2018_16-07-50-878000",
                    "permissions": 0,
                    "colour": 0,
                    "name": "Current Iteration"
                },
                "400699163026653184": {
                    "position": 19,
                    "created_at": "10-01-2018_17-15-25-096000",
                    "permissions": 129,
                    "colour": 16728548,
                    "name": "Community Managers"
                },
                "523917597138354193": {
                    "position": 3,
                    "created_at": "16-12-2018_17-41-29-076000",
                    "permissions": 0,
                    "colour": 16714995,
                    "name": "Yeeters"
                }
            },
            "07-12-2018_07-51-11-182069": {
                "373129696960970762": {
                    "position": 18,
                    "created_at": "26-10-2017_15-24-12-170000",
                    "permissions": 0,
                    "colour": 16711680,
                    "name": "Staff"
                },
                "178667818152230912": {
                    "position": 0,
                    "created_at": "08-05-2016_00-42-07-335000",
                    "permissions": 0,
                    "colour": 0,
                    "name": "@everyone"
                },
                "403272352223461387": {
                    "position": 11,
                    "created_at": "17-01-2018_19-40-21-208000",
                    "permissions": 104187968,
                    "colour": 0,
                    "name": "Members"
                },
                "187986584686166017": {
                    "position": 28,
                    "created_at": "02-06-2016_17-51-34-411000",
                    "permissions": 1610079487,
                    "colour": 15632622,
                    "name": "Head of Community Relations"
                },
                "469889716435812353": {
                    "position": 30,
                    "created_at": "20-07-2018_15-33-58-527000",
                    "permissions": 8,
                    "colour": 0,
                    "name": "High Council"
                },
                "404068252361162759": {
                    "position": 16,
                    "created_at": "20-01-2018_00-22-58-588000",
                    "permissions": 0,
                    "colour": 0,
                    "name": "Under Where?"
                },
                "430760351248809986": {
                    "position": 9,
                    "created_at": "03-04-2018_16-07-50-878000",
                    "permissions": 0,
                    "colour": 0,
                    "name": "Current Iteration"
                },
                "403266269220175892": {
                    "position": 15,
                    "created_at": "17-01-2018_19-16-10-907000",
                    "permissions": 262208,
                    "colour": 1033914,
                    "name": "Mythical Ones"
                },
                "400699163026653184": {
                    "position": 21,
                    "created_at": "10-01-2018_17-15-25-096000",
                    "permissions": 129,
                    "colour": 16728548,
                    "name": "Community Managers"
                }
            },
            "25-01-2019_18-03-01-080213": {
                "373129696960970762": {
                    "position": 17,
                    "created_at": "26-10-2017_15-24-12-170000",
                    "permissions": 0,
                    "colour": 16711680,
                    "name": "Staff"
                },
                "178667818152230912": {
                    "position": 0,
                    "created_at": "08-05-2016_00-42-07-335000",
                    "permissions": 0,
                    "colour": 0,
                    "name": "@everyone"
                },
                "403266285313589250": {
                    "position": 12,
                    "created_at": "17-01-2018_19-16-14-744000",
                    "permissions": 0,
                    "colour": 16777215,
                    "name": "Abandoned Ones"
                },
                "187986584686166017": {
                    "position": 27,
                    "created_at": "02-06-2016_17-51-34-411000",
                    "permissions": 1610079487,
                    "colour": 15632622,
                    "name": "Head of Community Relations"
                },
                "403272352223461387": {
                    "position": 11,
                    "created_at": "17-01-2018_19-40-21-208000",
                    "permissions": 104187968,
                    "colour": 0,
                    "name": "Members"
                },
                "469889716435812353": {
                    "position": 29,
                    "created_at": "20-07-2018_15-33-58-527000",
                    "permissions": 2146954743,
                    "colour": 0,
                    "name": "High Council"
                },
                "400699163026653184": {
                    "position": 20,
                    "created_at": "10-01-2018_17-15-25-096000",
                    "permissions": 1342308369,
                    "colour": 16728548,
                    "name": "Community Managers"
                },
                "523917597138354193": {
                    "position": 2,
                    "created_at": "16-12-2018_17-41-29-076000",
                    "permissions": 0,
                    "colour": 16714995,
                    "name": "Yeeters"
                }
            },
            "25-01-2019_00-26-23-076062": {
                "373129696960970762": {
                    "position": 17,
                    "created_at": "26-10-2017_15-24-12-170000",
                    "permissions": 0,
                    "colour": 16711680,
                    "name": "Staff"
                },
                "178667818152230912": {
                    "position": 0,
                    "created_at": "08-05-2016_00-42-07-335000",
                    "permissions": 0,
                    "colour": 0,
                    "name": "@everyone"
                },
                "403266285313589250": {
                    "position": 10,
                    "created_at": "17-01-2018_19-16-14-744000",
                    "permissions": 0,
                    "colour": 16777215,
                    "name": "Abandoned Ones"
                },
                "187986584686166017": {
                    "position": 27,
                    "created_at": "02-06-2016_17-51-34-411000",
                    "permissions": 1610079487,
                    "colour": 15632622,
                    "name": "Head of Community Relations"
                },
                "403272352223461387": {
                    "position": 9,
                    "created_at": "17-01-2018_19-40-21-208000",
                    "permissions": 104187968,
                    "colour": 0,
                    "name": "Members"
                },
                "469889716435812353": {
                    "position": 29,
                    "created_at": "20-07-2018_15-33-58-527000",
                    "permissions": 2146954743,
                    "colour": 0,
                    "name": "High Council"
                },
                "430760351248809986": {
                    "position": 8,
                    "created_at": "03-04-2018_16-07-50-878000",
                    "permissions": 0,
                    "colour": 0,
                    "name": "Current Iteration"
                },
                "400699163026653184": {
                    "position": 20,
                    "created_at": "10-01-2018_17-15-25-096000",
                    "permissions": 1342177297,
                    "colour": 16728548,
                    "name": "Community Managers"
                },
                "523917597138354193": {
                    "position": 2,
                    "created_at": "16-12-2018_17-41-29-076000",
                    "permissions": 0,
                    "colour": 16714995,
                    "name": "Yeeters"
                }
            },
            "17-01-2019_17-37-42-106001": {
                "373129696960970762": {
                    "position": 17,
                    "created_at": "26-10-2017_15-24-12-170000",
                    "permissions": 0,
                    "colour": 16711680,
                    "name": "Staff"
                },
                "178667818152230912": {
                    "position": 0,
                    "created_at": "08-05-2016_00-42-07-335000",
                    "permissions": 0,
                    "colour": 0,
                    "name": "@everyone"
                },
                "403266285313589250": {
                    "position": 10,
                    "created_at": "17-01-2018_19-16-14-744000",
                    "permissions": 0,
                    "colour": 16777215,
                    "name": "Abandoned Ones"
                },
                "187986584686166017": {
                    "position": 27,
                    "created_at": "02-06-2016_17-51-34-411000",
                    "permissions": 1610079487,
                    "colour": 15632622,
                    "name": "Head of Community Relations"
                },
                "403272352223461387": {
                    "position": 9,
                    "created_at": "17-01-2018_19-40-21-208000",
                    "permissions": 104187968,
                    "colour": 0,
                    "name": "Members"
                },
                "469889716435812353": {
                    "position": 29,
                    "created_at": "20-07-2018_15-33-58-527000",
                    "permissions": 2146954743,
                    "colour": 0,
                    "name": "High Council"
                },
                "430760351248809986": {
                    "position": 8,
                    "created_at": "03-04-2018_16-07-50-878000",
                    "permissions": 0,
                    "colour": 0,
                    "name": "Current Iteration"
                },
                "400699163026653184": {
                    "position": 20,
                    "created_at": "10-01-2018_17-15-25-096000",
                    "permissions": 1073741953,
                    "colour": 16728548,
                    "name": "Community Managers"
                },
                "523917597138354193": {
                    "position": 2,
                    "created_at": "16-12-2018_17-41-29-076000",
                    "permissions": 0,
                    "colour": 16714995,
                    "name": "Yeeters"
                }
            },
            "16-12-2018_21-52-39-901037": {
                "373129696960970762": {
                    "position": 18,
                    "created_at": "26-10-2017_15-24-12-170000",
                    "permissions": 0,
                    "colour": 16711680,
                    "name": "Staff"
                },
                "400699163026653184": {
                    "position": 21,
                    "created_at": "10-01-2018_17-15-25-096000",
                    "permissions": 129,
                    "colour": 16728548,
                    "name": "Community Managers"
                },
                "403266285313589250": {
                    "position": 11,
                    "created_at": "17-01-2018_19-16-14-744000",
                    "permissions": 0,
                    "colour": 16777215,
                    "name": "Abandoned Ones"
                },
                "187986584686166017": {
                    "position": 28,
                    "created_at": "02-06-2016_17-51-34-411000",
                    "permissions": 1610079487,
                    "colour": 15632622,
                    "name": "Head of Community Relations"
                },
                "403272352223461387": {
                    "position": 10,
                    "created_at": "17-01-2018_19-40-21-208000",
                    "permissions": 104187968,
                    "colour": 0,
                    "name": "Members"
                },
                "469889716435812353": {
                    "position": 30,
                    "created_at": "20-07-2018_15-33-58-527000",
                    "permissions": 8,
                    "colour": 0,
                    "name": "High Council"
                },
                "404068252361162759": {
                    "position": 16,
                    "created_at": "20-01-2018_00-22-58-588000",
                    "permissions": 0,
                    "colour": 0,
                    "name": "Under Where?"
                },
                "430760351248809986": {
                    "position": 9,
                    "created_at": "03-04-2018_16-07-50-878000",
                    "permissions": 0,
                    "colour": 0,
                    "name": "Current Iteration"
                },
                "178667818152230912": {
                    "position": 0,
                    "created_at": "08-05-2016_00-42-07-335000",
                    "permissions": 0,
                    "colour": 0,
                    "name": "@everyone"
                }
            },
            "10-01-2019_00-18-24-072293": {
                "373129696960970762": {
                    "position": 14,
                    "created_at": "26-10-2017_15-24-12-170000",
                    "permissions": 0,
                    "colour": 16711680,
                    "name": "Staff"
                },
                "178667818152230912": {
                    "position": 0,
                    "created_at": "08-05-2016_00-42-07-335000",
                    "permissions": 0,
                    "colour": 0,
                    "name": "@everyone"
                },
                "403266285313589250": {
                    "position": 8,
                    "created_at": "17-01-2018_19-16-14-744000",
                    "permissions": 0,
                    "colour": 16777215,
                    "name": "Abandoned Ones"
                },
                "187986584686166017": {
                    "position": 24,
                    "created_at": "02-06-2016_17-51-34-411000",
                    "permissions": 1610079487,
                    "colour": 15632622,
                    "name": "Head of Community Relations"
                },
                "403272352223461387": {
                    "position": 7,
                    "created_at": "17-01-2018_19-40-21-208000",
                    "permissions": 104187968,
                    "colour": 0,
                    "name": "Members"
                },
                "469889716435812353": {
                    "position": 26,
                    "created_at": "20-07-2018_15-33-58-527000",
                    "permissions": 8,
                    "colour": 0,
                    "name": "High Council"
                },
                "404068252361162759": {
                    "position": 2,
                    "created_at": "20-01-2018_00-22-58-588000",
                    "permissions": 0,
                    "colour": 0,
                    "name": "Under Where?"
                },
                "430760351248809986": {
                    "position": 6,
                    "created_at": "03-04-2018_16-07-50-878000",
                    "permissions": 0,
                    "colour": 0,
                    "name": "Current Iteration"
                },
                "400699163026653184": {
                    "position": 17,
                    "created_at": "10-01-2018_17-15-25-096000",
                    "permissions": 129,
                    "colour": 16728548,
                    "name": "Community Managers"
                },
                "523917597138354193": {
                    "position": 1,
                    "created_at": "16-12-2018_17-41-29-076000",
                    "permissions": 0,
                    "colour": 16714995,
                    "name": "Yeeters"
                }
            },
            "06-12-2018_01-05-49-556858": {
                "373129696960970762": {
                    "position": 19,
                    "created_at": "26-10-2017_15-24-12-170000",
                    "permissions": 0,
                    "colour": 16711680,
                    "name": "Staff"
                },
                "178667818152230912": {
                    "position": 0,
                    "created_at": "08-05-2016_00-42-07-335000",
                    "permissions": 0,
                    "colour": 0,
                    "name": "@everyone"
                },
                "403272352223461387": {
                    "position": 12,
                    "created_at": "17-01-2018_19-40-21-208000",
                    "permissions": 104187968,
                    "colour": 0,
                    "name": "Members"
                },
                "187986584686166017": {
                    "position": 29,
                    "created_at": "02-06-2016_17-51-34-411000",
                    "permissions": 1610079487,
                    "colour": 15632622,
                    "name": "Head of Community Relations"
                },
                "469889716435812353": {
                    "position": 31,
                    "created_at": "20-07-2018_15-33-58-527000",
                    "permissions": 8,
                    "colour": 0,
                    "name": "High Council"
                },
                "404068252361162759": {
                    "position": 17,
                    "created_at": "20-01-2018_00-22-58-588000",
                    "permissions": 0,
                    "colour": 0,
                    "name": "Under Where?"
                },
                "430760351248809986": {
                    "position": 10,
                    "created_at": "03-04-2018_16-07-50-878000",
                    "permissions": 0,
                    "colour": 0,
                    "name": "Current Iteration"
                },
                "403266269220175892": {
                    "position": 16,
                    "created_at": "17-01-2018_19-16-10-907000",
                    "permissions": 262208,
                    "colour": 1033914,
                    "name": "Mythical Ones"
                },
                "400699163026653184": {
                    "position": 22,
                    "created_at": "10-01-2018_17-15-25-096000",
                    "permissions": 129,
                    "colour": 16728548,
                    "name": "Community Managers"
                }
            },
            "18-01-2019_23-28-09-275982": {
                "373129696960970762": {
                    "position": 17,
                    "created_at": "26-10-2017_15-24-12-170000",
                    "permissions": 0,
                    "colour": 16711680,
                    "name": "Staff"
                },
                "178667818152230912": {
                    "position": 0,
                    "created_at": "08-05-2016_00-42-07-335000",
                    "permissions": 0,
                    "colour": 0,
                    "name": "@everyone"
                },
                "403266285313589250": {
                    "position": 10,
                    "created_at": "17-01-2018_19-16-14-744000",
                    "permissions": 0,
                    "colour": 16777215,
                    "name": "Abandoned Ones"
                },
                "187986584686166017": {
                    "position": 27,
                    "created_at": "02-06-2016_17-51-34-411000",
                    "permissions": 1610079487,
                    "colour": 15632622,
                    "name": "Head of Community Relations"
                },
                "403272352223461387": {
                    "position": 9,
                    "created_at": "17-01-2018_19-40-21-208000",
                    "permissions": 104187968,
                    "colour": 0,
                    "name": "Members"
                },
                "469889716435812353": {
                    "position": 29,
                    "created_at": "20-07-2018_15-33-58-527000",
                    "permissions": 2146954743,
                    "colour": 0,
                    "name": "High Council"
                },
                "430760351248809986": {
                    "position": 8,
                    "created_at": "03-04-2018_16-07-50-878000",
                    "permissions": 0,
                    "colour": 0,
                    "name": "Current Iteration"
                },
                "400699163026653184": {
                    "position": 20,
                    "created_at": "10-01-2018_17-15-25-096000",
                    "permissions": 1342177409,
                    "colour": 16728548,
                    "name": "Community Managers"
                },
                "523917597138354193": {
                    "position": 2,
                    "created_at": "16-12-2018_17-41-29-076000",
                    "permissions": 0,
                    "colour": 16714995,
                    "name": "Yeeters"
                }
            },
            "07-12-2018_09-02-35-892853": {
                "373129696960970762": {
                    "position": 18,
                    "created_at": "26-10-2017_15-24-12-170000",
                    "permissions": 0,
                    "colour": 16711680,
                    "name": "Staff"
                },
                "400699163026653184": {
                    "position": 21,
                    "created_at": "10-01-2018_17-15-25-096000",
                    "permissions": 129,
                    "colour": 16728548,
                    "name": "Community Managers"
                },
                "403266285313589250": {
                    "position": 12,
                    "created_at": "17-01-2018_19-16-14-744000",
                    "permissions": 0,
                    "colour": 16777215,
                    "name": "Abandoned Ones"
                },
                "187986584686166017": {
                    "position": 28,
                    "created_at": "02-06-2016_17-51-34-411000",
                    "permissions": 1610079487,
                    "colour": 15632622,
                    "name": "Head of Community Relations"
                },
                "403272352223461387": {
                    "position": 11,
                    "created_at": "17-01-2018_19-40-21-208000",
                    "permissions": 104187968,
                    "colour": 0,
                    "name": "Members"
                },
                "469889716435812353": {
                    "position": 30,
                    "created_at": "20-07-2018_15-33-58-527000",
                    "permissions": 8,
                    "colour": 0,
                    "name": "High Council"
                },
                "404068252361162759": {
                    "position": 16,
                    "created_at": "20-01-2018_00-22-58-588000",
                    "permissions": 0,
                    "colour": 0,
                    "name": "Under Where?"
                },
                "430760351248809986": {
                    "position": 9,
                    "created_at": "03-04-2018_16-07-50-878000",
                    "permissions": 0,
                    "colour": 0,
                    "name": "Current Iteration"
                },
                "178667818152230912": {
                    "position": 0,
                    "created_at": "08-05-2016_00-42-07-335000",
                    "permissions": 0,
                    "colour": 0,
                    "name": "@everyone"
                }
            }
        }
    },
    "joined_at": {
        "current": "08-05-2016_00-42-07-338000",
        "previous": {}
    },
    "display_name": {
        "current": "Punky Dory",
        "previous": {
            "11-01-2019_23-54-44-166805": "Not The Owner",
            "10-01-2019_00-18-24-072293": "Mr Lechanta Claus",
            "25-01-2019_00-26-23-076062": "That guy who talks"
        }
    },
    "bans": {
        "current": "not banned",
        "previous": {}
    },
    "cookies": {
        "current_cookies": 0,
        "cookie_interest": 0,
        "total_cookies": 0,
        "active_this_epoch": false,
        "cookie_transfer_quota": 0,
        "active_epochs": 1,
        "measured_epochs": 9,
        "cookies_in_jar": 0,
        "get": {
            "total_cookies": 0,
            "average": 0.0
        },
        "give": {
            "total_cookies": 1,
            "average": 0.1111111111111111
        }
    },
    "created_at": "08-03-2016_20-33-58-292000",
    "name": {
        "current": "Lechaim",
        "previous": {
            "10-01-2019_03-36-57-747790": "Itsyaboi"
        }
    },
    "bot": false,
    "id": "156862097043619840",
    "game": {
        "current": {
            "name": null,
            "type": null,
            "url": null
        },
        "previous": {}
    },
    "voice": {
        "current": {
            "is_afk": false,
            "server_deaf": false,
            "self_mute": false,
            "server_mute": false,
            "self_deaf": false,
            "channel": {
                "private": null,
                "id": null,
                "name": null
            }
        },
        "previous": {
            "10-01-2019_03-36-57-747790": {
                "is_afk": false,
                "server_deaf": false,
                "self_mute": false,
                "server_mute": false,
                "self_deaf": false,
                "channel": {
                    "private": null,
                    "id": null,
                    "name": null
                }
            },
            "19-01-2019_13-47-02-065430": {
                "is_afk": false,
                "server_deaf": false,
                "self_mute": false,
                "server_mute": false,
                "self_deaf": false,
                "channel": {
                    "private": null,
                    "id": null,
                    "name": null
                }
            },
            "12-01-2019_01-16-58-662867": {
                "is_afk": false,
                "server_deaf": false,
                "self_mute": false,
                "server_mute": false,
                "self_deaf": false,
                "channel": {
                    "private": false,
                    "id": "523902470724911105",
                    "name": "simply-yeet"
                }
            },
            "23-01-2019_21-15-24-922386": {
                "is_afk": false,
                "server_deaf": false,
                "self_mute": false,
                "server_mute": false,
                "self_deaf": false,
                "channel": {
                    "private": null,
                    "id": null,
                    "name": null
                }
            },
            "17-01-2019_17-37-42-106001": {
                "is_afk": false,
                "server_deaf": false,
                "self_mute": false,
                "server_mute": false,
                "self_deaf": false,
                "channel": {
                    "private": false,
                    "id": "523902470724911105",
                    "name": "simply-yeet"
                }
            },
            "16-01-2019_22-00-47-241502": {
                "is_afk": false,
                "server_deaf": false,
                "self_mute": false,
                "server_mute": false,
                "self_deaf": false,
                "channel": {
                    "private": false,
                    "id": "523902470724911105",
                    "name": "simply-yeet"
                }
            },
            "10-01-2019_00-18-24-072293": {
                "is_afk": false,
                "server_deaf": false,
                "self_mute": true,
                "server_mute": false,
                "self_deaf": false,
                "channel": {
                    "private": false,
                    "id": "403086522146095104",
                    "name": "Under Where"
                }
            },
            "13-01-2019_23-58-57-488890": {
                "is_afk": false,
                "server_deaf": false,
                "self_mute": true,
                "server_mute": false,
                "self_deaf": true,
                "channel": {
                    "private": false,
                    "id": "523902470724911105",
                    "name": "simply-yeet"
                }
            },
            "18-01-2019_15-04-28-265172": {
                "is_afk": false,
                "server_deaf": false,
                "self_mute": false,
                "server_mute": false,
                "self_deaf": false,
                "channel": {
                    "private": null,
                    "id": null,
                    "name": null
                }
            },
            "18-01-2019_23-28-09-275982": {
                "is_afk": false,
                "server_deaf": false,
                "self_mute": false,
                "server_mute": false,
                "self_deaf": false,
                "channel": {
                    "private": false,
                    "id": "523902470724911105",
                    "name": "simply-yeet"
                }
            },
            "16-01-2019_20-42-02-533659": {
                "is_afk": false,
                "server_deaf": false,
                "self_mute": false,
                "server_mute": false,
                "self_deaf": false,
                "channel": {
                    "private": null,
                    "id": null,
                    "name": null
                }
            },
            "16-12-2018_21-52-39-901037": {
                "is_afk": false,
                "server_deaf": false,
                "self_mute": false,
                "server_mute": false,
                "self_deaf": false,
                "channel": {
                    "private": null,
                    "id": null,
                    "name": null
                }
            },
            "17-12-2018_08-19-13-303562": {
                "is_afk": false,
                "server_deaf": false,
                "self_mute": false,
                "server_mute": false,
                "self_deaf": false,
                "channel": {
                    "private": false,
                    "id": "403283673647939595",
                    "name": "General"
                }
            },
            "18-01-2019_22-56-50-509179": {
                "is_afk": false,
                "server_deaf": false,
                "self_mute": false,
                "server_mute": false,
                "self_deaf": false,
                "channel": {
                    "private": false,
                    "id": "535533609617195018",
                    "name": "Kinky Kat Chat"
                }
            },
            "13-01-2019_18-58-47-852165": {
                "is_afk": false,
                "server_deaf": false,
                "self_mute": false,
                "server_mute": false,
                "self_deaf": false,
                "channel": {
                    "private": null,
                    "id": null,
                    "name": null
                }
            },
            "23-01-2019_23-06-46-438605": {
                "is_afk": false,
                "server_deaf": false,
                "self_mute": false,
                "server_mute": false,
                "self_deaf": false,
                "channel": {
                    "private": false,
                    "id": "523902470724911105",
                    "name": "simply-yeet"
                }
            },
            "15-01-2019_20-05-24-063373": {
                "is_afk": false,
                "server_deaf": false,
                "self_mute": false,
                "server_mute": false,
                "self_deaf": false,
                "channel": {
                    "private": false,
                    "id": "523902470724911105",
                    "name": "simply-yeet"
                }
            },
            "19-01-2019_23-47-11-591556": {
                "is_afk": false,
                "server_deaf": false,
                "self_mute": false,
                "server_mute": false,
                "self_deaf": false,
                "channel": {
                    "private": false,
                    "id": "535533609617195018",
                    "name": "Kinky Kat Chat"
                }
            }
        }
    }
}