{
    "status": {
        "current": "online",
        "previous": {
            "10-01-2019_03-36-57-747790": "online",
            "11-01-2019_22-45-11-058689": "offline",
            "25-01-2019_00-26-23-076062": "online",
            "12-01-2019_01-16-58-662867": "online",
            "16-01-2019_15-03-07-147943": "offline",
            "17-01-2019_17-37-42-106001": "idle",
            "16-01-2019_22-00-47-241502": "online",
            "25-01-2019_18-03-01-080213": "offline",
            "13-01-2019_23-58-57-488890": "online",
            "16-01-2019_20-42-02-533659": "idle",
            "19-01-2019_13-47-02-065430": "offline",
            "18-01-2019_22-56-50-509179": "offline",
            "13-01-2019_18-58-47-852165": "offline",
            "23-01-2019_23-06-46-438605": "online",
            "15-01-2019_20-05-24-063373": "online",
            "19-01-2019_23-47-11-591556": "offline"
        }
    },
    "discriminator": {
        "current": "8614",
        "previous": {}
    },
    "colour": {
        "current": 16777215,
        "previous": {}
    },
    "activity": {},
    "roles": {
        "current": {
            "178667818152230912": {
                "name": "@everyone",
                "created_at": "08-05-2016_00-42-07-335000",
                "permissions": 0,
                "colour": 0,
                "position": 0
            },
            "403266285313589250": {
                "name": "Abandoned Ones",
                "created_at": "17-01-2018_19-16-14-744000",
                "permissions": 0,
                "colour": 16777215,
                "position": 11
            },
            "403272352223461387": {
                "name": "Members",
                "created_at": "17-01-2018_19-40-21-208000",
                "permissions": 104187968,
                "colour": 0,
                "position": 10
            }
        },
        "previous": {
            "25-01-2019_00-26-23-076062": {
                "430760351248809986": {
                    "position": 8,
                    "created_at": "03-04-2018_16-07-50-878000",
                    "permissions": 0,
                    "colour": 0,
                    "name": "Current Iteration"
                },
                "403266285313589250": {
                    "position": 10,
                    "created_at": "17-01-2018_19-16-14-744000",
                    "permissions": 0,
                    "colour": 16777215,
                    "name": "Abandoned Ones"
                },
                "178667818152230912": {
                    "position": 0,
                    "created_at": "08-05-2016_00-42-07-335000",
                    "permissions": 0,
                    "colour": 0,
                    "name": "@everyone"
                },
                "403272352223461387": {
                    "position": 9,
                    "created_at": "17-01-2018_19-40-21-208000",
                    "permissions": 104187968,
                    "colour": 0,
                    "name": "Members"
                }
            },
            "17-01-2019_17-37-42-106001": {
                "430760351248809986": {
                    "position": 7,
                    "created_at": "03-04-2018_16-07-50-878000",
                    "permissions": 0,
                    "colour": 0,
                    "name": "Current Iteration"
                },
                "403266285313589250": {
                    "position": 9,
                    "created_at": "17-01-2018_19-16-14-744000",
                    "permissions": 0,
                    "colour": 16777215,
                    "name": "Abandoned Ones"
                },
                "178667818152230912": {
                    "position": 0,
                    "created_at": "08-05-2016_00-42-07-335000",
                    "permissions": 0,
                    "colour": 0,
                    "name": "@everyone"
                },
                "403272352223461387": {
                    "position": 8,
                    "created_at": "17-01-2018_19-40-21-208000",
                    "permissions": 104187968,
                    "colour": 0,
                    "name": "Members"
                }
            },
            "16-12-2018_21-52-39-901037": {
                "430760351248809986": {
                    "position": 9,
                    "created_at": "03-04-2018_16-07-50-878000",
                    "permissions": 0,
                    "colour": 0,
                    "name": "Current Iteration"
                },
                "403266285313589250": {
                    "position": 11,
                    "created_at": "17-01-2018_19-16-14-744000",
                    "permissions": 0,
                    "colour": 16777215,
                    "name": "Abandoned Ones"
                },
                "178667818152230912": {
                    "position": 0,
                    "created_at": "08-05-2016_00-42-07-335000",
                    "permissions": 0,
                    "colour": 0,
                    "name": "@everyone"
                },
                "403272352223461387": {
                    "position": 10,
                    "created_at": "17-01-2018_19-40-21-208000",
                    "permissions": 104187968,
                    "colour": 0,
                    "name": "Members"
                }
            },
            "10-01-2019_00-18-24-072293": {
                "430760351248809986": {
                    "position": 6,
                    "created_at": "03-04-2018_16-07-50-878000",
                    "permissions": 0,
                    "colour": 0,
                    "name": "Current Iteration"
                },
                "403266285313589250": {
                    "position": 8,
                    "created_at": "17-01-2018_19-16-14-744000",
                    "permissions": 0,
                    "colour": 16777215,
                    "name": "Abandoned Ones"
                },
                "178667818152230912": {
                    "position": 0,
                    "created_at": "08-05-2016_00-42-07-335000",
                    "permissions": 0,
                    "colour": 0,
                    "name": "@everyone"
                },
                "403272352223461387": {
                    "position": 7,
                    "created_at": "17-01-2018_19-40-21-208000",
                    "permissions": 104187968,
                    "colour": 0,
                    "name": "Members"
                }
            },
            "07-12-2018_09-02-35-892853": {
                "430760351248809986": {
                    "position": 9,
                    "created_at": "03-04-2018_16-07-50-878000",
                    "permissions": 0,
                    "colour": 0,
                    "name": "Current Iteration"
                },
                "403266285313589250": {
                    "position": 12,
                    "created_at": "17-01-2018_19-16-14-744000",
                    "permissions": 0,
                    "colour": 16777215,
                    "name": "Abandoned Ones"
                },
                "178667818152230912": {
                    "position": 0,
                    "created_at": "08-05-2016_00-42-07-335000",
                    "permissions": 0,
                    "colour": 0,
                    "name": "@everyone"
                },
                "403272352223461387": {
                    "position": 11,
                    "created_at": "17-01-2018_19-40-21-208000",
                    "permissions": 104187968,
                    "colour": 0,
                    "name": "Members"
                }
            },
            "25-01-2019_18-03-01-080213": {
                "178667818152230912": {
                    "position": 0,
                    "created_at": "08-05-2016_00-42-07-335000",
                    "permissions": 0,
                    "colour": 0,
                    "name": "@everyone"
                },
                "403266285313589250": {
                    "position": 12,
                    "created_at": "17-01-2018_19-16-14-744000",
                    "permissions": 0,
                    "colour": 16777215,
                    "name": "Abandoned Ones"
                },
                "403272352223461387": {
                    "position": 11,
                    "created_at": "17-01-2018_19-40-21-208000",
                    "permissions": 104187968,
                    "colour": 0,
                    "name": "Members"
                }
            },
            "06-12-2018_01-05-49-556858": {
                "430760351248809986": {
                    "position": 10,
                    "created_at": "03-04-2018_16-07-50-878000",
                    "permissions": 0,
                    "colour": 0,
                    "name": "Current Iteration"
                },
                "403266285313589250": {
                    "position": 13,
                    "created_at": "17-01-2018_19-16-14-744000",
                    "permissions": 0,
                    "colour": 16777215,
                    "name": "Abandoned Ones"
                },
                "178667818152230912": {
                    "position": 0,
                    "created_at": "08-05-2016_00-42-07-335000",
                    "permissions": 0,
                    "colour": 0,
                    "name": "@everyone"
                },
                "403272352223461387": {
                    "position": 12,
                    "created_at": "17-01-2018_19-40-21-208000",
                    "permissions": 104187968,
                    "colour": 0,
                    "name": "Members"
                }
            }
        }
    },
    "joined_at": {
        "current": "30-01-2018_21-18-00-980895",
        "previous": {}
    },
    "display_name": {
        "current": "Hydrax",
        "previous": {}
    },
    "bans": {
        "current": "not banned",
        "previous": {}
    },
    "cookies": {
        "cookie_interest": 0,
        "total_cookies": 0,
        "give": {
            "total_cookies": 0,
            "average": 0.0
        },
        "cookies_in_jar": 0,
        "cookie_transfer_quota": 0,
        "active_epochs": 0,
        "measured_epochs": 9,
        "current_cookies": 0,
        "get": {
            "total_cookies": 0,
            "average": 0.0
        },
        "active_this_epoch": false
    },
    "created_at": "29-07-2016_21-38-39-333000",
    "name": {
        "current": "Hydrax",
        "previous": {}
    },
    "bot": false,
    "id": "208699840090079235",
    "game": {
        "current": {
            "name": "Counter-Strike: Global Offensive",
            "type": 0,
            "url": null
        },
        "previous": {
            "19-01-2019_13-47-02-065430": {
                "name": null,
                "type": null,
                "url": null
            },
            "18-01-2019_22-56-50-509179": {
                "name": null,
                "type": null,
                "url": null
            },
            "13-01-2019_18-58-47-852165": {
                "name": "Counter-Strike: Global Offensive",
                "type": 0,
                "url": null
            },
            "17-01-2019_17-37-42-106001": {
                "name": "Counter-Strike: Global Offensive",
                "type": 0,
                "url": null
            },
            "25-01-2019_18-03-01-080213": {
                "name": null,
                "type": null,
                "url": null
            },
            "13-01-2019_23-58-57-488890": {
                "name": "Team Fortress 2",
                "type": 0,
                "url": null
            },
            "18-01-2019_23-28-09-275982": {
                "name": "Counter-Strike: Global Offensive",
                "type": 0,
                "url": null
            },
            "15-01-2019_20-05-24-063373": {
                "name": "Counter-Strike: Global Offensive",
                "type": 0,
                "url": null
            },
            "19-01-2019_23-47-11-591556": {
                "name": "Minecraft 1.12.2",
                "type": 0,
                "url": null
            }
        }
    },
    "voice": {
        "current": {
            "channel": {
                "private": null,
                "id": null,
                "name": null
            },
            "server_deaf": false,
            "self_mute": false,
            "server_mute": false,
            "self_deaf": false,
            "is_afk": false
        },
        "previous": {}
    }
}