{
    "activity": {
        "2019": {
            "1": {
                "11": {
                    "22": {
                        "523913649182605330": 3
                    },
                    "23": {
                        "523913649182605330": 9
                    }
                },
                "15": {
                    "23": {
                        "403084655550791682": 1
                    }
                },
                "10": {
                    "3": {
                        "532712820454719492": 41,
                        "523913649182605330": 3
                    },
                    "20": {
                        "532712820454719492": 1,
                        "523913649182605330": 6
                    },
                    "0": {
                        "523913649182605330": 9
                    },
                    "19": {
                        "523913649182605330": 2
                    },
                    "1": {
                        "523913649182605330": 2
                    },
                    "22": {
                        "523913649182605330": 1
                    },
                    "18": {
                        "532712820454719492": 15,
                        "523913649182605330": 1
                    },
                    "2": {
                        "532712820454719492": 29,
                        "523913649182605330": 42
                    },
                    "4": {
                        "532712820454719492": 7
                    },
                    "21": {
                        "523913649182605330": 9
                    }
                },
                "12": {
                    "1": {
                        "403086550851911681": 3,
                        "403084655550791682": 2,
                        "523913649182605330": 18
                    },
                    "22": {
                        "523913649182605330": 4
                    },
                    "0": {
                        "532712820454719492": 14,
                        "523913649182605330": 48
                    }
                },
                "13": {
                    "2": {
                        "523913649182605330": 2
                    },
                    "7": {
                        "403084790401728512": 2
                    },
                    "19": {
                        "523913649182605330": 5
                    },
                    "1": {
                        "523913649182605330": 18
                    },
                    "22": {
                        "523913649182605330": 1
                    },
                    "0": {
                        "523913649182605330": 4
                    },
                    "23": {
                        "403084655550791682": 30,
                        "523913649182605330": 2
                    },
                    "20": {
                        "523913649182605330": 7
                    }
                },
                "14": {
                    "17": {
                        "403084655550791682": 2
                    },
                    "23": {
                        "523913649182605330": 1
                    },
                    "22": {
                        "523913649182605330": 5
                    },
                    "20": {
                        "523913649182605330": 1
                    },
                    "21": {
                        "523913649182605330": 3
                    }
                }
            }
        },
        "2018": {
            "12": {
                "9": {
                    "0": {
                        "403084655550791682": 2
                    }
                },
                "16": {
                    "22": {
                        "523913649182605330": 10
                    },
                    "23": {
                        "523913649182605330": 1
                    }
                },
                "12": {
                    "4": {
                        "403084655550791682": 1
                    }
                },
                "5": {
                    "18": {
                        "403086550851911681": 2
                    }
                },
                "10": {
                    "18": {
                        "403084790401728512": 1
                    }
                }
            }
        }
    },
    "created_at": "08-03-2016_20-33-58-292000",
    "bot": false,
    "colour": {
        "previous": {},
        "current": 15632622
    },
    "bans": {
        "previous": {},
        "current": "not banned"
    },
    "cookies": {
        "cookies_in_jar": 0,
        "cookie_interest": 0,
        "get": {
            "total_cookies": 0,
            "average": 0.0
        },
        "active_this_epoch": false,
        "active_epochs": 1,
        "total_cookies": 0,
        "measured_epochs": 9,
        "cookie_transfer_quota": 0,
        "current_cookies": 0,
        "give": {
            "total_cookies": 1,
            "average": 0.1111111111111111
        }
    },
    "roles": {
        "previous": {
            "16-12-2018_21-52-39-901037": {
                "404068252361162759": {
                    "colour": 0,
                    "name": "Under Where?",
                    "created_at": "20-01-2018_00-22-58-588000",
                    "position": 16,
                    "permissions": 0
                },
                "403266285313589250": {
                    "colour": 16777215,
                    "name": "Abandoned Ones",
                    "created_at": "17-01-2018_19-16-14-744000",
                    "position": 11,
                    "permissions": 0
                },
                "187986584686166017": {
                    "colour": 15632622,
                    "name": "Head of Community Relations",
                    "created_at": "02-06-2016_17-51-34-411000",
                    "position": 28,
                    "permissions": 1610079487
                },
                "430760351248809986": {
                    "colour": 0,
                    "name": "Current Iteration",
                    "created_at": "03-04-2018_16-07-50-878000",
                    "position": 9,
                    "permissions": 0
                },
                "469889716435812353": {
                    "colour": 0,
                    "name": "High Council",
                    "created_at": "20-07-2018_15-33-58-527000",
                    "position": 30,
                    "permissions": 8
                },
                "400699163026653184": {
                    "colour": 16728548,
                    "name": "Community Managers",
                    "created_at": "10-01-2018_17-15-25-096000",
                    "position": 21,
                    "permissions": 129
                },
                "178667818152230912": {
                    "colour": 0,
                    "name": "@everyone",
                    "created_at": "08-05-2016_00-42-07-335000",
                    "position": 0,
                    "permissions": 0
                },
                "373129696960970762": {
                    "colour": 16711680,
                    "name": "Staff",
                    "created_at": "26-10-2017_15-24-12-170000",
                    "position": 18,
                    "permissions": 0
                },
                "403272352223461387": {
                    "colour": 0,
                    "name": "Members",
                    "created_at": "17-01-2018_19-40-21-208000",
                    "position": 10,
                    "permissions": 104187968
                }
            },
            "06-12-2018_01-05-49-556858": {
                "404068252361162759": {
                    "colour": 0,
                    "name": "Under Where?",
                    "created_at": "20-01-2018_00-22-58-588000",
                    "position": 17,
                    "permissions": 0
                },
                "187986584686166017": {
                    "colour": 15632622,
                    "name": "Head of Community Relations",
                    "created_at": "02-06-2016_17-51-34-411000",
                    "position": 29,
                    "permissions": 1610079487
                },
                "403266269220175892": {
                    "colour": 1033914,
                    "name": "Mythical Ones",
                    "created_at": "17-01-2018_19-16-10-907000",
                    "position": 16,
                    "permissions": 262208
                },
                "430760351248809986": {
                    "colour": 0,
                    "name": "Current Iteration",
                    "created_at": "03-04-2018_16-07-50-878000",
                    "position": 10,
                    "permissions": 0
                },
                "469889716435812353": {
                    "colour": 0,
                    "name": "High Council",
                    "created_at": "20-07-2018_15-33-58-527000",
                    "position": 31,
                    "permissions": 8
                },
                "400699163026653184": {
                    "colour": 16728548,
                    "name": "Community Managers",
                    "created_at": "10-01-2018_17-15-25-096000",
                    "position": 22,
                    "permissions": 129
                },
                "178667818152230912": {
                    "colour": 0,
                    "name": "@everyone",
                    "created_at": "08-05-2016_00-42-07-335000",
                    "position": 0,
                    "permissions": 0
                },
                "373129696960970762": {
                    "colour": 16711680,
                    "name": "Staff",
                    "created_at": "26-10-2017_15-24-12-170000",
                    "position": 19,
                    "permissions": 0
                },
                "403272352223461387": {
                    "colour": 0,
                    "name": "Members",
                    "created_at": "17-01-2018_19-40-21-208000",
                    "position": 12,
                    "permissions": 104187968
                }
            },
            "07-12-2018_07-51-11-182069": {
                "404068252361162759": {
                    "colour": 0,
                    "name": "Under Where?",
                    "created_at": "20-01-2018_00-22-58-588000",
                    "position": 16,
                    "permissions": 0
                },
                "187986584686166017": {
                    "colour": 15632622,
                    "name": "Head of Community Relations",
                    "created_at": "02-06-2016_17-51-34-411000",
                    "position": 28,
                    "permissions": 1610079487
                },
                "403266269220175892": {
                    "colour": 1033914,
                    "name": "Mythical Ones",
                    "created_at": "17-01-2018_19-16-10-907000",
                    "position": 15,
                    "permissions": 262208
                },
                "430760351248809986": {
                    "colour": 0,
                    "name": "Current Iteration",
                    "created_at": "03-04-2018_16-07-50-878000",
                    "position": 9,
                    "permissions": 0
                },
                "469889716435812353": {
                    "colour": 0,
                    "name": "High Council",
                    "created_at": "20-07-2018_15-33-58-527000",
                    "position": 30,
                    "permissions": 8
                },
                "400699163026653184": {
                    "colour": 16728548,
                    "name": "Community Managers",
                    "created_at": "10-01-2018_17-15-25-096000",
                    "position": 21,
                    "permissions": 129
                },
                "178667818152230912": {
                    "colour": 0,
                    "name": "@everyone",
                    "created_at": "08-05-2016_00-42-07-335000",
                    "position": 0,
                    "permissions": 0
                },
                "373129696960970762": {
                    "colour": 16711680,
                    "name": "Staff",
                    "created_at": "26-10-2017_15-24-12-170000",
                    "position": 18,
                    "permissions": 0
                },
                "403272352223461387": {
                    "colour": 0,
                    "name": "Members",
                    "created_at": "17-01-2018_19-40-21-208000",
                    "position": 11,
                    "permissions": 104187968
                }
            },
            "10-01-2019_00-18-24-072293": {
                "404068252361162759": {
                    "colour": 0,
                    "name": "Under Where?",
                    "created_at": "20-01-2018_00-22-58-588000",
                    "position": 2,
                    "permissions": 0
                },
                "403266285313589250": {
                    "colour": 16777215,
                    "name": "Abandoned Ones",
                    "created_at": "17-01-2018_19-16-14-744000",
                    "position": 8,
                    "permissions": 0
                },
                "187986584686166017": {
                    "colour": 15632622,
                    "name": "Head of Community Relations",
                    "created_at": "02-06-2016_17-51-34-411000",
                    "position": 24,
                    "permissions": 1610079487
                },
                "430760351248809986": {
                    "colour": 0,
                    "name": "Current Iteration",
                    "created_at": "03-04-2018_16-07-50-878000",
                    "position": 6,
                    "permissions": 0
                },
                "469889716435812353": {
                    "colour": 0,
                    "name": "High Council",
                    "created_at": "20-07-2018_15-33-58-527000",
                    "position": 26,
                    "permissions": 8
                },
                "400699163026653184": {
                    "colour": 16728548,
                    "name": "Community Managers",
                    "created_at": "10-01-2018_17-15-25-096000",
                    "position": 17,
                    "permissions": 129
                },
                "523917597138354193": {
                    "colour": 16714995,
                    "name": "Yeeters",
                    "created_at": "16-12-2018_17-41-29-076000",
                    "position": 1,
                    "permissions": 0
                },
                "178667818152230912": {
                    "colour": 0,
                    "name": "@everyone",
                    "created_at": "08-05-2016_00-42-07-335000",
                    "position": 0,
                    "permissions": 0
                },
                "373129696960970762": {
                    "colour": 16711680,
                    "name": "Staff",
                    "created_at": "26-10-2017_15-24-12-170000",
                    "position": 14,
                    "permissions": 0
                },
                "403272352223461387": {
                    "colour": 0,
                    "name": "Members",
                    "created_at": "17-01-2018_19-40-21-208000",
                    "position": 7,
                    "permissions": 104187968
                }
            },
            "07-12-2018_09-02-35-892853": {
                "404068252361162759": {
                    "colour": 0,
                    "name": "Under Where?",
                    "created_at": "20-01-2018_00-22-58-588000",
                    "position": 16,
                    "permissions": 0
                },
                "403266285313589250": {
                    "colour": 16777215,
                    "name": "Abandoned Ones",
                    "created_at": "17-01-2018_19-16-14-744000",
                    "position": 12,
                    "permissions": 0
                },
                "187986584686166017": {
                    "colour": 15632622,
                    "name": "Head of Community Relations",
                    "created_at": "02-06-2016_17-51-34-411000",
                    "position": 28,
                    "permissions": 1610079487
                },
                "430760351248809986": {
                    "colour": 0,
                    "name": "Current Iteration",
                    "created_at": "03-04-2018_16-07-50-878000",
                    "position": 9,
                    "permissions": 0
                },
                "469889716435812353": {
                    "colour": 0,
                    "name": "High Council",
                    "created_at": "20-07-2018_15-33-58-527000",
                    "position": 30,
                    "permissions": 8
                },
                "400699163026653184": {
                    "colour": 16728548,
                    "name": "Community Managers",
                    "created_at": "10-01-2018_17-15-25-096000",
                    "position": 21,
                    "permissions": 129
                },
                "178667818152230912": {
                    "colour": 0,
                    "name": "@everyone",
                    "created_at": "08-05-2016_00-42-07-335000",
                    "position": 0,
                    "permissions": 0
                },
                "373129696960970762": {
                    "colour": 16711680,
                    "name": "Staff",
                    "created_at": "26-10-2017_15-24-12-170000",
                    "position": 18,
                    "permissions": 0
                },
                "403272352223461387": {
                    "colour": 0,
                    "name": "Members",
                    "created_at": "17-01-2018_19-40-21-208000",
                    "position": 11,
                    "permissions": 104187968
                }
            },
            "11-01-2019_23-54-44-166805": {
                "404068252361162759": {
                    "colour": 0,
                    "name": "Under Where?",
                    "created_at": "20-01-2018_00-22-58-588000",
                    "position": 4,
                    "permissions": 0
                },
                "403266285313589250": {
                    "colour": 16777215,
                    "name": "Abandoned Ones",
                    "created_at": "17-01-2018_19-16-14-744000",
                    "position": 9,
                    "permissions": 0
                },
                "187986584686166017": {
                    "colour": 15632622,
                    "name": "Head of Community Relations",
                    "created_at": "02-06-2016_17-51-34-411000",
                    "position": 26,
                    "permissions": 1610079487
                },
                "430760351248809986": {
                    "colour": 0,
                    "name": "Current Iteration",
                    "created_at": "03-04-2018_16-07-50-878000",
                    "position": 7,
                    "permissions": 0
                },
                "469889716435812353": {
                    "colour": 0,
                    "name": "High Council",
                    "created_at": "20-07-2018_15-33-58-527000",
                    "position": 28,
                    "permissions": 8
                },
                "400699163026653184": {
                    "colour": 16728548,
                    "name": "Community Managers",
                    "created_at": "10-01-2018_17-15-25-096000",
                    "position": 19,
                    "permissions": 129
                },
                "523917597138354193": {
                    "colour": 16714995,
                    "name": "Yeeters",
                    "created_at": "16-12-2018_17-41-29-076000",
                    "position": 3,
                    "permissions": 0
                },
                "178667818152230912": {
                    "colour": 0,
                    "name": "@everyone",
                    "created_at": "08-05-2016_00-42-07-335000",
                    "position": 0,
                    "permissions": 0
                },
                "373129696960970762": {
                    "colour": 16711680,
                    "name": "Staff",
                    "created_at": "26-10-2017_15-24-12-170000",
                    "position": 16,
                    "permissions": 0
                },
                "403272352223461387": {
                    "colour": 0,
                    "name": "Members",
                    "created_at": "17-01-2018_19-40-21-208000",
                    "position": 8,
                    "permissions": 104187968
                }
            }
        },
        "current": {
            "404068252361162759": {
                "colour": 0,
                "name": "Under Where?",
                "created_at": "20-01-2018_00-22-58-588000",
                "position": 4,
                "permissions": 0
            },
            "403266285313589250": {
                "colour": 16777215,
                "name": "Abandoned Ones",
                "created_at": "17-01-2018_19-16-14-744000",
                "position": 9,
                "permissions": 0
            },
            "187986584686166017": {
                "colour": 15632622,
                "name": "Head of Community Relations",
                "created_at": "02-06-2016_17-51-34-411000",
                "position": 26,
                "permissions": 1610079487
            },
            "430760351248809986": {
                "colour": 0,
                "name": "Current Iteration",
                "created_at": "03-04-2018_16-07-50-878000",
                "position": 7,
                "permissions": 0
            },
            "469889716435812353": {
                "colour": 0,
                "name": "High Council",
                "created_at": "20-07-2018_15-33-58-527000",
                "position": 28,
                "permissions": 8
            },
            "400699163026653184": {
                "colour": 16728548,
                "name": "Community Managers",
                "created_at": "10-01-2018_17-15-25-096000",
                "position": 19,
                "permissions": 1073741953
            },
            "523917597138354193": {
                "colour": 16714995,
                "name": "Yeeters",
                "created_at": "16-12-2018_17-41-29-076000",
                "position": 3,
                "permissions": 0
            },
            "178667818152230912": {
                "colour": 0,
                "name": "@everyone",
                "created_at": "08-05-2016_00-42-07-335000",
                "position": 0,
                "permissions": 0
            },
            "373129696960970762": {
                "colour": 16711680,
                "name": "Staff",
                "created_at": "26-10-2017_15-24-12-170000",
                "position": 16,
                "permissions": 0
            },
            "403272352223461387": {
                "colour": 0,
                "name": "Members",
                "created_at": "17-01-2018_19-40-21-208000",
                "position": 8,
                "permissions": 104187968
            }
        }
    },
    "id": "156862097043619840",
    "status": {
        "previous": {
            "16-12-2018_22-46-26-221531": "online",
            "16-12-2018_21-52-39-901037": "offline",
            "10-01-2019_03-36-57-747790": "offline",
            "05-12-2018_23-17-11-812802": "online",
            "17-12-2018_08-19-13-303562": "dnd",
            "13-01-2019_18-58-47-852165": "offline",
            "10-01-2019_00-18-24-072293": "offline",
            "06-12-2018_17-09-51-137367": "online",
            "08-12-2018_15-44-11-058097": "online",
            "11-12-2018_09-13-26-392726": "online",
            "12-01-2019_01-16-58-662867": "dnd",
            "10-12-2018_16-02-31-496869": "online",
            "12-12-2018_11-49-23-541900": "online",
            "06-12-2018_15-40-12-725739": "online",
            "15-01-2019_20-05-24-063373": "offline",
            "06-12-2018_19-01-41-672098": "online",
            "05-12-2018_16-27-33-714312": "online",
            "06-12-2018_15-04-14-303670": "online",
            "06-12-2018_15-27-46-642824": "online",
            "13-01-2019_23-58-57-488890": "offline"
        },
        "current": "dnd"
    },
    "discriminator": {
        "previous": {},
        "current": "7744"
    },
    "joined_at": {
        "previous": {},
        "current": "08-05-2016_00-42-07-338000"
    },
    "voice": {
        "previous": {
            "16-12-2018_21-52-39-901037": {
                "self_mute": false,
                "server_mute": false,
                "is_afk": false,
                "self_deaf": false,
                "channel": {
                    "private": null,
                    "id": null,
                    "name": null
                },
                "server_deaf": false
            },
            "10-01-2019_03-36-57-747790": {
                "self_mute": false,
                "server_mute": false,
                "is_afk": false,
                "self_deaf": false,
                "channel": {
                    "private": null,
                    "id": null,
                    "name": null
                },
                "server_deaf": false
            },
            "12-01-2019_01-16-58-662867": {
                "self_mute": false,
                "server_mute": false,
                "is_afk": false,
                "self_deaf": false,
                "channel": {
                    "private": false,
                    "id": "523902470724911105",
                    "name": "simply-yeet"
                },
                "server_deaf": false
            },
            "17-12-2018_08-19-13-303562": {
                "self_mute": false,
                "server_mute": false,
                "is_afk": false,
                "self_deaf": false,
                "channel": {
                    "private": false,
                    "id": "403283673647939595",
                    "name": "General"
                },
                "server_deaf": false
            },
            "15-01-2019_20-05-24-063373": {
                "self_mute": false,
                "server_mute": false,
                "is_afk": false,
                "self_deaf": false,
                "channel": {
                    "private": false,
                    "id": "523902470724911105",
                    "name": "simply-yeet"
                },
                "server_deaf": false
            },
            "13-01-2019_18-58-47-852165": {
                "self_mute": false,
                "server_mute": false,
                "is_afk": false,
                "self_deaf": false,
                "channel": {
                    "private": null,
                    "id": null,
                    "name": null
                },
                "server_deaf": false
            },
            "10-01-2019_00-18-24-072293": {
                "self_mute": true,
                "server_mute": false,
                "is_afk": false,
                "self_deaf": false,
                "channel": {
                    "private": false,
                    "id": "403086522146095104",
                    "name": "Under Where"
                },
                "server_deaf": false
            },
            "13-01-2019_23-58-57-488890": {
                "self_mute": true,
                "server_mute": false,
                "is_afk": false,
                "self_deaf": true,
                "channel": {
                    "private": false,
                    "id": "523902470724911105",
                    "name": "simply-yeet"
                },
                "server_deaf": false
            }
        },
        "current": {
            "self_mute": false,
            "server_deaf": false,
            "is_afk": false,
            "self_deaf": false,
            "channel": {
                "name": null,
                "id": null,
                "private": null
            },
            "server_mute": false
        }
    },
    "name": {
        "previous": {
            "10-01-2019_03-36-57-747790": "Itsyaboi"
        },
        "current": "Lechaim"
    },
    "display_name": {
        "previous": {
            "10-01-2019_00-18-24-072293": "Mr Lechanta Claus",
            "11-01-2019_23-54-44-166805": "Not The Owner"
        },
        "current": "That guy who talks"
    },
    "game": {
        "previous": {},
        "current": {
            "name": null,
            "url": null,
            "type": null
        }
    }
}