{
    "activity": {
        "2019": {
            "1": {
                "13": {
                    "19": {
                        "523913649182605330": 1
                    }
                }
            }
        }
    },
    "created_at": "17-03-2016_19-24-03-647000",
    "bot": true,
    "colour": {
        "previous": {
            "10-01-2019_00-18-24-072293": 7506394,
            "07-12-2018_09-02-35-892853": 7506394,
            "07-12-2018_19-07-03-633575": 16777215
        },
        "current": 13079310
    },
    "bans": {
        "previous": {},
        "current": "not banned"
    },
    "cookies": {
        "cookies_in_jar": 0,
        "cookie_interest": 0,
        "cookie_transfer_quota": 0,
        "active_this_epoch": false,
        "active_epochs": 0,
        "total_cookies": 0,
        "current_cookies": 0,
        "measured_epochs": 9,
        "get": {
            "total_cookies": 0,
            "average": 0.0
        },
        "give": {
            "total_cookies": 0,
            "average": 0.0
        }
    },
    "roles": {
        "previous": {
            "16-12-2018_21-52-39-901037": {
                "403266285313589250": {
                    "colour": 16777215,
                    "name": "Abandoned Ones",
                    "created_at": "17-01-2018_19-16-14-744000",
                    "position": 11,
                    "permissions": 0
                },
                "178667818152230912": {
                    "colour": 0,
                    "name": "@everyone",
                    "created_at": "08-05-2016_00-42-07-335000",
                    "position": 0,
                    "permissions": 0
                },
                "403239438802485259": {
                    "colour": 7506394,
                    "name": "Bots",
                    "created_at": "17-01-2018_17-29-34-037000",
                    "position": 12,
                    "permissions": 7168
                },
                "406569085380329472": {
                    "colour": 0,
                    "name": "Miki",
                    "created_at": "26-01-2018_22-00-23-643000",
                    "position": 5,
                    "permissions": 3405888
                }
            },
            "10-01-2019_00-18-24-072293": {
                "403266285313589250": {
                    "colour": 16777215,
                    "name": "Abandoned Ones",
                    "created_at": "17-01-2018_19-16-14-744000",
                    "position": 8,
                    "permissions": 0
                },
                "178667818152230912": {
                    "colour": 0,
                    "name": "@everyone",
                    "created_at": "08-05-2016_00-42-07-335000",
                    "position": 0,
                    "permissions": 0
                },
                "403239438802485259": {
                    "colour": 7506394,
                    "name": "Bots",
                    "created_at": "17-01-2018_17-29-34-037000",
                    "position": 9,
                    "permissions": 7168
                },
                "406569085380329472": {
                    "colour": 0,
                    "name": "Miki",
                    "created_at": "26-01-2018_22-00-23-643000",
                    "position": 4,
                    "permissions": 3405888
                }
            },
            "06-12-2018_01-05-49-556858": {
                "178667818152230912": {
                    "colour": 0,
                    "name": "@everyone",
                    "created_at": "08-05-2016_00-42-07-335000",
                    "position": 0,
                    "permissions": 0
                },
                "403239438802485259": {
                    "colour": 7506394,
                    "name": "Bots",
                    "created_at": "17-01-2018_17-29-34-037000",
                    "position": 11,
                    "permissions": 7168
                },
                "406569085380329472": {
                    "colour": 0,
                    "name": "Miki",
                    "created_at": "26-01-2018_22-00-23-643000",
                    "position": 6,
                    "permissions": 3405888
                }
            },
            "07-12-2018_09-02-35-892853": {
                "403266285313589250": {
                    "colour": 16777215,
                    "name": "Abandoned Ones",
                    "created_at": "17-01-2018_19-16-14-744000",
                    "position": 12,
                    "permissions": 0
                },
                "178667818152230912": {
                    "colour": 0,
                    "name": "@everyone",
                    "created_at": "08-05-2016_00-42-07-335000",
                    "position": 0,
                    "permissions": 0
                },
                "403239438802485259": {
                    "colour": 7506394,
                    "name": "Bots",
                    "created_at": "17-01-2018_17-29-34-037000",
                    "position": 10,
                    "permissions": 7168
                },
                "406569085380329472": {
                    "colour": 0,
                    "name": "Miki",
                    "created_at": "26-01-2018_22-00-23-643000",
                    "position": 5,
                    "permissions": 3405888
                }
            }
        },
        "current": {
            "403266285313589250": {
                "colour": 16777215,
                "name": "Abandoned Ones",
                "created_at": "17-01-2018_19-16-14-744000",
                "position": 9,
                "permissions": 0
            },
            "178667818152230912": {
                "colour": 0,
                "name": "@everyone",
                "created_at": "08-05-2016_00-42-07-335000",
                "position": 0,
                "permissions": 0
            },
            "403239438802485259": {
                "colour": 13079310,
                "name": "Bots",
                "created_at": "17-01-2018_17-29-34-037000",
                "position": 10,
                "permissions": 0
            },
            "523917597138354193": {
                "colour": 16714995,
                "name": "Yeeters",
                "created_at": "16-12-2018_17-41-29-076000",
                "position": 3,
                "permissions": 0
            },
            "531560461058179072": {
                "colour": 1752220,
                "name": "Miki",
                "created_at": "06-01-2019_19-51-29-832000",
                "position": 2,
                "permissions": 49152
            }
        }
    },
    "id": "160105994217586689",
    "status": {
        "previous": {
            "08-12-2018_15-44-11-058097": "offline",
            "10-01-2019_03-36-57-747790": "offline",
            "12-01-2019_01-16-58-662867": "offline",
            "06-12-2018_01-05-49-556858": "offline",
            "07-12-2018_19-07-03-633575": "offline",
            "17-12-2018_08-19-13-303562": "offline",
            "15-01-2019_20-05-24-063373": "offline",
            "06-12-2018_14-21-28-866312": "online",
            "06-12-2018_19-01-41-672098": "offline",
            "06-12-2018_14-35-48-128249": "offline",
            "13-01-2019_23-58-57-488890": "offline"
        },
        "current": "online"
    },
    "discriminator": {
        "previous": {},
        "current": "6045"
    },
    "joined_at": {
        "previous": {
            "10-01-2019_00-18-24-072293": "26-01-2018_22-00-23-635313"
        },
        "current": "06-01-2019_19-12-40-705620"
    },
    "voice": {
        "previous": {},
        "current": {
            "self_mute": false,
            "server_mute": false,
            "is_afk": false,
            "self_deaf": false,
            "channel": {
                "private": null,
                "id": null,
                "name": null
            },
            "server_deaf": false
        }
    },
    "name": {
        "previous": {},
        "current": "Miki"
    },
    "display_name": {
        "previous": {},
        "current": "Miki"
    },
    "game": {
        "previous": {},
        "current": {
            "name": null,
            "url": null,
            "type": null
        }
    }
}