{
    "activity": {
        "2019": {
            "1": {
                "12": {
                    "1": {
                        "523913649182605330": 2
                    }
                },
                "13": {
                    "23": {
                        "523913649182605330": 1
                    },
                    "0": {
                        "523913649182605330": 2
                    }
                },
                "14": {
                    "17": {
                        "403084813680115712": 1
                    }
                }
            }
        }
    },
    "created_at": "30-04-2016_14-19-57-424000",
    "bot": false,
    "colour": {
        "previous": {},
        "current": 14747399
    },
    "bans": {
        "previous": {},
        "current": "not banned"
    },
    "cookies": {
        "cookies_in_jar": 0,
        "give": {
            "total_cookies": 0,
            "average": 0.0
        },
        "current_cookies": 0,
        "active_this_epoch": false,
        "active_epochs": 0,
        "total_cookies": 0,
        "measured_epochs": 2,
        "cookie_transfer_quota": 0,
        "get": {
            "total_cookies": 0,
            "average": 0.0
        },
        "cookie_interest": 0
    },
    "roles": {
        "previous": {
            "16-12-2018_21-52-39-901037": {
                "404068252361162759": {
                    "colour": 0,
                    "name": "Under Where?",
                    "created_at": "20-01-2018_00-22-58-588000",
                    "position": 16,
                    "permissions": 0
                },
                "403266285313589250": {
                    "colour": 16777215,
                    "name": "Abandoned Ones",
                    "created_at": "17-01-2018_19-16-14-744000",
                    "position": 11,
                    "permissions": 0
                },
                "430760351248809986": {
                    "colour": 0,
                    "name": "Current Iteration",
                    "created_at": "03-04-2018_16-07-50-878000",
                    "position": 9,
                    "permissions": 0
                },
                "178667818152230912": {
                    "colour": 0,
                    "name": "@everyone",
                    "created_at": "08-05-2016_00-42-07-335000",
                    "position": 0,
                    "permissions": 0
                },
                "403272352223461387": {
                    "colour": 0,
                    "name": "Members",
                    "created_at": "17-01-2018_19-40-21-208000",
                    "position": 10,
                    "permissions": 104187968
                },
                "373129696960970762": {
                    "colour": 16711680,
                    "name": "Staff",
                    "created_at": "26-10-2017_15-24-12-170000",
                    "position": 18,
                    "permissions": 0
                },
                "363695886297071626": {
                    "colour": 14747399,
                    "name": "Event Managers",
                    "created_at": "30-09-2017_14-37-36-436000",
                    "position": 22,
                    "permissions": 541200384
                }
            },
            "10-01-2019_00-18-24-072293": {
                "404068252361162759": {
                    "colour": 0,
                    "name": "Under Where?",
                    "created_at": "20-01-2018_00-22-58-588000",
                    "position": 2,
                    "permissions": 0
                },
                "403266285313589250": {
                    "colour": 16777215,
                    "name": "Abandoned Ones",
                    "created_at": "17-01-2018_19-16-14-744000",
                    "position": 8,
                    "permissions": 0
                },
                "430760351248809986": {
                    "colour": 0,
                    "name": "Current Iteration",
                    "created_at": "03-04-2018_16-07-50-878000",
                    "position": 6,
                    "permissions": 0
                },
                "178667818152230912": {
                    "colour": 0,
                    "name": "@everyone",
                    "created_at": "08-05-2016_00-42-07-335000",
                    "position": 0,
                    "permissions": 0
                },
                "403272352223461387": {
                    "colour": 0,
                    "name": "Members",
                    "created_at": "17-01-2018_19-40-21-208000",
                    "position": 7,
                    "permissions": 104187968
                },
                "373129696960970762": {
                    "colour": 16711680,
                    "name": "Staff",
                    "created_at": "26-10-2017_15-24-12-170000",
                    "position": 14,
                    "permissions": 0
                },
                "363695886297071626": {
                    "colour": 14747399,
                    "name": "Event Managers",
                    "created_at": "30-09-2017_14-37-36-436000",
                    "position": 18,
                    "permissions": 541200384
                }
            },
            "06-12-2018_01-05-49-556858": {
                "404068252361162759": {
                    "colour": 0,
                    "name": "Under Where?",
                    "created_at": "20-01-2018_00-22-58-588000",
                    "position": 17,
                    "permissions": 0
                },
                "403266269220175892": {
                    "colour": 1033914,
                    "name": "Mythical Ones",
                    "created_at": "17-01-2018_19-16-10-907000",
                    "position": 16,
                    "permissions": 262208
                },
                "430760351248809986": {
                    "colour": 0,
                    "name": "Current Iteration",
                    "created_at": "03-04-2018_16-07-50-878000",
                    "position": 10,
                    "permissions": 0
                },
                "178667818152230912": {
                    "colour": 0,
                    "name": "@everyone",
                    "created_at": "08-05-2016_00-42-07-335000",
                    "position": 0,
                    "permissions": 0
                },
                "403272352223461387": {
                    "colour": 0,
                    "name": "Members",
                    "created_at": "17-01-2018_19-40-21-208000",
                    "position": 12,
                    "permissions": 104187968
                },
                "373129696960970762": {
                    "colour": 16711680,
                    "name": "Staff",
                    "created_at": "26-10-2017_15-24-12-170000",
                    "position": 19,
                    "permissions": 0
                },
                "363695886297071626": {
                    "colour": 14747399,
                    "name": "Event Managers",
                    "created_at": "30-09-2017_14-37-36-436000",
                    "position": 23,
                    "permissions": 541200384
                }
            },
            "07-12-2018_09-02-35-892853": {
                "404068252361162759": {
                    "colour": 0,
                    "name": "Under Where?",
                    "created_at": "20-01-2018_00-22-58-588000",
                    "position": 16,
                    "permissions": 0
                },
                "403266285313589250": {
                    "colour": 16777215,
                    "name": "Abandoned Ones",
                    "created_at": "17-01-2018_19-16-14-744000",
                    "position": 12,
                    "permissions": 0
                },
                "430760351248809986": {
                    "colour": 0,
                    "name": "Current Iteration",
                    "created_at": "03-04-2018_16-07-50-878000",
                    "position": 9,
                    "permissions": 0
                },
                "178667818152230912": {
                    "colour": 0,
                    "name": "@everyone",
                    "created_at": "08-05-2016_00-42-07-335000",
                    "position": 0,
                    "permissions": 0
                },
                "403272352223461387": {
                    "colour": 0,
                    "name": "Members",
                    "created_at": "17-01-2018_19-40-21-208000",
                    "position": 11,
                    "permissions": 104187968
                },
                "373129696960970762": {
                    "colour": 16711680,
                    "name": "Staff",
                    "created_at": "26-10-2017_15-24-12-170000",
                    "position": 18,
                    "permissions": 0
                },
                "363695886297071626": {
                    "colour": 14747399,
                    "name": "Event Managers",
                    "created_at": "30-09-2017_14-37-36-436000",
                    "position": 22,
                    "permissions": 541200384
                }
            },
            "07-12-2018_07-51-11-182069": {
                "404068252361162759": {
                    "colour": 0,
                    "name": "Under Where?",
                    "created_at": "20-01-2018_00-22-58-588000",
                    "position": 16,
                    "permissions": 0
                },
                "403266269220175892": {
                    "colour": 1033914,
                    "name": "Mythical Ones",
                    "created_at": "17-01-2018_19-16-10-907000",
                    "position": 15,
                    "permissions": 262208
                },
                "430760351248809986": {
                    "colour": 0,
                    "name": "Current Iteration",
                    "created_at": "03-04-2018_16-07-50-878000",
                    "position": 9,
                    "permissions": 0
                },
                "178667818152230912": {
                    "colour": 0,
                    "name": "@everyone",
                    "created_at": "08-05-2016_00-42-07-335000",
                    "position": 0,
                    "permissions": 0
                },
                "403272352223461387": {
                    "colour": 0,
                    "name": "Members",
                    "created_at": "17-01-2018_19-40-21-208000",
                    "position": 11,
                    "permissions": 104187968
                },
                "373129696960970762": {
                    "colour": 16711680,
                    "name": "Staff",
                    "created_at": "26-10-2017_15-24-12-170000",
                    "position": 18,
                    "permissions": 0
                },
                "363695886297071626": {
                    "colour": 14747399,
                    "name": "Event Managers",
                    "created_at": "30-09-2017_14-37-36-436000",
                    "position": 22,
                    "permissions": 541200384
                }
            }
        },
        "current": {
            "404068252361162759": {
                "colour": 0,
                "name": "Under Where?",
                "created_at": "20-01-2018_00-22-58-588000",
                "position": 4,
                "permissions": 0
            },
            "403266285313589250": {
                "colour": 16777215,
                "name": "Abandoned Ones",
                "created_at": "17-01-2018_19-16-14-744000",
                "position": 9,
                "permissions": 0
            },
            "363695886297071626": {
                "colour": 14747399,
                "name": "Event Managers",
                "created_at": "30-09-2017_14-37-36-436000",
                "position": 20,
                "permissions": 541200384
            },
            "430760351248809986": {
                "colour": 0,
                "name": "Current Iteration",
                "created_at": "03-04-2018_16-07-50-878000",
                "position": 7,
                "permissions": 0
            },
            "178667818152230912": {
                "colour": 0,
                "name": "@everyone",
                "created_at": "08-05-2016_00-42-07-335000",
                "position": 0,
                "permissions": 0
            },
            "523917597138354193": {
                "colour": 16714995,
                "name": "Yeeters",
                "created_at": "16-12-2018_17-41-29-076000",
                "position": 3,
                "permissions": 0
            },
            "373129696960970762": {
                "colour": 16711680,
                "name": "Staff",
                "created_at": "26-10-2017_15-24-12-170000",
                "position": 16,
                "permissions": 0
            },
            "403272352223461387": {
                "colour": 0,
                "name": "Members",
                "created_at": "17-01-2018_19-40-21-208000",
                "position": 8,
                "permissions": 104187968
            }
        }
    },
    "id": "175974530098003968",
    "status": {
        "previous": {
            "06-12-2018_19-01-41-672098": "online",
            "16-12-2018_21-52-39-901037": "idle",
            "06-12-2018_01-05-49-556858": "online",
            "17-12-2018_08-19-13-303562": "online",
            "06-12-2018_00-11-55-269398": "offline",
            "13-01-2019_18-58-47-852165": "offline",
            "07-12-2018_07-42-43-243407": "idle",
            "11-01-2019_23-54-44-166805": "idle",
            "08-12-2018_15-44-11-058097": "idle",
            "11-12-2018_09-13-26-392726": "online",
            "12-01-2019_01-16-58-662867": "online",
            "09-12-2018_10-10-43-790279": "online",
            "11-01-2019_22-45-11-058689": "offline",
            "07-12-2018_19-07-03-633575": "idle",
            "13-01-2019_23-58-57-488890": "idle",
            "10-01-2019_00-18-24-072293": "online",
            "15-01-2019_20-05-24-063373": "online",
            "10-12-2018_16-02-31-496869": "idle"
        },
        "current": "offline"
    },
    "discriminator": {
        "previous": {},
        "current": "3909"
    },
    "joined_at": {
        "previous": {},
        "current": "17-01-2018_14-50-31-122000"
    },
    "voice": {
        "previous": {
            "16-12-2018_22-46-26-221531": {
                "self_mute": false,
                "server_mute": false,
                "is_afk": false,
                "self_deaf": false,
                "channel": {
                    "private": false,
                    "id": "403283673647939595",
                    "name": "General"
                },
                "server_deaf": false
            },
            "16-12-2018_21-52-39-901037": {
                "self_mute": false,
                "server_mute": false,
                "is_afk": false,
                "self_deaf": false,
                "channel": {
                    "private": null,
                    "id": null,
                    "name": null
                },
                "server_deaf": false
            },
            "08-12-2018_15-44-11-058097": {
                "self_mute": false,
                "server_mute": false,
                "is_afk": false,
                "self_deaf": false,
                "channel": {
                    "private": false,
                    "id": "403086522146095104",
                    "name": "Under Where"
                },
                "server_deaf": false
            },
            "12-01-2019_01-16-58-662867": {
                "self_mute": false,
                "server_mute": false,
                "is_afk": false,
                "self_deaf": false,
                "channel": {
                    "private": false,
                    "id": "523902470724911105",
                    "name": "simply-yeet"
                },
                "server_deaf": false
            },
            "17-12-2018_00-07-55-794219": {
                "self_mute": true,
                "server_mute": false,
                "is_afk": false,
                "self_deaf": false,
                "channel": {
                    "private": false,
                    "id": "403283673647939595",
                    "name": "General"
                },
                "server_deaf": false
            },
            "17-12-2018_08-19-13-303562": {
                "self_mute": false,
                "server_mute": false,
                "is_afk": false,
                "self_deaf": false,
                "channel": {
                    "private": false,
                    "id": "403283673647939595",
                    "name": "General"
                },
                "server_deaf": false
            },
            "13-01-2019_23-58-57-488890": {
                "self_mute": false,
                "server_mute": false,
                "is_afk": false,
                "self_deaf": false,
                "channel": {
                    "private": false,
                    "id": "403086522146095104",
                    "name": "Under Where"
                },
                "server_deaf": false
            }
        },
        "current": {
            "self_mute": false,
            "server_mute": false,
            "is_afk": false,
            "self_deaf": false,
            "channel": {
                "private": null,
                "id": null,
                "name": null
            },
            "server_deaf": false
        }
    },
    "name": {
        "previous": {},
        "current": "Devnepte"
    },
    "display_name": {
        "previous": {
            "10-01-2019_00-18-24-072293": "Santa's little daughter"
        },
        "current": "Daughter"
    },
    "game": {
        "previous": {},
        "current": {
            "name": null,
            "url": null,
            "type": null
        }
    }
}