{
    "created_at": "12-08-2016_01-18-03-466000",
    "bot": true,
    "display_name": {
        "previous": {},
        "current": "Mantaro"
    },
    "voice": {
        "previous": {},
        "current": {
            "self_mute": false,
            "server_deaf": false,
            "is_afk": false,
            "self_deaf": false,
            "channel": {
                "private": null,
                "id": null,
                "name": null
            },
            "server_mute": false
        }
    },
    "joined_at": {
        "previous": {},
        "current": "06-01-2019_22-46-35-749175"
    },
    "cookies": {
        "measured_epochs": 1,
        "cookies_in_jar": 0,
        "cookie_interest": 0,
        "active_this_epoch": false,
        "active_epochs": 0,
        "total_cookies": 0,
        "current_cookies": 0,
        "cookie_transfer_quota": 0,
        "get": {
            "total_cookies": 0,
            "average": 0.0
        },
        "give": {
            "total_cookies": 0,
            "average": 0.0
        }
    },
    "roles": {
        "previous": {},
        "current": {
            "403266285313589250": {
                "colour": 16777215,
                "name": "Abandoned Ones",
                "created_at": "17-01-2018_19-16-14-744000",
                "position": 9,
                "permissions": 0
            },
            "178667818152230912": {
                "colour": 0,
                "name": "@everyone",
                "created_at": "08-05-2016_00-42-07-335000",
                "position": 0,
                "permissions": 0
            },
            "403239438802485259": {
                "colour": 13079310,
                "name": "Bots",
                "created_at": "17-01-2018_17-29-34-037000",
                "position": 10,
                "permissions": 0
            },
            "531604526327791666": {
                "colour": 0,
                "name": "Mantaro",
                "created_at": "06-01-2019_22-46-35-811000",
                "position": 1,
                "permissions": 475191
            }
        }
    },
    "id": "213466096718708737",
    "status": {
        "previous": {},
        "current": "online"
    },
    "discriminator": {
        "previous": {},
        "current": "4454"
    },
    "bans": {
        "previous": {},
        "current": "not banned"
    },
    "colour": {
        "previous": {},
        "current": 13079310
    },
    "name": {
        "previous": {},
        "current": "Mantaro"
    },
    "activity": {},
    "game": {
        "previous": {
            "10-01-2019_03-36-57-747790": {
                "name": "~>help | I'm also a CPU. No, really! | [7]",
                "url": null,
                "type": 0
            },
            "10-01-2019_00-18-24-072293": {
                "name": "~>help | I don't wanna, but I guess I gotta. | [7]",
                "url": null,
                "type": 0
            },
            "13-01-2019_18-58-47-852165": {
                "name": "~>help | Stop this already... | [7]",
                "url": null,
                "type": 0
            },
            "13-01-2019_23-50-53-236086": {
                "name": "~>help | Now with more ~>tsundere | [7]",
                "url": null,
                "type": 0
            },
            "11-01-2019_23-54-44-166805": {
                "name": "~>help | Now singing along you. | [7]",
                "url": null,
                "type": 0
            },
            "12-01-2019_01-16-58-662867": {
                "name": "~>help | Check ~>misc | [7]",
                "url": null,
                "type": 0
            },
            "11-01-2019_22-45-11-058689": {
                "name": "~>help | Tatoe will make you dance to the pp. | [7]",
                "url": null,
                "type": 0
            },
            "10-01-2019_03-33-44-007928": {
                "name": "~>help | with RPG | [7]",
                "url": null,
                "type": 0
            },
            "11-01-2019_23-09-28-971572": {
                "name": "~>help | Check ~>pat | [7]",
                "url": null,
                "type": 0
            },
            "15-01-2019_20-05-24-063373": {
                "name": "~>help | Check ~>pat | [7]",
                "url": null,
                "type": 0
            },
            "13-01-2019_23-58-57-488890": {
                "name": "~>help | an instance of Player | [7]",
                "url": null,
                "type": 0
            }
        },
        "current": {
            "name": "~>help | Check ~>loot | [7]",
            "url": null,
            "type": 0
        }
    }
}