{
    "activity": {},
    "created_at": "28-12-2016_12-34-42-242000",
    "bot": false,
    "colour": {
        "previous": {},
        "current": 16777215
    },
    "bans": {
        "previous": {},
        "current": "not banned"
    },
    "cookies": {
        "cookies_in_jar": 0,
        "give": {
            "total_cookies": 0,
            "average": 0.0
        },
        "current_cookies": 0,
        "active_this_epoch": false,
        "active_epochs": 0,
        "total_cookies": 0,
        "measured_epochs": 9,
        "cookie_transfer_quota": 0,
        "get": {
            "total_cookies": 0,
            "average": 0.0
        },
        "cookie_interest": 0
    },
    "roles": {
        "previous": {
            "16-12-2018_21-52-39-901037": {
                "403266285313589250": {
                    "colour": 16777215,
                    "name": "Abandoned Ones",
                    "created_at": "17-01-2018_19-16-14-744000",
                    "position": 11,
                    "permissions": 0
                },
                "178667818152230912": {
                    "colour": 0,
                    "name": "@everyone",
                    "created_at": "08-05-2016_00-42-07-335000",
                    "position": 0,
                    "permissions": 0
                },
                "403272352223461387": {
                    "colour": 0,
                    "name": "Members",
                    "created_at": "17-01-2018_19-40-21-208000",
                    "position": 10,
                    "permissions": 104187968
                }
            },
            "10-01-2019_00-18-24-072293": {
                "403266285313589250": {
                    "colour": 16777215,
                    "name": "Abandoned Ones",
                    "created_at": "17-01-2018_19-16-14-744000",
                    "position": 8,
                    "permissions": 0
                },
                "178667818152230912": {
                    "colour": 0,
                    "name": "@everyone",
                    "created_at": "08-05-2016_00-42-07-335000",
                    "position": 0,
                    "permissions": 0
                },
                "403272352223461387": {
                    "colour": 0,
                    "name": "Members",
                    "created_at": "17-01-2018_19-40-21-208000",
                    "position": 7,
                    "permissions": 104187968
                }
            },
            "06-12-2018_01-05-49-556858": {
                "403266285313589250": {
                    "colour": 16777215,
                    "name": "Abandoned Ones",
                    "created_at": "17-01-2018_19-16-14-744000",
                    "position": 13,
                    "permissions": 0
                },
                "178667818152230912": {
                    "colour": 0,
                    "name": "@everyone",
                    "created_at": "08-05-2016_00-42-07-335000",
                    "position": 0,
                    "permissions": 0
                },
                "403272352223461387": {
                    "colour": 0,
                    "name": "Members",
                    "created_at": "17-01-2018_19-40-21-208000",
                    "position": 12,
                    "permissions": 104187968
                }
            },
            "07-12-2018_09-02-35-892853": {
                "403266285313589250": {
                    "colour": 16777215,
                    "name": "Abandoned Ones",
                    "created_at": "17-01-2018_19-16-14-744000",
                    "position": 12,
                    "permissions": 0
                },
                "178667818152230912": {
                    "colour": 0,
                    "name": "@everyone",
                    "created_at": "08-05-2016_00-42-07-335000",
                    "position": 0,
                    "permissions": 0
                },
                "403272352223461387": {
                    "colour": 0,
                    "name": "Members",
                    "created_at": "17-01-2018_19-40-21-208000",
                    "position": 11,
                    "permissions": 104187968
                }
            }
        },
        "current": {
            "403266285313589250": {
                "colour": 16777215,
                "name": "Abandoned Ones",
                "created_at": "17-01-2018_19-16-14-744000",
                "position": 9,
                "permissions": 0
            },
            "178667818152230912": {
                "colour": 0,
                "name": "@everyone",
                "created_at": "08-05-2016_00-42-07-335000",
                "position": 0,
                "permissions": 0
            },
            "403272352223461387": {
                "colour": 0,
                "name": "Members",
                "created_at": "17-01-2018_19-40-21-208000",
                "position": 8,
                "permissions": 104187968
            }
        }
    },
    "id": "263645905780080640",
    "status": {
        "previous": {
            "16-12-2018_21-52-39-901037": "online",
            "06-12-2018_01-05-49-556858": "offline",
            "05-12-2018_23-17-11-812802": "online",
            "06-12-2018_14-50-02-697396": "offline",
            "08-12-2018_15-44-11-058097": "online",
            "06-12-2018_14-37-28-467255": "online",
            "11-12-2018_09-13-26-392726": "online",
            "12-01-2019_01-16-58-662867": "online",
            "12-12-2018_11-49-23-541900": "offline",
            "06-12-2018_15-40-12-725739": "offline",
            "06-12-2018_13-18-30-157611": "offline",
            "05-12-2018_16-27-33-714312": "online",
            "06-12-2018_16-52-47-876441": "online",
            "06-12-2018_15-27-46-642824": "online"
        },
        "current": "offline"
    },
    "discriminator": {
        "previous": {},
        "current": "5218"
    },
    "joined_at": {
        "previous": {},
        "current": "29-10-2018_20-16-20-062877"
    },
    "voice": {
        "previous": {},
        "current": {
            "self_mute": false,
            "server_mute": false,
            "is_afk": false,
            "self_deaf": false,
            "channel": {
                "private": null,
                "id": null,
                "name": null
            },
            "server_deaf": false
        }
    },
    "name": {
        "previous": {},
        "current": "Smoky"
    },
    "display_name": {
        "previous": {},
        "current": "Smoky"
    },
    "game": {
        "previous": {},
        "current": {
            "name": null,
            "url": null,
            "type": null
        }
    }
}