{
    "activity": {
        "2019": {
            "1": {
                "10": {
                    "17": {
                        "523913649182605330": 1
                    },
                    "3": {
                        "523913649182605330": 2
                    },
                    "16": {
                        "403084655550791682": 1
                    },
                    "2": {
                        "523913649182605330": 3
                    },
                    "0": {
                        "403084763591606273": 1,
                        "523913649182605330": 6
                    },
                    "1": {
                        "523913649182605330": 1
                    },
                    "18": {
                        "523913649182605330": 1
                    },
                    "13": {
                        "403084655550791682": 1,
                        "523913649182605330": 1
                    },
                    "14": {
                        "523913649182605330": 8
                    }
                },
                "12": {
                    "16": {
                        "404067128786944002": 1,
                        "523913649182605330": 1
                    },
                    "2": {
                        "403084655550791682": 2,
                        "523913649182605330": 1
                    },
                    "19": {
                        "523913649182605330": 4
                    },
                    "0": {
                        "523913649182605330": 3
                    },
                    "1": {
                        "523913649182605330": 4
                    },
                    "22": {
                        "523913649182605330": 2
                    },
                    "18": {
                        "523913649182605330": 1
                    },
                    "14": {
                        "523913649182605330": 1
                    }
                },
                "13": {
                    "8": {
                        "403084790401728512": 1
                    },
                    "20": {
                        "403084655550791682": 1,
                        "523913649182605330": 1
                    },
                    "19": {
                        "523913649182605330": 2
                    },
                    "0": {
                        "523913649182605330": 1
                    },
                    "1": {
                        "523913649182605330": 7
                    },
                    "22": {
                        "523913649182605330": 1
                    },
                    "2": {
                        "523913649182605330": 1
                    },
                    "23": {
                        "403084655550791682": 1,
                        "523913649182605330": 2
                    }
                },
                "14": {
                    "22": {
                        "523913649182605330": 2
                    },
                    "23": {
                        "523913649182605330": 4
                    },
                    "21": {
                        "523913649182605330": 2
                    },
                    "0": {
                        "523913649182605330": 5
                    }
                }
            }
        },
        "2018": {
            "12": {
                "16": {
                    "22": {
                        "523913649182605330": 9
                    },
                    "23": {
                        "523913649182605330": 8
                    }
                }
            }
        }
    },
    "created_at": "26-11-2017_05-14-57-756000",
    "bot": false,
    "colour": {
        "previous": {
            "16-12-2018_21-52-39-901037": 16777215,
            "09-12-2018_10-12-20-733458": 0
        },
        "current": 16728548
    },
    "bans": {
        "previous": {},
        "current": "not banned"
    },
    "cookies": {
        "cookies_in_jar": 0,
        "cookie_interest": 0,
        "cookie_transfer_quota": 0,
        "active_this_epoch": false,
        "active_epochs": 1,
        "total_cookies": 1,
        "current_cookies": 1,
        "measured_epochs": 1,
        "get": {
            "total_cookies": 1,
            "average": 1.0
        },
        "give": {
            "total_cookies": 0,
            "average": 0.0
        }
    },
    "roles": {
        "previous": {
            "16-12-2018_21-52-39-901037": {
                "403266285313589250": {
                    "colour": 16777215,
                    "name": "Abandoned Ones",
                    "created_at": "17-01-2018_19-16-14-744000",
                    "position": 11,
                    "permissions": 0
                },
                "178667818152230912": {
                    "colour": 0,
                    "name": "@everyone",
                    "created_at": "08-05-2016_00-42-07-335000",
                    "position": 0,
                    "permissions": 0
                }
            },
            "09-12-2018_10-12-20-733458": {
                "178667818152230912": {
                    "colour": 0,
                    "name": "@everyone",
                    "created_at": "08-05-2016_00-42-07-335000",
                    "position": 0,
                    "permissions": 0
                }
            },
            "10-01-2019_00-18-24-072293": {
                "403266285313589250": {
                    "colour": 16777215,
                    "name": "Abandoned Ones",
                    "created_at": "17-01-2018_19-16-14-744000",
                    "position": 8,
                    "permissions": 0
                },
                "430760351248809986": {
                    "colour": 0,
                    "name": "Current Iteration",
                    "created_at": "03-04-2018_16-07-50-878000",
                    "position": 6,
                    "permissions": 0
                },
                "178667818152230912": {
                    "colour": 0,
                    "name": "@everyone",
                    "created_at": "08-05-2016_00-42-07-335000",
                    "position": 0,
                    "permissions": 0
                },
                "523917597138354193": {
                    "colour": 16714995,
                    "name": "Yeeters",
                    "created_at": "16-12-2018_17-41-29-076000",
                    "position": 1,
                    "permissions": 0
                },
                "400699163026653184": {
                    "colour": 16728548,
                    "name": "Community Managers",
                    "created_at": "10-01-2018_17-15-25-096000",
                    "position": 17,
                    "permissions": 129
                },
                "373129696960970762": {
                    "colour": 16711680,
                    "name": "Staff",
                    "created_at": "26-10-2017_15-24-12-170000",
                    "position": 14,
                    "permissions": 0
                },
                "403272352223461387": {
                    "colour": 0,
                    "name": "Members",
                    "created_at": "17-01-2018_19-40-21-208000",
                    "position": 7,
                    "permissions": 104187968
                }
            },
            "12-01-2019_01-16-58-662867": {
                "403266285313589250": {
                    "colour": 16777215,
                    "name": "Abandoned Ones",
                    "created_at": "17-01-2018_19-16-14-744000",
                    "position": 9,
                    "permissions": 0
                },
                "403266269220175892": {
                    "colour": 1033914,
                    "name": "Mythical Ones",
                    "created_at": "17-01-2018_19-16-10-907000",
                    "position": 14,
                    "permissions": 262208
                },
                "430760351248809986": {
                    "colour": 0,
                    "name": "Current Iteration",
                    "created_at": "03-04-2018_16-07-50-878000",
                    "position": 7,
                    "permissions": 0
                },
                "178667818152230912": {
                    "colour": 0,
                    "name": "@everyone",
                    "created_at": "08-05-2016_00-42-07-335000",
                    "position": 0,
                    "permissions": 0
                },
                "523917597138354193": {
                    "colour": 16714995,
                    "name": "Yeeters",
                    "created_at": "16-12-2018_17-41-29-076000",
                    "position": 3,
                    "permissions": 0
                },
                "400699163026653184": {
                    "colour": 16728548,
                    "name": "Community Managers",
                    "created_at": "10-01-2018_17-15-25-096000",
                    "position": 19,
                    "permissions": 1073741953
                },
                "373129696960970762": {
                    "colour": 16711680,
                    "name": "Staff",
                    "created_at": "26-10-2017_15-24-12-170000",
                    "position": 16,
                    "permissions": 0
                },
                "403272352223461387": {
                    "colour": 0,
                    "name": "Members",
                    "created_at": "17-01-2018_19-40-21-208000",
                    "position": 8,
                    "permissions": 104187968
                }
            }
        },
        "current": {
            "403266269220175892": {
                "colour": 1033914,
                "name": "Mythical Ones",
                "created_at": "17-01-2018_19-16-10-907000",
                "position": 14,
                "permissions": 262208
            },
            "430760351248809986": {
                "colour": 0,
                "name": "Current Iteration",
                "created_at": "03-04-2018_16-07-50-878000",
                "position": 7,
                "permissions": 0
            },
            "178667818152230912": {
                "colour": 0,
                "name": "@everyone",
                "created_at": "08-05-2016_00-42-07-335000",
                "position": 0,
                "permissions": 0
            },
            "523917597138354193": {
                "colour": 16714995,
                "name": "Yeeters",
                "created_at": "16-12-2018_17-41-29-076000",
                "position": 3,
                "permissions": 0
            },
            "400699163026653184": {
                "colour": 16728548,
                "name": "Community Managers",
                "created_at": "10-01-2018_17-15-25-096000",
                "position": 19,
                "permissions": 1073741953
            },
            "373129696960970762": {
                "colour": 16711680,
                "name": "Staff",
                "created_at": "26-10-2017_15-24-12-170000",
                "position": 16,
                "permissions": 0
            },
            "403272352223461387": {
                "colour": 0,
                "name": "Members",
                "created_at": "17-01-2018_19-40-21-208000",
                "position": 8,
                "permissions": 104187968
            }
        }
    },
    "id": "384210400469581825",
    "status": {
        "previous": {
            "16-12-2018_21-52-39-901037": "offline",
            "10-01-2019_03-36-57-747790": "idle",
            "17-12-2018_08-19-13-303562": "idle",
            "13-01-2019_18-58-47-852165": "offline",
            "08-12-2018_15-44-11-058097": "online",
            "11-12-2018_09-13-26-392726": "online",
            "10-12-2018_16-02-31-496869": "online",
            "09-12-2018_10-12-40-202519": "online",
            "15-01-2019_20-05-24-063373": "idle",
            "13-01-2019_23-58-57-488890": "online",
            "10-01-2019_00-18-24-072293": "offline",
            "12-01-2019_01-16-58-662867": "online"
        },
        "current": "online"
    },
    "discriminator": {
        "previous": {},
        "current": "1162"
    },
    "joined_at": {
        "previous": {},
        "current": "08-12-2018_22-38-24-111768"
    },
    "voice": {
        "previous": {
            "16-12-2018_21-52-39-901037": {
                "self_mute": false,
                "server_mute": false,
                "is_afk": false,
                "self_deaf": false,
                "channel": {
                    "private": null,
                    "id": null,
                    "name": null
                },
                "server_deaf": false
            },
            "10-01-2019_03-36-57-747790": {
                "self_mute": true,
                "server_mute": false,
                "is_afk": false,
                "self_deaf": false,
                "channel": {
                    "private": false,
                    "id": "523902470724911105",
                    "name": "simply-yeet"
                },
                "server_deaf": false
            },
            "10-01-2019_00-18-24-072293": {
                "self_mute": false,
                "server_mute": false,
                "is_afk": false,
                "self_deaf": false,
                "channel": {
                    "private": null,
                    "id": null,
                    "name": null
                },
                "server_deaf": false
            },
            "13-01-2019_18-58-47-852165": {
                "self_mute": false,
                "server_mute": false,
                "is_afk": false,
                "self_deaf": false,
                "channel": {
                    "private": false,
                    "id": "523902470724911105",
                    "name": "simply-yeet"
                },
                "server_deaf": false
            },
            "13-01-2019_23-50-53-236086": {
                "self_mute": true,
                "server_mute": false,
                "is_afk": false,
                "self_deaf": false,
                "channel": {
                    "private": false,
                    "id": "523902470724911105",
                    "name": "simply-yeet"
                },
                "server_deaf": false
            },
            "11-01-2019_23-54-44-166805": {
                "self_mute": true,
                "server_mute": false,
                "is_afk": false,
                "self_deaf": false,
                "channel": {
                    "private": false,
                    "id": "523902470724911105",
                    "name": "simply-yeet"
                },
                "server_deaf": false
            },
            "12-01-2019_01-16-58-662867": {
                "self_mute": false,
                "server_mute": false,
                "is_afk": false,
                "self_deaf": false,
                "channel": {
                    "private": false,
                    "id": "523902470724911105",
                    "name": "simply-yeet"
                },
                "server_deaf": false
            },
            "17-12-2018_08-19-13-303562": {
                "self_mute": false,
                "server_mute": false,
                "is_afk": false,
                "self_deaf": false,
                "channel": {
                    "private": false,
                    "id": "403283673647939595",
                    "name": "General"
                },
                "server_deaf": false
            },
            "11-01-2019_22-45-11-058689": {
                "self_mute": false,
                "server_mute": false,
                "is_afk": false,
                "self_deaf": false,
                "channel": {
                    "private": false,
                    "id": "523902470724911105",
                    "name": "simply-yeet"
                },
                "server_deaf": false
            },
            "15-01-2019_20-05-24-063373": {
                "self_mute": false,
                "server_mute": false,
                "is_afk": false,
                "self_deaf": false,
                "channel": {
                    "name": "simply-yeet",
                    "id": "523902470724911105",
                    "private": false
                },
                "server_deaf": false
            },
            "11-01-2019_23-09-28-971572": {
                "self_mute": true,
                "server_mute": false,
                "is_afk": false,
                "self_deaf": false,
                "channel": {
                    "private": false,
                    "id": "523902470724911105",
                    "name": "simply-yeet"
                },
                "server_deaf": false
            },
            "13-01-2019_23-58-57-488890": {
                "self_mute": false,
                "server_mute": false,
                "is_afk": false,
                "self_deaf": false,
                "channel": {
                    "private": false,
                    "id": "523902470724911105",
                    "name": "simply-yeet"
                },
                "server_deaf": false
            }
        },
        "current": {
            "self_mute": false,
            "server_deaf": false,
            "is_afk": false,
            "self_deaf": false,
            "channel": {
                "name": null,
                "id": null,
                "private": null
            },
            "server_mute": false
        }
    },
    "name": {
        "previous": {
            "10-01-2019_00-18-24-072293": "LmanTheAussie"
        },
        "current": "Some Mop"
    },
    "display_name": {
        "previous": {
            "11-01-2019_22-45-11-058689": "The Edgy Sad Foreign Child",
            "10-01-2019_00-18-24-072293": "LmanTheAussie"
        },
        "current": "Sad Lonely Convict"
    },
    "game": {
        "previous": {
            "10-01-2019_03-36-57-747790": {
                "name": "RuneScape",
                "url": null,
                "type": 0
            },
            "12-01-2019_01-16-58-662867": {
                "name": "Spotify",
                "url": null,
                "type": 2
            },
            "13-01-2019_23-58-57-488890": {
                "name": "Wallpaper Engine",
                "url": null,
                "type": 0
            },
            "15-01-2019_20-05-24-063373": {
                "name": "Never Split the Party",
                "url": null,
                "type": 0
            },
            "13-01-2019_18-58-47-852165": {
                "name": "Wallpaper Engine",
                "url": null,
                "type": 0
            },
            "11-01-2019_23-54-44-166805": {
                "name": "Overwatch",
                "url": null,
                "type": 0
            }
        },
        "current": {
            "name": null,
            "url": null,
            "type": null
        }
    }
}