{
    "display_name": {
        "previous": {},
        "current": "Cutie Kurisu-chama"
    },
    "created_at": "16-05-2016_12-43-12-568000",
    "status": {
        "previous": {
            "07-12-2018_09-02-35-892853": "online",
            "09-12-2018_10-12-40-202519": "online",
            "06-12-2018_00-23-55-487803": "online",
            "18-01-2019_15-04-28-265172": "online",
            "16-12-2018_21-52-39-901037": "online",
            "26-01-2019_04-12-07-077616": "offline",
            "10-01-2019_03-36-57-747790": "online",
            "25-01-2019_00-26-23-076062": "online",
            "12-01-2019_01-16-58-662867": "online",
            "16-01-2019_15-03-07-147943": "offline",
            "11-12-2018_09-13-26-392726": "online",
            "06-12-2018_01-05-49-556858": "online",
            "12-12-2018_11-49-23-541900": "online",
            "17-01-2019_17-37-42-106001": "online",
            "25-01-2019_18-03-01-080213": "offline",
            "06-12-2018_00-33-42-698457": "offline",
            "05-12-2018_16-27-33-714312": "offline",
            "06-12-2018_00-45-45-907811": "online",
            "18-01-2019_23-28-09-275982": "online",
            "05-12-2018_15-43-55-700669": "online",
            "25-01-2019_15-28-36-671537": "online",
            "13-01-2019_23-57-05-695365": "online",
            "07-12-2018_07-51-11-182069": "offline",
            "16-01-2019_22-00-47-241502": "offline",
            "27-01-2019_13-19-36-209606": "online",
            "13-01-2019_18-58-47-852165": "online",
            "10-12-2018_16-02-31-496869": "offline",
            "16-12-2018_22-46-26-221531": "online",
            "27-01-2019_00-03-40-224296": "online",
            "05-12-2018_23-34-35-600797": "online",
            "15-01-2019_20-05-24-063373": "online",
            "06-12-2018_00-19-28-339644": "offline",
            "13-01-2019_23-50-53-236086": "offline",
            "17-12-2018_08-19-13-303562": "offline",
            "23-01-2019_21-15-24-922386": "online",
            "19-01-2019_13-47-02-065430": "online",
            "06-12-2018_00-48-23-112938": "offline",
            "19-01-2019_23-47-11-591556": "offline",
            "06-12-2018_19-01-41-672098": "online",
            "06-12-2018_15-40-12-725739": "online",
            "06-12-2018_00-25-10-559318": "online",
            "07-12-2018_19-07-03-633575": "online",
            "10-01-2019_00-18-24-072293": "online",
            "08-12-2018_15-44-11-058097": "offline",
            "26-01-2019_15-44-45-130911": "offline",
            "23-01-2019_23-06-46-438605": "online",
            "11-01-2019_22-45-11-058689": "offline",
            "13-01-2019_23-58-57-488890": "offline"
        },
        "current": "offline"
    },
    "colour": {
        "previous": {
            "10-01-2019_00-18-24-072293": 16777215
        },
        "current": 16728548
    },
    "name": {
        "previous": {},
        "current": "Maple"
    },
    "activity": {
        "2019": {
            "1": {
                "15": {
                    "23": {
                        "403084655550791682": 1
                    },
                    "0": {
                        "523913649182605330": 1
                    }
                },
                "12": {
                    "23": {
                        "523913649182605330": 1
                    },
                    "0": {
                        "523913649182605330": 26
                    },
                    "2": {
                        "523913649182605330": 6,
                        "403084655550791682": 1
                    },
                    "1": {
                        "523913649182605330": 9,
                        "403084655550791682": 1
                    },
                    "3": {
                        "523913649182605330": 3,
                        "403084655550791682": 1
                    }
                },
                "24": {
                    "0": {
                        "523913649182605330": 1
                    }
                },
                "11": {
                    "23": {
                        "523913649182605330": 5
                    },
                    "22": {
                        "523913649182605330": 6
                    }
                },
                "16": {
                    "1": {
                        "403084655550791682": 2
                    }
                },
                "17": {
                    "1": {
                        "523913649182605330": 3
                    },
                    "2": {
                        "523913649182605330": 2
                    }
                },
                "13": {
                    "1": {
                        "523913649182605330": 1
                    },
                    "22": {
                        "523913649182605330": 1
                    },
                    "19": {
                        "523913649182605330": 4
                    },
                    "23": {
                        "523913649182605330": 2
                    },
                    "0": {
                        "523913649182605330": 2
                    },
                    "20": {
                        "403084655550791682": 1
                    }
                },
                "14": {
                    "23": {
                        "523913649182605330": 4
                    },
                    "0": {
                        "523913649182605330": 9
                    },
                    "2": {
                        "523913649182605330": 1
                    },
                    "22": {
                        "523913649182605330": 6
                    }
                },
                "25": {
                    "1": {
                        "403084655550791682": 2
                    },
                    "11": {
                        "403084655550791682": 2
                    },
                    "7": {
                        "403084655550791682": 1
                    },
                    "3": {
                        "403084655550791682": 1
                    }
                }
            }
        },
        "2018": {
            "12": {
                "8": {
                    "19": {
                        "403084655550791682": 1
                    }
                }
            }
        }
    },
    "id": "181748388616732672",
    "voice": {
        "previous": {
            "15-01-2019_20-05-24-063373": {
                "self_mute": false,
                "server_deaf": false,
                "self_deaf": false,
                "server_mute": false,
                "channel": {
                    "id": "523902470724911105",
                    "private": false,
                    "name": "simply-yeet"
                },
                "is_afk": false
            },
            "23-01-2019_23-06-46-438605": {
                "self_mute": false,
                "server_deaf": false,
                "self_deaf": false,
                "server_mute": false,
                "channel": {
                    "id": "523902470724911105",
                    "private": false,
                    "name": "simply-yeet"
                },
                "is_afk": false
            },
            "16-01-2019_22-00-47-241502": {
                "self_mute": false,
                "server_deaf": false,
                "self_deaf": false,
                "server_mute": false,
                "channel": {
                    "id": "523902470724911105",
                    "private": false,
                    "name": "simply-yeet"
                },
                "is_afk": false
            },
            "16-01-2019_20-42-02-533659": {
                "self_mute": false,
                "server_deaf": false,
                "self_deaf": false,
                "server_mute": false,
                "channel": {
                    "id": null,
                    "private": null,
                    "name": null
                },
                "is_afk": false
            },
            "11-01-2019_23-54-44-166805": {
                "self_mute": false,
                "server_deaf": false,
                "self_deaf": false,
                "server_mute": false,
                "channel": {
                    "id": null,
                    "private": null,
                    "name": null
                },
                "is_afk": false
            },
            "12-01-2019_01-16-58-662867": {
                "self_mute": false,
                "server_deaf": false,
                "self_deaf": false,
                "server_mute": false,
                "channel": {
                    "id": "523902470724911105",
                    "private": false,
                    "name": "simply-yeet"
                },
                "is_afk": false
            },
            "13-01-2019_23-58-57-488890": {
                "self_mute": false,
                "server_deaf": false,
                "self_deaf": false,
                "server_mute": false,
                "channel": {
                    "id": null,
                    "private": null,
                    "name": null
                },
                "is_afk": false
            }
        },
        "current": {
            "self_mute": false,
            "server_deaf": false,
            "self_deaf": false,
            "server_mute": false,
            "channel": {
                "id": null,
                "private": null,
                "name": null
            },
            "is_afk": false
        }
    },
    "bans": {
        "previous": {},
        "current": "not banned"
    },
    "joined_at": {
        "previous": {},
        "current": "17-01-2018_13-55-29-706000"
    },
    "game": {
        "previous": {},
        "current": {
            "url": null,
            "type": null,
            "name": null
        }
    },
    "cookies": {
        "cookie_interest": 0,
        "cookies_in_jar": 0,
        "current_cookies": 0,
        "get": {
            "average": 0.0,
            "total_cookies": 0
        },
        "measured_epochs": 2,
        "cookie_transfer_quota": 0,
        "give": {
            "average": 0.0,
            "total_cookies": 0
        },
        "active_epochs": 0,
        "total_cookies": 0,
        "active_this_epoch": false
    },
    "roles": {
        "previous": {
            "07-12-2018_09-02-35-892853": {
                "404068252361162759": {
                    "position": 16,
                    "created_at": "20-01-2018_00-22-58-588000",
                    "name": "Under Where?",
                    "colour": 0,
                    "permissions": 0
                },
                "403272352223461387": {
                    "position": 11,
                    "created_at": "17-01-2018_19-40-21-208000",
                    "name": "Members",
                    "colour": 0,
                    "permissions": 104187968
                },
                "430760351248809986": {
                    "position": 9,
                    "created_at": "03-04-2018_16-07-50-878000",
                    "name": "Current Iteration",
                    "colour": 0,
                    "permissions": 0
                },
                "178667818152230912": {
                    "position": 0,
                    "created_at": "08-05-2016_00-42-07-335000",
                    "name": "@everyone",
                    "colour": 0,
                    "permissions": 0
                },
                "403266285313589250": {
                    "position": 12,
                    "created_at": "17-01-2018_19-16-14-744000",
                    "name": "Abandoned Ones",
                    "colour": 16777215,
                    "permissions": 0
                }
            },
            "25-01-2019_18-03-01-080213": {
                "400699163026653184": {
                    "position": 20,
                    "created_at": "10-01-2018_17-15-25-096000",
                    "name": "Community Managers",
                    "colour": 16728548,
                    "permissions": 1342308369
                },
                "523917597138354193": {
                    "position": 2,
                    "created_at": "16-12-2018_17-41-29-076000",
                    "name": "Yeeters",
                    "colour": 16714995,
                    "permissions": 0
                },
                "404068252361162759": {
                    "position": 3,
                    "created_at": "20-01-2018_00-22-58-588000",
                    "name": "Under Where?",
                    "colour": 10181046,
                    "permissions": 0
                },
                "403272352223461387": {
                    "position": 11,
                    "created_at": "17-01-2018_19-40-21-208000",
                    "name": "Members",
                    "colour": 0,
                    "permissions": 104187968
                },
                "373129696960970762": {
                    "position": 17,
                    "created_at": "26-10-2017_15-24-12-170000",
                    "name": "Staff",
                    "colour": 16711680,
                    "permissions": 0
                },
                "178667818152230912": {
                    "position": 0,
                    "created_at": "08-05-2016_00-42-07-335000",
                    "name": "@everyone",
                    "colour": 0,
                    "permissions": 0
                },
                "403266285313589250": {
                    "position": 12,
                    "created_at": "17-01-2018_19-16-14-744000",
                    "name": "Abandoned Ones",
                    "colour": 16777215,
                    "permissions": 0
                }
            },
            "17-01-2019_17-37-42-106001": {
                "400699163026653184": {
                    "position": 20,
                    "created_at": "10-01-2018_17-15-25-096000",
                    "name": "Community Managers",
                    "colour": 16728548,
                    "permissions": 1073741953
                },
                "178667818152230912": {
                    "position": 0,
                    "created_at": "08-05-2016_00-42-07-335000",
                    "name": "@everyone",
                    "colour": 0,
                    "permissions": 0
                },
                "523917597138354193": {
                    "position": 2,
                    "created_at": "16-12-2018_17-41-29-076000",
                    "name": "Yeeters",
                    "colour": 16714995,
                    "permissions": 0
                },
                "404068252361162759": {
                    "position": 3,
                    "created_at": "20-01-2018_00-22-58-588000",
                    "name": "Under Where?",
                    "colour": 10181046,
                    "permissions": 0
                },
                "403272352223461387": {
                    "position": 9,
                    "created_at": "17-01-2018_19-40-21-208000",
                    "name": "Members",
                    "colour": 0,
                    "permissions": 104187968
                },
                "373129696960970762": {
                    "position": 17,
                    "created_at": "26-10-2017_15-24-12-170000",
                    "name": "Staff",
                    "colour": 16711680,
                    "permissions": 0
                },
                "403266285313589250": {
                    "position": 10,
                    "created_at": "17-01-2018_19-16-14-744000",
                    "name": "Abandoned Ones",
                    "colour": 16777215,
                    "permissions": 0
                },
                "430760351248809986": {
                    "position": 8,
                    "created_at": "03-04-2018_16-07-50-878000",
                    "name": "Current Iteration",
                    "colour": 0,
                    "permissions": 0
                }
            },
            "18-01-2019_23-28-09-275982": {
                "400699163026653184": {
                    "position": 20,
                    "created_at": "10-01-2018_17-15-25-096000",
                    "name": "Community Managers",
                    "colour": 16728548,
                    "permissions": 1342177409
                },
                "178667818152230912": {
                    "position": 0,
                    "created_at": "08-05-2016_00-42-07-335000",
                    "name": "@everyone",
                    "colour": 0,
                    "permissions": 0
                },
                "523917597138354193": {
                    "position": 2,
                    "created_at": "16-12-2018_17-41-29-076000",
                    "name": "Yeeters",
                    "colour": 16714995,
                    "permissions": 0
                },
                "404068252361162759": {
                    "position": 3,
                    "created_at": "20-01-2018_00-22-58-588000",
                    "name": "Under Where?",
                    "colour": 10181046,
                    "permissions": 0
                },
                "403272352223461387": {
                    "position": 9,
                    "created_at": "17-01-2018_19-40-21-208000",
                    "name": "Members",
                    "colour": 0,
                    "permissions": 104187968
                },
                "373129696960970762": {
                    "position": 17,
                    "created_at": "26-10-2017_15-24-12-170000",
                    "name": "Staff",
                    "colour": 16711680,
                    "permissions": 0
                },
                "403266285313589250": {
                    "position": 10,
                    "created_at": "17-01-2018_19-16-14-744000",
                    "name": "Abandoned Ones",
                    "colour": 16777215,
                    "permissions": 0
                },
                "430760351248809986": {
                    "position": 8,
                    "created_at": "03-04-2018_16-07-50-878000",
                    "name": "Current Iteration",
                    "colour": 0,
                    "permissions": 0
                }
            },
            "06-12-2018_01-05-49-556858": {
                "404068252361162759": {
                    "position": 17,
                    "created_at": "20-01-2018_00-22-58-588000",
                    "name": "Under Where?",
                    "colour": 0,
                    "permissions": 0
                },
                "403272352223461387": {
                    "position": 12,
                    "created_at": "17-01-2018_19-40-21-208000",
                    "name": "Members",
                    "colour": 0,
                    "permissions": 104187968
                },
                "430760351248809986": {
                    "position": 10,
                    "created_at": "03-04-2018_16-07-50-878000",
                    "name": "Current Iteration",
                    "colour": 0,
                    "permissions": 0
                },
                "178667818152230912": {
                    "position": 0,
                    "created_at": "08-05-2016_00-42-07-335000",
                    "name": "@everyone",
                    "colour": 0,
                    "permissions": 0
                },
                "403266285313589250": {
                    "position": 13,
                    "created_at": "17-01-2018_19-16-14-744000",
                    "name": "Abandoned Ones",
                    "colour": 16777215,
                    "permissions": 0
                }
            },
            "11-01-2019_23-54-44-166805": {
                "400699163026653184": {
                    "position": 19,
                    "created_at": "10-01-2018_17-15-25-096000",
                    "name": "Community Managers",
                    "colour": 16728548,
                    "permissions": 129
                },
                "178667818152230912": {
                    "position": 0,
                    "created_at": "08-05-2016_00-42-07-335000",
                    "name": "@everyone",
                    "colour": 0,
                    "permissions": 0
                },
                "523917597138354193": {
                    "position": 3,
                    "created_at": "16-12-2018_17-41-29-076000",
                    "name": "Yeeters",
                    "colour": 16714995,
                    "permissions": 0
                },
                "404068252361162759": {
                    "position": 4,
                    "created_at": "20-01-2018_00-22-58-588000",
                    "name": "Under Where?",
                    "colour": 0,
                    "permissions": 0
                },
                "403272352223461387": {
                    "position": 8,
                    "created_at": "17-01-2018_19-40-21-208000",
                    "name": "Members",
                    "colour": 0,
                    "permissions": 104187968
                },
                "373129696960970762": {
                    "position": 16,
                    "created_at": "26-10-2017_15-24-12-170000",
                    "name": "Staff",
                    "colour": 16711680,
                    "permissions": 0
                },
                "403266285313589250": {
                    "position": 9,
                    "created_at": "17-01-2018_19-16-14-744000",
                    "name": "Abandoned Ones",
                    "colour": 16777215,
                    "permissions": 0
                },
                "430760351248809986": {
                    "position": 7,
                    "created_at": "03-04-2018_16-07-50-878000",
                    "name": "Current Iteration",
                    "colour": 0,
                    "permissions": 0
                }
            },
            "16-12-2018_21-52-39-901037": {
                "404068252361162759": {
                    "position": 16,
                    "created_at": "20-01-2018_00-22-58-588000",
                    "name": "Under Where?",
                    "colour": 0,
                    "permissions": 0
                },
                "403272352223461387": {
                    "position": 10,
                    "created_at": "17-01-2018_19-40-21-208000",
                    "name": "Members",
                    "colour": 0,
                    "permissions": 104187968
                },
                "430760351248809986": {
                    "position": 9,
                    "created_at": "03-04-2018_16-07-50-878000",
                    "name": "Current Iteration",
                    "colour": 0,
                    "permissions": 0
                },
                "178667818152230912": {
                    "position": 0,
                    "created_at": "08-05-2016_00-42-07-335000",
                    "name": "@everyone",
                    "colour": 0,
                    "permissions": 0
                },
                "403266285313589250": {
                    "position": 11,
                    "created_at": "17-01-2018_19-16-14-744000",
                    "name": "Abandoned Ones",
                    "colour": 16777215,
                    "permissions": 0
                }
            },
            "25-01-2019_00-26-23-076062": {
                "400699163026653184": {
                    "position": 20,
                    "created_at": "10-01-2018_17-15-25-096000",
                    "name": "Community Managers",
                    "colour": 16728548,
                    "permissions": 1342177297
                },
                "178667818152230912": {
                    "position": 0,
                    "created_at": "08-05-2016_00-42-07-335000",
                    "name": "@everyone",
                    "colour": 0,
                    "permissions": 0
                },
                "523917597138354193": {
                    "position": 2,
                    "created_at": "16-12-2018_17-41-29-076000",
                    "name": "Yeeters",
                    "colour": 16714995,
                    "permissions": 0
                },
                "404068252361162759": {
                    "position": 3,
                    "created_at": "20-01-2018_00-22-58-588000",
                    "name": "Under Where?",
                    "colour": 10181046,
                    "permissions": 0
                },
                "403272352223461387": {
                    "position": 9,
                    "created_at": "17-01-2018_19-40-21-208000",
                    "name": "Members",
                    "colour": 0,
                    "permissions": 104187968
                },
                "373129696960970762": {
                    "position": 17,
                    "created_at": "26-10-2017_15-24-12-170000",
                    "name": "Staff",
                    "colour": 16711680,
                    "permissions": 0
                },
                "403266285313589250": {
                    "position": 10,
                    "created_at": "17-01-2018_19-16-14-744000",
                    "name": "Abandoned Ones",
                    "colour": 16777215,
                    "permissions": 0
                },
                "430760351248809986": {
                    "position": 8,
                    "created_at": "03-04-2018_16-07-50-878000",
                    "name": "Current Iteration",
                    "colour": 0,
                    "permissions": 0
                }
            },
            "10-01-2019_00-18-24-072293": {
                "404068252361162759": {
                    "position": 2,
                    "created_at": "20-01-2018_00-22-58-588000",
                    "name": "Under Where?",
                    "colour": 0,
                    "permissions": 0
                },
                "403272352223461387": {
                    "position": 7,
                    "created_at": "17-01-2018_19-40-21-208000",
                    "name": "Members",
                    "colour": 0,
                    "permissions": 104187968
                },
                "430760351248809986": {
                    "position": 6,
                    "created_at": "03-04-2018_16-07-50-878000",
                    "name": "Current Iteration",
                    "colour": 0,
                    "permissions": 0
                },
                "178667818152230912": {
                    "position": 0,
                    "created_at": "08-05-2016_00-42-07-335000",
                    "name": "@everyone",
                    "colour": 0,
                    "permissions": 0
                },
                "403266285313589250": {
                    "position": 8,
                    "created_at": "17-01-2018_19-16-14-744000",
                    "name": "Abandoned Ones",
                    "colour": 16777215,
                    "permissions": 0
                }
            }
        },
        "current": {
            "400699163026653184": {
                "position": 18,
                "created_at": "10-01-2018_17-15-25-096000",
                "name": "Community Managers",
                "colour": 16728548,
                "permissions": 1342308369
            },
            "523917597138354193": {
                "position": 2,
                "created_at": "16-12-2018_17-41-29-076000",
                "name": "Yeeters",
                "colour": 16714995,
                "permissions": 0
            },
            "404068252361162759": {
                "position": 3,
                "created_at": "20-01-2018_00-22-58-588000",
                "name": "Under Where?",
                "colour": 10181046,
                "permissions": 0
            },
            "403272352223461387": {
                "position": 10,
                "created_at": "17-01-2018_19-40-21-208000",
                "name": "Members",
                "colour": 0,
                "permissions": 104187968
            },
            "373129696960970762": {
                "position": 20,
                "created_at": "26-10-2017_15-24-12-170000",
                "name": "Staff",
                "colour": 0,
                "permissions": 0
            },
            "178667818152230912": {
                "position": 0,
                "created_at": "08-05-2016_00-42-07-335000",
                "name": "@everyone",
                "colour": 0,
                "permissions": 0
            },
            "403266285313589250": {
                "position": 11,
                "created_at": "17-01-2018_19-16-14-744000",
                "name": "Abandoned Ones",
                "colour": 16777215,
                "permissions": 0
            }
        }
    },
    "discriminator": {
        "previous": {},
        "current": "5483"
    },
    "bot": false
}