{
    "display_name": {
        "previous": {
            "10-01-2019_00-18-24-072293": "Bot abuser"
        },
        "current": "Kemboobies"
    },
    "created_at": "28-07-2017_21-33-58-007000",
    "status": {
        "previous": {
            "19-01-2019_23-47-11-591556": "online",
            "19-01-2019_13-47-02-065430": "idle",
            "16-01-2019_22-00-47-241502": "offline",
            "27-01-2019_13-19-36-209606": "online",
            "13-01-2019_18-58-47-852165": "offline",
            "17-01-2019_17-37-42-106001": "online",
            "26-01-2019_15-44-45-130911": "online",
            "18-01-2019_15-04-28-265172": "idle",
            "27-01-2019_00-03-40-224296": "online",
            "15-01-2019_20-05-24-063373": "online",
            "26-01-2019_04-12-07-077616": "idle",
            "25-01-2019_18-03-01-080213": "idle",
            "23-01-2019_23-06-46-438605": "online",
            "10-01-2019_03-36-57-747790": "online",
            "16-01-2019_15-03-07-147943": "idle",
            "25-01-2019_00-26-23-076062": "online",
            "12-01-2019_01-16-58-662867": "online",
            "13-01-2019_23-58-57-488890": "online"
        },
        "current": "idle"
    },
    "colour": {
        "previous": {
            "12-01-2019_01-16-58-662867": 16714995
        },
        "current": 1033914
    },
    "name": {
        "previous": {},
        "current": "Kemphy"
    },
    "activity": {
        "2019": {
            "1": {
                "17": {
                    "23": {
                        "535533512892219392": 2
                    },
                    "21": {
                        "523913649182605330": 1,
                        "535533512892219392": 1
                    }
                },
                "18": {
                    "1": {
                        "523913649182605330": 1
                    },
                    "0": {
                        "523913649182605330": 1
                    },
                    "21": {
                        "523913649182605330": 2,
                        "535533512892219392": 3
                    },
                    "20": {
                        "535533512892219392": 4
                    }
                },
                "10": {
                    "19": {
                        "523913649182605330": 1
                    },
                    "0": {
                        "523913649182605330": 9,
                        "403084854243098634": 2
                    },
                    "2": {
                        "523913649182605330": 5
                    },
                    "21": {
                        "523913649182605330": 1
                    },
                    "3": {
                        "523913649182605330": 6
                    }
                },
                "14": {
                    "0": {
                        "523913649182605330": 9
                    },
                    "22": {
                        "523913649182605330": 2
                    },
                    "21": {
                        "523913649182605330": 9
                    },
                    "20": {
                        "523913649182605330": 1
                    }
                },
                "13": {
                    "23": {
                        "523913649182605330": 1,
                        "403084655550791682": 3
                    },
                    "1": {
                        "523913649182605330": 10
                    }
                }
            }
        }
    },
    "id": "340607843201712129",
    "voice": {
        "previous": {
            "18-01-2019_15-04-28-265172": {
                "self_mute": false,
                "server_deaf": false,
                "self_deaf": false,
                "server_mute": false,
                "channel": {
                    "id": "535533609617195018",
                    "private": false,
                    "name": "Kinky Kat Chat"
                },
                "is_afk": false
            },
            "19-01-2019_23-47-11-591556": {
                "self_mute": false,
                "server_deaf": false,
                "self_deaf": false,
                "server_mute": false,
                "channel": {
                    "id": "535533609617195018",
                    "private": false,
                    "name": "Kinky Kat Chat"
                },
                "is_afk": false
            },
            "13-01-2019_18-58-47-852165": {
                "self_mute": true,
                "server_deaf": false,
                "self_deaf": false,
                "server_mute": false,
                "channel": {
                    "id": "523902470724911105",
                    "private": false,
                    "name": "simply-yeet"
                },
                "is_afk": false
            },
            "17-01-2019_17-37-42-106001": {
                "self_mute": false,
                "server_deaf": false,
                "self_deaf": false,
                "server_mute": false,
                "channel": {
                    "id": "523902470724911105",
                    "private": false,
                    "name": "simply-yeet"
                },
                "is_afk": false
            },
            "10-01-2019_00-18-24-072293": {
                "self_mute": true,
                "server_deaf": false,
                "self_deaf": false,
                "server_mute": false,
                "channel": {
                    "id": "523902470724911105",
                    "private": false,
                    "name": "simply-yeet"
                },
                "is_afk": false
            },
            "15-01-2019_20-05-24-063373": {
                "self_mute": false,
                "server_deaf": false,
                "self_deaf": false,
                "server_mute": false,
                "channel": {
                    "id": "523902470724911105",
                    "private": false,
                    "name": "simply-yeet"
                },
                "is_afk": false
            },
            "18-01-2019_22-56-50-509179": {
                "self_mute": true,
                "server_deaf": false,
                "self_deaf": false,
                "server_mute": false,
                "channel": {
                    "id": "535533609617195018",
                    "private": false,
                    "name": "Kinky Kat Chat"
                },
                "is_afk": false
            },
            "10-01-2019_03-36-57-747790": {
                "self_mute": true,
                "server_deaf": false,
                "self_deaf": false,
                "server_mute": false,
                "channel": {
                    "id": "523902470724911105",
                    "private": false,
                    "name": "simply-yeet"
                },
                "is_afk": false
            },
            "11-01-2019_22-45-11-058689": {
                "self_mute": true,
                "server_deaf": false,
                "self_deaf": false,
                "server_mute": false,
                "channel": {
                    "id": null,
                    "private": null,
                    "name": null
                },
                "is_afk": false
            },
            "19-01-2019_13-47-02-065430": {
                "self_mute": false,
                "server_deaf": false,
                "self_deaf": false,
                "server_mute": false,
                "channel": {
                    "id": null,
                    "private": null,
                    "name": null
                },
                "is_afk": false
            },
            "12-01-2019_01-16-58-662867": {
                "self_mute": false,
                "server_deaf": false,
                "self_deaf": false,
                "server_mute": false,
                "channel": {
                    "id": "523902470724911105",
                    "private": false,
                    "name": "simply-yeet"
                },
                "is_afk": false
            },
            "13-01-2019_23-58-57-488890": {
                "self_mute": false,
                "server_deaf": false,
                "self_deaf": false,
                "server_mute": false,
                "channel": {
                    "id": "523902470724911105",
                    "private": false,
                    "name": "simply-yeet"
                },
                "is_afk": false
            },
            "18-01-2019_23-28-09-275982": {
                "self_mute": false,
                "server_deaf": false,
                "self_deaf": false,
                "server_mute": false,
                "channel": {
                    "id": "523902470724911105",
                    "private": false,
                    "name": "simply-yeet"
                },
                "is_afk": false
            }
        },
        "current": {
            "self_mute": false,
            "server_deaf": false,
            "self_deaf": false,
            "server_mute": false,
            "channel": {
                "id": null,
                "private": null,
                "name": null
            },
            "is_afk": false
        }
    },
    "bans": {
        "previous": {},
        "current": "not banned"
    },
    "joined_at": {
        "previous": {},
        "current": "09-01-2019_18-11-34-599932"
    },
    "game": {
        "previous": {},
        "current": {
            "url": null,
            "type": null,
            "name": null
        }
    },
    "cookies": {
        "cookie_interest": 0,
        "cookies_in_jar": 0,
        "current_cookies": 2,
        "get": {
            "average": 2.0,
            "total_cookies": 2
        },
        "measured_epochs": 1,
        "cookie_transfer_quota": 0,
        "active_this_epoch": false,
        "active_epochs": 1,
        "total_cookies": 2,
        "give": {
            "average": 0.0,
            "total_cookies": 0
        }
    },
    "roles": {
        "previous": {
            "25-01-2019_18-03-01-080213": {
                "403266269220175892": {
                    "position": 15,
                    "created_at": "17-01-2018_19-16-10-907000",
                    "name": "Mythical Ones",
                    "colour": 1033914,
                    "permissions": 262208
                },
                "403272352223461387": {
                    "position": 11,
                    "created_at": "17-01-2018_19-40-21-208000",
                    "name": "Members",
                    "colour": 0,
                    "permissions": 104187968
                },
                "523917597138354193": {
                    "position": 2,
                    "created_at": "16-12-2018_17-41-29-076000",
                    "name": "Yeeters",
                    "colour": 16714995,
                    "permissions": 0
                },
                "178667818152230912": {
                    "position": 0,
                    "created_at": "08-05-2016_00-42-07-335000",
                    "name": "@everyone",
                    "colour": 0,
                    "permissions": 0
                },
                "535533082678394880": {
                    "position": 1,
                    "created_at": "17-01-2019_18-57-16-634000",
                    "name": "Kinksters",
                    "colour": 15277667,
                    "permissions": 0
                }
            },
            "25-01-2019_00-26-23-076062": {
                "403266269220175892": {
                    "position": 15,
                    "created_at": "17-01-2018_19-16-10-907000",
                    "name": "Mythical Ones",
                    "colour": 1033914,
                    "permissions": 262208
                },
                "403272352223461387": {
                    "position": 9,
                    "created_at": "17-01-2018_19-40-21-208000",
                    "name": "Members",
                    "colour": 0,
                    "permissions": 104187968
                },
                "523917597138354193": {
                    "position": 2,
                    "created_at": "16-12-2018_17-41-29-076000",
                    "name": "Yeeters",
                    "colour": 16714995,
                    "permissions": 0
                },
                "178667818152230912": {
                    "position": 0,
                    "created_at": "08-05-2016_00-42-07-335000",
                    "name": "@everyone",
                    "colour": 0,
                    "permissions": 0
                },
                "535533082678394880": {
                    "position": 1,
                    "created_at": "17-01-2019_18-57-16-634000",
                    "name": "Kinksters",
                    "colour": 15277667,
                    "permissions": 0
                }
            },
            "12-01-2019_01-16-58-662867": {
                "403266269220175892": {
                    "position": 14,
                    "created_at": "17-01-2018_19-16-10-907000",
                    "name": "Mythical Ones",
                    "colour": 1033914,
                    "permissions": 262208
                },
                "403272352223461387": {
                    "position": 8,
                    "created_at": "17-01-2018_19-40-21-208000",
                    "name": "Members",
                    "colour": 0,
                    "permissions": 104187968
                },
                "523917597138354193": {
                    "position": 3,
                    "created_at": "16-12-2018_17-41-29-076000",
                    "name": "Yeeters",
                    "colour": 16714995,
                    "permissions": 0
                },
                "178667818152230912": {
                    "position": 0,
                    "created_at": "08-05-2016_00-42-07-335000",
                    "name": "@everyone",
                    "colour": 0,
                    "permissions": 0
                },
                "403266285313589250": {
                    "position": 9,
                    "created_at": "17-01-2018_19-16-14-744000",
                    "name": "Abandoned Ones",
                    "colour": 16777215,
                    "permissions": 0
                }
            },
            "17-01-2019_17-37-42-106001": {
                "403266269220175892": {
                    "position": 15,
                    "created_at": "17-01-2018_19-16-10-907000",
                    "name": "Mythical Ones",
                    "colour": 1033914,
                    "permissions": 262208
                },
                "403272352223461387": {
                    "position": 9,
                    "created_at": "17-01-2018_19-40-21-208000",
                    "name": "Members",
                    "colour": 0,
                    "permissions": 104187968
                },
                "523917597138354193": {
                    "position": 2,
                    "created_at": "16-12-2018_17-41-29-076000",
                    "name": "Yeeters",
                    "colour": 16714995,
                    "permissions": 0
                },
                "178667818152230912": {
                    "position": 0,
                    "created_at": "08-05-2016_00-42-07-335000",
                    "name": "@everyone",
                    "colour": 0,
                    "permissions": 0
                }
            }
        },
        "current": {
            "403266269220175892": {
                "position": 14,
                "created_at": "17-01-2018_19-16-10-907000",
                "name": "Mythical Ones",
                "colour": 1033914,
                "permissions": 262208
            },
            "403272352223461387": {
                "position": 10,
                "created_at": "17-01-2018_19-40-21-208000",
                "name": "Members",
                "colour": 0,
                "permissions": 104187968
            },
            "523917597138354193": {
                "position": 2,
                "created_at": "16-12-2018_17-41-29-076000",
                "name": "Yeeters",
                "colour": 16714995,
                "permissions": 0
            },
            "178667818152230912": {
                "position": 0,
                "created_at": "08-05-2016_00-42-07-335000",
                "name": "@everyone",
                "colour": 0,
                "permissions": 0
            },
            "535533082678394880": {
                "position": 1,
                "created_at": "17-01-2019_18-57-16-634000",
                "name": "Kinksters",
                "colour": 15277667,
                "permissions": 0
            }
        }
    },
    "discriminator": {
        "previous": {},
        "current": "8223"
    },
    "bot": false
}