{
    "display_name": {
        "previous": {},
        "current": "KDBot"
    },
    "created_at": "18-02-2018_23-25-05-990000",
    "status": {
        "previous": {
            "19-01-2019_23-47-11-591556": "offline",
            "16-01-2019_22-00-47-241502": "offline",
            "13-01-2019_18-58-47-852165": "offline",
            "17-01-2019_17-37-42-106001": "offline",
            "10-01-2019_00-18-24-072293": "offline",
            "18-01-2019_15-04-28-265172": "offline",
            "26-01-2019_04-12-07-077616": "offline",
            "26-01-2019_15-44-45-130911": "offline",
            "15-01-2019_20-05-24-063373": "offline",
            "23-01-2019_23-06-46-438605": "offline",
            "25-01-2019_00-26-23-076062": "offline",
            "12-01-2019_01-16-58-662867": "offline"
        },
        "current": "online"
    },
    "colour": {
        "previous": {
            "25-01-2019_00-26-23-076062": 13079310,
            "10-01-2019_00-18-24-072293": 16777215
        },
        "current": 16777215
    },
    "name": {
        "previous": {},
        "current": "KDBot"
    },
    "activity": {
        "2019": {
            "1": {
                "16": {
                    "22": {
                        "532712820454719492": 1
                    }
                },
                "18": {
                    "19": {
                        "532712820454719492": 1
                    },
                    "23": {
                        "532712820454719492": 1
                    },
                    "0": {
                        "532712820454719492": 2
                    }
                },
                "10": {
                    "2": {
                        "523913649182605330": 4
                    }
                },
                "12": {
                    "0": {
                        "532712820454719492": 1
                    }
                }
            }
        }
    },
    "id": "414925323197612032",
    "voice": {
        "previous": {
            "18-01-2019_15-04-28-265172": {
                "self_mute": false,
                "server_deaf": false,
                "self_deaf": false,
                "server_mute": false,
                "channel": {
                    "id": "535533609617195018",
                    "private": false,
                    "name": "Kinky Kat Chat"
                },
                "is_afk": false
            },
            "18-01-2019_22-56-50-509179": {
                "self_mute": false,
                "server_deaf": false,
                "self_deaf": false,
                "server_mute": false,
                "channel": {
                    "id": "523902470724911105",
                    "private": false,
                    "name": "simply-yeet"
                },
                "is_afk": false
            },
            "16-01-2019_22-00-47-241502": {
                "self_mute": false,
                "server_deaf": false,
                "self_deaf": false,
                "server_mute": false,
                "channel": {
                    "id": "523902470724911105",
                    "private": false,
                    "name": "simply-yeet"
                },
                "is_afk": false
            },
            "10-01-2019_03-36-57-747790": {
                "self_mute": false,
                "server_deaf": false,
                "self_deaf": false,
                "server_mute": false,
                "channel": {
                    "id": "523902470724911105",
                    "private": false,
                    "name": "simply-yeet"
                },
                "is_afk": false
            },
            "11-01-2019_23-54-44-166805": {
                "self_mute": false,
                "server_deaf": false,
                "self_deaf": false,
                "server_mute": false,
                "channel": {
                    "id": "523902470724911105",
                    "private": false,
                    "name": "simply-yeet"
                },
                "is_afk": false
            },
            "17-01-2019_17-37-42-106001": {
                "self_mute": false,
                "server_deaf": false,
                "self_deaf": false,
                "server_mute": false,
                "channel": {
                    "id": "523902470724911105",
                    "private": false,
                    "name": "simply-yeet"
                },
                "is_afk": false
            },
            "10-01-2019_00-18-24-072293": {
                "self_mute": false,
                "server_deaf": false,
                "self_deaf": false,
                "server_mute": false,
                "channel": {
                    "id": null,
                    "private": null,
                    "name": null
                },
                "is_afk": false
            }
        },
        "current": {
            "self_mute": false,
            "server_deaf": false,
            "self_deaf": false,
            "server_mute": false,
            "channel": {
                "id": null,
                "private": null,
                "name": null
            },
            "is_afk": false
        }
    },
    "bans": {
        "previous": {},
        "current": "not banned"
    },
    "joined_at": {
        "previous": {},
        "current": "10-01-2019_00-04-46-582610"
    },
    "game": {
        "previous": {
            "18-01-2019_15-04-28-265172": {
                "url": null,
                "type": 0,
                "name": "2020 servers | say 'help"
            },
            "16-01-2019_22-00-47-241502": {
                "url": null,
                "type": 0,
                "name": "1976 servers | say 'help"
            },
            "27-01-2019_13-19-36-209606": {
                "url": null,
                "type": 0,
                "name": "2486 servers | say 'help"
            },
            "13-01-2019_18-58-47-852165": {
                "url": null,
                "type": 0,
                "name": "1836 servers | say 'help"
            },
            "27-01-2019_00-03-40-224296": {
                "url": null,
                "type": 0,
                "name": "2465 servers | say 'help"
            },
            "26-01-2019_04-12-07-077616": {
                "url": null,
                "type": 0,
                "name": "2425 servers | say 'help"
            },
            "15-01-2019_20-05-24-063373": {
                "url": null,
                "type": 0,
                "name": "1926 servers | say 'help"
            },
            "18-01-2019_22-56-50-509179": {
                "url": null,
                "type": 0,
                "name": "2024 servers | say 'help"
            },
            "10-01-2019_03-36-57-747790": {
                "url": null,
                "type": 0,
                "name": "1719 servers | say 'help"
            },
            "16-01-2019_15-03-07-147943": {
                "url": null,
                "type": 0,
                "name": "1949 servers | say 'help"
            },
            "23-01-2019_21-15-24-922386": {
                "url": null,
                "type": 0,
                "name": "2289 servers | say 'help"
            },
            "19-01-2019_13-47-02-065430": {
                "url": null,
                "type": 0,
                "name": "2074 servers | say 'help"
            },
            "12-01-2019_01-16-58-662867": {
                "url": null,
                "type": 0,
                "name": "1820 servers | say 'help"
            },
            "19-01-2019_23-47-11-591556": {
                "url": null,
                "type": 0,
                "name": "2132 servers | say 'help"
            },
            "25-01-2019_00-26-23-076062": {
                "url": null,
                "type": 0,
                "name": "2368 servers | say 'help"
            },
            "16-01-2019_20-42-02-533659": {
                "url": null,
                "type": 0,
                "name": "1953 servers | say 'help"
            },
            "11-01-2019_23-54-44-166805": {
                "url": null,
                "type": 0,
                "name": "1766 servers | say 'help"
            },
            "17-01-2019_17-37-42-106001": {
                "url": null,
                "type": 0,
                "name": "2008 servers | say 'help"
            },
            "10-01-2019_00-18-24-072293": {
                "url": null,
                "type": 0,
                "name": "1679 servers | say 'help"
            },
            "26-01-2019_15-44-45-130911": {
                "url": null,
                "type": 0,
                "name": "2450 servers | say 'help"
            },
            "25-01-2019_18-03-01-080213": {
                "url": null,
                "type": 0,
                "name": "2393 servers | say 'help"
            },
            "23-01-2019_23-06-46-438605": {
                "url": null,
                "type": 0,
                "name": "2340 servers | say 'help"
            },
            "18-01-2019_23-28-09-275982": {
                "url": null,
                "type": 0,
                "name": "2032 servers | say 'help"
            },
            "10-01-2019_03-33-44-007928": {
                "url": null,
                "type": 0,
                "name": "1680 servers | say 'help"
            },
            "11-01-2019_22-45-11-058689": {
                "url": null,
                "type": 0,
                "name": "1761 servers | say 'help"
            },
            "25-01-2019_15-28-36-671537": {
                "url": null,
                "type": 0,
                "name": "2372 servers | say 'help"
            },
            "13-01-2019_23-58-57-488890": {
                "url": null,
                "type": 0,
                "name": "1871 servers | say 'help"
            }
        },
        "current": {
            "url": null,
            "type": 0,
            "name": "2487 servers | say 'help"
        }
    },
    "cookies": {
        "cookie_interest": 0,
        "cookies_in_jar": 0,
        "current_cookies": 0,
        "get": {
            "average": 0.0,
            "total_cookies": 0
        },
        "measured_epochs": 1,
        "cookie_transfer_quota": 0,
        "give": {
            "average": 0.0,
            "total_cookies": 0
        },
        "active_epochs": 0,
        "total_cookies": 0,
        "active_this_epoch": false
    },
    "roles": {
        "previous": {
            "25-01-2019_18-03-01-080213": {
                "403272352223461387": {
                    "position": 11,
                    "created_at": "17-01-2018_19-40-21-208000",
                    "name": "Members",
                    "colour": 0,
                    "permissions": 104187968
                },
                "403239438802485259": {
                    "position": 9,
                    "created_at": "17-01-2018_17-29-34-037000",
                    "name": "Bots",
                    "colour": 13079310,
                    "permissions": 0
                },
                "403266285313589250": {
                    "position": 12,
                    "created_at": "17-01-2018_19-16-14-744000",
                    "name": "Abandoned Ones",
                    "colour": 16777215,
                    "permissions": 0
                },
                "178667818152230912": {
                    "position": 0,
                    "created_at": "08-05-2016_00-42-07-335000",
                    "name": "@everyone",
                    "colour": 0,
                    "permissions": 0
                }
            },
            "25-01-2019_00-26-23-076062": {
                "403272352223461387": {
                    "position": 9,
                    "created_at": "17-01-2018_19-40-21-208000",
                    "name": "Members",
                    "colour": 0,
                    "permissions": 104187968
                },
                "403239438802485259": {
                    "position": 11,
                    "created_at": "17-01-2018_17-29-34-037000",
                    "name": "Bots",
                    "colour": 13079310,
                    "permissions": 0
                },
                "403266285313589250": {
                    "position": 10,
                    "created_at": "17-01-2018_19-16-14-744000",
                    "name": "Abandoned Ones",
                    "colour": 16777215,
                    "permissions": 0
                },
                "178667818152230912": {
                    "position": 0,
                    "created_at": "08-05-2016_00-42-07-335000",
                    "name": "@everyone",
                    "colour": 0,
                    "permissions": 0
                }
            },
            "10-01-2019_00-18-24-072293": {
                "403272352223461387": {
                    "position": 8,
                    "created_at": "17-01-2018_19-40-21-208000",
                    "name": "Members",
                    "colour": 0,
                    "permissions": 104187968
                },
                "403266285313589250": {
                    "position": 9,
                    "created_at": "17-01-2018_19-16-14-744000",
                    "name": "Abandoned Ones",
                    "colour": 16777215,
                    "permissions": 0
                },
                "178667818152230912": {
                    "position": 0,
                    "created_at": "08-05-2016_00-42-07-335000",
                    "name": "@everyone",
                    "colour": 0,
                    "permissions": 0
                }
            },
            "17-01-2019_17-37-42-106001": {
                "403272352223461387": {
                    "position": 8,
                    "created_at": "17-01-2018_19-40-21-208000",
                    "name": "Members",
                    "colour": 0,
                    "permissions": 104187968
                },
                "403239438802485259": {
                    "position": 10,
                    "created_at": "17-01-2018_17-29-34-037000",
                    "name": "Bots",
                    "colour": 13079310,
                    "permissions": 0
                },
                "403266285313589250": {
                    "position": 9,
                    "created_at": "17-01-2018_19-16-14-744000",
                    "name": "Abandoned Ones",
                    "colour": 16777215,
                    "permissions": 0
                },
                "178667818152230912": {
                    "position": 0,
                    "created_at": "08-05-2016_00-42-07-335000",
                    "name": "@everyone",
                    "colour": 0,
                    "permissions": 0
                }
            }
        },
        "current": {
            "403272352223461387": {
                "position": 10,
                "created_at": "17-01-2018_19-40-21-208000",
                "name": "Members",
                "colour": 0,
                "permissions": 104187968
            },
            "403239438802485259": {
                "position": 8,
                "created_at": "17-01-2018_17-29-34-037000",
                "name": "Bots",
                "colour": 13079310,
                "permissions": 0
            },
            "403266285313589250": {
                "position": 11,
                "created_at": "17-01-2018_19-16-14-744000",
                "name": "Abandoned Ones",
                "colour": 16777215,
                "permissions": 0
            },
            "178667818152230912": {
                "position": 0,
                "created_at": "08-05-2016_00-42-07-335000",
                "name": "@everyone",
                "colour": 0,
                "permissions": 0
            }
        }
    },
    "discriminator": {
        "previous": {},
        "current": "9735"
    },
    "bot": true
}