{
    "display_name": {
        "previous": {
            "17-12-2018_08-19-13-303562": "Ebenezer"
        },
        "current": "Libby"
    },
    "created_at": "31-03-2018_15-09-24-968000",
    "status": {
        "previous": {
            "07-12-2018_09-02-35-892853": "online",
            "07-12-2018_19-07-03-633575": "idle",
            "11-12-2018_09-13-26-392726": "online",
            "06-12-2018_19-01-41-672098": "online",
            "19-01-2019_23-47-11-591556": "online",
            "11-01-2019_23-54-44-166805": "idle",
            "10-12-2018_16-02-31-496869": "idle",
            "16-12-2018_22-46-26-221531": "offline",
            "26-01-2019_15-44-45-130911": "idle",
            "27-01-2019_00-03-40-224296": "online",
            "08-12-2018_15-44-11-058097": "online",
            "25-01-2019_18-03-01-080213": "online",
            "23-01-2019_23-06-46-438605": "online",
            "10-01-2019_03-36-57-747790": "idle",
            "15-01-2019_20-05-24-063373": "online",
            "17-12-2018_08-19-13-303562": "online",
            "25-01-2019_00-26-23-076062": "online",
            "12-01-2019_01-16-58-662867": "online",
            "23-01-2019_21-15-24-922386": "offline",
            "13-01-2019_23-58-57-488890": "offline"
        },
        "current": "offline"
    },
    "colour": {
        "previous": {},
        "current": 16777215
    },
    "name": {
        "previous": {},
        "current": "LXLight"
    },
    "activity": {
        "2019": {
            "1": {
                "26": {
                    "21": {
                        "404067128786944002": 1
                    }
                }
            }
        }
    },
    "id": "429658482799542282",
    "voice": {
        "previous": {
            "16-12-2018_22-46-26-221531": {
                "self_mute": false,
                "server_deaf": false,
                "self_deaf": false,
                "server_mute": false,
                "channel": {
                    "id": "403283673647939595",
                    "private": false,
                    "name": "General"
                },
                "is_afk": false
            },
            "23-01-2019_21-15-24-922386": {
                "self_mute": false,
                "server_deaf": false,
                "self_deaf": false,
                "server_mute": false,
                "channel": {
                    "id": null,
                    "private": null,
                    "name": null
                },
                "is_afk": false
            },
            "17-12-2018_00-07-55-794219": {
                "self_mute": false,
                "server_deaf": false,
                "self_deaf": false,
                "server_mute": false,
                "channel": {
                    "id": "403283673647939595",
                    "private": false,
                    "name": "General"
                },
                "is_afk": false
            },
            "23-01-2019_23-06-46-438605": {
                "self_mute": false,
                "server_deaf": false,
                "self_deaf": false,
                "server_mute": false,
                "channel": {
                    "id": "535533609617195018",
                    "private": false,
                    "name": "Kinky Kat Chat"
                },
                "is_afk": false
            },
            "17-12-2018_08-19-13-303562": {
                "self_mute": true,
                "server_deaf": false,
                "self_deaf": false,
                "server_mute": false,
                "channel": {
                    "id": "403283673647939595",
                    "private": false,
                    "name": "General"
                },
                "is_afk": false
            }
        },
        "current": {
            "self_mute": false,
            "server_deaf": false,
            "self_deaf": false,
            "server_mute": false,
            "channel": {
                "id": null,
                "private": null,
                "name": null
            },
            "is_afk": false
        }
    },
    "bans": {
        "previous": {},
        "current": "not banned"
    },
    "joined_at": {
        "previous": {},
        "current": "12-11-2018_20-36-07-928967"
    },
    "game": {
        "previous": {},
        "current": {
            "url": null,
            "type": null,
            "name": null
        }
    },
    "cookies": {
        "cookie_interest": 0,
        "cookies_in_jar": 0,
        "current_cookies": 0,
        "get": {
            "average": 0.0,
            "total_cookies": 0
        },
        "measured_epochs": 9,
        "cookie_transfer_quota": 0,
        "give": {
            "average": 0.0,
            "total_cookies": 0
        },
        "active_epochs": 0,
        "total_cookies": 0,
        "active_this_epoch": false
    },
    "roles": {
        "previous": {
            "07-12-2018_09-02-35-892853": {
                "403272352223461387": {
                    "position": 11,
                    "created_at": "17-01-2018_19-40-21-208000",
                    "name": "Members",
                    "colour": 0,
                    "permissions": 104187968
                },
                "403266285313589250": {
                    "position": 12,
                    "created_at": "17-01-2018_19-16-14-744000",
                    "name": "Abandoned Ones",
                    "colour": 16777215,
                    "permissions": 0
                },
                "178667818152230912": {
                    "position": 0,
                    "created_at": "08-05-2016_00-42-07-335000",
                    "name": "@everyone",
                    "colour": 0,
                    "permissions": 0
                }
            },
            "25-01-2019_18-03-01-080213": {
                "403272352223461387": {
                    "position": 11,
                    "created_at": "17-01-2018_19-40-21-208000",
                    "name": "Members",
                    "colour": 0,
                    "permissions": 104187968
                },
                "178667818152230912": {
                    "position": 0,
                    "created_at": "08-05-2016_00-42-07-335000",
                    "name": "@everyone",
                    "colour": 0,
                    "permissions": 0
                },
                "523917597138354193": {
                    "position": 2,
                    "created_at": "16-12-2018_17-41-29-076000",
                    "name": "Yeeters",
                    "colour": 16714995,
                    "permissions": 0
                },
                "403266285313589250": {
                    "position": 12,
                    "created_at": "17-01-2018_19-16-14-744000",
                    "name": "Abandoned Ones",
                    "colour": 16777215,
                    "permissions": 0
                },
                "535533082678394880": {
                    "position": 1,
                    "created_at": "17-01-2019_18-57-16-634000",
                    "name": "Kinksters",
                    "colour": 15277667,
                    "permissions": 0
                }
            },
            "17-01-2019_17-37-42-106001": {
                "403272352223461387": {
                    "position": 8,
                    "created_at": "17-01-2018_19-40-21-208000",
                    "name": "Members",
                    "colour": 0,
                    "permissions": 104187968
                },
                "403266285313589250": {
                    "position": 9,
                    "created_at": "17-01-2018_19-16-14-744000",
                    "name": "Abandoned Ones",
                    "colour": 16777215,
                    "permissions": 0
                },
                "178667818152230912": {
                    "position": 0,
                    "created_at": "08-05-2016_00-42-07-335000",
                    "name": "@everyone",
                    "colour": 0,
                    "permissions": 0
                }
            },
            "06-12-2018_01-05-49-556858": {
                "403272352223461387": {
                    "position": 12,
                    "created_at": "17-01-2018_19-40-21-208000",
                    "name": "Members",
                    "colour": 0,
                    "permissions": 104187968
                },
                "403266285313589250": {
                    "position": 13,
                    "created_at": "17-01-2018_19-16-14-744000",
                    "name": "Abandoned Ones",
                    "colour": 16777215,
                    "permissions": 0
                },
                "178667818152230912": {
                    "position": 0,
                    "created_at": "08-05-2016_00-42-07-335000",
                    "name": "@everyone",
                    "colour": 0,
                    "permissions": 0
                }
            },
            "16-12-2018_21-52-39-901037": {
                "403272352223461387": {
                    "position": 10,
                    "created_at": "17-01-2018_19-40-21-208000",
                    "name": "Members",
                    "colour": 0,
                    "permissions": 104187968
                },
                "403266285313589250": {
                    "position": 11,
                    "created_at": "17-01-2018_19-16-14-744000",
                    "name": "Abandoned Ones",
                    "colour": 16777215,
                    "permissions": 0
                },
                "178667818152230912": {
                    "position": 0,
                    "created_at": "08-05-2016_00-42-07-335000",
                    "name": "@everyone",
                    "colour": 0,
                    "permissions": 0
                }
            },
            "23-01-2019_21-15-24-922386": {
                "403272352223461387": {
                    "position": 9,
                    "created_at": "17-01-2018_19-40-21-208000",
                    "name": "Members",
                    "colour": 0,
                    "permissions": 104187968
                },
                "523917597138354193": {
                    "position": 2,
                    "created_at": "16-12-2018_17-41-29-076000",
                    "name": "Yeeters",
                    "colour": 16714995,
                    "permissions": 0
                },
                "178667818152230912": {
                    "position": 0,
                    "created_at": "08-05-2016_00-42-07-335000",
                    "name": "@everyone",
                    "colour": 0,
                    "permissions": 0
                },
                "403266285313589250": {
                    "position": 10,
                    "created_at": "17-01-2018_19-16-14-744000",
                    "name": "Abandoned Ones",
                    "colour": 16777215,
                    "permissions": 0
                }
            },
            "25-01-2019_00-26-23-076062": {
                "403272352223461387": {
                    "position": 9,
                    "created_at": "17-01-2018_19-40-21-208000",
                    "name": "Members",
                    "colour": 0,
                    "permissions": 104187968
                },
                "178667818152230912": {
                    "position": 0,
                    "created_at": "08-05-2016_00-42-07-335000",
                    "name": "@everyone",
                    "colour": 0,
                    "permissions": 0
                },
                "523917597138354193": {
                    "position": 2,
                    "created_at": "16-12-2018_17-41-29-076000",
                    "name": "Yeeters",
                    "colour": 16714995,
                    "permissions": 0
                },
                "403266285313589250": {
                    "position": 10,
                    "created_at": "17-01-2018_19-16-14-744000",
                    "name": "Abandoned Ones",
                    "colour": 16777215,
                    "permissions": 0
                },
                "535533082678394880": {
                    "position": 1,
                    "created_at": "17-01-2019_18-57-16-634000",
                    "name": "Kinksters",
                    "colour": 15277667,
                    "permissions": 0
                }
            },
            "10-01-2019_00-18-24-072293": {
                "403272352223461387": {
                    "position": 7,
                    "created_at": "17-01-2018_19-40-21-208000",
                    "name": "Members",
                    "colour": 0,
                    "permissions": 104187968
                },
                "403266285313589250": {
                    "position": 8,
                    "created_at": "17-01-2018_19-16-14-744000",
                    "name": "Abandoned Ones",
                    "colour": 16777215,
                    "permissions": 0
                },
                "178667818152230912": {
                    "position": 0,
                    "created_at": "08-05-2016_00-42-07-335000",
                    "name": "@everyone",
                    "colour": 0,
                    "permissions": 0
                }
            }
        },
        "current": {
            "403272352223461387": {
                "position": 10,
                "created_at": "17-01-2018_19-40-21-208000",
                "name": "Members",
                "colour": 0,
                "permissions": 104187968
            },
            "178667818152230912": {
                "position": 0,
                "created_at": "08-05-2016_00-42-07-335000",
                "name": "@everyone",
                "colour": 0,
                "permissions": 0
            },
            "523917597138354193": {
                "position": 2,
                "created_at": "16-12-2018_17-41-29-076000",
                "name": "Yeeters",
                "colour": 16714995,
                "permissions": 0
            },
            "403266285313589250": {
                "position": 11,
                "created_at": "17-01-2018_19-16-14-744000",
                "name": "Abandoned Ones",
                "colour": 16777215,
                "permissions": 0
            },
            "535533082678394880": {
                "position": 1,
                "created_at": "17-01-2019_18-57-16-634000",
                "name": "Kinksters",
                "colour": 15277667,
                "permissions": 0
            }
        }
    },
    "discriminator": {
        "previous": {},
        "current": "5627"
    },
    "bot": false
}