{
    "bans": {
        "previous": {},
        "current": "not banned"
    },
    "id": "108734388258234368",
    "game": {
        "previous": {},
        "current": {
            "url": null,
            "type": null,
            "name": null
        }
    },
    "bot": false,
    "activity": {},
    "name": {
        "previous": {},
        "current": "Resquiat"
    },
    "cookies": {
        "cookies_in_jar": 0,
        "get": {
            "average": 0.0,
            "total_cookies": 0
        },
        "active_this_epoch": false,
        "cookie_transfer_quota": 0,
        "current_cookies": 0,
        "total_cookies": 0,
        "cookie_interest": 0,
        "give": {
            "average": 0.0,
            "total_cookies": 0
        },
        "measured_epochs": 1,
        "active_epochs": 0
    },
    "discriminator": {
        "previous": {},
        "current": "2319"
    },
    "roles": {
        "previous": {},
        "current": {
            "403272352223461387": {
                "colour": 0,
                "position": 12,
                "name": "Members",
                "created_at": "17-01-2018_19-40-21-208000",
                "permissions": 104187968
            },
            "403266269220175892": {
                "colour": 1033914,
                "position": 16,
                "name": "Mythical Ones",
                "created_at": "17-01-2018_19-16-10-907000",
                "permissions": 262208
            },
            "189416410542374912": {
                "colour": 3447003,
                "position": 20,
                "name": "Moderator",
                "created_at": "06-06-2016_16-33-11-460000",
                "permissions": 267775190
            },
            "430760351248809986": {
                "colour": 0,
                "position": 10,
                "name": "Current Iteration",
                "created_at": "03-04-2018_16-07-50-878000",
                "permissions": 0
            },
            "373129696960970762": {
                "colour": 16711680,
                "position": 19,
                "name": "Staff",
                "created_at": "26-10-2017_15-24-12-170000",
                "permissions": 0
            },
            "469889716435812353": {
                "colour": 0,
                "position": 31,
                "name": "High Council",
                "created_at": "20-07-2018_15-33-58-527000",
                "permissions": 8
            },
            "178667818152230912": {
                "colour": 0,
                "position": 0,
                "name": "@everyone",
                "created_at": "08-05-2016_00-42-07-335000",
                "permissions": 0
            },
            "187985716284751872": {
                "colour": 7980799,
                "position": 27,
                "name": "Head of Moderation",
                "created_at": "02-06-2016_17-48-07-368000",
                "permissions": 104324169
            }
        }
    },
    "status": {
        "previous": {
            "05-12-2018_16-07-42-379538": "dnd",
            "05-12-2018_23-17-11-812802": "dnd",
            "05-12-2018_23-34-35-600797": "offline",
            "05-12-2018_15-43-55-700669": "offline",
            "05-12-2018_15-19-39-125060": "dnd",
            "05-12-2018_16-23-43-417186": "dnd",
            "05-12-2018_16-27-33-714312": "dnd"
        },
        "current": "dnd"
    },
    "colour": {
        "previous": {},
        "current": 7980799
    },
    "voice": {
        "previous": {},
        "current": {
            "is_afk": false,
            "channel": {
                "private": null,
                "id": null,
                "name": null
            },
            "server_deaf": false,
            "self_deaf": false,
            "self_mute": false,
            "server_mute": false
        }
    },
    "created_at": "28-10-2015_01-11-38-348000",
    "joined_at": {
        "previous": {},
        "current": "17-01-2018_09-35-04-774000"
    },
    "display_name": {
        "previous": {},
        "current": "Dubibells Dubibells"
    }
}