{
    "bans": {
        "previous": {},
        "current": "not banned"
    },
    "id": "142379949783777281",
    "game": {
        "previous": {},
        "current": {
            "url": null,
            "type": null,
            "name": null
        }
    },
    "status": {
        "previous": {
            "05-12-2018_15-38-01-422650": "online",
            "05-12-2018_16-23-43-417186": "offline",
            "05-12-2018_16-27-33-714312": "offline"
        },
        "current": "online"
    },
    "activity": {},
    "name": {
        "previous": {},
        "current": "FrostFlame"
    },
    "colour": {
        "previous": {},
        "current": 16777215
    },
    "discriminator": {
        "previous": {},
        "current": "6009"
    },
    "roles": {
        "previous": {},
        "current": {
            "403272352223461387": {
                "colour": 0,
                "position": 12,
                "permissions": 104187968,
                "created_at": "17-01-2018_19-40-21-208000",
                "name": "Members"
            },
            "403266285313589250": {
                "colour": 16777215,
                "position": 13,
                "permissions": 0,
                "created_at": "17-01-2018_19-16-14-744000",
                "name": "Abandoned Ones"
            },
            "178667818152230912": {
                "colour": 0,
                "position": 0,
                "permissions": 0,
                "created_at": "08-05-2016_00-42-07-335000",
                "name": "@everyone"
            },
            "430760351248809986": {
                "colour": 0,
                "position": 10,
                "permissions": 0,
                "created_at": "03-04-2018_16-07-50-878000",
                "name": "Current Iteration"
            }
        }
    },
    "bot": false,
    "cookies": {
        "cookies_in_jar": 0,
        "get": {
            "average": 0.0,
            "total_cookies": 0
        },
        "cookie_interest": 0,
        "cookie_transfer_quota": 0,
        "current_cookies": 0,
        "total_cookies": 0,
        "active_this_epoch": false,
        "give": {
            "average": 0.0,
            "total_cookies": 0
        },
        "measured_epochs": 1,
        "active_epochs": 0
    },
    "voice": {
        "previous": {},
        "current": {
            "is_afk": false,
            "channel": {
                "private": null,
                "id": null,
                "name": null
            },
            "server_deaf": false,
            "self_deaf": false,
            "self_mute": false,
            "server_mute": false
        }
    },
    "created_at": "28-01-2016_21-27-05-320000",
    "joined_at": {
        "previous": {},
        "current": "20-02-2018_20-57-08-520487"
    },
    "display_name": {
        "previous": {},
        "current": "FrostFlame"
    }
}