{
    "bans": {
        "previous": {},
        "current": "not banned"
    },
    "id": "149381939428589568",
    "game": {
        "previous": {},
        "current": {
            "url": null,
            "type": null,
            "name": null
        }
    },
    "status": {
        "previous": {
            "05-12-2018_16-27-33-714312": "idle"
        },
        "current": "online"
    },
    "activity": {
        "2018": {
            "12": {
                "5": {
                    "22": {
                        "403086614600876032": 10
                    },
                    "17": {
                        "403086614600876032": 7
                    },
                    "15": {
                        "403086614600876032": 54
                    },
                    "16": {
                        "403086614600876032": 43
                    }
                }
            }
        }
    },
    "name": {
        "previous": {},
        "current": "Ely"
    },
    "colour": {
        "previous": {},
        "current": 16771132
    },
    "discriminator": {
        "previous": {},
        "current": "2273"
    },
    "roles": {
        "previous": {},
        "current": {
            "403266269220175892": {
                "colour": 1033914,
                "position": 16,
                "permissions": 262208,
                "created_at": "17-01-2018_19-16-10-907000",
                "name": "Mythical Ones"
            },
            "189416410542374912": {
                "colour": 3447003,
                "position": 20,
                "permissions": 267775190,
                "created_at": "06-06-2016_16-33-11-460000",
                "name": "Moderator"
            },
            "373129696960970762": {
                "colour": 16711680,
                "position": 19,
                "permissions": 0,
                "created_at": "26-10-2017_15-24-12-170000",
                "name": "Staff"
            },
            "469889716435812353": {
                "colour": 0,
                "position": 31,
                "permissions": 8,
                "created_at": "20-07-2018_15-33-58-527000",
                "name": "High Council"
            },
            "178667818152230912": {
                "colour": 0,
                "position": 0,
                "permissions": 0,
                "created_at": "08-05-2016_00-42-07-335000",
                "name": "@everyone"
            },
            "324535144641986560": {
                "colour": 16771132,
                "position": 28,
                "permissions": 2116537599,
                "created_at": "14-06-2017_13-06-48-054000",
                "name": "Head of Development"
            }
        }
    },
    "bot": false,
    "cookies": {
        "cookies_in_jar": 1,
        "get": {
            "average": 1.0,
            "total_cookies": 1
        },
        "cookie_interest": 0,
        "cookie_transfer_quota": 0,
        "current_cookies": 0,
        "total_cookies": 1,
        "active_this_epoch": false,
        "give": {
            "average": 0.0,
            "total_cookies": 0
        },
        "measured_epochs": 1,
        "active_epochs": 1
    },
    "voice": {
        "previous": {},
        "current": {
            "is_afk": false,
            "channel": {
                "private": null,
                "id": null,
                "name": null
            },
            "server_deaf": false,
            "self_deaf": false,
            "self_mute": false,
            "server_mute": false
        }
    },
    "created_at": "17-02-2016_05-10-29-742000",
    "joined_at": {
        "previous": {},
        "current": "05-07-2016_08-07-38-976000"
    },
    "display_name": {
        "previous": {},
        "current": "Zeny - Neko God-Wizard o' Loli"
    }
}