{
    "bans": {
        "previous": {},
        "current": "not banned"
    },
    "id": "156862097043619840",
    "game": {
        "previous": {},
        "current": {
            "url": null,
            "type": null,
            "name": null
        }
    },
    "status": {
        "previous": {
            "05-12-2018_23-17-11-812802": "online",
            "05-12-2018_16-27-33-714312": "online"
        },
        "current": "offline"
    },
    "activity": {
        "2018": {
            "12": {
                "5": {
                    "18": {
                        "403086550851911681": 2
                    }
                }
            }
        }
    },
    "name": {
        "previous": {},
        "current": "Lechaim"
    },
    "colour": {
        "previous": {},
        "current": 15632622
    },
    "discriminator": {
        "previous": {},
        "current": "7744"
    },
    "roles": {
        "previous": {},
        "current": {
            "403272352223461387": {
                "colour": 0,
                "position": 12,
                "permissions": 104187968,
                "created_at": "17-01-2018_19-40-21-208000",
                "name": "Members"
            },
            "403266269220175892": {
                "colour": 1033914,
                "position": 16,
                "permissions": 262208,
                "created_at": "17-01-2018_19-16-10-907000",
                "name": "Mythical Ones"
            },
            "400699163026653184": {
                "colour": 16728548,
                "position": 22,
                "permissions": 129,
                "created_at": "10-01-2018_17-15-25-096000",
                "name": "Community Managers"
            },
            "430760351248809986": {
                "colour": 0,
                "position": 10,
                "permissions": 0,
                "created_at": "03-04-2018_16-07-50-878000",
                "name": "Current Iteration"
            },
            "373129696960970762": {
                "colour": 16711680,
                "position": 19,
                "permissions": 0,
                "created_at": "26-10-2017_15-24-12-170000",
                "name": "Staff"
            },
            "187986584686166017": {
                "colour": 15632622,
                "position": 29,
                "permissions": 1610079487,
                "created_at": "02-06-2016_17-51-34-411000",
                "name": "Head of Community Relations"
            },
            "469889716435812353": {
                "colour": 0,
                "position": 31,
                "permissions": 8,
                "created_at": "20-07-2018_15-33-58-527000",
                "name": "High Council"
            },
            "178667818152230912": {
                "colour": 0,
                "position": 0,
                "permissions": 0,
                "created_at": "08-05-2016_00-42-07-335000",
                "name": "@everyone"
            },
            "404068252361162759": {
                "colour": 0,
                "position": 17,
                "permissions": 0,
                "created_at": "20-01-2018_00-22-58-588000",
                "name": "Under Where?"
            }
        }
    },
    "bot": false,
    "cookies": {
        "cookies_in_jar": 0,
        "get": {
            "average": 0.0,
            "total_cookies": 0
        },
        "cookie_interest": 0,
        "cookie_transfer_quota": 0,
        "current_cookies": 0,
        "total_cookies": 0,
        "active_this_epoch": false,
        "give": {
            "average": 0.0,
            "total_cookies": 0
        },
        "measured_epochs": 1,
        "active_epochs": 0
    },
    "voice": {
        "previous": {},
        "current": {
            "is_afk": false,
            "channel": {
                "private": null,
                "id": null,
                "name": null
            },
            "server_deaf": false,
            "self_deaf": false,
            "self_mute": false,
            "server_mute": false
        }
    },
    "created_at": "08-03-2016_20-33-58-292000",
    "joined_at": {
        "previous": {},
        "current": "08-05-2016_00-42-07-338000"
    },
    "display_name": {
        "previous": {},
        "current": "Mr Lechanta Claus"
    }
}