{
    "bans": {
        "previous": {},
        "current": "not banned"
    },
    "id": "175974530098003968",
    "game": {
        "previous": {},
        "current": {
            "url": null,
            "type": null,
            "name": null
        }
    },
    "status": {
        "previous": {},
        "current": "offline"
    },
    "activity": {},
    "name": {
        "previous": {},
        "current": "Devnepte"
    },
    "colour": {
        "previous": {},
        "current": 14747399
    },
    "discriminator": {
        "previous": {},
        "current": "3909"
    },
    "roles": {
        "previous": {},
        "current": {
            "403272352223461387": {
                "colour": 0,
                "position": 12,
                "permissions": 104187968,
                "created_at": "17-01-2018_19-40-21-208000",
                "name": "Members"
            },
            "403266269220175892": {
                "colour": 1033914,
                "position": 16,
                "permissions": 262208,
                "created_at": "17-01-2018_19-16-10-907000",
                "name": "Mythical Ones"
            },
            "404068252361162759": {
                "colour": 0,
                "position": 17,
                "permissions": 0,
                "created_at": "20-01-2018_00-22-58-588000",
                "name": "Under Where?"
            },
            "430760351248809986": {
                "colour": 0,
                "position": 10,
                "permissions": 0,
                "created_at": "03-04-2018_16-07-50-878000",
                "name": "Current Iteration"
            },
            "373129696960970762": {
                "colour": 16711680,
                "position": 19,
                "permissions": 0,
                "created_at": "26-10-2017_15-24-12-170000",
                "name": "Staff"
            },
            "178667818152230912": {
                "colour": 0,
                "position": 0,
                "permissions": 0,
                "created_at": "08-05-2016_00-42-07-335000",
                "name": "@everyone"
            },
            "363695886297071626": {
                "colour": 14747399,
                "position": 23,
                "permissions": 541200384,
                "created_at": "30-09-2017_14-37-36-436000",
                "name": "Event Managers"
            }
        }
    },
    "bot": false,
    "cookies": {
        "cookies_in_jar": 0,
        "get": {
            "average": 0.0,
            "total_cookies": 0
        },
        "cookie_interest": 0,
        "cookie_transfer_quota": 0,
        "current_cookies": 0,
        "total_cookies": 0,
        "active_this_epoch": false,
        "give": {
            "average": 0.0,
            "total_cookies": 0
        },
        "measured_epochs": 1,
        "active_epochs": 0
    },
    "voice": {
        "previous": {},
        "current": {
            "is_afk": false,
            "channel": {
                "private": null,
                "id": null,
                "name": null
            },
            "server_deaf": false,
            "self_deaf": false,
            "self_mute": false,
            "server_mute": false
        }
    },
    "created_at": "30-04-2016_14-19-57-424000",
    "joined_at": {
        "previous": {},
        "current": "17-01-2018_14-50-31-122000"
    },
    "display_name": {
        "previous": {},
        "current": "Santa's little daughter"
    }
}