{
    "bans": {
        "previous": {},
        "current": "not banned"
    },
    "id": "195244363339530240",
    "game": {
        "previous": {},
        "current": {
            "url": null,
            "type": null,
            "name": null
        }
    },
    "status": {
        "previous": {},
        "current": "online"
    },
    "activity": {},
    "name": {
        "previous": {},
        "current": "KawaiiBot"
    },
    "colour": {
        "previous": {},
        "current": 7506394
    },
    "discriminator": {
        "previous": {},
        "current": "0769"
    },
    "roles": {
        "previous": {},
        "current": {
            "178667818152230912": {
                "colour": 0,
                "position": 0,
                "permissions": 0,
                "created_at": "08-05-2016_00-42-07-335000",
                "name": "@everyone"
            },
            "406536385756135424": {
                "colour": 0,
                "position": 7,
                "permissions": 260096,
                "created_at": "26-01-2018_19-50-27-445000",
                "name": "Kawaii"
            },
            "403239438802485259": {
                "colour": 7506394,
                "position": 11,
                "permissions": 7168,
                "created_at": "17-01-2018_17-29-34-037000",
                "name": "Bots"
            }
        }
    },
    "bot": true,
    "cookies": {
        "cookies_in_jar": 0,
        "get": {
            "average": 0.0,
            "total_cookies": 0
        },
        "cookie_interest": 0,
        "cookie_transfer_quota": 0,
        "current_cookies": 0,
        "total_cookies": 0,
        "active_this_epoch": false,
        "give": {
            "average": 0.0,
            "total_cookies": 0
        },
        "measured_epochs": 1,
        "active_epochs": 0
    },
    "voice": {
        "previous": {},
        "current": {
            "is_afk": false,
            "channel": {
                "private": null,
                "id": null,
                "name": null
            },
            "server_deaf": false,
            "self_deaf": false,
            "self_mute": false,
            "server_mute": false
        }
    },
    "created_at": "22-06-2016_18-31-23-685000",
    "joined_at": {
        "previous": {},
        "current": "26-01-2018_19-45-44-048256"
    },
    "display_name": {
        "previous": {},
        "current": "KawaiiBot"
    }
}