{
    "bans": {
        "previous": {},
        "current": "not banned"
    },
    "id": "264069832574500866",
    "game": {
        "previous": {},
        "current": {
            "url": null,
            "type": null,
            "name": null
        }
    },
    "status": {
        "previous": {},
        "current": "offline"
    },
    "activity": {},
    "name": {
        "previous": {},
        "current": "Smith"
    },
    "colour": {
        "previous": {},
        "current": 7506394
    },
    "discriminator": {
        "previous": {},
        "current": "4288"
    },
    "roles": {
        "previous": {},
        "current": {
            "504751410785812510": {
                "colour": 0,
                "position": 2,
                "permissions": 470080,
                "created_at": "24-10-2018_20-21-54-159000",
                "name": "CAH"
            },
            "178667818152230912": {
                "colour": 0,
                "position": 0,
                "permissions": 0,
                "created_at": "08-05-2016_00-42-07-335000",
                "name": "@everyone"
            },
            "403239438802485259": {
                "colour": 7506394,
                "position": 11,
                "permissions": 7168,
                "created_at": "17-01-2018_17-29-34-037000",
                "name": "Bots"
            }
        }
    },
    "bot": true,
    "cookies": {
        "cookies_in_jar": 0,
        "get": {
            "average": 0.0,
            "total_cookies": 0
        },
        "cookie_interest": 0,
        "cookie_transfer_quota": 0,
        "current_cookies": 0,
        "total_cookies": 0,
        "active_this_epoch": false,
        "give": {
            "average": 0.0,
            "total_cookies": 0
        },
        "measured_epochs": 1,
        "active_epochs": 0
    },
    "voice": {
        "previous": {},
        "current": {
            "is_afk": false,
            "channel": {
                "private": null,
                "id": null,
                "name": null
            },
            "server_deaf": false,
            "self_deaf": false,
            "self_mute": false,
            "server_mute": false
        }
    },
    "created_at": "29-12-2016_16-39-14-266000",
    "joined_at": {
        "previous": {},
        "current": "24-10-2018_20-21-54-146319"
    },
    "display_name": {
        "previous": {},
        "current": "CAH"
    }
}