{
    "bans": {
        "previous": {},
        "current": "not banned"
    },
    "id": "277112484102406145",
    "game": {
        "previous": {},
        "current": {
            "url": null,
            "type": null,
            "name": null
        }
    },
    "status": {
        "previous": {},
        "current": "offline"
    },
    "activity": {},
    "name": {
        "previous": {},
        "current": "Huggles"
    },
    "colour": {
        "previous": {},
        "current": 1033914
    },
    "discriminator": {
        "previous": {},
        "current": "2246"
    },
    "roles": {
        "previous": {},
        "current": {
            "403272352223461387": {
                "colour": 0,
                "position": 12,
                "permissions": 104187968,
                "created_at": "17-01-2018_19-40-21-208000",
                "name": "Members"
            },
            "403266269220175892": {
                "colour": 1033914,
                "position": 16,
                "permissions": 262208,
                "created_at": "17-01-2018_19-16-10-907000",
                "name": "Mythical Ones"
            },
            "178667818152230912": {
                "colour": 0,
                "position": 0,
                "permissions": 0,
                "created_at": "08-05-2016_00-42-07-335000",
                "name": "@everyone"
            },
            "430760351248809986": {
                "colour": 0,
                "position": 10,
                "permissions": 0,
                "created_at": "03-04-2018_16-07-50-878000",
                "name": "Current Iteration"
            }
        }
    },
    "bot": false,
    "cookies": {
        "cookies_in_jar": 0,
        "get": {
            "average": 0.0,
            "total_cookies": 0
        },
        "cookie_interest": 0,
        "cookie_transfer_quota": 0,
        "current_cookies": 0,
        "total_cookies": 0,
        "active_this_epoch": false,
        "give": {
            "average": 0.0,
            "total_cookies": 0
        },
        "measured_epochs": 1,
        "active_epochs": 0
    },
    "voice": {
        "previous": {},
        "current": {
            "is_afk": false,
            "channel": {
                "private": null,
                "id": null,
                "name": null
            },
            "server_deaf": false,
            "self_deaf": false,
            "self_mute": false,
            "server_mute": false
        }
    },
    "created_at": "03-02-2017_16-26-04-711000",
    "joined_at": {
        "previous": {},
        "current": "28-02-2018_12-04-52-478371"
    },
    "display_name": {
        "previous": {},
        "current": "Fuwa Fuwa Chiisai Bitch Desu"
    }
}