{
    "bans": {
        "previous": {},
        "current": "not banned"
    },
    "id": "305797386926817281",
    "game": {
        "previous": {
            "05-12-2018_23-34-35-600797": {
                "url": null,
                "type": 0,
                "name": "Slay the Spire"
            },
            "05-12-2018_16-27-33-714312": {
                "url": null,
                "type": null,
                "name": null
            }
        },
        "current": {
            "url": null,
            "type": null,
            "name": null
        }
    },
    "bot": false,
    "activity": {},
    "name": {
        "previous": {},
        "current": "Zepher Aerlera"
    },
    "cookies": {
        "cookies_in_jar": 0,
        "get": {
            "average": 0.0,
            "total_cookies": 0
        },
        "active_this_epoch": false,
        "cookie_transfer_quota": 0,
        "current_cookies": 0,
        "total_cookies": 0,
        "cookie_interest": 0,
        "give": {
            "average": 0.0,
            "total_cookies": 0
        },
        "measured_epochs": 1,
        "active_epochs": 0
    },
    "discriminator": {
        "previous": {},
        "current": "1364"
    },
    "roles": {
        "previous": {},
        "current": {
            "403272352223461387": {
                "colour": 0,
                "position": 12,
                "name": "Members",
                "created_at": "17-01-2018_19-40-21-208000",
                "permissions": 104187968
            },
            "403266285313589250": {
                "colour": 16777215,
                "position": 13,
                "name": "Abandoned Ones",
                "created_at": "17-01-2018_19-16-14-744000",
                "permissions": 0
            },
            "178667818152230912": {
                "colour": 0,
                "position": 0,
                "name": "@everyone",
                "created_at": "08-05-2016_00-42-07-335000",
                "permissions": 0
            },
            "430760351248809986": {
                "colour": 0,
                "position": 10,
                "name": "Current Iteration",
                "created_at": "03-04-2018_16-07-50-878000",
                "permissions": 0
            }
        }
    },
    "status": {
        "previous": {
            "05-12-2018_23-34-35-600797": "online",
            "05-12-2018_16-27-33-714312": "offline"
        },
        "current": "offline"
    },
    "colour": {
        "previous": {},
        "current": 16777215
    },
    "voice": {
        "previous": {},
        "current": {
            "is_afk": false,
            "channel": {
                "private": null,
                "id": null,
                "name": null
            },
            "server_deaf": false,
            "self_deaf": false,
            "self_mute": false,
            "server_mute": false
        }
    },
    "created_at": "23-04-2017_20-09-38-484000",
    "joined_at": {
        "previous": {},
        "current": "26-01-2018_19-20-43-310632"
    },
    "display_name": {
        "previous": {},
        "current": "Zepher Aerlera"
    }
}