{
    "bans": {
        "previous": {},
        "current": "not banned"
    },
    "id": "354388314557644800",
    "game": {
        "previous": {},
        "current": {
            "url": null,
            "type": null,
            "name": null
        }
    },
    "status": {
        "previous": {
            "05-12-2018_16-27-33-714312": "online"
        },
        "current": "offline"
    },
    "activity": {},
    "name": {
        "previous": {},
        "current": "Trash Panda \ud83d\udc3c\ud83d\udc3c"
    },
    "colour": {
        "previous": {},
        "current": 3447003
    },
    "discriminator": {
        "previous": {},
        "current": "9377"
    },
    "roles": {
        "previous": {},
        "current": {
            "403266285313589250": {
                "colour": 16777215,
                "position": 13,
                "permissions": 0,
                "created_at": "17-01-2018_19-16-14-744000",
                "name": "Abandoned Ones"
            },
            "403272352223461387": {
                "colour": 0,
                "position": 12,
                "permissions": 104187968,
                "created_at": "17-01-2018_19-40-21-208000",
                "name": "Members"
            },
            "178667818152230912": {
                "colour": 0,
                "position": 0,
                "permissions": 0,
                "created_at": "08-05-2016_00-42-07-335000",
                "name": "@everyone"
            },
            "189416410542374912": {
                "colour": 3447003,
                "position": 20,
                "permissions": 267775190,
                "created_at": "06-06-2016_16-33-11-460000",
                "name": "Moderator"
            },
            "403266269220175892": {
                "colour": 1033914,
                "position": 16,
                "permissions": 262208,
                "created_at": "17-01-2018_19-16-10-907000",
                "name": "Mythical Ones"
            }
        }
    },
    "bot": false,
    "cookies": {
        "cookies_in_jar": 0,
        "get": {
            "average": 0.0,
            "total_cookies": 0
        },
        "cookie_interest": 0,
        "cookie_transfer_quota": 0,
        "current_cookies": 0,
        "total_cookies": 0,
        "active_this_epoch": false,
        "give": {
            "average": 0.0,
            "total_cookies": 0
        },
        "measured_epochs": 1,
        "active_epochs": 0
    },
    "voice": {
        "previous": {},
        "current": {
            "is_afk": false,
            "channel": {
                "private": null,
                "id": null,
                "name": null
            },
            "server_deaf": false,
            "self_deaf": false,
            "self_mute": false,
            "server_mute": false
        }
    },
    "created_at": "04-09-2017_22-12-38-407000",
    "joined_at": {
        "previous": {},
        "current": "18-11-2018_17-20-36-226990"
    },
    "display_name": {
        "previous": {},
        "current": "Espresso Depresso"
    }
}