{
    "bans": {
        "previous": {},
        "current": "not banned"
    },
    "id": "492054450865831966",
    "game": {
        "previous": {},
        "current": {
            "url": null,
            "type": null,
            "name": null
        }
    },
    "status": {
        "previous": {
            "05-12-2018_15-29-30-194946": "online",
            "05-12-2018_15-43-55-700669": "online"
        },
        "current": "offline"
    },
    "activity": {},
    "name": {
        "previous": {},
        "current": "catuca2"
    },
    "colour": {
        "previous": {},
        "current": 16777215
    },
    "discriminator": {
        "previous": {},
        "current": "6526"
    },
    "roles": {
        "previous": {},
        "current": {
            "403272352223461387": {
                "colour": 0,
                "position": 12,
                "permissions": 104187968,
                "created_at": "17-01-2018_19-40-21-208000",
                "name": "Members"
            },
            "403266285313589250": {
                "colour": 16777215,
                "position": 13,
                "permissions": 0,
                "created_at": "17-01-2018_19-16-14-744000",
                "name": "Abandoned Ones"
            },
            "178667818152230912": {
                "colour": 0,
                "position": 0,
                "permissions": 0,
                "created_at": "08-05-2016_00-42-07-335000",
                "name": "@everyone"
            }
        }
    },
    "bot": false,
    "cookies": {
        "cookies_in_jar": 0,
        "get": {
            "average": 0.0,
            "total_cookies": 0
        },
        "cookie_interest": 0,
        "cookie_transfer_quota": 0,
        "current_cookies": 0,
        "total_cookies": 0,
        "active_this_epoch": false,
        "give": {
            "average": 0.0,
            "total_cookies": 0
        },
        "measured_epochs": 1,
        "active_epochs": 0
    },
    "voice": {
        "previous": {},
        "current": {
            "is_afk": false,
            "channel": {
                "private": null,
                "id": null,
                "name": null
            },
            "server_deaf": false,
            "self_deaf": false,
            "self_mute": false,
            "server_mute": false
        }
    },
    "created_at": "19-09-2018_19-28-43-016000",
    "joined_at": {
        "previous": {},
        "current": "29-10-2018_20-12-48-360130"
    },
    "display_name": {
        "previous": {},
        "current": "Princess \ud83d\udc51"
    }
}