{
    "activity": {},
    "roles": {
        "current": {
            "403243729072160790": {
                "name": "Admin",
                "position": 6,
                "colour": 0,
                "created_at": "17-01-2018_17-46-36-917000",
                "permissions": 104324169
            },
            "406515414722543617": {
                "name": "Zonnoser",
                "position": 5,
                "colour": 10181046,
                "created_at": "26-01-2018_18-27-07-561000",
                "permissions": 104324169
            },
            "403243508833452032": {
                "name": "@everyone",
                "position": 0,
                "colour": 0,
                "created_at": "17-01-2018_17-45-44-408000",
                "permissions": 104324161
            }
        },
        "previous": {}
    },
    "cookies": {
        "measured_epochs": 0,
        "give": {
            "total_cookies": 0,
            "average": 0
        },
        "cookie_transfer_quota": 0,
        "cookie_interest": 0,
        "active_epochs": 0,
        "current_cookies": 0,
        "active_this_epoch": false,
        "get": {
            "total_cookies": 0,
            "average": 0
        },
        "total_cookies": 0,
        "cookies_in_jar": 0
    },
    "colour": {
        "current": 10181046,
        "previous": {}
    },
    "created_at": "08-03-2016_20-33-58-292000",
    "display_name": {
        "current": "Nossie",
        "previous": {}
    },
    "game": {
        "current": {
            "name": null,
            "url": null,
            "type": null
        },
        "previous": {}
    },
    "discriminator": {
        "current": "7744",
        "previous": {}
    },
    "name": {
        "current": "Lechaim",
        "previous": {}
    },
    "id": "156862097043619840",
    "bans": {
        "current": "not banned",
        "previous": {}
    },
    "bot": false,
    "joined_at": {
        "current": "21-01-2018_14-54-11-370000",
        "previous": {}
    },
    "status": {
        "current": "online",
        "previous": {
            "09-02-2019_19-14-04-134526": "idle",
            "31-01-2019_19-29-23-149190": "idle",
            "10-02-2019_10-58-00-564986": "offline",
            "07-02-2019_22-30-45-401502": "online",
            "08-02-2019_19-38-42-445767": "offline",
            "31-01-2019_23-15-25-764869": "online",
            "08-02-2019_19-09-26-882805": "online",
            "30-01-2019_23-45-18-912162": "online",
            "30-01-2019_22-01-10-201736": "offline"
        }
    },
    "voice": {
        "current": {
            "self_mute": false,
            "self_deaf": false,
            "server_mute": false,
            "is_afk": false,
            "server_deaf": false,
            "channel": {
                "name": null,
                "private": null,
                "id": null
            }
        },
        "previous": {}
    }
}