{
    "status": {
        "current": "offline",
        "previous": {
            "16-01-2019_22-00-47-241502": "online",
            "16-12-2018_22-46-26-221531": "offline",
            "05-12-2018_16-27-33-714312": "online",
            "31-01-2019_23-15-25-764869": "online",
            "05-12-2018_15-43-55-700669": "online",
            "08-02-2019_19-38-42-445767": "online",
            "17-12-2018_08-19-13-303562": "online",
            "17-01-2019_17-37-42-106001": "online",
            "16-02-2019_18-22-40-919504": "online",
            "10-02-2019_10-58-00-564986": "online",
            "12-01-2019_01-16-58-662867": "online",
            "17-12-2018_00-07-55-794219": "offline",
            "16-12-2018_21-52-39-901037": "offline",
            "06-12-2018_01-05-49-556858": "online",
            "10-12-2018_16-02-31-496869": "online",
            "31-01-2019_19-29-23-149190": "online"
        }
    },
    "roles": {
        "current": {
            "469889716435812353": {
                "position": 22,
                "created_at": "20-07-2018_15-33-58-527000",
                "colour": 0,
                "name": "High Council",
                "permissions": 2146954743
            },
            "403266269220175892": {
                "position": 14,
                "created_at": "17-01-2018_19-16-10-907000",
                "colour": 1033914,
                "name": "Mythical Ones",
                "permissions": 262208
            },
            "373129696960970762": {
                "position": 20,
                "created_at": "26-10-2017_15-24-12-170000",
                "colour": 0,
                "name": "Staff",
                "permissions": 0
            },
            "403272352223461387": {
                "position": 10,
                "created_at": "17-01-2018_19-40-21-208000",
                "colour": 0,
                "name": "Members",
                "permissions": 104187968
            },
            "469889439775326208": {
                "position": 25,
                "created_at": "20-07-2018_15-32-52-566000",
                "colour": 16741437,
                "name": "Head of Media",
                "permissions": 0
            },
            "401845161266642944": {
                "position": 16,
                "created_at": "13-01-2018_21-09-12-368000",
                "colour": 7962319,
                "name": "Media Creators",
                "permissions": 0
            },
            "178667818152230912": {
                "position": 0,
                "created_at": "08-05-2016_00-42-07-335000",
                "colour": 0,
                "name": "@everyone",
                "permissions": 0
            }
        },
        "previous": {
            "25-01-2019_18-03-01-080213": {
                "469889716435812353": {
                    "position": 29,
                    "created_at": "20-07-2018_15-33-58-527000",
                    "colour": 0,
                    "name": "High Council",
                    "permissions": 2146954743
                },
                "373129696960970762": {
                    "position": 17,
                    "created_at": "26-10-2017_15-24-12-170000",
                    "colour": 16711680,
                    "name": "Staff",
                    "permissions": 0
                },
                "403272352223461387": {
                    "position": 11,
                    "created_at": "17-01-2018_19-40-21-208000",
                    "colour": 0,
                    "name": "Members",
                    "permissions": 104187968
                },
                "469889439775326208": {
                    "position": 24,
                    "created_at": "20-07-2018_15-32-52-566000",
                    "colour": 16741437,
                    "name": "Head of Media",
                    "permissions": 0
                },
                "403266285313589250": {
                    "position": 12,
                    "created_at": "17-01-2018_19-16-14-744000",
                    "colour": 16777215,
                    "name": "Abandoned Ones",
                    "permissions": 0
                },
                "401845161266642944": {
                    "position": 19,
                    "created_at": "13-01-2018_21-09-12-368000",
                    "colour": 7962319,
                    "name": "Media Creators",
                    "permissions": 0
                },
                "178667818152230912": {
                    "position": 0,
                    "created_at": "08-05-2016_00-42-07-335000",
                    "colour": 0,
                    "name": "@everyone",
                    "permissions": 0
                }
            },
            "25-01-2019_00-26-23-076062": {
                "469889716435812353": {
                    "position": 29,
                    "created_at": "20-07-2018_15-33-58-527000",
                    "colour": 0,
                    "name": "High Council",
                    "permissions": 2146954743
                },
                "373129696960970762": {
                    "position": 17,
                    "created_at": "26-10-2017_15-24-12-170000",
                    "colour": 16711680,
                    "name": "Staff",
                    "permissions": 0
                },
                "403272352223461387": {
                    "position": 9,
                    "created_at": "17-01-2018_19-40-21-208000",
                    "colour": 0,
                    "name": "Members",
                    "permissions": 104187968
                },
                "469889439775326208": {
                    "position": 24,
                    "created_at": "20-07-2018_15-32-52-566000",
                    "colour": 16741437,
                    "name": "Head of Media",
                    "permissions": 0
                },
                "403266285313589250": {
                    "position": 10,
                    "created_at": "17-01-2018_19-16-14-744000",
                    "colour": 16777215,
                    "name": "Abandoned Ones",
                    "permissions": 0
                },
                "430760351248809986": {
                    "position": 8,
                    "created_at": "03-04-2018_16-07-50-878000",
                    "colour": 0,
                    "name": "Current Iteration",
                    "permissions": 0
                },
                "401845161266642944": {
                    "position": 19,
                    "created_at": "13-01-2018_21-09-12-368000",
                    "colour": 7962319,
                    "name": "Media Creators",
                    "permissions": 0
                },
                "178667818152230912": {
                    "position": 0,
                    "created_at": "08-05-2016_00-42-07-335000",
                    "colour": 0,
                    "name": "@everyone",
                    "permissions": 0
                }
            },
            "16-12-2018_21-52-39-901037": {
                "469889716435812353": {
                    "position": 30,
                    "created_at": "20-07-2018_15-33-58-527000",
                    "colour": 0,
                    "name": "High Council",
                    "permissions": 8
                },
                "373129696960970762": {
                    "position": 18,
                    "created_at": "26-10-2017_15-24-12-170000",
                    "colour": 16711680,
                    "name": "Staff",
                    "permissions": 0
                },
                "403272352223461387": {
                    "position": 10,
                    "created_at": "17-01-2018_19-40-21-208000",
                    "colour": 0,
                    "name": "Members",
                    "permissions": 104187968
                },
                "469889439775326208": {
                    "position": 25,
                    "created_at": "20-07-2018_15-32-52-566000",
                    "colour": 16741437,
                    "name": "Head of Media",
                    "permissions": 0
                },
                "403266285313589250": {
                    "position": 11,
                    "created_at": "17-01-2018_19-16-14-744000",
                    "colour": 16777215,
                    "name": "Abandoned Ones",
                    "permissions": 0
                },
                "430760351248809986": {
                    "position": 9,
                    "created_at": "03-04-2018_16-07-50-878000",
                    "colour": 0,
                    "name": "Current Iteration",
                    "permissions": 0
                },
                "401845161266642944": {
                    "position": 20,
                    "created_at": "13-01-2018_21-09-12-368000",
                    "colour": 7962319,
                    "name": "Media Creators",
                    "permissions": 0
                },
                "178667818152230912": {
                    "position": 0,
                    "created_at": "08-05-2016_00-42-07-335000",
                    "colour": 0,
                    "name": "@everyone",
                    "permissions": 0
                }
            },
            "09-02-2019_19-14-04-134526": {
                "469889716435812353": {
                    "position": 27,
                    "created_at": "20-07-2018_15-33-58-527000",
                    "colour": 0,
                    "name": "Nation Leaders",
                    "permissions": 2146954743
                },
                "403266269220175892": {
                    "position": 14,
                    "created_at": "17-01-2018_19-16-10-907000",
                    "colour": 1033914,
                    "name": "Mythical Ones",
                    "permissions": 262208
                },
                "373129696960970762": {
                    "position": 19,
                    "created_at": "26-10-2017_15-24-12-170000",
                    "colour": 0,
                    "name": "Staff",
                    "permissions": 0
                },
                "403272352223461387": {
                    "position": 10,
                    "created_at": "17-01-2018_19-40-21-208000",
                    "colour": 0,
                    "name": "Members",
                    "permissions": 104187968
                },
                "469889439775326208": {
                    "position": 22,
                    "created_at": "20-07-2018_15-32-52-566000",
                    "colour": 16741437,
                    "name": "Head of Media",
                    "permissions": 0
                },
                "401845161266642944": {
                    "position": 16,
                    "created_at": "13-01-2018_21-09-12-368000",
                    "colour": 7962319,
                    "name": "Media Creators",
                    "permissions": 0
                },
                "178667818152230912": {
                    "position": 0,
                    "created_at": "08-05-2016_00-42-07-335000",
                    "colour": 0,
                    "name": "@everyone",
                    "permissions": 0
                }
            },
            "08-02-2019_19-09-26-882805": {
                "469889716435812353": {
                    "position": 28,
                    "created_at": "20-07-2018_15-33-58-527000",
                    "colour": 0,
                    "name": "High Council",
                    "permissions": 2146954743
                },
                "403266269220175892": {
                    "position": 14,
                    "created_at": "17-01-2018_19-16-10-907000",
                    "colour": 1033914,
                    "name": "Mythical Ones",
                    "permissions": 262208
                },
                "373129696960970762": {
                    "position": 20,
                    "created_at": "26-10-2017_15-24-12-170000",
                    "colour": 0,
                    "name": "Staff",
                    "permissions": 0
                },
                "403272352223461387": {
                    "position": 10,
                    "created_at": "17-01-2018_19-40-21-208000",
                    "colour": 0,
                    "name": "Members",
                    "permissions": 104187968
                },
                "469889439775326208": {
                    "position": 23,
                    "created_at": "20-07-2018_15-32-52-566000",
                    "colour": 16741437,
                    "name": "Head of Media",
                    "permissions": 0
                },
                "401845161266642944": {
                    "position": 17,
                    "created_at": "13-01-2018_21-09-12-368000",
                    "colour": 7962319,
                    "name": "Media Creators",
                    "permissions": 0
                },
                "178667818152230912": {
                    "position": 0,
                    "created_at": "08-05-2016_00-42-07-335000",
                    "colour": 0,
                    "name": "@everyone",
                    "permissions": 0
                }
            },
            "10-01-2019_00-18-24-072293": {
                "469889716435812353": {
                    "position": 26,
                    "created_at": "20-07-2018_15-33-58-527000",
                    "colour": 0,
                    "name": "High Council",
                    "permissions": 8
                },
                "373129696960970762": {
                    "position": 14,
                    "created_at": "26-10-2017_15-24-12-170000",
                    "colour": 16711680,
                    "name": "Staff",
                    "permissions": 0
                },
                "403272352223461387": {
                    "position": 7,
                    "created_at": "17-01-2018_19-40-21-208000",
                    "colour": 0,
                    "name": "Members",
                    "permissions": 104187968
                },
                "469889439775326208": {
                    "position": 21,
                    "created_at": "20-07-2018_15-32-52-566000",
                    "colour": 16741437,
                    "name": "Head of Media",
                    "permissions": 0
                },
                "403266285313589250": {
                    "position": 8,
                    "created_at": "17-01-2018_19-16-14-744000",
                    "colour": 16777215,
                    "name": "Abandoned Ones",
                    "permissions": 0
                },
                "430760351248809986": {
                    "position": 6,
                    "created_at": "03-04-2018_16-07-50-878000",
                    "colour": 0,
                    "name": "Current Iteration",
                    "permissions": 0
                },
                "401845161266642944": {
                    "position": 16,
                    "created_at": "13-01-2018_21-09-12-368000",
                    "colour": 7962319,
                    "name": "Media Creators",
                    "permissions": 0
                },
                "178667818152230912": {
                    "position": 0,
                    "created_at": "08-05-2016_00-42-07-335000",
                    "colour": 0,
                    "name": "@everyone",
                    "permissions": 0
                }
            },
            "17-01-2019_17-37-42-106001": {
                "469889716435812353": {
                    "position": 29,
                    "created_at": "20-07-2018_15-33-58-527000",
                    "colour": 0,
                    "name": "High Council",
                    "permissions": 8
                },
                "373129696960970762": {
                    "position": 17,
                    "created_at": "26-10-2017_15-24-12-170000",
                    "colour": 16711680,
                    "name": "Staff",
                    "permissions": 0
                },
                "403272352223461387": {
                    "position": 9,
                    "created_at": "17-01-2018_19-40-21-208000",
                    "colour": 0,
                    "name": "Members",
                    "permissions": 104187968
                },
                "469889439775326208": {
                    "position": 24,
                    "created_at": "20-07-2018_15-32-52-566000",
                    "colour": 16741437,
                    "name": "Head of Media",
                    "permissions": 0
                },
                "403266285313589250": {
                    "position": 10,
                    "created_at": "17-01-2018_19-16-14-744000",
                    "colour": 16777215,
                    "name": "Abandoned Ones",
                    "permissions": 0
                },
                "430760351248809986": {
                    "position": 8,
                    "created_at": "03-04-2018_16-07-50-878000",
                    "colour": 0,
                    "name": "Current Iteration",
                    "permissions": 0
                },
                "401845161266642944": {
                    "position": 19,
                    "created_at": "13-01-2018_21-09-12-368000",
                    "colour": 7962319,
                    "name": "Media Creators",
                    "permissions": 0
                },
                "178667818152230912": {
                    "position": 0,
                    "created_at": "08-05-2016_00-42-07-335000",
                    "colour": 0,
                    "name": "@everyone",
                    "permissions": 0
                }
            },
            "07-12-2018_07-51-11-182069": {
                "469889716435812353": {
                    "position": 30,
                    "created_at": "20-07-2018_15-33-58-527000",
                    "colour": 0,
                    "name": "High Council",
                    "permissions": 8
                },
                "403266269220175892": {
                    "position": 15,
                    "created_at": "17-01-2018_19-16-10-907000",
                    "colour": 1033914,
                    "name": "Mythical Ones",
                    "permissions": 262208
                },
                "373129696960970762": {
                    "position": 18,
                    "created_at": "26-10-2017_15-24-12-170000",
                    "colour": 16711680,
                    "name": "Staff",
                    "permissions": 0
                },
                "403272352223461387": {
                    "position": 11,
                    "created_at": "17-01-2018_19-40-21-208000",
                    "colour": 0,
                    "name": "Members",
                    "permissions": 104187968
                },
                "469889439775326208": {
                    "position": 25,
                    "created_at": "20-07-2018_15-32-52-566000",
                    "colour": 16741437,
                    "name": "Head of Media",
                    "permissions": 0
                },
                "430760351248809986": {
                    "position": 9,
                    "created_at": "03-04-2018_16-07-50-878000",
                    "colour": 0,
                    "name": "Current Iteration",
                    "permissions": 0
                },
                "401845161266642944": {
                    "position": 20,
                    "created_at": "13-01-2018_21-09-12-368000",
                    "colour": 7962319,
                    "name": "Media Creators",
                    "permissions": 0
                },
                "178667818152230912": {
                    "position": 0,
                    "created_at": "08-05-2016_00-42-07-335000",
                    "colour": 0,
                    "name": "@everyone",
                    "permissions": 0
                }
            },
            "07-12-2018_09-02-35-892853": {
                "469889716435812353": {
                    "position": 30,
                    "created_at": "20-07-2018_15-33-58-527000",
                    "colour": 0,
                    "name": "High Council",
                    "permissions": 8
                },
                "373129696960970762": {
                    "position": 18,
                    "created_at": "26-10-2017_15-24-12-170000",
                    "colour": 16711680,
                    "name": "Staff",
                    "permissions": 0
                },
                "403272352223461387": {
                    "position": 11,
                    "created_at": "17-01-2018_19-40-21-208000",
                    "colour": 0,
                    "name": "Members",
                    "permissions": 104187968
                },
                "469889439775326208": {
                    "position": 25,
                    "created_at": "20-07-2018_15-32-52-566000",
                    "colour": 16741437,
                    "name": "Head of Media",
                    "permissions": 0
                },
                "403266285313589250": {
                    "position": 12,
                    "created_at": "17-01-2018_19-16-14-744000",
                    "colour": 16777215,
                    "name": "Abandoned Ones",
                    "permissions": 0
                },
                "430760351248809986": {
                    "position": 9,
                    "created_at": "03-04-2018_16-07-50-878000",
                    "colour": 0,
                    "name": "Current Iteration",
                    "permissions": 0
                },
                "401845161266642944": {
                    "position": 20,
                    "created_at": "13-01-2018_21-09-12-368000",
                    "colour": 7962319,
                    "name": "Media Creators",
                    "permissions": 0
                },
                "178667818152230912": {
                    "position": 0,
                    "created_at": "08-05-2016_00-42-07-335000",
                    "colour": 0,
                    "name": "@everyone",
                    "permissions": 0
                }
            },
            "10-02-2019_10-58-00-564986": {
                "469889716435812353": {
                    "position": 28,
                    "created_at": "20-07-2018_15-33-58-527000",
                    "colour": 0,
                    "name": "Nation Leaders",
                    "permissions": 2146954743
                },
                "403266269220175892": {
                    "position": 15,
                    "created_at": "17-01-2018_19-16-10-907000",
                    "colour": 1033914,
                    "name": "Mythical Ones",
                    "permissions": 262208
                },
                "373129696960970762": {
                    "position": 20,
                    "created_at": "26-10-2017_15-24-12-170000",
                    "colour": 0,
                    "name": "Staff",
                    "permissions": 0
                },
                "403272352223461387": {
                    "position": 11,
                    "created_at": "17-01-2018_19-40-21-208000",
                    "colour": 0,
                    "name": "Members",
                    "permissions": 104187968
                },
                "469889439775326208": {
                    "position": 23,
                    "created_at": "20-07-2018_15-32-52-566000",
                    "colour": 16741437,
                    "name": "Head of Media",
                    "permissions": 0
                },
                "401845161266642944": {
                    "position": 17,
                    "created_at": "13-01-2018_21-09-12-368000",
                    "colour": 7962319,
                    "name": "Media Creators",
                    "permissions": 0
                },
                "178667818152230912": {
                    "position": 0,
                    "created_at": "08-05-2016_00-42-07-335000",
                    "colour": 0,
                    "name": "@everyone",
                    "permissions": 0
                }
            },
            "06-12-2018_01-05-49-556858": {
                "469889716435812353": {
                    "position": 31,
                    "created_at": "20-07-2018_15-33-58-527000",
                    "colour": 0,
                    "name": "High Council",
                    "permissions": 8
                },
                "403266269220175892": {
                    "position": 16,
                    "created_at": "17-01-2018_19-16-10-907000",
                    "colour": 1033914,
                    "name": "Mythical Ones",
                    "permissions": 262208
                },
                "373129696960970762": {
                    "position": 19,
                    "created_at": "26-10-2017_15-24-12-170000",
                    "colour": 16711680,
                    "name": "Staff",
                    "permissions": 0
                },
                "403272352223461387": {
                    "position": 12,
                    "created_at": "17-01-2018_19-40-21-208000",
                    "colour": 0,
                    "name": "Members",
                    "permissions": 104187968
                },
                "469889439775326208": {
                    "position": 26,
                    "created_at": "20-07-2018_15-32-52-566000",
                    "colour": 16741437,
                    "name": "Head of Media",
                    "permissions": 0
                },
                "430760351248809986": {
                    "position": 10,
                    "created_at": "03-04-2018_16-07-50-878000",
                    "colour": 0,
                    "name": "Current Iteration",
                    "permissions": 0
                },
                "401845161266642944": {
                    "position": 21,
                    "created_at": "13-01-2018_21-09-12-368000",
                    "colour": 7962319,
                    "name": "Media Creators",
                    "permissions": 0
                },
                "178667818152230912": {
                    "position": 0,
                    "created_at": "08-05-2016_00-42-07-335000",
                    "colour": 0,
                    "name": "@everyone",
                    "permissions": 0
                }
            },
            "31-01-2019_23-15-25-764869": {
                "469889716435812353": {
                    "position": 28,
                    "created_at": "20-07-2018_15-33-58-527000",
                    "colour": 0,
                    "name": "High Council",
                    "permissions": 2146954743
                },
                "403266269220175892": {
                    "position": 14,
                    "created_at": "17-01-2018_19-16-10-907000",
                    "colour": 1033914,
                    "name": "Mythical Ones",
                    "permissions": 262208
                },
                "373129696960970762": {
                    "position": 20,
                    "created_at": "26-10-2017_15-24-12-170000",
                    "colour": 0,
                    "name": "Staff",
                    "permissions": 0
                },
                "403272352223461387": {
                    "position": 10,
                    "created_at": "17-01-2018_19-40-21-208000",
                    "colour": 0,
                    "name": "Members",
                    "permissions": 104187968
                },
                "469889439775326208": {
                    "position": 23,
                    "created_at": "20-07-2018_15-32-52-566000",
                    "colour": 16741437,
                    "name": "Head of Media",
                    "permissions": 0
                },
                "403266285313589250": {
                    "position": 11,
                    "created_at": "17-01-2018_19-16-14-744000",
                    "colour": 16777215,
                    "name": "Abandoned Ones",
                    "permissions": 0
                },
                "401845161266642944": {
                    "position": 17,
                    "created_at": "13-01-2018_21-09-12-368000",
                    "colour": 7962319,
                    "name": "Media Creators",
                    "permissions": 0
                },
                "178667818152230912": {
                    "position": 0,
                    "created_at": "08-05-2016_00-42-07-335000",
                    "colour": 0,
                    "name": "@everyone",
                    "permissions": 0
                }
            }
        }
    },
    "id": "149582123697831937",
    "activity": {
        "2019": {
            "2": {
                "3": {
                    "13": {
                        "403084655550791682": 6
                    },
                    "10": {
                        "403086550851911681": 1
                    }
                },
                "2": {
                    "16": {
                        "403084790401728512": 1
                    },
                    "19": {
                        "403086550851911681": 4
                    },
                    "14": {
                        "403086550851911681": 1
                    }
                },
                "9": {
                    "18": {
                        "403084655550791682": 33
                    }
                },
                "1": {
                    "17": {
                        "403084655550791682": 6
                    },
                    "16": {
                        "403084655550791682": 85
                    }
                },
                "16": {
                    "18": {
                        "410813767840956416": 3
                    }
                }
            },
            "1": {
                "17": {
                    "20": {
                        "404067128786944002": 1
                    }
                }
            }
        },
        "2018": {
            "12": {
                "5": {
                    "21": {
                        "403086550851911681": 4
                    }
                },
                "17": {
                    "0": {
                        "403084790401728512": 1
                    }
                },
                "16": {
                    "22": {
                        "523913649182605330": 1
                    },
                    "23": {
                        "403084790401728512": 1,
                        "523913649182605330": 2
                    }
                },
                "10": {
                    "17": {
                        "403084655550791682": 1
                    },
                    "19": {
                        "403084790401728512": 1
                    }
                }
            }
        }
    },
    "created_at": "17-02-2016_18-25-57-391000",
    "display_name": {
        "current": "Rikolan",
        "previous": {}
    },
    "name": {
        "current": "Rikolan",
        "previous": {}
    },
    "joined_at": {
        "current": "17-01-2018_09-51-30-747000",
        "previous": {}
    },
    "voice": {
        "current": {
            "server_deaf": false,
            "self_mute": false,
            "is_afk": false,
            "channel": {
                "id": null,
                "private": null,
                "name": null
            },
            "self_deaf": false,
            "server_mute": false
        },
        "previous": {
            "08-02-2019_19-38-42-445767": {
                "server_deaf": false,
                "self_mute": false,
                "is_afk": false,
                "channel": {
                    "id": "403283673647939595",
                    "private": false,
                    "name": "General"
                },
                "self_deaf": false,
                "server_mute": false
            },
            "17-12-2018_08-19-13-303562": {
                "server_deaf": false,
                "self_mute": false,
                "is_afk": false,
                "channel": {
                    "id": "403283673647939595",
                    "private": false,
                    "name": "General"
                },
                "self_deaf": false,
                "server_mute": false
            },
            "16-12-2018_21-52-39-901037": {
                "server_deaf": false,
                "self_mute": false,
                "is_afk": false,
                "channel": {
                    "id": null,
                    "private": null,
                    "name": null
                },
                "self_deaf": false,
                "server_mute": false
            },
            "31-01-2019_23-15-25-764869": {
                "server_deaf": false,
                "self_mute": false,
                "is_afk": false,
                "channel": {
                    "id": "403283673647939595",
                    "private": false,
                    "name": "General"
                },
                "self_deaf": false,
                "server_mute": false
            },
            "16-12-2018_22-46-26-221531": {
                "server_deaf": false,
                "self_mute": false,
                "is_afk": false,
                "channel": {
                    "id": null,
                    "private": null,
                    "name": null
                },
                "self_deaf": false,
                "server_mute": false
            },
            "17-12-2018_00-07-55-794219": {
                "server_deaf": false,
                "self_mute": false,
                "is_afk": false,
                "channel": {
                    "id": null,
                    "private": null,
                    "name": null
                },
                "self_deaf": false,
                "server_mute": false
            }
        }
    },
    "bot": false,
    "cookies": {
        "measured_epochs": 12,
        "cookie_interest": 0,
        "get": {
            "total_cookies": 12,
            "average": 1.0
        },
        "active_this_epoch": false,
        "total_cookies": 12,
        "current_cookies": 12,
        "give": {
            "total_cookies": 0,
            "average": 0.0
        },
        "active_epochs": 1,
        "cookies_in_jar": 0,
        "cookie_transfer_quota": 0
    },
    "game": {
        "current": {
            "url": null,
            "type": null,
            "name": null
        },
        "previous": {}
    },
    "colour": {
        "current": 16741437,
        "previous": {}
    },
    "discriminator": {
        "current": "7658",
        "previous": {}
    },
    "bans": {
        "current": "not banned",
        "previous": {}
    }
}