{
    "status": {
        "current": "offline",
        "previous": {
            "30-01-2019_14-51-49-215528": "online",
            "26-01-2019_15-44-45-130911": "idle",
            "30-01-2019_22-01-10-201736": "offline",
            "07-02-2019_22-30-45-401502": "online",
            "25-01-2019_18-03-01-080213": "idle",
            "25-01-2019_00-26-23-076062": "online",
            "17-01-2019_17-37-42-106001": "online",
            "19-01-2019_23-47-11-591556": "online",
            "23-01-2019_21-15-24-922386": "offline",
            "31-01-2019_19-29-23-149190": "idle",
            "16-02-2019_18-22-40-919504": "online",
            "08-02-2019_19-09-26-882805": "idle",
            "19-01-2019_13-47-02-065430": "offline",
            "13-01-2019_23-58-57-488890": "online",
            "10-02-2019_10-58-00-564986": "online",
            "27-01-2019_13-19-36-209606": "online",
            "16-01-2019_15-03-07-147943": "online",
            "27-01-2019_00-03-40-224296": "online",
            "15-01-2019_20-05-24-063373": "online",
            "18-01-2019_23-28-09-275982": "offline",
            "11-02-2019_22-51-39-999500": "online",
            "16-01-2019_22-00-47-241502": "online",
            "13-01-2019_18-58-47-852165": "idle",
            "29-01-2019_23-34-56-773453": "online",
            "09-02-2019_19-14-04-134526": "idle",
            "12-02-2019_19-18-53-139616": "online",
            "10-01-2019_00-18-24-072293": "offline",
            "31-01-2019_23-15-25-764869": "online",
            "08-02-2019_19-38-42-445767": "online",
            "25-01-2019_15-28-36-671537": "offline",
            "16-01-2019_20-42-02-533659": "offline",
            "30-01-2019_23-45-18-912162": "online",
            "18-01-2019_15-04-28-265172": "idle",
            "12-01-2019_01-16-58-662867": "online",
            "23-01-2019_23-06-46-438605": "online",
            "10-01-2019_03-33-44-007928": "online",
            "10-01-2019_03-36-57-747790": "offline",
            "26-01-2019_04-12-07-077616": "online",
            "31-01-2019_15-07-05-822989": "idle"
        }
    },
    "roles": {
        "current": {
            "404068252361162759": {
                "position": 3,
                "created_at": "20-01-2018_00-22-58-588000",
                "colour": 10181046,
                "name": "Under Where?",
                "permissions": 0
            },
            "523917597138354193": {
                "position": 2,
                "created_at": "16-12-2018_17-41-29-076000",
                "colour": 16714995,
                "name": "Yeeters",
                "permissions": 0
            },
            "403266285313589250": {
                "position": 11,
                "created_at": "17-01-2018_19-16-14-744000",
                "colour": 16777215,
                "name": "Abandoned Ones",
                "permissions": 0
            },
            "403272352223461387": {
                "position": 10,
                "created_at": "17-01-2018_19-40-21-208000",
                "colour": 0,
                "name": "Members",
                "permissions": 104187968
            },
            "178667818152230912": {
                "position": 0,
                "created_at": "08-05-2016_00-42-07-335000",
                "colour": 0,
                "name": "@everyone",
                "permissions": 0
            }
        },
        "previous": {
            "11-01-2019_22-45-11-058689": {
                "404068252361162759": {
                    "position": 4,
                    "created_at": "20-01-2018_00-22-58-588000",
                    "colour": 0,
                    "name": "Under Where?",
                    "permissions": 0
                },
                "523917597138354193": {
                    "position": 3,
                    "created_at": "16-12-2018_17-41-29-076000",
                    "colour": 16714995,
                    "name": "Yeeters",
                    "permissions": 0
                },
                "403272352223461387": {
                    "position": 8,
                    "created_at": "17-01-2018_19-40-21-208000",
                    "colour": 0,
                    "name": "Members",
                    "permissions": 104187968
                },
                "430760351248809986": {
                    "position": 7,
                    "created_at": "03-04-2018_16-07-50-878000",
                    "colour": 0,
                    "name": "Current Iteration",
                    "permissions": 0
                },
                "479754951917174784": {
                    "position": 29,
                    "created_at": "16-08-2018_20-54-53-953000",
                    "colour": 10181046,
                    "name": "Owner",
                    "permissions": 0
                },
                "403266285313589250": {
                    "position": 9,
                    "created_at": "17-01-2018_19-16-14-744000",
                    "colour": 16777215,
                    "name": "Abandoned Ones",
                    "permissions": 0
                },
                "178667818152230912": {
                    "position": 0,
                    "created_at": "08-05-2016_00-42-07-335000",
                    "colour": 0,
                    "name": "@everyone",
                    "permissions": 0
                }
            },
            "25-01-2019_18-03-01-080213": {
                "404068252361162759": {
                    "position": 3,
                    "created_at": "20-01-2018_00-22-58-588000",
                    "colour": 10181046,
                    "name": "Under Where?",
                    "permissions": 0
                },
                "523917597138354193": {
                    "position": 2,
                    "created_at": "16-12-2018_17-41-29-076000",
                    "colour": 16714995,
                    "name": "Yeeters",
                    "permissions": 0
                },
                "403266285313589250": {
                    "position": 12,
                    "created_at": "17-01-2018_19-16-14-744000",
                    "colour": 16777215,
                    "name": "Abandoned Ones",
                    "permissions": 0
                },
                "403272352223461387": {
                    "position": 11,
                    "created_at": "17-01-2018_19-40-21-208000",
                    "colour": 0,
                    "name": "Members",
                    "permissions": 104187968
                },
                "178667818152230912": {
                    "position": 0,
                    "created_at": "08-05-2016_00-42-07-335000",
                    "colour": 0,
                    "name": "@everyone",
                    "permissions": 0
                }
            },
            "10-02-2019_10-58-00-564986": {
                "404068252361162759": {
                    "position": 4,
                    "created_at": "20-01-2018_00-22-58-588000",
                    "colour": 10181046,
                    "name": "Under Where?",
                    "permissions": 0
                },
                "523917597138354193": {
                    "position": 3,
                    "created_at": "16-12-2018_17-41-29-076000",
                    "colour": 16714995,
                    "name": "Yeeters",
                    "permissions": 0
                },
                "403266285313589250": {
                    "position": 12,
                    "created_at": "17-01-2018_19-16-14-744000",
                    "colour": 16777215,
                    "name": "Abandoned Ones",
                    "permissions": 0
                },
                "403272352223461387": {
                    "position": 11,
                    "created_at": "17-01-2018_19-40-21-208000",
                    "colour": 0,
                    "name": "Members",
                    "permissions": 104187968
                },
                "178667818152230912": {
                    "position": 0,
                    "created_at": "08-05-2016_00-42-07-335000",
                    "colour": 0,
                    "name": "@everyone",
                    "permissions": 0
                }
            },
            "09-02-2019_19-14-04-134526": {
                "404068252361162759": {
                    "position": 3,
                    "created_at": "20-01-2018_00-22-58-588000",
                    "colour": 10181046,
                    "name": "Under Where?",
                    "permissions": 0
                },
                "523917597138354193": {
                    "position": 2,
                    "created_at": "16-12-2018_17-41-29-076000",
                    "colour": 16714995,
                    "name": "Yeeters",
                    "permissions": 0
                },
                "403266285313589250": {
                    "position": 11,
                    "created_at": "17-01-2018_19-16-14-744000",
                    "colour": 16777215,
                    "name": "Abandoned Ones",
                    "permissions": 0
                },
                "403272352223461387": {
                    "position": 10,
                    "created_at": "17-01-2018_19-40-21-208000",
                    "colour": 0,
                    "name": "Members",
                    "permissions": 104187968
                },
                "178667818152230912": {
                    "position": 0,
                    "created_at": "08-05-2016_00-42-07-335000",
                    "colour": 0,
                    "name": "@everyone",
                    "permissions": 0
                }
            },
            "25-01-2019_00-26-23-076062": {
                "404068252361162759": {
                    "position": 3,
                    "created_at": "20-01-2018_00-22-58-588000",
                    "colour": 10181046,
                    "name": "Under Where?",
                    "permissions": 0
                },
                "523917597138354193": {
                    "position": 2,
                    "created_at": "16-12-2018_17-41-29-076000",
                    "colour": 16714995,
                    "name": "Yeeters",
                    "permissions": 0
                },
                "403272352223461387": {
                    "position": 9,
                    "created_at": "17-01-2018_19-40-21-208000",
                    "colour": 0,
                    "name": "Members",
                    "permissions": 104187968
                },
                "430760351248809986": {
                    "position": 8,
                    "created_at": "03-04-2018_16-07-50-878000",
                    "colour": 0,
                    "name": "Current Iteration",
                    "permissions": 0
                },
                "403266285313589250": {
                    "position": 10,
                    "created_at": "17-01-2018_19-16-14-744000",
                    "colour": 16777215,
                    "name": "Abandoned Ones",
                    "permissions": 0
                },
                "178667818152230912": {
                    "position": 0,
                    "created_at": "08-05-2016_00-42-07-335000",
                    "colour": 0,
                    "name": "@everyone",
                    "permissions": 0
                }
            },
            "17-01-2019_17-37-42-106001": {
                "404068252361162759": {
                    "position": 4,
                    "created_at": "20-01-2018_00-22-58-588000",
                    "colour": 0,
                    "name": "Under Where?",
                    "permissions": 0
                },
                "523917597138354193": {
                    "position": 3,
                    "created_at": "16-12-2018_17-41-29-076000",
                    "colour": 16714995,
                    "name": "Yeeters",
                    "permissions": 0
                },
                "403272352223461387": {
                    "position": 8,
                    "created_at": "17-01-2018_19-40-21-208000",
                    "colour": 0,
                    "name": "Members",
                    "permissions": 104187968
                },
                "430760351248809986": {
                    "position": 7,
                    "created_at": "03-04-2018_16-07-50-878000",
                    "colour": 0,
                    "name": "Current Iteration",
                    "permissions": 0
                },
                "403266285313589250": {
                    "position": 9,
                    "created_at": "17-01-2018_19-16-14-744000",
                    "colour": 16777215,
                    "name": "Abandoned Ones",
                    "permissions": 0
                },
                "178667818152230912": {
                    "position": 0,
                    "created_at": "08-05-2016_00-42-07-335000",
                    "colour": 0,
                    "name": "@everyone",
                    "permissions": 0
                }
            }
        }
    },
    "id": "176029431545069568",
    "activity": {
        "2019": {
            "1": {
                "17": {
                    "2": {
                        "403084655550791682": 4
                    }
                }
            }
        }
    },
    "created_at": "30-04-2016_17-58-06-949000",
    "display_name": {
        "current": "THICCBOI",
        "previous": {}
    },
    "name": {
        "current": "THICCBOI",
        "previous": {}
    },
    "joined_at": {
        "current": "19-12-2018_00-45-05-309744",
        "previous": {}
    },
    "voice": {
        "current": {
            "server_deaf": false,
            "self_mute": false,
            "is_afk": false,
            "channel": {
                "id": null,
                "private": null,
                "name": null
            },
            "self_deaf": false,
            "server_mute": false
        },
        "previous": {
            "16-01-2019_22-00-47-241502": {
                "server_deaf": false,
                "self_mute": false,
                "is_afk": false,
                "channel": {
                    "id": "523902470724911105",
                    "private": false,
                    "name": "simply-yeet"
                },
                "self_deaf": false,
                "server_mute": false
            }
        }
    },
    "bot": false,
    "cookies": {
        "measured_epochs": 4,
        "cookie_interest": 0,
        "get": {
            "total_cookies": 0,
            "average": 0.0
        },
        "active_this_epoch": false,
        "total_cookies": 0,
        "current_cookies": 0,
        "give": {
            "total_cookies": 0,
            "average": 0.0
        },
        "active_epochs": 0,
        "cookies_in_jar": 0,
        "cookie_transfer_quota": 0
    },
    "game": {
        "current": {
            "url": null,
            "name": null,
            "type": null
        },
        "previous": {
            "11-01-2019_22-45-11-058689": {
                "url": null,
                "type": null,
                "name": null
            },
            "26-01-2019_15-44-45-130911": {
                "url": null,
                "type": 2,
                "name": "Spotify"
            },
            "30-01-2019_22-01-10-201736": {
                "url": null,
                "type": 2,
                "name": "Spotify"
            },
            "07-02-2019_22-30-45-401502": {
                "url": null,
                "type": 2,
                "name": "Spotify"
            },
            "25-01-2019_18-03-01-080213": {
                "url": null,
                "type": null,
                "name": null
            },
            "25-01-2019_00-26-23-076062": {
                "url": null,
                "type": 2,
                "name": "Spotify"
            },
            "31-01-2019_15-07-05-822989": {
                "url": null,
                "type": 2,
                "name": "Spotify"
            },
            "17-01-2019_17-37-42-106001": {
                "url": null,
                "type": 0,
                "name": "League of Legends"
            },
            "19-01-2019_23-47-11-591556": {
                "url": null,
                "type": 0,
                "name": "League of Legends"
            },
            "16-02-2019_18-22-40-919504": {
                "url": null,
                "type": 2,
                "name": "Spotify"
            },
            "19-01-2019_13-47-02-065430": {
                "url": null,
                "type": 0,
                "name": "League of Legends"
            },
            "10-02-2019_10-58-00-564986": {
                "url": null,
                "type": 2,
                "name": "Spotify"
            },
            "13-01-2019_23-58-57-488890": {
                "url": null,
                "type": 2,
                "name": "Spotify"
            },
            "11-01-2019_23-54-44-166805": {
                "url": null,
                "type": 2,
                "name": "Spotify"
            },
            "16-01-2019_15-03-07-147943": {
                "url": null,
                "type": 0,
                "name": "The Sims 3"
            },
            "27-01-2019_00-03-40-224296": {
                "url": null,
                "type": 0,
                "name": "League of Legends"
            },
            "15-01-2019_20-05-24-063373": {
                "url": null,
                "type": 0,
                "name": "League of Legends"
            },
            "18-01-2019_23-28-09-275982": {
                "url": null,
                "type": 2,
                "name": "Spotify"
            },
            "16-01-2019_22-00-47-241502": {
                "url": null,
                "type": 2,
                "name": "Spotify"
            },
            "16-01-2019_20-42-02-533659": {
                "url": null,
                "type": null,
                "name": null
            },
            "29-01-2019_23-34-56-773453": {
                "url": null,
                "type": 0,
                "name": "League of Legends"
            },
            "18-01-2019_22-56-50-509179": {
                "url": null,
                "type": 0,
                "name": "League of Legends"
            },
            "18-01-2019_15-04-28-265172": {
                "url": null,
                "type": null,
                "name": null
            },
            "12-02-2019_19-18-53-139616": {
                "url": null,
                "name": "Spotify",
                "type": 2
            },
            "10-01-2019_00-18-24-072293": {
                "url": null,
                "type": 2,
                "name": "Spotify"
            },
            "08-02-2019_19-38-42-445767": {
                "url": null,
                "type": 2,
                "name": "Spotify"
            },
            "09-02-2019_19-14-04-134526": {
                "url": null,
                "type": null,
                "name": null
            },
            "30-01-2019_23-45-18-912162": {
                "url": null,
                "type": 2,
                "name": "Spotify"
            },
            "12-01-2019_01-16-58-662867": {
                "url": null,
                "type": 2,
                "name": "Spotify"
            },
            "13-01-2019_18-58-47-852165": {
                "url": null,
                "type": 2,
                "name": "Spotify"
            },
            "23-01-2019_23-06-46-438605": {
                "url": null,
                "type": 2,
                "name": "Spotify"
            },
            "10-01-2019_03-36-57-747790": {
                "url": null,
                "type": 2,
                "name": "Spotify"
            },
            "26-01-2019_04-12-07-077616": {
                "url": null,
                "type": 0,
                "name": "League of Legends"
            },
            "31-01-2019_23-15-25-764869": {
                "url": null,
                "type": 2,
                "name": "Spotify"
            }
        }
    },
    "colour": {
        "current": 16777215,
        "previous": {
            "11-01-2019_22-45-11-058689": 10181046
        }
    },
    "discriminator": {
        "current": "2332",
        "previous": {}
    },
    "bans": {
        "current": "not banned",
        "previous": {}
    }
}