{
    "status": {
        "current": "offline",
        "previous": {
            "08-02-2019_19-38-42-445767": "online",
            "16-02-2019_18-22-40-919504": "online",
            "10-02-2019_10-58-00-564986": "idle",
            "09-02-2019_19-14-04-134526": "online",
            "08-02-2019_19-09-26-882805": "online",
            "12-02-2019_19-18-53-139616": "offline"
        }
    },
    "roles": {
        "current": {
            "403266285313589250": {
                "position": 11,
                "created_at": "17-01-2018_19-16-14-744000",
                "colour": 16777215,
                "name": "Abandoned Ones",
                "permissions": 0
            },
            "178667818152230912": {
                "position": 0,
                "created_at": "08-05-2016_00-42-07-335000",
                "colour": 0,
                "name": "@everyone",
                "permissions": 0
            }
        },
        "previous": {
            "09-02-2019_19-14-04-134526": {
                "403266285313589250": {
                    "position": 11,
                    "created_at": "17-01-2018_19-16-14-744000",
                    "colour": 16777215,
                    "name": "Abandoned Ones",
                    "permissions": 0
                },
                "178667818152230912": {
                    "position": 0,
                    "created_at": "08-05-2016_00-42-07-335000",
                    "colour": 0,
                    "name": "@everyone",
                    "permissions": 0
                }
            },
            "07-02-2019_22-30-45-401502": {
                "178667818152230912": {
                    "position": 0,
                    "created_at": "08-05-2016_00-42-07-335000",
                    "colour": 0,
                    "name": "@everyone",
                    "permissions": 0
                }
            },
            "10-02-2019_10-58-00-564986": {
                "403266285313589250": {
                    "position": 12,
                    "created_at": "17-01-2018_19-16-14-744000",
                    "colour": 16777215,
                    "name": "Abandoned Ones",
                    "permissions": 0
                },
                "178667818152230912": {
                    "position": 0,
                    "created_at": "08-05-2016_00-42-07-335000",
                    "colour": 0,
                    "name": "@everyone",
                    "permissions": 0
                }
            }
        }
    },
    "id": "255754338809544705",
    "activity": {},
    "created_at": "06-12-2016_17-56-26-058000",
    "display_name": {
        "current": "master morgan",
        "previous": {}
    },
    "name": {
        "current": "master morgan",
        "previous": {}
    },
    "joined_at": {
        "current": "07-02-2019_18-56-06-099137",
        "previous": {}
    },
    "voice": {
        "current": {
            "server_deaf": false,
            "self_mute": false,
            "is_afk": false,
            "channel": {
                "id": null,
                "private": null,
                "name": null
            },
            "self_deaf": false,
            "server_mute": false
        },
        "previous": {}
    },
    "bot": false,
    "cookies": {
        "measured_epochs": 2,
        "cookie_interest": 0,
        "get": {
            "total_cookies": 0,
            "average": 0.0
        },
        "active_this_epoch": false,
        "total_cookies": 0,
        "current_cookies": 0,
        "give": {
            "total_cookies": 0,
            "average": 0.0
        },
        "active_epochs": 0,
        "cookies_in_jar": 0,
        "cookie_transfer_quota": 0
    },
    "game": {
        "current": {
            "url": null,
            "type": null,
            "name": null
        },
        "previous": {
            "08-02-2019_19-38-42-445767": {
                "url": null,
                "type": 0,
                "name": "World of Tanks"
            },
            "16-02-2019_18-22-40-919504": {
                "url": null,
                "name": "Onward",
                "type": 0
            },
            "12-02-2019_19-18-53-139616": {
                "url": null,
                "name": null,
                "type": null
            }
        }
    },
    "colour": {
        "current": 16777215,
        "previous": {
            "07-02-2019_22-30-45-401502": 0
        }
    },
    "discriminator": {
        "current": "3586",
        "previous": {}
    },
    "bans": {
        "current": "not banned",
        "previous": {}
    }
}