{
    "game": {
        "current": {
            "name": "\ud83c\udf89 https://giveawaybot.party \ud83c\udf89 Type !ghelp \ud83c\udf89",
            "url": null,
            "type": 0
        },
        "previous": {
            "11-12-2018_09-13-26-392726": {
                "name": null,
                "url": null,
                "type": null
            },
            "07-12-2018_19-07-03-633575": {
                "name": null,
                "url": null,
                "type": null
            }
        }
    },
    "created_at": "24-03-2017_17-18-06-727000",
    "name": {
        "current": "GiveawayBot",
        "previous": {}
    },
    "discriminator": {
        "current": "2381",
        "previous": {}
    },
    "status": {
        "current": "online",
        "previous": {
            "11-12-2018_09-13-26-392726": "offline",
            "07-12-2018_19-07-03-633575": "offline"
        }
    },
    "colour": {
        "current": 7506394,
        "previous": {
            "07-12-2018_09-02-35-892853": 7506394,
            "07-12-2018_19-07-03-633575": 16777215
        }
    },
    "roles": {
        "current": {
            "403239438802485259": {
                "name": "Bots",
                "position": 12,
                "created_at": "17-01-2018_17-29-34-037000",
                "colour": 7506394,
                "permissions": 7168
            },
            "178667818152230912": {
                "name": "@everyone",
                "position": 0,
                "created_at": "08-05-2016_00-42-07-335000",
                "colour": 0,
                "permissions": 0
            },
            "414812639307497473": {
                "name": "GiveawayBot",
                "position": 4,
                "created_at": "18-02-2018_15-57-20-057000",
                "colour": 0,
                "permissions": 347200
            },
            "403266285313589250": {
                "name": "Abandoned Ones",
                "position": 11,
                "created_at": "17-01-2018_19-16-14-744000",
                "colour": 16777215,
                "permissions": 0
            }
        },
        "previous": {
            "07-12-2018_09-02-35-892853": {
                "403239438802485259": {
                    "name": "Bots",
                    "position": 10,
                    "created_at": "17-01-2018_17-29-34-037000",
                    "colour": 7506394,
                    "permissions": 7168
                },
                "178667818152230912": {
                    "name": "@everyone",
                    "position": 0,
                    "created_at": "08-05-2016_00-42-07-335000",
                    "colour": 0,
                    "permissions": 0
                },
                "414812639307497473": {
                    "name": "GiveawayBot",
                    "position": 4,
                    "created_at": "18-02-2018_15-57-20-057000",
                    "colour": 0,
                    "permissions": 347200
                },
                "403266285313589250": {
                    "name": "Abandoned Ones",
                    "position": 12,
                    "created_at": "17-01-2018_19-16-14-744000",
                    "colour": 16777215,
                    "permissions": 0
                }
            },
            "06-12-2018_01-05-49-556858": {
                "403239438802485259": {
                    "name": "Bots",
                    "position": 11,
                    "created_at": "17-01-2018_17-29-34-037000",
                    "colour": 7506394,
                    "permissions": 7168
                },
                "178667818152230912": {
                    "name": "@everyone",
                    "position": 0,
                    "created_at": "08-05-2016_00-42-07-335000",
                    "colour": 0,
                    "permissions": 0
                },
                "414812639307497473": {
                    "name": "GiveawayBot",
                    "position": 5,
                    "created_at": "18-02-2018_15-57-20-057000",
                    "colour": 0,
                    "permissions": 347200
                }
            }
        }
    },
    "display_name": {
        "current": "GiveawayBot",
        "previous": {}
    },
    "cookies": {
        "current_cookies": 0,
        "cookies_in_jar": 0,
        "active_this_epoch": false,
        "cookie_interest": 0,
        "cookie_transfer_quota": 0,
        "active_epochs": 0,
        "get": {
            "average": 0.0,
            "total_cookies": 0
        },
        "total_cookies": 0,
        "give": {
            "average": 0.0,
            "total_cookies": 0
        },
        "measured_epochs": 8
    },
    "joined_at": {
        "current": "18-02-2018_15-57-20-140921",
        "previous": {}
    },
    "voice": {
        "current": {
            "server_deaf": false,
            "is_afk": false,
            "channel": {
                "name": null,
                "private": null,
                "id": null
            },
            "self_mute": false,
            "self_deaf": false,
            "server_mute": false
        },
        "previous": {}
    },
    "id": "294882584201003009",
    "activity": {},
    "bot": true,
    "bans": {
        "current": "not banned",
        "previous": {}
    }
}