{
    "status": {
        "current": "online",
        "previous": {
            "13-01-2019_23-58-57-488890": "online",
            "11-02-2019_22-51-39-999500": "offline",
            "13-01-2019_23-50-53-236086": "online",
            "12-02-2019_19-18-53-139616": "online",
            "12-01-2019_01-16-58-662867": "online",
            "07-02-2019_22-30-45-401502": "online",
            "11-12-2018_09-13-26-392726": "online",
            "08-02-2019_19-38-42-445767": "online",
            "10-12-2018_16-02-31-496869": "online",
            "16-02-2019_18-22-40-919504": "offline",
            "08-02-2019_19-09-26-882805": "idle",
            "25-01-2019_00-26-23-076062": "online",
            "13-01-2019_18-58-47-852165": "online",
            "10-02-2019_10-58-00-564986": "online",
            "06-12-2018_01-05-49-556858": "online",
            "26-01-2019_04-12-07-077616": "online",
            "31-01-2019_23-15-25-764869": "online"
        }
    },
    "roles": {
        "current": {
            "403266285313589250": {
                "position": 11,
                "created_at": "17-01-2018_19-16-14-744000",
                "colour": 16777215,
                "name": "Abandoned Ones",
                "permissions": 0
            },
            "403272352223461387": {
                "position": 10,
                "created_at": "17-01-2018_19-40-21-208000",
                "colour": 0,
                "name": "Members",
                "permissions": 104187968
            },
            "178667818152230912": {
                "position": 0,
                "created_at": "08-05-2016_00-42-07-335000",
                "colour": 0,
                "name": "@everyone",
                "permissions": 0
            }
        },
        "previous": {
            "25-01-2019_18-03-01-080213": {
                "403266285313589250": {
                    "position": 12,
                    "created_at": "17-01-2018_19-16-14-744000",
                    "colour": 16777215,
                    "name": "Abandoned Ones",
                    "permissions": 0
                },
                "403272352223461387": {
                    "position": 11,
                    "created_at": "17-01-2018_19-40-21-208000",
                    "colour": 0,
                    "name": "Members",
                    "permissions": 104187968
                },
                "178667818152230912": {
                    "position": 0,
                    "created_at": "08-05-2016_00-42-07-335000",
                    "colour": 0,
                    "name": "@everyone",
                    "permissions": 0
                }
            },
            "25-01-2019_00-26-23-076062": {
                "403266285313589250": {
                    "position": 10,
                    "created_at": "17-01-2018_19-16-14-744000",
                    "colour": 16777215,
                    "name": "Abandoned Ones",
                    "permissions": 0
                },
                "403272352223461387": {
                    "position": 9,
                    "created_at": "17-01-2018_19-40-21-208000",
                    "colour": 0,
                    "name": "Members",
                    "permissions": 104187968
                },
                "430760351248809986": {
                    "position": 8,
                    "created_at": "03-04-2018_16-07-50-878000",
                    "colour": 0,
                    "name": "Current Iteration",
                    "permissions": 0
                },
                "178667818152230912": {
                    "position": 0,
                    "created_at": "08-05-2016_00-42-07-335000",
                    "colour": 0,
                    "name": "@everyone",
                    "permissions": 0
                }
            },
            "16-12-2018_21-52-39-901037": {
                "403266285313589250": {
                    "position": 11,
                    "created_at": "17-01-2018_19-16-14-744000",
                    "colour": 16777215,
                    "name": "Abandoned Ones",
                    "permissions": 0
                },
                "403272352223461387": {
                    "position": 10,
                    "created_at": "17-01-2018_19-40-21-208000",
                    "colour": 0,
                    "name": "Members",
                    "permissions": 104187968
                },
                "430760351248809986": {
                    "position": 9,
                    "created_at": "03-04-2018_16-07-50-878000",
                    "colour": 0,
                    "name": "Current Iteration",
                    "permissions": 0
                },
                "178667818152230912": {
                    "position": 0,
                    "created_at": "08-05-2016_00-42-07-335000",
                    "colour": 0,
                    "name": "@everyone",
                    "permissions": 0
                }
            },
            "07-12-2018_07-51-11-182069": {
                "403266269220175892": {
                    "position": 15,
                    "created_at": "17-01-2018_19-16-10-907000",
                    "colour": 1033914,
                    "name": "Mythical Ones",
                    "permissions": 262208
                },
                "403272352223461387": {
                    "position": 11,
                    "created_at": "17-01-2018_19-40-21-208000",
                    "colour": 0,
                    "name": "Members",
                    "permissions": 104187968
                },
                "430760351248809986": {
                    "position": 9,
                    "created_at": "03-04-2018_16-07-50-878000",
                    "colour": 0,
                    "name": "Current Iteration",
                    "permissions": 0
                },
                "178667818152230912": {
                    "position": 0,
                    "created_at": "08-05-2016_00-42-07-335000",
                    "colour": 0,
                    "name": "@everyone",
                    "permissions": 0
                }
            },
            "10-02-2019_10-58-00-564986": {
                "403266285313589250": {
                    "position": 12,
                    "created_at": "17-01-2018_19-16-14-744000",
                    "colour": 16777215,
                    "name": "Abandoned Ones",
                    "permissions": 0
                },
                "403272352223461387": {
                    "position": 11,
                    "created_at": "17-01-2018_19-40-21-208000",
                    "colour": 0,
                    "name": "Members",
                    "permissions": 104187968
                },
                "178667818152230912": {
                    "position": 0,
                    "created_at": "08-05-2016_00-42-07-335000",
                    "colour": 0,
                    "name": "@everyone",
                    "permissions": 0
                }
            },
            "09-02-2019_19-14-04-134526": {
                "403266285313589250": {
                    "position": 11,
                    "created_at": "17-01-2018_19-16-14-744000",
                    "colour": 16777215,
                    "name": "Abandoned Ones",
                    "permissions": 0
                },
                "403272352223461387": {
                    "position": 10,
                    "created_at": "17-01-2018_19-40-21-208000",
                    "colour": 0,
                    "name": "Members",
                    "permissions": 104187968
                },
                "178667818152230912": {
                    "position": 0,
                    "created_at": "08-05-2016_00-42-07-335000",
                    "colour": 0,
                    "name": "@everyone",
                    "permissions": 0
                }
            },
            "07-12-2018_09-02-35-892853": {
                "403266285313589250": {
                    "position": 12,
                    "created_at": "17-01-2018_19-16-14-744000",
                    "colour": 16777215,
                    "name": "Abandoned Ones",
                    "permissions": 0
                },
                "403272352223461387": {
                    "position": 11,
                    "created_at": "17-01-2018_19-40-21-208000",
                    "colour": 0,
                    "name": "Members",
                    "permissions": 104187968
                },
                "430760351248809986": {
                    "position": 9,
                    "created_at": "03-04-2018_16-07-50-878000",
                    "colour": 0,
                    "name": "Current Iteration",
                    "permissions": 0
                },
                "178667818152230912": {
                    "position": 0,
                    "created_at": "08-05-2016_00-42-07-335000",
                    "colour": 0,
                    "name": "@everyone",
                    "permissions": 0
                }
            },
            "06-12-2018_01-05-49-556858": {
                "403266269220175892": {
                    "position": 16,
                    "created_at": "17-01-2018_19-16-10-907000",
                    "colour": 1033914,
                    "name": "Mythical Ones",
                    "permissions": 262208
                },
                "403272352223461387": {
                    "position": 12,
                    "created_at": "17-01-2018_19-40-21-208000",
                    "colour": 0,
                    "name": "Members",
                    "permissions": 104187968
                },
                "430760351248809986": {
                    "position": 10,
                    "created_at": "03-04-2018_16-07-50-878000",
                    "colour": 0,
                    "name": "Current Iteration",
                    "permissions": 0
                },
                "178667818152230912": {
                    "position": 0,
                    "created_at": "08-05-2016_00-42-07-335000",
                    "colour": 0,
                    "name": "@everyone",
                    "permissions": 0
                }
            },
            "10-01-2019_00-18-24-072293": {
                "403266285313589250": {
                    "position": 8,
                    "created_at": "17-01-2018_19-16-14-744000",
                    "colour": 16777215,
                    "name": "Abandoned Ones",
                    "permissions": 0
                },
                "403272352223461387": {
                    "position": 7,
                    "created_at": "17-01-2018_19-40-21-208000",
                    "colour": 0,
                    "name": "Members",
                    "permissions": 104187968
                },
                "430760351248809986": {
                    "position": 6,
                    "created_at": "03-04-2018_16-07-50-878000",
                    "colour": 0,
                    "name": "Current Iteration",
                    "permissions": 0
                },
                "178667818152230912": {
                    "position": 0,
                    "created_at": "08-05-2016_00-42-07-335000",
                    "colour": 0,
                    "name": "@everyone",
                    "permissions": 0
                }
            },
            "17-01-2019_17-37-42-106001": {
                "403266285313589250": {
                    "position": 9,
                    "created_at": "17-01-2018_19-16-14-744000",
                    "colour": 16777215,
                    "name": "Abandoned Ones",
                    "permissions": 0
                },
                "403272352223461387": {
                    "position": 8,
                    "created_at": "17-01-2018_19-40-21-208000",
                    "colour": 0,
                    "name": "Members",
                    "permissions": 104187968
                },
                "430760351248809986": {
                    "position": 7,
                    "created_at": "03-04-2018_16-07-50-878000",
                    "colour": 0,
                    "name": "Current Iteration",
                    "permissions": 0
                },
                "178667818152230912": {
                    "position": 0,
                    "created_at": "08-05-2016_00-42-07-335000",
                    "colour": 0,
                    "name": "@everyone",
                    "permissions": 0
                }
            }
        }
    },
    "id": "354734557381132291",
    "activity": {
        "2019": {
            "2": {
                "3": {
                    "23": {
                        "403084655550791682": 4
                    }
                },
                "9": {
                    "2": {
                        "403084655550791682": 2
                    }
                },
                "8": {
                    "23": {
                        "403084655550791682": 1
                    },
                    "2": {
                        "403084655550791682": 1
                    }
                },
                "10": {
                    "19": {
                        "403084655550791682": 14
                    }
                }
            },
            "1": {
                "13": {
                    "20": {
                        "403084655550791682": 1
                    }
                },
                "12": {
                    "1": {
                        "403084655550791682": 1
                    }
                },
                "25": {
                    "3": {
                        "403084655550791682": 2
                    },
                    "7": {
                        "403084655550791682": 2
                    }
                },
                "14": {
                    "17": {
                        "403084655550791682": 5
                    }
                }
            }
        },
        "2018": {
            "12": {
                "10": {
                    "17": {
                        "403084655550791682": 1
                    }
                }
            }
        }
    },
    "created_at": "05-09-2017_21-08-29-129000",
    "display_name": {
        "current": "Cat",
        "previous": {}
    },
    "name": {
        "current": "omygoditsacat",
        "previous": {}
    },
    "joined_at": {
        "current": "02-02-2018_20-37-01-689786",
        "previous": {}
    },
    "voice": {
        "current": {
            "server_deaf": false,
            "self_mute": false,
            "is_afk": false,
            "channel": {
                "id": null,
                "private": null,
                "name": null
            },
            "self_deaf": false,
            "server_mute": false
        },
        "previous": {}
    },
    "bot": false,
    "cookies": {
        "measured_epochs": 12,
        "cookie_interest": 0,
        "get": {
            "total_cookies": 0,
            "average": 0.0
        },
        "active_this_epoch": false,
        "total_cookies": 0,
        "current_cookies": 0,
        "give": {
            "total_cookies": 0,
            "average": 0.0
        },
        "active_epochs": 0,
        "cookies_in_jar": 0,
        "cookie_transfer_quota": 0
    },
    "game": {
        "current": {
            "url": null,
            "type": 0,
            "name": "Call of Duty\u00ae: Black Ops 4"
        },
        "previous": {
            "08-02-2019_19-38-42-445767": {
                "url": null,
                "type": 0,
                "name": "Call of Duty\u00ae: Black Ops 4"
            },
            "11-02-2019_22-51-39-999500": {
                "url": null,
                "type": null,
                "name": null
            },
            "16-02-2019_18-22-40-919504": {
                "url": null,
                "name": null,
                "type": null
            },
            "10-02-2019_10-58-00-564986": {
                "url": null,
                "type": 0,
                "name": "Call of Duty\u00ae: Black Ops 4"
            },
            "12-02-2019_19-18-53-139616": {
                "url": null,
                "name": "Call of Duty\u00ae: Black Ops 4",
                "type": 0
            },
            "07-02-2019_22-30-45-401502": {
                "url": null,
                "type": 0,
                "name": "Call of Duty\u00ae: Black Ops 4"
            },
            "08-02-2019_19-09-26-882805": {
                "url": null,
                "type": null,
                "name": null
            }
        }
    },
    "colour": {
        "current": 16777215,
        "previous": {
            "07-12-2018_07-51-11-182069": 1033914,
            "07-12-2018_09-02-35-892853": 0
        }
    },
    "discriminator": {
        "current": "8372",
        "previous": {}
    },
    "bans": {
        "current": "not banned",
        "previous": {}
    }
}