{
    "status": {
        "current": "offline",
        "previous": {
            "08-02-2019_19-38-42-445767": "online",
            "30-01-2019_23-45-18-912162": "online",
            "16-01-2019_22-00-47-241502": "online",
            "29-01-2019_23-34-56-773453": "online",
            "16-12-2018_22-46-26-221531": "online",
            "06-12-2018_01-05-49-556858": "online",
            "12-02-2019_19-18-53-139616": "online",
            "11-12-2018_09-13-26-392726": "online",
            "17-01-2019_17-37-42-106001": "online",
            "19-01-2019_23-47-11-591556": "online",
            "06-12-2018_00-48-23-112938": "offline",
            "07-12-2018_09-02-35-892853": "online",
            "05-12-2018_15-29-30-194946": "online",
            "05-12-2018_15-43-55-700669": "online",
            "16-02-2019_18-22-40-919504": "online",
            "06-12-2018_00-51-35-336974": "online",
            "13-01-2019_18-58-47-852165": "online",
            "23-01-2019_23-06-46-438605": "online",
            "12-01-2019_01-16-58-662867": "online",
            "31-01-2019_23-15-25-764869": "online"
        }
    },
    "id": "492054450865831966",
    "activity": {},
    "created_at": "19-09-2018_19-28-43-016000",
    "colour": {
        "current": 16777215,
        "previous": {}
    },
    "display_name": {
        "current": "Princess \ud83d\udc51",
        "previous": {}
    },
    "name": {
        "current": "catuca2",
        "previous": {}
    },
    "joined_at": {
        "current": "29-10-2018_20-12-48-360130",
        "previous": {}
    },
    "voice": {
        "current": {
            "server_deaf": false,
            "server_mute": false,
            "is_afk": false,
            "channel": {
                "id": null,
                "name": null,
                "private": null
            },
            "self_deaf": false,
            "self_mute": false
        },
        "previous": {}
    },
    "bot": false,
    "cookies": {
        "measured_epochs": 12,
        "cookie_interest": 0,
        "active_this_epoch": false,
        "cookie_transfer_quota": 0,
        "total_cookies": 0,
        "current_cookies": 0,
        "give": {
            "total_cookies": 0,
            "average": 0.0
        },
        "active_epochs": 0,
        "cookies_in_jar": 0,
        "get": {
            "total_cookies": 0,
            "average": 0.0
        }
    },
    "game": {
        "current": {
            "url": null,
            "name": null,
            "type": null
        },
        "previous": {}
    },
    "roles": {
        "current": {
            "403266285313589250": {
                "position": 11,
                "created_at": "17-01-2018_19-16-14-744000",
                "permissions": 0,
                "name": "Abandoned Ones",
                "colour": 16777215
            },
            "403272352223461387": {
                "position": 10,
                "created_at": "17-01-2018_19-40-21-208000",
                "permissions": 104187968,
                "name": "Members",
                "colour": 0
            },
            "178667818152230912": {
                "position": 0,
                "created_at": "08-05-2016_00-42-07-335000",
                "permissions": 0,
                "name": "@everyone",
                "colour": 0
            }
        },
        "previous": {
            "07-12-2018_09-02-35-892853": {
                "403266285313589250": {
                    "position": 12,
                    "created_at": "17-01-2018_19-16-14-744000",
                    "permissions": 0,
                    "name": "Abandoned Ones",
                    "colour": 16777215
                },
                "403272352223461387": {
                    "position": 11,
                    "created_at": "17-01-2018_19-40-21-208000",
                    "permissions": 104187968,
                    "name": "Members",
                    "colour": 0
                },
                "178667818152230912": {
                    "position": 0,
                    "created_at": "08-05-2016_00-42-07-335000",
                    "permissions": 0,
                    "name": "@everyone",
                    "colour": 0
                }
            },
            "25-01-2019_18-03-01-080213": {
                "403266285313589250": {
                    "position": 12,
                    "created_at": "17-01-2018_19-16-14-744000",
                    "permissions": 0,
                    "name": "Abandoned Ones",
                    "colour": 16777215
                },
                "403272352223461387": {
                    "position": 11,
                    "created_at": "17-01-2018_19-40-21-208000",
                    "permissions": 104187968,
                    "name": "Members",
                    "colour": 0
                },
                "178667818152230912": {
                    "position": 0,
                    "created_at": "08-05-2016_00-42-07-335000",
                    "permissions": 0,
                    "name": "@everyone",
                    "colour": 0
                }
            },
            "16-12-2018_21-52-39-901037": {
                "403266285313589250": {
                    "position": 11,
                    "created_at": "17-01-2018_19-16-14-744000",
                    "permissions": 0,
                    "name": "Abandoned Ones",
                    "colour": 16777215
                },
                "403272352223461387": {
                    "position": 10,
                    "created_at": "17-01-2018_19-40-21-208000",
                    "permissions": 104187968,
                    "name": "Members",
                    "colour": 0
                },
                "178667818152230912": {
                    "position": 0,
                    "created_at": "08-05-2016_00-42-07-335000",
                    "permissions": 0,
                    "name": "@everyone",
                    "colour": 0
                }
            },
            "10-02-2019_10-58-00-564986": {
                "403266285313589250": {
                    "position": 12,
                    "created_at": "17-01-2018_19-16-14-744000",
                    "permissions": 0,
                    "name": "Abandoned Ones",
                    "colour": 16777215
                },
                "403272352223461387": {
                    "position": 11,
                    "created_at": "17-01-2018_19-40-21-208000",
                    "permissions": 104187968,
                    "name": "Members",
                    "colour": 0
                },
                "178667818152230912": {
                    "position": 0,
                    "created_at": "08-05-2016_00-42-07-335000",
                    "permissions": 0,
                    "name": "@everyone",
                    "colour": 0
                }
            },
            "09-02-2019_19-14-04-134526": {
                "403266285313589250": {
                    "position": 11,
                    "created_at": "17-01-2018_19-16-14-744000",
                    "permissions": 0,
                    "name": "Abandoned Ones",
                    "colour": 16777215
                },
                "403272352223461387": {
                    "position": 10,
                    "created_at": "17-01-2018_19-40-21-208000",
                    "permissions": 104187968,
                    "name": "Members",
                    "colour": 0
                },
                "178667818152230912": {
                    "position": 0,
                    "created_at": "08-05-2016_00-42-07-335000",
                    "permissions": 0,
                    "name": "@everyone",
                    "colour": 0
                }
            },
            "25-01-2019_00-26-23-076062": {
                "403266285313589250": {
                    "position": 10,
                    "created_at": "17-01-2018_19-16-14-744000",
                    "permissions": 0,
                    "name": "Abandoned Ones",
                    "colour": 16777215
                },
                "403272352223461387": {
                    "position": 9,
                    "created_at": "17-01-2018_19-40-21-208000",
                    "permissions": 104187968,
                    "name": "Members",
                    "colour": 0
                },
                "178667818152230912": {
                    "position": 0,
                    "created_at": "08-05-2016_00-42-07-335000",
                    "permissions": 0,
                    "name": "@everyone",
                    "colour": 0
                }
            },
            "06-12-2018_01-05-49-556858": {
                "403266285313589250": {
                    "position": 13,
                    "created_at": "17-01-2018_19-16-14-744000",
                    "permissions": 0,
                    "name": "Abandoned Ones",
                    "colour": 16777215
                },
                "403272352223461387": {
                    "position": 12,
                    "created_at": "17-01-2018_19-40-21-208000",
                    "permissions": 104187968,
                    "name": "Members",
                    "colour": 0
                },
                "178667818152230912": {
                    "position": 0,
                    "created_at": "08-05-2016_00-42-07-335000",
                    "permissions": 0,
                    "name": "@everyone",
                    "colour": 0
                }
            },
            "10-01-2019_00-18-24-072293": {
                "403266285313589250": {
                    "position": 8,
                    "created_at": "17-01-2018_19-16-14-744000",
                    "permissions": 0,
                    "name": "Abandoned Ones",
                    "colour": 16777215
                },
                "403272352223461387": {
                    "position": 7,
                    "created_at": "17-01-2018_19-40-21-208000",
                    "permissions": 104187968,
                    "name": "Members",
                    "colour": 0
                },
                "178667818152230912": {
                    "position": 0,
                    "created_at": "08-05-2016_00-42-07-335000",
                    "permissions": 0,
                    "name": "@everyone",
                    "colour": 0
                }
            },
            "17-01-2019_17-37-42-106001": {
                "403266285313589250": {
                    "position": 9,
                    "created_at": "17-01-2018_19-16-14-744000",
                    "permissions": 0,
                    "name": "Abandoned Ones",
                    "colour": 16777215
                },
                "403272352223461387": {
                    "position": 8,
                    "created_at": "17-01-2018_19-40-21-208000",
                    "permissions": 104187968,
                    "name": "Members",
                    "colour": 0
                },
                "178667818152230912": {
                    "position": 0,
                    "created_at": "08-05-2016_00-42-07-335000",
                    "permissions": 0,
                    "name": "@everyone",
                    "colour": 0
                }
            }
        }
    },
    "discriminator": {
        "current": "6526",
        "previous": {}
    },
    "bans": {
        "current": "not banned",
        "previous": {}
    }
}