{
    "status": {
        "current": "idle",
        "previous": {
            "30-01-2019_14-51-49-215528": "online",
            "25-01-2019_00-26-23-076062": "idle",
            "18-01-2019_23-28-09-275982": "idle",
            "27-01-2019_13-19-36-209606": "online",
            "07-02-2019_22-30-45-401502": "idle",
            "08-02-2019_19-38-42-445767": "online",
            "17-01-2019_17-37-42-106001": "online",
            "19-01-2019_23-47-11-591556": "online",
            "25-01-2019_15-28-36-671537": "offline",
            "31-01-2019_19-29-23-149190": "offline",
            "16-02-2019_18-22-40-919504": "online",
            "19-01-2019_13-47-02-065430": "idle",
            "10-02-2019_10-58-00-564986": "online",
            "13-01-2019_23-58-57-488890": "online",
            "11-01-2019_23-54-44-166805": "online",
            "12-01-2019_01-16-58-662867": "online",
            "29-01-2019_19-57-05-628849": "idle",
            "27-01-2019_00-03-40-224296": "online",
            "15-01-2019_20-05-24-063373": "online",
            "25-01-2019_18-03-01-080213": "online",
            "11-02-2019_22-51-39-999500": "online",
            "16-01-2019_22-00-47-241502": "online",
            "13-01-2019_18-58-47-852165": "idle",
            "29-01-2019_23-34-56-773453": "online",
            "18-01-2019_15-04-28-265172": "online",
            "12-02-2019_19-18-53-139616": "online",
            "10-01-2019_00-18-24-072293": "offline",
            "16-01-2019_15-03-07-147943": "online",
            "30-01-2019_23-45-18-912162": "online",
            "31-01-2019_23-15-25-764869": "online",
            "26-01-2019_15-44-45-130911": "idle",
            "23-01-2019_23-06-46-438605": "idle",
            "10-01-2019_03-33-44-007928": "online",
            "10-01-2019_03-36-57-747790": "online",
            "26-01-2019_04-12-07-077616": "offline",
            "31-01-2019_15-07-05-822989": "online"
        }
    },
    "id": "515272765117431811",
    "activity": {
        "2019": {
            "1": {
                "18": {
                    "3": {
                        "523913649182605330": 2
                    },
                    "0": {
                        "523913649182605330": 33
                    },
                    "1": {
                        "523913649182605330": 3
                    }
                },
                "20": {
                    "0": {
                        "523913649182605330": 1
                    }
                },
                "17": {
                    "20": {
                        "523913649182605330": 3
                    }
                },
                "10": {
                    "0": {
                        "523913649182605330": 1
                    },
                    "1": {
                        "523913649182605330": 4
                    }
                },
                "15": {
                    "21": {
                        "523913649182605330": 1
                    }
                }
            }
        }
    },
    "created_at": "22-11-2018_21-10-00-509000",
    "colour": {
        "current": 16777215,
        "previous": {}
    },
    "display_name": {
        "current": "William",
        "previous": {
            "13-01-2019_23-58-57-488890": "Mcacutt",
            "17-01-2019_17-37-42-106001": "William oo"
        }
    },
    "name": {
        "current": "Mcacutt",
        "previous": {
            "13-01-2019_23-58-57-488890": "Mcacutt",
            "31-01-2019_23-15-25-764869": "William oo"
        }
    },
    "joined_at": {
        "current": "09-01-2019_21-37-25-815309",
        "previous": {}
    },
    "voice": {
        "current": {
            "server_deaf": false,
            "server_mute": false,
            "is_afk": false,
            "channel": {
                "id": null,
                "name": null,
                "private": null
            },
            "self_deaf": false,
            "self_mute": false
        },
        "previous": {
            "19-01-2019_23-47-11-591556": {
                "server_deaf": false,
                "server_mute": false,
                "is_afk": false,
                "channel": {
                    "id": "523902470724911105",
                    "name": "simply-yeet",
                    "private": false
                },
                "self_deaf": false,
                "self_mute": false
            },
            "18-01-2019_23-28-09-275982": {
                "server_deaf": false,
                "server_mute": false,
                "is_afk": false,
                "channel": {
                    "id": "523902470724911105",
                    "name": "simply-yeet",
                    "private": false
                },
                "self_deaf": false,
                "self_mute": false
            },
            "13-01-2019_18-58-47-852165": {
                "server_deaf": false,
                "server_mute": false,
                "is_afk": false,
                "channel": {
                    "id": "523902470724911105",
                    "name": "simply-yeet",
                    "private": false
                },
                "self_deaf": false,
                "self_mute": true
            },
            "13-01-2019_23-58-57-488890": {
                "server_deaf": false,
                "server_mute": false,
                "is_afk": false,
                "channel": {
                    "id": "523902470724911105",
                    "name": "simply-yeet",
                    "private": false
                },
                "self_deaf": false,
                "self_mute": false
            },
            "18-01-2019_15-04-28-265172": {
                "server_deaf": false,
                "server_mute": false,
                "is_afk": false,
                "channel": {
                    "id": "523902470724911105",
                    "name": "simply-yeet",
                    "private": false
                },
                "self_deaf": false,
                "self_mute": false
            },
            "15-01-2019_20-05-24-063373": {
                "server_deaf": false,
                "server_mute": false,
                "is_afk": false,
                "channel": {
                    "id": "523902470724911105",
                    "name": "simply-yeet",
                    "private": false
                },
                "self_deaf": false,
                "self_mute": false
            },
            "10-01-2019_00-18-24-072293": {
                "server_deaf": false,
                "server_mute": false,
                "is_afk": false,
                "channel": {
                    "id": "523902470724911105",
                    "name": "simply-yeet",
                    "private": false
                },
                "self_deaf": false,
                "self_mute": false
            },
            "17-01-2019_17-37-42-106001": {
                "server_deaf": false,
                "server_mute": false,
                "is_afk": false,
                "channel": {
                    "id": "523902470724911105",
                    "name": "simply-yeet",
                    "private": false
                },
                "self_deaf": false,
                "self_mute": false
            }
        }
    },
    "bot": false,
    "cookies": {
        "measured_epochs": 4,
        "cookie_interest": 0,
        "active_this_epoch": false,
        "cookie_transfer_quota": 0,
        "total_cookies": 0,
        "current_cookies": 0,
        "give": {
            "total_cookies": 0,
            "average": 0.0
        },
        "active_epochs": 0,
        "cookies_in_jar": 0,
        "get": {
            "total_cookies": 0,
            "average": 0.0
        }
    },
    "game": {
        "current": {
            "url": null,
            "type": null,
            "name": null
        },
        "previous": {
            "30-01-2019_14-51-49-215528": {
                "url": null,
                "name": "Spotify",
                "type": 2
            },
            "12-02-2019_19-18-53-139616": {
                "url": null,
                "type": 0,
                "name": "Stardew Valley"
            },
            "10-02-2019_10-58-00-564986": {
                "url": null,
                "name": "Heroes of the Storm",
                "type": 0
            },
            "17-01-2019_17-37-42-106001": {
                "url": null,
                "name": "Spotify",
                "type": 2
            },
            "19-01-2019_23-47-11-591556": {
                "url": null,
                "name": "Spotify",
                "type": 2
            },
            "29-01-2019_19-57-05-628849": {
                "url": null,
                "name": "Spotify",
                "type": 2
            },
            "31-01-2019_19-29-23-149190": {
                "url": null,
                "name": null,
                "type": null
            },
            "13-01-2019_18-58-47-852165": {
                "url": null,
                "name": "Spotify",
                "type": 2
            },
            "13-01-2019_23-58-57-488890": {
                "url": null,
                "name": "Spotify",
                "type": 2
            },
            "16-01-2019_15-03-07-147943": {
                "url": null,
                "name": "Spotify",
                "type": 2
            },
            "27-01-2019_00-03-40-224296": {
                "url": null,
                "name": "Stardew Valley",
                "type": 0
            },
            "15-01-2019_20-05-24-063373": {
                "url": null,
                "name": "Spotify",
                "type": 2
            },
            "25-01-2019_18-03-01-080213": {
                "url": null,
                "name": "Heroes of the Storm",
                "type": 0
            },
            "11-02-2019_22-51-39-999500": {
                "url": null,
                "name": "Spotify",
                "type": 2
            },
            "16-01-2019_22-00-47-241502": {
                "url": null,
                "name": "Spotify",
                "type": 2
            },
            "29-01-2019_23-34-56-773453": {
                "url": null,
                "name": "Spotify",
                "type": 2
            },
            "18-01-2019_15-04-28-265172": {
                "url": null,
                "name": "Spotify",
                "type": 2
            },
            "08-02-2019_19-38-42-445767": {
                "url": null,
                "name": "Stardew Valley",
                "type": 0
            },
            "30-01-2019_23-45-18-912162": {
                "url": null,
                "name": null,
                "type": null
            },
            "31-01-2019_23-15-25-764869": {
                "url": null,
                "name": "Stardew Valley",
                "type": 0
            },
            "26-01-2019_15-44-45-130911": {
                "url": null,
                "name": null,
                "type": null
            },
            "23-01-2019_23-06-46-438605": {
                "url": null,
                "name": "Spotify",
                "type": 2
            },
            "10-01-2019_03-36-57-747790": {
                "url": null,
                "name": "Spotify",
                "type": 2
            },
            "26-01-2019_04-12-07-077616": {
                "url": null,
                "name": null,
                "type": null
            },
            "31-01-2019_15-07-05-822989": {
                "url": null,
                "name": "Stardew Valley",
                "type": 0
            }
        }
    },
    "roles": {
        "current": {
            "523917597138354193": {
                "position": 2,
                "created_at": "16-12-2018_17-41-29-076000",
                "permissions": 0,
                "name": "Yeeters",
                "colour": 16714995
            },
            "403266285313589250": {
                "position": 11,
                "created_at": "17-01-2018_19-16-14-744000",
                "permissions": 0,
                "name": "Abandoned Ones",
                "colour": 16777215
            },
            "403272352223461387": {
                "position": 10,
                "created_at": "17-01-2018_19-40-21-208000",
                "permissions": 104187968,
                "name": "Members",
                "colour": 0
            },
            "178667818152230912": {
                "position": 0,
                "created_at": "08-05-2016_00-42-07-335000",
                "permissions": 0,
                "name": "@everyone",
                "colour": 0
            }
        },
        "previous": {
            "10-02-2019_10-58-00-564986": {
                "523917597138354193": {
                    "position": 3,
                    "created_at": "16-12-2018_17-41-29-076000",
                    "permissions": 0,
                    "name": "Yeeters",
                    "colour": 16714995
                },
                "403266285313589250": {
                    "position": 12,
                    "created_at": "17-01-2018_19-16-14-744000",
                    "permissions": 0,
                    "name": "Abandoned Ones",
                    "colour": 16777215
                },
                "403272352223461387": {
                    "position": 11,
                    "created_at": "17-01-2018_19-40-21-208000",
                    "permissions": 104187968,
                    "name": "Members",
                    "colour": 0
                },
                "178667818152230912": {
                    "position": 0,
                    "created_at": "08-05-2016_00-42-07-335000",
                    "permissions": 0,
                    "name": "@everyone",
                    "colour": 0
                }
            },
            "25-01-2019_18-03-01-080213": {
                "523917597138354193": {
                    "position": 2,
                    "created_at": "16-12-2018_17-41-29-076000",
                    "permissions": 0,
                    "name": "Yeeters",
                    "colour": 16714995
                },
                "403266285313589250": {
                    "position": 12,
                    "created_at": "17-01-2018_19-16-14-744000",
                    "permissions": 0,
                    "name": "Abandoned Ones",
                    "colour": 16777215
                },
                "403272352223461387": {
                    "position": 11,
                    "created_at": "17-01-2018_19-40-21-208000",
                    "permissions": 104187968,
                    "name": "Members",
                    "colour": 0
                },
                "178667818152230912": {
                    "position": 0,
                    "created_at": "08-05-2016_00-42-07-335000",
                    "permissions": 0,
                    "name": "@everyone",
                    "colour": 0
                }
            },
            "25-01-2019_00-26-23-076062": {
                "523917597138354193": {
                    "position": 2,
                    "created_at": "16-12-2018_17-41-29-076000",
                    "permissions": 0,
                    "name": "Yeeters",
                    "colour": 16714995
                },
                "403266285313589250": {
                    "position": 10,
                    "created_at": "17-01-2018_19-16-14-744000",
                    "permissions": 0,
                    "name": "Abandoned Ones",
                    "colour": 16777215
                },
                "403272352223461387": {
                    "position": 9,
                    "created_at": "17-01-2018_19-40-21-208000",
                    "permissions": 104187968,
                    "name": "Members",
                    "colour": 0
                },
                "430760351248809986": {
                    "position": 8,
                    "created_at": "03-04-2018_16-07-50-878000",
                    "permissions": 0,
                    "name": "Current Iteration",
                    "colour": 0
                },
                "178667818152230912": {
                    "position": 0,
                    "created_at": "08-05-2016_00-42-07-335000",
                    "permissions": 0,
                    "name": "@everyone",
                    "colour": 0
                }
            },
            "17-01-2019_17-37-42-106001": {
                "523917597138354193": {
                    "position": 4,
                    "created_at": "16-12-2018_17-41-29-076000",
                    "permissions": 0,
                    "name": "Yeeters",
                    "colour": 16714995
                },
                "403266285313589250": {
                    "position": 10,
                    "created_at": "17-01-2018_19-16-14-744000",
                    "permissions": 0,
                    "name": "Abandoned Ones",
                    "colour": 16777215
                },
                "403272352223461387": {
                    "position": 9,
                    "created_at": "17-01-2018_19-40-21-208000",
                    "permissions": 104187968,
                    "name": "Members",
                    "colour": 0
                },
                "430760351248809986": {
                    "position": 8,
                    "created_at": "03-04-2018_16-07-50-878000",
                    "permissions": 0,
                    "name": "Current Iteration",
                    "colour": 0
                },
                "178667818152230912": {
                    "position": 0,
                    "created_at": "08-05-2016_00-42-07-335000",
                    "permissions": 0,
                    "name": "@everyone",
                    "colour": 0
                }
            },
            "09-02-2019_19-14-04-134526": {
                "523917597138354193": {
                    "position": 2,
                    "created_at": "16-12-2018_17-41-29-076000",
                    "permissions": 0,
                    "name": "Yeeters",
                    "colour": 16714995
                },
                "403266285313589250": {
                    "position": 11,
                    "created_at": "17-01-2018_19-16-14-744000",
                    "permissions": 0,
                    "name": "Abandoned Ones",
                    "colour": 16777215
                },
                "403272352223461387": {
                    "position": 10,
                    "created_at": "17-01-2018_19-40-21-208000",
                    "permissions": 104187968,
                    "name": "Members",
                    "colour": 0
                },
                "178667818152230912": {
                    "position": 0,
                    "created_at": "08-05-2016_00-42-07-335000",
                    "permissions": 0,
                    "name": "@everyone",
                    "colour": 0
                }
            }
        }
    },
    "discriminator": {
        "current": "4561",
        "previous": {}
    },
    "bans": {
        "current": "not banned",
        "previous": {}
    }
}