{
    "status": {
        "previous": {
            "19-02-2019_19-48-32-014694": "dnd",
            "31-01-2019_19-29-23-149190": "idle",
            "07-02-2019_22-30-45-401502": "online",
            "08-02-2019_19-09-26-882805": "online",
            "18-02-2019_21-46-13-382171": "dnd",
            "31-01-2019_23-15-25-764869": "online",
            "11-02-2019_22-51-39-999500": "online",
            "09-02-2019_19-14-04-134526": "idle",
            "20-02-2019_17-25-27-597068": "offline",
            "30-01-2019_23-45-18-912162": "online",
            "16-02-2019_18-22-40-919504": "offline",
            "18-02-2019_14-16-21-404972": "offline",
            "12-02-2019_19-18-53-139616": "dnd",
            "10-02-2019_10-58-00-564986": "offline",
            "19-02-2019_17-56-03-144130": "offline",
            "08-02-2019_19-38-42-445767": "offline",
            "30-01-2019_22-01-10-201736": "offline",
            "12-02-2019_19-03-22-820778": "offline"
        },
        "current": "dnd"
    },
    "cookies": {
        "cookies_in_jar": 0,
        "give": {
            "total_cookies": 0,
            "average": 0
        },
        "total_cookies": 0,
        "active_this_epoch": false,
        "get": {
            "total_cookies": 0,
            "average": 0
        },
        "active_epochs": 0,
        "cookie_transfer_quota": 0,
        "current_cookies": 0,
        "measured_epochs": 0,
        "cookie_interest": 0
    },
    "bot": false,
    "game": {
        "previous": {},
        "current": {
            "type": null,
            "url": null,
            "name": null
        }
    },
    "activity": {},
    "roles": {
        "previous": {},
        "current": {
            "403243729072160790": {
                "permissions": 104324169,
                "position": 6,
                "colour": 0,
                "name": "Admin",
                "created_at": "17-01-2018_17-46-36-917000"
            },
            "406515414722543617": {
                "permissions": 104324169,
                "position": 5,
                "colour": 10181046,
                "name": "Zonnoser",
                "created_at": "26-01-2018_18-27-07-561000"
            },
            "403243508833452032": {
                "permissions": 104324161,
                "position": 0,
                "colour": 0,
                "name": "@everyone",
                "created_at": "17-01-2018_17-45-44-408000"
            }
        }
    },
    "created_at": "08-03-2016_20-33-58-292000",
    "voice": {
        "previous": {},
        "current": {
            "channel": {
                "private": null,
                "id": null,
                "name": null
            },
            "server_mute": false,
            "self_deaf": false,
            "self_mute": false,
            "server_deaf": false,
            "is_afk": false
        }
    },
    "bans": {
        "previous": {},
        "current": "not banned"
    },
    "discriminator": {
        "previous": {},
        "current": "7744"
    },
    "joined_at": {
        "previous": {},
        "current": "21-01-2018_14-54-11-370000"
    },
    "name": {
        "previous": {},
        "current": "Lechaim"
    },
    "id": "156862097043619840",
    "display_name": {
        "previous": {},
        "current": "Nossie"
    },
    "colour": {
        "previous": {},
        "current": 10181046
    }
}