{
    "cookies": {
        "cookies_in_jar": 0,
        "get": {
            "total_cookies": 0,
            "average": 0.0
        },
        "total_cookies": 0,
        "active_this_epoch": false,
        "give": {
            "total_cookies": 0,
            "average": 0.0
        },
        "active_epochs": 0,
        "cookie_interest": 0,
        "current_cookies": 0,
        "measured_epochs": 4,
        "cookie_transfer_quota": 0
    },
    "bot": true,
    "game": {
        "previous": {},
        "current": {
            "type": null,
            "name": null,
            "url": null
        }
    },
    "activity": {
        "2019": {
            "1": {
                "10": {
                    "3": {
                        "403514718482071554": 2,
                        "403514936086626304": 2,
                        "403515131637792768": 3
                    }
                },
                "30": {
                    "22": {
                        "403514718482071554": 4,
                        "403243509324447755": 4
                    }
                }
            },
            "2": {
                "20": {
                    "17": {
                        "403514718482071554": 1,
                        "403243509324447755": 12
                    },
                    "15": {
                        "403514718482071554": 1,
                        "403243509324447755": 1
                    }
                }
            }
        },
        "2018": {
            "12": {
                "7": {
                    "8": {
                        "403514718482071554": 1,
                        "403243509324447755": 1
                    }
                },
                "5": {
                    "23": {
                        "403514718482071554": 15,
                        "403243509324447755": 12
                    },
                    "15": {
                        "403514718482071554": 8,
                        "403243509324447755": 8
                    }
                },
                "6": {
                    "17": {
                        "403514718482071554": 9,
                        "403243509324447755": 6
                    },
                    "13": {
                        "403514718482071554": 2
                    },
                    "18": {
                        "403514718482071554": 1
                    },
                    "16": {
                        "403514718482071554": 4,
                        "403515706009845761": 12,
                        "403243509324447755": 4
                    },
                    "14": {
                        "403514718482071554": 27,
                        "403243509324447755": 1
                    },
                    "15": {
                        "403514718482071554": 51,
                        "403515706009845761": 142,
                        "403243509324447755": 41
                    },
                    "0": {
                        "403514718482071554": 42,
                        "403515706009845761": 2,
                        "403243509324447755": 9
                    }
                }
            }
        }
    },
    "roles": {
        "previous": {
            "29-11-2018_15-14-54-884202": {
                "403244217817628672": {
                    "permissions": 268823616,
                    "position": 2,
                    "colour": 0,
                    "name": "Elybot",
                    "created_at": "17-01-2018_17-48-33-443000"
                },
                "403243508833452032": {
                    "permissions": 104324161,
                    "position": 0,
                    "colour": 0,
                    "name": "@everyone",
                    "created_at": "17-01-2018_17-45-44-408000"
                }
            }
        },
        "current": {
            "403244217817628672": {
                "permissions": 268823616,
                "position": 3,
                "colour": 0,
                "name": "Elybot",
                "created_at": "17-01-2018_17-48-33-443000"
            },
            "403243508833452032": {
                "permissions": 104324161,
                "position": 0,
                "colour": 0,
                "name": "@everyone",
                "created_at": "17-01-2018_17-45-44-408000"
            }
        }
    },
    "created_at": "21-06-2017_13-33-13-742000",
    "name": {
        "previous": {},
        "current": "Ely"
    },
    "bans": {
        "previous": {},
        "current": "not banned"
    },
    "discriminator": {
        "previous": {},
        "current": "3141"
    },
    "joined_at": {
        "previous": {},
        "current": "17-01-2018_17-48-33-459000"
    },
    "status": {
        "previous": {
            "23-11-2018_09-56-35-181914": "offline",
            "26-11-2018_18-53-23-927794": "online",
            "04-12-2018_21-50-21-537905": "offline",
            "05-12-2018_14-52-09-779290": "offline",
            "29-11-2018_15-09-24-930495": "online",
            "29-11-2018_17-47-07-067353": "offline",
            "28-11-2018_00-16-39-854123": "offline"
        },
        "current": "online"
    },
    "voice": {
        "previous": {},
        "current": {
            "channel": {
                "private": null,
                "id": null,
                "name": null
            },
            "server_mute": false,
            "server_deaf": false,
            "self_mute": false,
            "self_deaf": false,
            "is_afk": false
        }
    },
    "id": "327078510558445570",
    "display_name": {
        "previous": {},
        "current": "Ely"
    },
    "colour": {
        "previous": {},
        "current": 0
    }
}