{
    "discriminator": {
        "previous": {},
        "current": "7744"
    },
    "status": {
        "previous": {},
        "current": "offline"
    },
    "display_name": {
        "previous": {},
        "current": "Dinkimus Prime"
    },
    "name": {
        "previous": {},
        "current": "Lechaim"
    },
    "joined_at": {
        "previous": {},
        "current": "08-05-2016_00-42-07-338000"
    },
    "created_at": "08-03-2016_20-33-58-292000",
    "colour": {
        "previous": {},
        "current": 15632622
    },
    "roles": {
        "previous": {},
        "current": {
            "187986584686166017": {
                "position": 26,
                "created_at": "02-06-2016_17-51-34-411000",
                "permissions": 1610079487,
                "name": "Head of Community Relations",
                "colour": 15632622
            },
            "403266285313589250": {
                "position": 11,
                "created_at": "17-01-2018_19-16-14-744000",
                "permissions": 0,
                "name": "Abandoned Ones",
                "colour": 16777215
            },
            "373129696960970762": {
                "position": 20,
                "created_at": "26-10-2017_15-24-12-170000",
                "permissions": 0,
                "name": "Staff",
                "colour": 0
            },
            "400699163026653184": {
                "position": 18,
                "created_at": "10-01-2018_17-15-25-096000",
                "permissions": 1342308369,
                "name": "Community Managers",
                "colour": 16728548
            },
            "178667818152230912": {
                "position": 0,
                "created_at": "08-05-2016_00-42-07-335000",
                "permissions": 0,
                "name": "@everyone",
                "colour": 0
            },
            "469889716435812353": {
                "position": 28,
                "created_at": "20-07-2018_15-33-58-527000",
                "permissions": 2146954743,
                "name": "High Council",
                "colour": 0
            },
            "523917597138354193": {
                "position": 2,
                "created_at": "16-12-2018_17-41-29-076000",
                "permissions": 0,
                "name": "Yeeters",
                "colour": 16714995
            },
            "403272352223461387": {
                "position": 10,
                "created_at": "17-01-2018_19-40-21-208000",
                "permissions": 104187968,
                "name": "Members",
                "colour": 0
            }
        }
    },
    "activity": {},
    "voice": {
        "previous": {},
        "current": {
            "server_deaf": false,
            "server_mute": false,
            "self_mute": false,
            "channel": {
                "id": null,
                "private": null,
                "name": null
            },
            "is_afk": false,
            "self_deaf": false
        }
    },
    "bot": false,
    "game": {
        "previous": {},
        "current": {
            "name": null,
            "type": null,
            "url": null
        }
    },
    "cookies": {
        "cookie_interest": 0,
        "total_cookies": 0,
        "cookie_transfer_quota": 0,
        "cookies_in_jar": 0,
        "active_this_epoch": false,
        "give": {
            "total_cookies": 0,
            "average": 0
        },
        "active_epochs": 0,
        "current_cookies": 0,
        "measured_epochs": 0,
        "get": {
            "total_cookies": 0,
            "average": 0
        }
    },
    "id": "156862097043619840",
    "bans": {
        "previous": {},
        "current": "not banned"
    }
}