{
    "discriminator": {
        "previous": {},
        "current": "1838"
    },
    "status": {
        "previous": {
            "29-01-2019_19-57-05-628849": "offline"
        },
        "current": "online"
    },
    "display_name": {
        "previous": {},
        "current": "Cangenicus"
    },
    "name": {
        "previous": {},
        "current": "Pinkman ZFT"
    },
    "joined_at": {
        "previous": {},
        "current": "28-01-2019_18-10-53-502563"
    },
    "created_at": "27-06-2016_01-07-47-423000",
    "colour": {
        "previous": {},
        "current": 16777215
    },
    "roles": {
        "previous": {},
        "current": {
            "403266285313589250": {
                "position": 11,
                "created_at": "17-01-2018_19-16-14-744000",
                "colour": 16777215,
                "name": "Abandoned Ones",
                "permissions": 0
            },
            "178667818152230912": {
                "position": 0,
                "created_at": "08-05-2016_00-42-07-335000",
                "colour": 0,
                "name": "@everyone",
                "permissions": 0
            },
            "403272352223461387": {
                "position": 10,
                "created_at": "17-01-2018_19-40-21-208000",
                "colour": 0,
                "name": "Members",
                "permissions": 104187968
            }
        }
    },
    "activity": {},
    "voice": {
        "previous": {},
        "current": {
            "server_mute": false,
            "server_deaf": false,
            "is_afk": false,
            "self_mute": false,
            "channel": {
                "id": null,
                "private": null,
                "name": null
            },
            "self_deaf": false
        }
    },
    "bot": false,
    "game": {
        "previous": {
            "29-01-2019_23-34-56-773453": {
                "name": null,
                "type": null,
                "url": null
            }
        },
        "current": {
            "name": "Spotify",
            "url": null,
            "type": 2
        }
    },
    "cookies": {
        "cookie_interest": 0,
        "cookie_transfer_quota": 0,
        "cookies_in_jar": 0,
        "give": {
            "total_cookies": 0,
            "average": 0
        },
        "active_this_epoch": false,
        "active_epochs": 0,
        "current_cookies": 0,
        "measured_epochs": 0,
        "get": {
            "total_cookies": 0,
            "average": 0
        },
        "total_cookies": 0
    },
    "id": "196793671029358592",
    "bans": {
        "previous": {},
        "current": "not banned"
    }
}