{
    "discriminator": {
        "previous": {},
        "current": "9377"
    },
    "status": {
        "previous": {
            "15-01-2019_20-05-24-063373": "online",
            "16-01-2019_15-03-07-147943": "online",
            "17-01-2019_17-37-42-106001": "online",
            "13-01-2019_23-58-57-488890": "online",
            "13-01-2019_23-50-53-236086": "online",
            "18-01-2019_23-28-09-275982": "online",
            "10-01-2019_00-18-24-072293": "online",
            "25-01-2019_15-28-36-671537": "online",
            "10-01-2019_03-36-57-747790": "online",
            "13-01-2019_18-58-47-852165": "offline",
            "06-12-2018_17-09-51-137367": "online",
            "16-01-2019_22-00-47-241502": "online",
            "06-12-2018_14-37-28-467255": "online",
            "12-01-2019_01-16-58-662867": "online",
            "11-01-2019_22-45-11-058689": "online",
            "05-12-2018_16-27-33-714312": "online"
        },
        "current": "offline"
    },
    "display_name": {
        "previous": {},
        "current": "Espresso Depresso"
    },
    "name": {
        "previous": {},
        "current": "Trash Panda \ud83d\udc3c\ud83d\udc3c"
    },
    "joined_at": {
        "previous": {},
        "current": "18-11-2018_17-20-36-226990"
    },
    "created_at": "04-09-2017_22-12-38-407000",
    "colour": {
        "previous": {},
        "current": 3447003
    },
    "roles": {
        "previous": {
            "13-01-2019_18-58-47-852165": {
                "373129696960970762": {
                    "position": 16,
                    "created_at": "26-10-2017_15-24-12-170000",
                    "permissions": 0,
                    "name": "Staff",
                    "colour": 16711680
                },
                "403266285313589250": {
                    "position": 9,
                    "created_at": "17-01-2018_19-16-14-744000",
                    "permissions": 0,
                    "name": "Abandoned Ones",
                    "colour": 16777215
                },
                "178667818152230912": {
                    "position": 0,
                    "created_at": "08-05-2016_00-42-07-335000",
                    "permissions": 0,
                    "name": "@everyone",
                    "colour": 0
                },
                "189416410542374912": {
                    "position": 17,
                    "created_at": "06-06-2016_16-33-11-460000",
                    "permissions": 267775190,
                    "name": "Moderator",
                    "colour": 3447003
                },
                "403272352223461387": {
                    "position": 8,
                    "created_at": "17-01-2018_19-40-21-208000",
                    "permissions": 104187968,
                    "name": "Members",
                    "colour": 0
                }
            },
            "07-12-2018_09-02-35-892853": {
                "403266285313589250": {
                    "position": 12,
                    "created_at": "17-01-2018_19-16-14-744000",
                    "permissions": 0,
                    "name": "Abandoned Ones",
                    "colour": 16777215
                },
                "178667818152230912": {
                    "position": 0,
                    "created_at": "08-05-2016_00-42-07-335000",
                    "permissions": 0,
                    "name": "@everyone",
                    "colour": 0
                },
                "189416410542374912": {
                    "position": 19,
                    "created_at": "06-06-2016_16-33-11-460000",
                    "permissions": 267775190,
                    "name": "Moderator",
                    "colour": 3447003
                },
                "403272352223461387": {
                    "position": 11,
                    "created_at": "17-01-2018_19-40-21-208000",
                    "permissions": 104187968,
                    "name": "Members",
                    "colour": 0
                }
            },
            "17-01-2019_17-37-42-106001": {
                "373129696960970762": {
                    "position": 16,
                    "created_at": "26-10-2017_15-24-12-170000",
                    "permissions": 0,
                    "name": "Staff",
                    "colour": 16711680
                },
                "403266285313589250": {
                    "position": 9,
                    "created_at": "17-01-2018_19-16-14-744000",
                    "permissions": 0,
                    "name": "Abandoned Ones",
                    "colour": 16777215
                },
                "178667818152230912": {
                    "position": 0,
                    "created_at": "08-05-2016_00-42-07-335000",
                    "permissions": 0,
                    "name": "@everyone",
                    "colour": 0
                },
                "189416410542374912": {
                    "position": 17,
                    "created_at": "06-06-2016_16-33-11-460000",
                    "permissions": 267774166,
                    "name": "Moderator",
                    "colour": 3447003
                },
                "403272352223461387": {
                    "position": 8,
                    "created_at": "17-01-2018_19-40-21-208000",
                    "permissions": 104187968,
                    "name": "Members",
                    "colour": 0
                }
            },
            "25-01-2019_00-26-23-076062": {
                "373129696960970762": {
                    "position": 17,
                    "created_at": "26-10-2017_15-24-12-170000",
                    "permissions": 0,
                    "name": "Staff",
                    "colour": 16711680
                },
                "403266285313589250": {
                    "position": 10,
                    "created_at": "17-01-2018_19-16-14-744000",
                    "permissions": 0,
                    "name": "Abandoned Ones",
                    "colour": 16777215
                },
                "178667818152230912": {
                    "position": 0,
                    "created_at": "08-05-2016_00-42-07-335000",
                    "permissions": 0,
                    "name": "@everyone",
                    "colour": 0
                },
                "189416410542374912": {
                    "position": 18,
                    "created_at": "06-06-2016_16-33-11-460000",
                    "permissions": 267774166,
                    "name": "Moderator",
                    "colour": 3447003
                },
                "403272352223461387": {
                    "position": 9,
                    "created_at": "17-01-2018_19-40-21-208000",
                    "permissions": 104187968,
                    "name": "Members",
                    "colour": 0
                }
            },
            "07-12-2018_07-51-11-182069": {
                "403266269220175892": {
                    "position": 15,
                    "created_at": "17-01-2018_19-16-10-907000",
                    "permissions": 262208,
                    "name": "Mythical Ones",
                    "colour": 1033914
                },
                "403266285313589250": {
                    "position": 12,
                    "created_at": "17-01-2018_19-16-14-744000",
                    "permissions": 0,
                    "name": "Abandoned Ones",
                    "colour": 16777215
                },
                "178667818152230912": {
                    "position": 0,
                    "created_at": "08-05-2016_00-42-07-335000",
                    "permissions": 0,
                    "name": "@everyone",
                    "colour": 0
                },
                "189416410542374912": {
                    "position": 19,
                    "created_at": "06-06-2016_16-33-11-460000",
                    "permissions": 267775190,
                    "name": "Moderator",
                    "colour": 3447003
                },
                "403272352223461387": {
                    "position": 11,
                    "created_at": "17-01-2018_19-40-21-208000",
                    "permissions": 104187968,
                    "name": "Members",
                    "colour": 0
                }
            },
            "25-01-2019_18-03-01-080213": {
                "373129696960970762": {
                    "position": 17,
                    "created_at": "26-10-2017_15-24-12-170000",
                    "permissions": 0,
                    "name": "Staff",
                    "colour": 16711680
                },
                "403266285313589250": {
                    "position": 12,
                    "created_at": "17-01-2018_19-16-14-744000",
                    "permissions": 0,
                    "name": "Abandoned Ones",
                    "colour": 16777215
                },
                "178667818152230912": {
                    "position": 0,
                    "created_at": "08-05-2016_00-42-07-335000",
                    "permissions": 0,
                    "name": "@everyone",
                    "colour": 0
                },
                "189416410542374912": {
                    "position": 18,
                    "created_at": "06-06-2016_16-33-11-460000",
                    "permissions": 267774166,
                    "name": "Moderator",
                    "colour": 3447003
                },
                "403272352223461387": {
                    "position": 11,
                    "created_at": "17-01-2018_19-40-21-208000",
                    "permissions": 104187968,
                    "name": "Members",
                    "colour": 0
                }
            },
            "16-12-2018_21-52-39-901037": {
                "403266285313589250": {
                    "position": 11,
                    "created_at": "17-01-2018_19-16-14-744000",
                    "permissions": 0,
                    "name": "Abandoned Ones",
                    "colour": 16777215
                },
                "178667818152230912": {
                    "position": 0,
                    "created_at": "08-05-2016_00-42-07-335000",
                    "permissions": 0,
                    "name": "@everyone",
                    "colour": 0
                },
                "189416410542374912": {
                    "position": 19,
                    "created_at": "06-06-2016_16-33-11-460000",
                    "permissions": 267775190,
                    "name": "Moderator",
                    "colour": 3447003
                },
                "403272352223461387": {
                    "position": 10,
                    "created_at": "17-01-2018_19-40-21-208000",
                    "permissions": 104187968,
                    "name": "Members",
                    "colour": 0
                }
            },
            "10-01-2019_00-18-24-072293": {
                "403266285313589250": {
                    "position": 8,
                    "created_at": "17-01-2018_19-16-14-744000",
                    "permissions": 0,
                    "name": "Abandoned Ones",
                    "colour": 16777215
                },
                "178667818152230912": {
                    "position": 0,
                    "created_at": "08-05-2016_00-42-07-335000",
                    "permissions": 0,
                    "name": "@everyone",
                    "colour": 0
                },
                "189416410542374912": {
                    "position": 15,
                    "created_at": "06-06-2016_16-33-11-460000",
                    "permissions": 267775190,
                    "name": "Moderator",
                    "colour": 3447003
                },
                "403272352223461387": {
                    "position": 7,
                    "created_at": "17-01-2018_19-40-21-208000",
                    "permissions": 104187968,
                    "name": "Members",
                    "colour": 0
                }
            },
            "06-12-2018_01-05-49-556858": {
                "403266269220175892": {
                    "position": 16,
                    "created_at": "17-01-2018_19-16-10-907000",
                    "permissions": 262208,
                    "name": "Mythical Ones",
                    "colour": 1033914
                },
                "403266285313589250": {
                    "position": 13,
                    "created_at": "17-01-2018_19-16-14-744000",
                    "permissions": 0,
                    "name": "Abandoned Ones",
                    "colour": 16777215
                },
                "178667818152230912": {
                    "position": 0,
                    "created_at": "08-05-2016_00-42-07-335000",
                    "permissions": 0,
                    "name": "@everyone",
                    "colour": 0
                },
                "189416410542374912": {
                    "position": 20,
                    "created_at": "06-06-2016_16-33-11-460000",
                    "permissions": 267775190,
                    "name": "Moderator",
                    "colour": 3447003
                },
                "403272352223461387": {
                    "position": 12,
                    "created_at": "17-01-2018_19-40-21-208000",
                    "permissions": 104187968,
                    "name": "Members",
                    "colour": 0
                }
            }
        },
        "current": {
            "373129696960970762": {
                "position": 20,
                "created_at": "26-10-2017_15-24-12-170000",
                "permissions": 0,
                "name": "Staff",
                "colour": 0
            },
            "403266285313589250": {
                "position": 11,
                "created_at": "17-01-2018_19-16-14-744000",
                "permissions": 0,
                "name": "Abandoned Ones",
                "colour": 16777215
            },
            "178667818152230912": {
                "position": 0,
                "created_at": "08-05-2016_00-42-07-335000",
                "permissions": 0,
                "name": "@everyone",
                "colour": 0
            },
            "189416410542374912": {
                "position": 16,
                "created_at": "06-06-2016_16-33-11-460000",
                "permissions": 267774166,
                "name": "Moderator",
                "colour": 3447003
            },
            "403272352223461387": {
                "position": 10,
                "created_at": "17-01-2018_19-40-21-208000",
                "permissions": 104187968,
                "name": "Members",
                "colour": 0
            }
        }
    },
    "activity": {
        "2019": {
            "1": {
                "17": {
                    "1": {
                        "403084655550791682": 3
                    }
                },
                "16": {
                    "0": {
                        "403084763591606273": 2
                    },
                    "15": {
                        "403084655550791682": 6
                    },
                    "1": {
                        "403084655550791682": 3
                    },
                    "2": {
                        "403084655550791682": 1
                    }
                },
                "15": {
                    "23": {
                        "403084813680115712": 1
                    }
                },
                "10": {
                    "15": {
                        "403084655550791682": 1
                    }
                },
                "25": {
                    "17": {
                        "403084655550791682": 1,
                        "403084763591606273": 1
                    },
                    "16": {
                        "403084655550791682": 1
                    },
                    "15": {
                        "403084655550791682": 5
                    }
                },
                "12": {
                    "1": {
                        "403084655550791682": 1
                    }
                },
                "13": {
                    "23": {
                        "403084655550791682": 6
                    }
                }
            }
        },
        "2018": {
            "12": {
                "6": {
                    "14": {
                        "403084655550791682": 2,
                        "403084813680115712": 1
                    }
                }
            }
        }
    },
    "voice": {
        "previous": {},
        "current": {
            "server_deaf": false,
            "server_mute": false,
            "self_mute": false,
            "channel": {
                "id": null,
                "private": null,
                "name": null
            },
            "is_afk": false,
            "self_deaf": false
        }
    },
    "bot": false,
    "game": {
        "previous": {
            "12-01-2019_01-16-58-662867": {
                "name": "ASTRONEER (Game Preview)",
                "type": 0,
                "url": null
            }
        },
        "current": {
            "name": null,
            "type": null,
            "url": null
        }
    },
    "cookies": {
        "cookie_interest": 0,
        "cookie_transfer_quota": 0,
        "cookies_in_jar": 0,
        "give": {
            "total_cookies": 0,
            "average": 0.0
        },
        "active_this_epoch": false,
        "active_epochs": 0,
        "current_cookies": 0,
        "measured_epochs": 9,
        "get": {
            "total_cookies": 0,
            "average": 0.0
        },
        "total_cookies": 0
    },
    "id": "354388314557644800",
    "bans": {
        "previous": {},
        "current": "not banned"
    }
}