{
    "discriminator": {
        "previous": {},
        "current": "8372"
    },
    "status": {
        "previous": {
            "13-01-2019_18-58-47-852165": "online",
            "26-01-2019_04-12-07-077616": "online",
            "10-12-2018_16-02-31-496869": "online",
            "12-01-2019_01-16-58-662867": "online",
            "13-01-2019_23-58-57-488890": "online",
            "13-01-2019_23-50-53-236086": "online",
            "06-12-2018_01-05-49-556858": "online",
            "25-01-2019_00-26-23-076062": "online",
            "11-12-2018_09-13-26-392726": "online"
        },
        "current": "offline"
    },
    "display_name": {
        "previous": {},
        "current": "Cat"
    },
    "name": {
        "previous": {},
        "current": "omygoditsacat"
    },
    "joined_at": {
        "previous": {},
        "current": "02-02-2018_20-37-01-689786"
    },
    "created_at": "05-09-2017_21-08-29-129000",
    "colour": {
        "previous": {
            "07-12-2018_07-51-11-182069": 1033914,
            "07-12-2018_09-02-35-892853": 0
        },
        "current": 16777215
    },
    "roles": {
        "previous": {
            "07-12-2018_09-02-35-892853": {
                "403272352223461387": {
                    "position": 11,
                    "created_at": "17-01-2018_19-40-21-208000",
                    "permissions": 104187968,
                    "name": "Members",
                    "colour": 0
                },
                "403266285313589250": {
                    "position": 12,
                    "created_at": "17-01-2018_19-16-14-744000",
                    "permissions": 0,
                    "name": "Abandoned Ones",
                    "colour": 16777215
                },
                "178667818152230912": {
                    "position": 0,
                    "created_at": "08-05-2016_00-42-07-335000",
                    "permissions": 0,
                    "name": "@everyone",
                    "colour": 0
                },
                "430760351248809986": {
                    "position": 9,
                    "created_at": "03-04-2018_16-07-50-878000",
                    "permissions": 0,
                    "name": "Current Iteration",
                    "colour": 0
                }
            },
            "17-01-2019_17-37-42-106001": {
                "403272352223461387": {
                    "position": 8,
                    "created_at": "17-01-2018_19-40-21-208000",
                    "permissions": 104187968,
                    "name": "Members",
                    "colour": 0
                },
                "403266285313589250": {
                    "position": 9,
                    "created_at": "17-01-2018_19-16-14-744000",
                    "permissions": 0,
                    "name": "Abandoned Ones",
                    "colour": 16777215
                },
                "178667818152230912": {
                    "position": 0,
                    "created_at": "08-05-2016_00-42-07-335000",
                    "permissions": 0,
                    "name": "@everyone",
                    "colour": 0
                },
                "430760351248809986": {
                    "position": 7,
                    "created_at": "03-04-2018_16-07-50-878000",
                    "permissions": 0,
                    "name": "Current Iteration",
                    "colour": 0
                }
            },
            "25-01-2019_00-26-23-076062": {
                "403272352223461387": {
                    "position": 9,
                    "created_at": "17-01-2018_19-40-21-208000",
                    "permissions": 104187968,
                    "name": "Members",
                    "colour": 0
                },
                "403266285313589250": {
                    "position": 10,
                    "created_at": "17-01-2018_19-16-14-744000",
                    "permissions": 0,
                    "name": "Abandoned Ones",
                    "colour": 16777215
                },
                "178667818152230912": {
                    "position": 0,
                    "created_at": "08-05-2016_00-42-07-335000",
                    "permissions": 0,
                    "name": "@everyone",
                    "colour": 0
                },
                "430760351248809986": {
                    "position": 8,
                    "created_at": "03-04-2018_16-07-50-878000",
                    "permissions": 0,
                    "name": "Current Iteration",
                    "colour": 0
                }
            },
            "07-12-2018_07-51-11-182069": {
                "403266269220175892": {
                    "position": 15,
                    "created_at": "17-01-2018_19-16-10-907000",
                    "permissions": 262208,
                    "name": "Mythical Ones",
                    "colour": 1033914
                },
                "403272352223461387": {
                    "position": 11,
                    "created_at": "17-01-2018_19-40-21-208000",
                    "permissions": 104187968,
                    "name": "Members",
                    "colour": 0
                },
                "178667818152230912": {
                    "position": 0,
                    "created_at": "08-05-2016_00-42-07-335000",
                    "permissions": 0,
                    "name": "@everyone",
                    "colour": 0
                },
                "430760351248809986": {
                    "position": 9,
                    "created_at": "03-04-2018_16-07-50-878000",
                    "permissions": 0,
                    "name": "Current Iteration",
                    "colour": 0
                }
            },
            "25-01-2019_18-03-01-080213": {
                "403266285313589250": {
                    "position": 12,
                    "created_at": "17-01-2018_19-16-14-744000",
                    "permissions": 0,
                    "name": "Abandoned Ones",
                    "colour": 16777215
                },
                "178667818152230912": {
                    "position": 0,
                    "created_at": "08-05-2016_00-42-07-335000",
                    "permissions": 0,
                    "name": "@everyone",
                    "colour": 0
                },
                "403272352223461387": {
                    "position": 11,
                    "created_at": "17-01-2018_19-40-21-208000",
                    "permissions": 104187968,
                    "name": "Members",
                    "colour": 0
                }
            },
            "16-12-2018_21-52-39-901037": {
                "403272352223461387": {
                    "position": 10,
                    "created_at": "17-01-2018_19-40-21-208000",
                    "permissions": 104187968,
                    "name": "Members",
                    "colour": 0
                },
                "403266285313589250": {
                    "position": 11,
                    "created_at": "17-01-2018_19-16-14-744000",
                    "permissions": 0,
                    "name": "Abandoned Ones",
                    "colour": 16777215
                },
                "178667818152230912": {
                    "position": 0,
                    "created_at": "08-05-2016_00-42-07-335000",
                    "permissions": 0,
                    "name": "@everyone",
                    "colour": 0
                },
                "430760351248809986": {
                    "position": 9,
                    "created_at": "03-04-2018_16-07-50-878000",
                    "permissions": 0,
                    "name": "Current Iteration",
                    "colour": 0
                }
            },
            "10-01-2019_00-18-24-072293": {
                "403272352223461387": {
                    "position": 7,
                    "created_at": "17-01-2018_19-40-21-208000",
                    "permissions": 104187968,
                    "name": "Members",
                    "colour": 0
                },
                "403266285313589250": {
                    "position": 8,
                    "created_at": "17-01-2018_19-16-14-744000",
                    "permissions": 0,
                    "name": "Abandoned Ones",
                    "colour": 16777215
                },
                "178667818152230912": {
                    "position": 0,
                    "created_at": "08-05-2016_00-42-07-335000",
                    "permissions": 0,
                    "name": "@everyone",
                    "colour": 0
                },
                "430760351248809986": {
                    "position": 6,
                    "created_at": "03-04-2018_16-07-50-878000",
                    "permissions": 0,
                    "name": "Current Iteration",
                    "colour": 0
                }
            },
            "06-12-2018_01-05-49-556858": {
                "403266269220175892": {
                    "position": 16,
                    "created_at": "17-01-2018_19-16-10-907000",
                    "permissions": 262208,
                    "name": "Mythical Ones",
                    "colour": 1033914
                },
                "403272352223461387": {
                    "position": 12,
                    "created_at": "17-01-2018_19-40-21-208000",
                    "permissions": 104187968,
                    "name": "Members",
                    "colour": 0
                },
                "178667818152230912": {
                    "position": 0,
                    "created_at": "08-05-2016_00-42-07-335000",
                    "permissions": 0,
                    "name": "@everyone",
                    "colour": 0
                },
                "430760351248809986": {
                    "position": 10,
                    "created_at": "03-04-2018_16-07-50-878000",
                    "permissions": 0,
                    "name": "Current Iteration",
                    "colour": 0
                }
            }
        },
        "current": {
            "403266285313589250": {
                "position": 11,
                "created_at": "17-01-2018_19-16-14-744000",
                "permissions": 0,
                "name": "Abandoned Ones",
                "colour": 16777215
            },
            "178667818152230912": {
                "position": 0,
                "created_at": "08-05-2016_00-42-07-335000",
                "permissions": 0,
                "name": "@everyone",
                "colour": 0
            },
            "403272352223461387": {
                "position": 10,
                "created_at": "17-01-2018_19-40-21-208000",
                "permissions": 104187968,
                "name": "Members",
                "colour": 0
            }
        }
    },
    "activity": {
        "2019": {
            "1": {
                "25": {
                    "3": {
                        "403084655550791682": 2
                    },
                    "7": {
                        "403084655550791682": 2
                    }
                },
                "14": {
                    "17": {
                        "403084655550791682": 5
                    }
                },
                "12": {
                    "1": {
                        "403084655550791682": 1
                    }
                },
                "13": {
                    "20": {
                        "403084655550791682": 1
                    }
                }
            }
        },
        "2018": {
            "12": {
                "10": {
                    "17": {
                        "403084655550791682": 1
                    }
                }
            }
        }
    },
    "voice": {
        "previous": {},
        "current": {
            "server_deaf": false,
            "server_mute": false,
            "self_mute": false,
            "channel": {
                "id": null,
                "private": null,
                "name": null
            },
            "is_afk": false,
            "self_deaf": false
        }
    },
    "bot": false,
    "game": {
        "previous": {},
        "current": {
            "name": null,
            "type": null,
            "url": null
        }
    },
    "cookies": {
        "cookie_interest": 0,
        "cookie_transfer_quota": 0,
        "cookies_in_jar": 0,
        "give": {
            "total_cookies": 0,
            "average": 0.0
        },
        "active_this_epoch": false,
        "active_epochs": 0,
        "current_cookies": 0,
        "measured_epochs": 9,
        "get": {
            "total_cookies": 0,
            "average": 0.0
        },
        "total_cookies": 0
    },
    "id": "354734557381132291",
    "bans": {
        "previous": {},
        "current": "not banned"
    }
}