{
    "discriminator": {
        "previous": {},
        "current": "2246"
    },
    "voice": {
        "previous": {},
        "current": {
            "server_mute": false,
            "server_deaf": false,
            "is_afk": false,
            "channel": {
                "private": null,
                "id": null,
                "name": null
            },
            "self_mute": false,
            "self_deaf": false
        }
    },
    "bans": {
        "previous": {},
        "current": "not banned"
    },
    "colour": {
        "previous": {
            "10-01-2019_03-36-57-747790": 0
        },
        "current": 15158332
    },
    "activity": {
        "2018": {
            "12": {
                "6": {
                    "15": {
                        "403243509324447755": 21
                    }
                }
            }
        },
        "2019": {
            "1": {
                "10": {
                    "3": {
                        "403243509324447755": 3
                    }
                }
            }
        }
    },
    "cookies": {
        "cookie_transfer_quota": 0,
        "active_this_epoch": false,
        "give": {
            "total_cookies": 0,
            "average": 0.0
        },
        "active_epochs": 0,
        "get": {
            "total_cookies": 0,
            "average": 0.0
        },
        "total_cookies": 0,
        "cookies_in_jar": 0,
        "measured_epochs": 7,
        "current_cookies": 0,
        "cookie_interest": 0
    },
    "status": {
        "previous": {},
        "current": "offline"
    },
    "roles": {
        "previous": {
            "10-01-2019_03-36-57-747790": {
                "403243508833452032": {
                    "permissions": 104324161,
                    "position": 0,
                    "created_at": "17-01-2018_17-45-44-408000",
                    "name": "@everyone",
                    "colour": 0
                }
            }
        },
        "current": {
            "403243508833452032": {
                "permissions": 104324161,
                "position": 0,
                "created_at": "17-01-2018_17-45-44-408000",
                "name": "@everyone",
                "colour": 0
            },
            "406523819545591808": {
                "permissions": 0,
                "position": 2,
                "created_at": "26-01-2018_19-00-31-427000",
                "name": "Color_Red",
                "colour": 15158332
            }
        }
    },
    "game": {
        "previous": {},
        "current": {
            "url": null,
            "type": null,
            "name": null
        }
    },
    "id": "277112484102406145",
    "created_at": "03-02-2017_16-26-04-711000",
    "name": {
        "previous": {
            "10-01-2019_00-18-24-072293": "Huggles"
        },
        "current": "Krissu"
    },
    "joined_at": {
        "previous": {
            "10-01-2019_03-33-44-007928": "10-01-2019_01-35-22-518636",
            "10-01-2019_03-36-57-747790": "10-01-2019_01-36-13-589500"
        },
        "current": "10-01-2019_01-37-38-023594"
    },
    "bot": false,
    "display_name": {
        "previous": {
            "10-01-2019_00-18-24-072293": "Huggles"
        },
        "current": "Krissu"
    }
}