{
    "colour": {
        "previous": {},
        "current": 16777215
    },
    "status": {
        "previous": {
            "10-01-2019_00-18-24-072293": "idle",
            "11-01-2019_22-45-11-058689": "online",
            "07-12-2018_09-02-35-892853": "online",
            "05-12-2018_15-38-01-422650": "online",
            "10-01-2019_03-36-57-747790": "offline",
            "11-12-2018_09-13-26-392726": "online",
            "17-12-2018_08-19-13-303562": "online",
            "16-12-2018_21-52-39-901037": "offline",
            "06-12-2018_15-12-52-654103": "online",
            "12-12-2018_11-49-23-541900": "online",
            "10-12-2018_16-02-31-496869": "offline",
            "05-12-2018_16-27-33-714312": "offline",
            "06-12-2018_01-05-49-556858": "online",
            "06-12-2018_15-14-45-002165": "offline",
            "06-12-2018_00-51-35-336974": "online",
            "07-12-2018_07-51-11-182069": "online",
            "06-12-2018_19-01-41-672098": "offline",
            "06-12-2018_15-16-54-897558": "online",
            "07-12-2018_19-07-03-633575": "idle",
            "11-01-2019_23-09-28-971572": "offline",
            "06-12-2018_15-04-14-303670": "offline",
            "05-12-2018_16-23-43-417186": "offline",
            "09-12-2018_10-10-43-790279": "offline",
            "08-12-2018_15-44-11-058097": "online",
            "07-12-2018_07-42-43-243407": "online",
            "06-12-2018_17-09-51-137367": "online",
            "06-12-2018_15-40-12-725739": "online",
            "09-12-2018_10-12-40-202519": "online"
        },
        "current": "online"
    },
    "id": "142379949783777281",
    "voice": {
        "previous": {},
        "current": {
            "self_deaf": false,
            "is_afk": false,
            "self_mute": false,
            "server_mute": false,
            "channel": {
                "id": null,
                "private": null,
                "name": null
            },
            "server_deaf": false
        }
    },
    "name": {
        "previous": {},
        "current": "FrostFlame"
    },
    "discriminator": {
        "previous": {},
        "current": "6009"
    },
    "bans": {
        "previous": {},
        "current": "not banned"
    },
    "roles": {
        "previous": {
            "11-01-2019_22-45-11-058689": {
                "430760351248809986": {
                    "colour": 0,
                    "created_at": "03-04-2018_16-07-50-878000",
                    "position": 7,
                    "permissions": 0,
                    "name": "Current Iteration"
                },
                "403266285313589250": {
                    "colour": 16777215,
                    "created_at": "17-01-2018_19-16-14-744000",
                    "position": 9,
                    "permissions": 0,
                    "name": "Abandoned Ones"
                },
                "403272352223461387": {
                    "colour": 0,
                    "created_at": "17-01-2018_19-40-21-208000",
                    "position": 8,
                    "permissions": 104187968,
                    "name": "Members"
                },
                "178667818152230912": {
                    "colour": 0,
                    "created_at": "08-05-2016_00-42-07-335000",
                    "position": 0,
                    "permissions": 0,
                    "name": "@everyone"
                }
            },
            "10-01-2019_00-18-24-072293": {
                "430760351248809986": {
                    "colour": 0,
                    "created_at": "03-04-2018_16-07-50-878000",
                    "position": 6,
                    "permissions": 0,
                    "name": "Current Iteration"
                },
                "403266285313589250": {
                    "colour": 16777215,
                    "created_at": "17-01-2018_19-16-14-744000",
                    "position": 8,
                    "permissions": 0,
                    "name": "Abandoned Ones"
                },
                "403272352223461387": {
                    "colour": 0,
                    "created_at": "17-01-2018_19-40-21-208000",
                    "position": 7,
                    "permissions": 104187968,
                    "name": "Members"
                },
                "178667818152230912": {
                    "colour": 0,
                    "created_at": "08-05-2016_00-42-07-335000",
                    "position": 0,
                    "permissions": 0,
                    "name": "@everyone"
                }
            },
            "07-12-2018_09-02-35-892853": {
                "430760351248809986": {
                    "colour": 0,
                    "created_at": "03-04-2018_16-07-50-878000",
                    "position": 9,
                    "permissions": 0,
                    "name": "Current Iteration"
                },
                "403266285313589250": {
                    "colour": 16777215,
                    "created_at": "17-01-2018_19-16-14-744000",
                    "position": 12,
                    "permissions": 0,
                    "name": "Abandoned Ones"
                },
                "403272352223461387": {
                    "colour": 0,
                    "created_at": "17-01-2018_19-40-21-208000",
                    "position": 11,
                    "permissions": 104187968,
                    "name": "Members"
                },
                "178667818152230912": {
                    "colour": 0,
                    "created_at": "08-05-2016_00-42-07-335000",
                    "position": 0,
                    "permissions": 0,
                    "name": "@everyone"
                }
            },
            "16-12-2018_21-52-39-901037": {
                "430760351248809986": {
                    "colour": 0,
                    "created_at": "03-04-2018_16-07-50-878000",
                    "position": 9,
                    "permissions": 0,
                    "name": "Current Iteration"
                },
                "403266285313589250": {
                    "colour": 16777215,
                    "created_at": "17-01-2018_19-16-14-744000",
                    "position": 11,
                    "permissions": 0,
                    "name": "Abandoned Ones"
                },
                "403272352223461387": {
                    "colour": 0,
                    "created_at": "17-01-2018_19-40-21-208000",
                    "position": 10,
                    "permissions": 104187968,
                    "name": "Members"
                },
                "178667818152230912": {
                    "colour": 0,
                    "created_at": "08-05-2016_00-42-07-335000",
                    "position": 0,
                    "permissions": 0,
                    "name": "@everyone"
                }
            },
            "06-12-2018_01-05-49-556858": {
                "430760351248809986": {
                    "colour": 0,
                    "created_at": "03-04-2018_16-07-50-878000",
                    "position": 10,
                    "permissions": 0,
                    "name": "Current Iteration"
                },
                "403266285313589250": {
                    "colour": 16777215,
                    "created_at": "17-01-2018_19-16-14-744000",
                    "position": 13,
                    "permissions": 0,
                    "name": "Abandoned Ones"
                },
                "403272352223461387": {
                    "colour": 0,
                    "created_at": "17-01-2018_19-40-21-208000",
                    "position": 12,
                    "permissions": 104187968,
                    "name": "Members"
                },
                "178667818152230912": {
                    "colour": 0,
                    "created_at": "08-05-2016_00-42-07-335000",
                    "position": 0,
                    "permissions": 0,
                    "name": "@everyone"
                }
            }
        },
        "current": {
            "430760351248809986": {
                "colour": 0,
                "created_at": "03-04-2018_16-07-50-878000",
                "position": 7,
                "permissions": 0,
                "name": "Current Iteration"
            },
            "403272352223461387": {
                "colour": 0,
                "created_at": "17-01-2018_19-40-21-208000",
                "position": 8,
                "permissions": 104187968,
                "name": "Members"
            },
            "523917597138354193": {
                "colour": 16714995,
                "created_at": "16-12-2018_17-41-29-076000",
                "position": 3,
                "permissions": 0,
                "name": "Yeeters"
            },
            "178667818152230912": {
                "colour": 0,
                "created_at": "08-05-2016_00-42-07-335000",
                "position": 0,
                "permissions": 0,
                "name": "@everyone"
            },
            "403266285313589250": {
                "colour": 16777215,
                "created_at": "17-01-2018_19-16-14-744000",
                "position": 9,
                "permissions": 0,
                "name": "Abandoned Ones"
            }
        }
    },
    "joined_at": {
        "previous": {},
        "current": "20-02-2018_20-57-08-520487"
    },
    "bot": false,
    "created_at": "28-01-2016_21-27-05-320000",
    "activity": {},
    "game": {
        "previous": {
            "11-01-2019_22-45-11-058689": {
                "url": null,
                "type": 0,
                "name": "FINAL FANTASY XIV"
            },
            "10-01-2019_03-33-44-007928": {
                "url": null,
                "type": 0,
                "name": "Dead Cells"
            },
            "10-01-2019_00-18-24-072293": {
                "url": null,
                "type": null,
                "name": null
            },
            "10-01-2019_03-36-57-747790": {
                "url": null,
                "type": null,
                "name": null
            }
        },
        "current": {
            "url": null,
            "type": null,
            "name": null
        }
    },
    "cookies": {
        "total_cookies": 0,
        "measured_epochs": 1,
        "cookie_interest": 0,
        "active_epochs": 0,
        "active_this_epoch": false,
        "get": {
            "total_cookies": 0,
            "average": 0.0
        },
        "cookie_transfer_quota": 0,
        "cookies_in_jar": 0,
        "give": {
            "total_cookies": 0,
            "average": 0.0
        },
        "current_cookies": 0
    },
    "display_name": {
        "previous": {},
        "current": "FrostFlame"
    }
}