{
    "colour": {
        "previous": {},
        "current": 3447003
    },
    "roles": {
        "previous": {
            "10-01-2019_00-18-24-072293": {
                "430760351248809986": {
                    "colour": 0,
                    "created_at": "03-04-2018_16-07-50-878000",
                    "position": 6,
                    "permissions": 0,
                    "name": "Current Iteration"
                },
                "178667818152230912": {
                    "colour": 0,
                    "created_at": "08-05-2016_00-42-07-335000",
                    "position": 0,
                    "permissions": 0,
                    "name": "@everyone"
                },
                "373129696960970762": {
                    "colour": 16711680,
                    "created_at": "26-10-2017_15-24-12-170000",
                    "position": 14,
                    "permissions": 0,
                    "name": "Staff"
                },
                "404068252361162759": {
                    "colour": 0,
                    "created_at": "20-01-2018_00-22-58-588000",
                    "position": 2,
                    "permissions": 0,
                    "name": "Under Where?"
                },
                "403266285313589250": {
                    "colour": 16777215,
                    "created_at": "17-01-2018_19-16-14-744000",
                    "position": 8,
                    "permissions": 0,
                    "name": "Abandoned Ones"
                },
                "403272352223461387": {
                    "colour": 0,
                    "created_at": "17-01-2018_19-40-21-208000",
                    "position": 7,
                    "permissions": 104187968,
                    "name": "Members"
                },
                "189416410542374912": {
                    "colour": 3447003,
                    "created_at": "06-06-2016_16-33-11-460000",
                    "position": 15,
                    "permissions": 267775190,
                    "name": "Moderator"
                }
            },
            "07-12-2018_09-02-35-892853": {
                "430760351248809986": {
                    "colour": 0,
                    "created_at": "03-04-2018_16-07-50-878000",
                    "position": 9,
                    "permissions": 0,
                    "name": "Current Iteration"
                },
                "178667818152230912": {
                    "colour": 0,
                    "created_at": "08-05-2016_00-42-07-335000",
                    "position": 0,
                    "permissions": 0,
                    "name": "@everyone"
                },
                "373129696960970762": {
                    "colour": 16711680,
                    "created_at": "26-10-2017_15-24-12-170000",
                    "position": 18,
                    "permissions": 0,
                    "name": "Staff"
                },
                "404068252361162759": {
                    "colour": 0,
                    "created_at": "20-01-2018_00-22-58-588000",
                    "position": 16,
                    "permissions": 0,
                    "name": "Under Where?"
                },
                "403266285313589250": {
                    "colour": 16777215,
                    "created_at": "17-01-2018_19-16-14-744000",
                    "position": 12,
                    "permissions": 0,
                    "name": "Abandoned Ones"
                },
                "403272352223461387": {
                    "colour": 0,
                    "created_at": "17-01-2018_19-40-21-208000",
                    "position": 11,
                    "permissions": 104187968,
                    "name": "Members"
                },
                "189416410542374912": {
                    "colour": 3447003,
                    "created_at": "06-06-2016_16-33-11-460000",
                    "position": 19,
                    "permissions": 267775190,
                    "name": "Moderator"
                }
            },
            "16-12-2018_21-52-39-901037": {
                "430760351248809986": {
                    "colour": 0,
                    "created_at": "03-04-2018_16-07-50-878000",
                    "position": 9,
                    "permissions": 0,
                    "name": "Current Iteration"
                },
                "178667818152230912": {
                    "colour": 0,
                    "created_at": "08-05-2016_00-42-07-335000",
                    "position": 0,
                    "permissions": 0,
                    "name": "@everyone"
                },
                "373129696960970762": {
                    "colour": 16711680,
                    "created_at": "26-10-2017_15-24-12-170000",
                    "position": 18,
                    "permissions": 0,
                    "name": "Staff"
                },
                "404068252361162759": {
                    "colour": 0,
                    "created_at": "20-01-2018_00-22-58-588000",
                    "position": 16,
                    "permissions": 0,
                    "name": "Under Where?"
                },
                "403266285313589250": {
                    "colour": 16777215,
                    "created_at": "17-01-2018_19-16-14-744000",
                    "position": 11,
                    "permissions": 0,
                    "name": "Abandoned Ones"
                },
                "403272352223461387": {
                    "colour": 0,
                    "created_at": "17-01-2018_19-40-21-208000",
                    "position": 10,
                    "permissions": 104187968,
                    "name": "Members"
                },
                "189416410542374912": {
                    "colour": 3447003,
                    "created_at": "06-06-2016_16-33-11-460000",
                    "position": 19,
                    "permissions": 267775190,
                    "name": "Moderator"
                }
            },
            "06-12-2018_01-05-49-556858": {
                "430760351248809986": {
                    "colour": 0,
                    "created_at": "03-04-2018_16-07-50-878000",
                    "position": 10,
                    "permissions": 0,
                    "name": "Current Iteration"
                },
                "178667818152230912": {
                    "colour": 0,
                    "created_at": "08-05-2016_00-42-07-335000",
                    "position": 0,
                    "permissions": 0,
                    "name": "@everyone"
                },
                "373129696960970762": {
                    "colour": 16711680,
                    "created_at": "26-10-2017_15-24-12-170000",
                    "position": 19,
                    "permissions": 0,
                    "name": "Staff"
                },
                "404068252361162759": {
                    "colour": 0,
                    "created_at": "20-01-2018_00-22-58-588000",
                    "position": 17,
                    "permissions": 0,
                    "name": "Under Where?"
                },
                "403266285313589250": {
                    "colour": 16777215,
                    "created_at": "17-01-2018_19-16-14-744000",
                    "position": 13,
                    "permissions": 0,
                    "name": "Abandoned Ones"
                },
                "403272352223461387": {
                    "colour": 0,
                    "created_at": "17-01-2018_19-40-21-208000",
                    "position": 12,
                    "permissions": 104187968,
                    "name": "Members"
                },
                "189416410542374912": {
                    "colour": 3447003,
                    "created_at": "06-06-2016_16-33-11-460000",
                    "position": 20,
                    "permissions": 267775190,
                    "name": "Moderator"
                }
            }
        },
        "current": {
            "430760351248809986": {
                "colour": 0,
                "created_at": "03-04-2018_16-07-50-878000",
                "position": 7,
                "permissions": 0,
                "name": "Current Iteration"
            },
            "178667818152230912": {
                "colour": 0,
                "created_at": "08-05-2016_00-42-07-335000",
                "position": 0,
                "permissions": 0,
                "name": "@everyone"
            },
            "373129696960970762": {
                "colour": 16711680,
                "created_at": "26-10-2017_15-24-12-170000",
                "position": 16,
                "permissions": 0,
                "name": "Staff"
            },
            "404068252361162759": {
                "colour": 0,
                "created_at": "20-01-2018_00-22-58-588000",
                "position": 4,
                "permissions": 0,
                "name": "Under Where?"
            },
            "523917597138354193": {
                "colour": 16714995,
                "created_at": "16-12-2018_17-41-29-076000",
                "position": 3,
                "permissions": 0,
                "name": "Yeeters"
            },
            "403272352223461387": {
                "colour": 0,
                "created_at": "17-01-2018_19-40-21-208000",
                "position": 8,
                "permissions": 104187968,
                "name": "Members"
            },
            "403266285313589250": {
                "colour": 16777215,
                "created_at": "17-01-2018_19-16-14-744000",
                "position": 9,
                "permissions": 0,
                "name": "Abandoned Ones"
            },
            "189416410542374912": {
                "colour": 3447003,
                "created_at": "06-06-2016_16-33-11-460000",
                "position": 17,
                "permissions": 267775190,
                "name": "Moderator"
            }
        }
    },
    "id": "176354357766389760",
    "voice": {
        "previous": {},
        "current": {
            "self_deaf": false,
            "is_afk": false,
            "self_mute": false,
            "server_mute": false,
            "channel": {
                "id": null,
                "private": null,
                "name": null
            },
            "server_deaf": false
        }
    },
    "name": {
        "previous": {},
        "current": "Socko God"
    },
    "discriminator": {
        "previous": {},
        "current": "8144"
    },
    "bans": {
        "previous": {},
        "current": "not banned"
    },
    "status": {
        "previous": {
            "10-01-2019_00-18-24-072293": "online",
            "10-12-2018_16-02-31-496869": "idle",
            "10-01-2019_03-36-57-747790": "offline",
            "06-12-2018_13-18-30-157611": "offline",
            "11-12-2018_09-13-26-392726": "online",
            "17-12-2018_08-19-13-303562": "online",
            "16-12-2018_21-52-39-901037": "offline",
            "06-12-2018_00-22-50-820027": "offline",
            "06-12-2018_00-27-42-854693": "idle",
            "06-12-2018_01-05-49-556858": "online",
            "16-12-2018_22-46-26-221531": "idle",
            "05-12-2018_16-27-33-714312": "idle",
            "06-12-2018_19-01-41-672098": "idle",
            "07-12-2018_09-02-35-892853": "online",
            "07-12-2018_19-07-03-633575": "idle",
            "06-12-2018_17-09-51-137367": "idle",
            "05-12-2018_23-34-35-600797": "online",
            "09-12-2018_10-10-43-790279": "idle",
            "08-12-2018_15-44-11-058097": "online",
            "07-12-2018_07-42-43-243407": "online",
            "06-12-2018_14-37-28-467255": "offline",
            "09-12-2018_10-12-40-202519": "idle"
        },
        "current": "online"
    },
    "joined_at": {
        "previous": {},
        "current": "18-02-2018_16-27-19-191319"
    },
    "bot": false,
    "created_at": "01-05-2016_15-29-15-397000",
    "activity": {},
    "game": {
        "previous": {},
        "current": {
            "url": null,
            "type": null,
            "name": null
        }
    },
    "cookies": {
        "total_cookies": 0,
        "measured_epochs": 8,
        "cookie_interest": 0,
        "active_epochs": 0,
        "active_this_epoch": false,
        "get": {
            "total_cookies": 0,
            "average": 0.0
        },
        "cookie_transfer_quota": 0,
        "cookies_in_jar": 0,
        "give": {
            "total_cookies": 0,
            "average": 0.0
        },
        "current_cookies": 0
    },
    "display_name": {
        "previous": {},
        "current": "SockstroyerXx"
    }
}