{
    "colour": {
        "previous": {
            "10-01-2019_00-18-24-072293": 7506394,
            "07-12-2018_09-02-35-892853": 7506394,
            "07-12-2018_19-07-03-633575": 16777215
        },
        "current": 13079310
    },
    "roles": {
        "previous": {
            "10-01-2019_00-18-24-072293": {
                "406512653796900867": {
                    "colour": 0,
                    "created_at": "26-01-2018_18-16-09-305000",
                    "position": 5,
                    "permissions": 3532864,
                    "name": "Yggdrasil"
                },
                "403239438802485259": {
                    "colour": 7506394,
                    "created_at": "17-01-2018_17-29-34-037000",
                    "position": 9,
                    "permissions": 7168,
                    "name": "Bots"
                },
                "403266285313589250": {
                    "colour": 16777215,
                    "created_at": "17-01-2018_19-16-14-744000",
                    "position": 8,
                    "permissions": 0,
                    "name": "Abandoned Ones"
                },
                "178667818152230912": {
                    "colour": 0,
                    "created_at": "08-05-2016_00-42-07-335000",
                    "position": 0,
                    "permissions": 0,
                    "name": "@everyone"
                }
            },
            "07-12-2018_09-02-35-892853": {
                "406512653796900867": {
                    "colour": 0,
                    "created_at": "26-01-2018_18-16-09-305000",
                    "position": 7,
                    "permissions": 3532864,
                    "name": "Yggdrasil"
                },
                "403239438802485259": {
                    "colour": 7506394,
                    "created_at": "17-01-2018_17-29-34-037000",
                    "position": 10,
                    "permissions": 7168,
                    "name": "Bots"
                },
                "403266285313589250": {
                    "colour": 16777215,
                    "created_at": "17-01-2018_19-16-14-744000",
                    "position": 12,
                    "permissions": 0,
                    "name": "Abandoned Ones"
                },
                "178667818152230912": {
                    "colour": 0,
                    "created_at": "08-05-2016_00-42-07-335000",
                    "position": 0,
                    "permissions": 0,
                    "name": "@everyone"
                }
            },
            "16-12-2018_21-52-39-901037": {
                "406512653796900867": {
                    "colour": 0,
                    "created_at": "26-01-2018_18-16-09-305000",
                    "position": 7,
                    "permissions": 3532864,
                    "name": "Yggdrasil"
                },
                "403239438802485259": {
                    "colour": 7506394,
                    "created_at": "17-01-2018_17-29-34-037000",
                    "position": 12,
                    "permissions": 7168,
                    "name": "Bots"
                },
                "403266285313589250": {
                    "colour": 16777215,
                    "created_at": "17-01-2018_19-16-14-744000",
                    "position": 11,
                    "permissions": 0,
                    "name": "Abandoned Ones"
                },
                "178667818152230912": {
                    "colour": 0,
                    "created_at": "08-05-2016_00-42-07-335000",
                    "position": 0,
                    "permissions": 0,
                    "name": "@everyone"
                }
            },
            "06-12-2018_01-05-49-556858": {
                "406512653796900867": {
                    "colour": 0,
                    "created_at": "26-01-2018_18-16-09-305000",
                    "position": 8,
                    "permissions": 3532864,
                    "name": "Yggdrasil"
                },
                "403239438802485259": {
                    "colour": 7506394,
                    "created_at": "17-01-2018_17-29-34-037000",
                    "position": 11,
                    "permissions": 7168,
                    "name": "Bots"
                },
                "178667818152230912": {
                    "colour": 0,
                    "created_at": "08-05-2016_00-42-07-335000",
                    "position": 0,
                    "permissions": 0,
                    "name": "@everyone"
                }
            }
        },
        "current": {
            "406512653796900867": {
                "colour": 0,
                "created_at": "26-01-2018_18-16-09-305000",
                "position": 6,
                "permissions": 3532864,
                "name": "Yggdrasil"
            },
            "403239438802485259": {
                "colour": 13079310,
                "created_at": "17-01-2018_17-29-34-037000",
                "position": 10,
                "permissions": 0,
                "name": "Bots"
            },
            "403266285313589250": {
                "colour": 16777215,
                "created_at": "17-01-2018_19-16-14-744000",
                "position": 9,
                "permissions": 0,
                "name": "Abandoned Ones"
            },
            "523917597138354193": {
                "colour": 16714995,
                "created_at": "16-12-2018_17-41-29-076000",
                "position": 3,
                "permissions": 0,
                "name": "Yeeters"
            },
            "178667818152230912": {
                "colour": 0,
                "created_at": "08-05-2016_00-42-07-335000",
                "position": 0,
                "permissions": 0,
                "name": "@everyone"
            }
        }
    },
    "id": "247283454440374274",
    "voice": {
        "previous": {
            "10-01-2019_00-18-24-072293": {
                "self_deaf": false,
                "is_afk": false,
                "self_mute": false,
                "server_mute": false,
                "channel": {
                    "id": "523902470724911105",
                    "private": false,
                    "name": "simply-yeet"
                },
                "server_deaf": false
            },
            "10-01-2019_03-36-57-747790": {
                "self_deaf": false,
                "is_afk": false,
                "self_mute": false,
                "server_mute": false,
                "channel": {
                    "id": "523902470724911105",
                    "private": false,
                    "name": "simply-yeet"
                },
                "server_deaf": false
            }
        },
        "current": {
            "self_deaf": false,
            "is_afk": false,
            "self_mute": false,
            "server_mute": false,
            "channel": {
                "id": null,
                "private": null,
                "name": null
            },
            "server_deaf": false
        }
    },
    "name": {
        "previous": {},
        "current": "Yggdrasil"
    },
    "discriminator": {
        "previous": {},
        "current": "4195"
    },
    "bans": {
        "previous": {},
        "current": "not banned"
    },
    "status": {
        "previous": {
            "08-12-2018_15-44-11-058097": "offline",
            "07-12-2018_19-07-03-633575": "offline"
        },
        "current": "online"
    },
    "joined_at": {
        "previous": {},
        "current": "26-01-2018_18-16-09-296455"
    },
    "bot": true,
    "created_at": "13-11-2016_08-56-09-843000",
    "activity": {
        "2019": {
            "1": {
                "10": {
                    "2": {
                        "523913649182605330": 5
                    }
                }
            }
        }
    },
    "game": {
        "previous": {
            "07-12-2018_19-07-03-633575": {
                "url": null,
                "type": null,
                "name": null
            },
            "08-12-2018_15-44-11-058097": {
                "url": null,
                "type": null,
                "name": null
            },
            "07-12-2018_07-42-43-243407": {
                "url": null,
                "type": 0,
                "name": "Type --help"
            }
        },
        "current": {
            "url": null,
            "type": 0,
            "name": "Type --help"
        }
    },
    "cookies": {
        "total_cookies": 0,
        "measured_epochs": 8,
        "cookie_interest": 0,
        "active_epochs": 0,
        "active_this_epoch": false,
        "get": {
            "total_cookies": 0,
            "average": 0.0
        },
        "cookie_transfer_quota": 0,
        "cookies_in_jar": 0,
        "give": {
            "total_cookies": 0,
            "average": 0.0
        },
        "current_cookies": 0
    },
    "display_name": {
        "previous": {},
        "current": "Yggdrasil"
    }
}