{
    "colour": {
        "previous": {
            "10-01-2019_00-18-24-072293": 10181046
        },
        "current": 13079310
    },
    "roles": {
        "previous": {
            "10-01-2019_00-18-24-072293": {
                "178667818152230912": {
                    "colour": 0,
                    "created_at": "08-05-2016_00-42-07-335000",
                    "position": 0,
                    "permissions": 0,
                    "name": "@everyone"
                },
                "403239438802485259": {
                    "colour": 7506394,
                    "created_at": "17-01-2018_17-29-34-037000",
                    "position": 9,
                    "permissions": 7168,
                    "name": "Bots"
                },
                "403266285313589250": {
                    "colour": 16777215,
                    "created_at": "17-01-2018_19-16-14-744000",
                    "position": 8,
                    "permissions": 0,
                    "name": "Abandoned Ones"
                },
                "479754951917174784": {
                    "colour": 10181046,
                    "created_at": "16-08-2018_20-54-53-953000",
                    "position": 27,
                    "permissions": 0,
                    "name": "Owner"
                },
                "403188474292994049": {
                    "colour": 0,
                    "created_at": "17-01-2018_14-07-03-151000",
                    "position": 13,
                    "permissions": 335019096,
                    "name": "Elybot"
                }
            },
            "07-12-2018_09-02-35-892853": {
                "178667818152230912": {
                    "colour": 0,
                    "created_at": "08-05-2016_00-42-07-335000",
                    "position": 0,
                    "permissions": 0,
                    "name": "@everyone"
                },
                "403239438802485259": {
                    "colour": 7506394,
                    "created_at": "17-01-2018_17-29-34-037000",
                    "position": 10,
                    "permissions": 7168,
                    "name": "Bots"
                },
                "403266285313589250": {
                    "colour": 16777215,
                    "created_at": "17-01-2018_19-16-14-744000",
                    "position": 12,
                    "permissions": 0,
                    "name": "Abandoned Ones"
                },
                "479754951917174784": {
                    "colour": 10181046,
                    "created_at": "16-08-2018_20-54-53-953000",
                    "position": 31,
                    "permissions": 0,
                    "name": "Owner"
                },
                "403188474292994049": {
                    "colour": 0,
                    "created_at": "17-01-2018_14-07-03-151000",
                    "position": 17,
                    "permissions": 335019096,
                    "name": "Elybot"
                }
            },
            "06-12-2018_00-55-15-699438": {
                "178667818152230912": {
                    "colour": 0,
                    "created_at": "08-05-2016_00-42-07-335000",
                    "position": 0,
                    "permissions": 0,
                    "name": "@everyone"
                },
                "403239438802485259": {
                    "colour": 7506394,
                    "created_at": "17-01-2018_17-29-34-037000",
                    "position": 11,
                    "permissions": 7168,
                    "name": "Bots"
                },
                "403266285313589250": {
                    "colour": 16777215,
                    "created_at": "17-01-2018_19-16-14-744000",
                    "position": 13,
                    "permissions": 0,
                    "name": "Abandoned Ones"
                },
                "479754951917174784": {
                    "colour": 10181046,
                    "created_at": "16-08-2018_20-54-53-953000",
                    "position": 32,
                    "permissions": 0,
                    "name": "Owner"
                },
                "403188474292994049": {
                    "colour": 0,
                    "created_at": "17-01-2018_14-07-03-151000",
                    "position": 18,
                    "permissions": 335019088,
                    "name": "Elybot"
                }
            },
            "16-12-2018_21-52-39-901037": {
                "178667818152230912": {
                    "colour": 0,
                    "created_at": "08-05-2016_00-42-07-335000",
                    "position": 0,
                    "permissions": 0,
                    "name": "@everyone"
                },
                "403239438802485259": {
                    "colour": 7506394,
                    "created_at": "17-01-2018_17-29-34-037000",
                    "position": 12,
                    "permissions": 7168,
                    "name": "Bots"
                },
                "403266285313589250": {
                    "colour": 16777215,
                    "created_at": "17-01-2018_19-16-14-744000",
                    "position": 11,
                    "permissions": 0,
                    "name": "Abandoned Ones"
                },
                "479754951917174784": {
                    "colour": 10181046,
                    "created_at": "16-08-2018_20-54-53-953000",
                    "position": 31,
                    "permissions": 0,
                    "name": "Owner"
                },
                "403188474292994049": {
                    "colour": 0,
                    "created_at": "17-01-2018_14-07-03-151000",
                    "position": 17,
                    "permissions": 335019096,
                    "name": "Elybot"
                }
            }
        },
        "current": {
            "403239438802485259": {
                "colour": 13079310,
                "created_at": "17-01-2018_17-29-34-037000",
                "position": 10,
                "permissions": 0,
                "name": "Bots"
            },
            "403266285313589250": {
                "colour": 16777215,
                "created_at": "17-01-2018_19-16-14-744000",
                "position": 9,
                "permissions": 0,
                "name": "Abandoned Ones"
            },
            "178667818152230912": {
                "colour": 0,
                "created_at": "08-05-2016_00-42-07-335000",
                "position": 0,
                "permissions": 0,
                "name": "@everyone"
            },
            "403188474292994049": {
                "colour": 0,
                "created_at": "17-01-2018_14-07-03-151000",
                "position": 15,
                "permissions": 335019096,
                "name": "Elybot"
            }
        }
    },
    "id": "327078510558445570",
    "voice": {
        "previous": {},
        "current": {
            "self_deaf": false,
            "is_afk": false,
            "self_mute": false,
            "server_mute": false,
            "channel": {
                "id": null,
                "private": null,
                "name": null
            },
            "server_deaf": false
        }
    },
    "name": {
        "previous": {},
        "current": "Ely"
    },
    "discriminator": {
        "previous": {},
        "current": "3141"
    },
    "bans": {
        "previous": {},
        "current": "not banned"
    },
    "status": {
        "previous": {},
        "current": "online"
    },
    "joined_at": {
        "previous": {},
        "current": "17-01-2018_14-07-03-149000"
    },
    "bot": true,
    "created_at": "21-06-2017_13-33-13-742000",
    "activity": {
        "2018": {
            "12": {
                "6": {
                    "17": {
                        "403086614600876032": 4,
                        "403086645437661186": 6
                    },
                    "21": {
                        "403086614600876032": 4,
                        "403086645437661186": 4
                    },
                    "16": {
                        "403086614600876032": 7,
                        "403086645437661186": 14
                    },
                    "0": {
                        "403086614600876032": 4,
                        "403086645437661186": 4
                    }
                },
                "9": {
                    "0": {
                        "403089470091427860": 1
                    }
                },
                "11": {
                    "16": {
                        "403086691646046209": 2,
                        "403119788370690048": 2,
                        "403086614600876032": 65,
                        "403086645437661186": 17
                    }
                },
                "5": {
                    "17": {
                        "403086614600876032": 17,
                        "403086645437661186": 7
                    },
                    "15": {
                        "403086614600876032": 52,
                        "403086645437661186": 28
                    },
                    "16": {
                        "403086614600876032": 56,
                        "403086645437661186": 43
                    },
                    "22": {
                        "403086614600876032": 11,
                        "403086645437661186": 9
                    }
                },
                "7": {
                    "19": {
                        "403086614600876032": 5,
                        "403086645437661186": 2
                    },
                    "8": {
                        "403086614600876032": 24,
                        "403086645437661186": 18
                    },
                    "9": {
                        "403086614600876032": 16,
                        "403086645437661186": 14
                    }
                },
                "16": {
                    "22": {
                        "403086645437661186": 4
                    }
                }
            }
        },
        "2019": {
            "1": {
                "11": {
                    "22": {
                        "403086645437661186": 12
                    },
                    "23": {
                        "403086645437661186": 4
                    }
                },
                "10": {
                    "18": {
                        "403086614600876032": 5,
                        "403086645437661186": 6
                    },
                    "1": {
                        "403086645437661186": 2
                    },
                    "20": {
                        "403086645437661186": 4
                    },
                    "0": {
                        "403086614600876032": 3,
                        "403086645437661186": 69
                    },
                    "14": {
                        "403086645437661186": 4
                    },
                    "3": {
                        "403086645437661186": 4
                    }
                }
            }
        }
    },
    "game": {
        "previous": {},
        "current": {
            "url": null,
            "type": null,
            "name": null
        }
    },
    "cookies": {
        "total_cookies": 0,
        "measured_epochs": 1,
        "cookie_interest": 0,
        "active_epochs": 0,
        "active_this_epoch": false,
        "get": {
            "total_cookies": 0,
            "average": 0.0
        },
        "cookie_transfer_quota": 0,
        "cookies_in_jar": 0,
        "give": {
            "total_cookies": 0,
            "average": 0.0
        },
        "current_cookies": 0
    },
    "display_name": {
        "previous": {},
        "current": "Ely"
    }
}