{
    "colour": {
        "previous": {},
        "current": 16777215
    },
    "roles": {
        "previous": {},
        "current": {
            "403266285313589250": {
                "colour": 16777215,
                "created_at": "17-01-2018_19-16-14-744000",
                "position": 9,
                "permissions": 0,
                "name": "Abandoned Ones"
            },
            "523917597138354193": {
                "colour": 16714995,
                "created_at": "16-12-2018_17-41-29-076000",
                "position": 3,
                "permissions": 0,
                "name": "Yeeters"
            },
            "403272352223461387": {
                "colour": 0,
                "created_at": "17-01-2018_19-40-21-208000",
                "position": 8,
                "permissions": 104187968,
                "name": "Members"
            },
            "178667818152230912": {
                "colour": 0,
                "created_at": "08-05-2016_00-42-07-335000",
                "position": 0,
                "permissions": 0,
                "name": "@everyone"
            }
        }
    },
    "id": "340607843201712129",
    "voice": {
        "previous": {
            "11-01-2019_22-45-11-058689": {
                "self_deaf": false,
                "is_afk": false,
                "self_mute": true,
                "server_mute": false,
                "channel": {
                    "id": null,
                    "private": null,
                    "name": null
                },
                "server_deaf": false
            },
            "10-01-2019_00-18-24-072293": {
                "self_deaf": false,
                "is_afk": false,
                "self_mute": true,
                "server_mute": false,
                "channel": {
                    "id": "523902470724911105",
                    "private": false,
                    "name": "simply-yeet"
                },
                "server_deaf": false
            },
            "10-01-2019_03-36-57-747790": {
                "self_deaf": false,
                "is_afk": false,
                "self_mute": true,
                "server_mute": false,
                "channel": {
                    "id": "523902470724911105",
                    "private": false,
                    "name": "simply-yeet"
                },
                "server_deaf": false
            }
        },
        "current": {
            "self_deaf": false,
            "is_afk": false,
            "self_mute": false,
            "server_mute": false,
            "channel": {
                "id": null,
                "private": null,
                "name": null
            },
            "server_deaf": false
        }
    },
    "name": {
        "previous": {},
        "current": "Kemphy"
    },
    "discriminator": {
        "previous": {},
        "current": "8223"
    },
    "bans": {
        "previous": {},
        "current": "not banned"
    },
    "status": {
        "previous": {
            "10-01-2019_03-36-57-747790": "online"
        },
        "current": "idle"
    },
    "joined_at": {
        "previous": {},
        "current": "09-01-2019_18-11-34-599932"
    },
    "bot": false,
    "created_at": "28-07-2017_21-33-58-007000",
    "activity": {
        "2019": {
            "1": {
                "10": {
                    "2": {
                        "523913649182605330": 5
                    },
                    "19": {
                        "523913649182605330": 1
                    },
                    "21": {
                        "523913649182605330": 1
                    },
                    "3": {
                        "523913649182605330": 6
                    },
                    "0": {
                        "403084854243098634": 2,
                        "523913649182605330": 9
                    }
                }
            }
        }
    },
    "game": {
        "previous": {},
        "current": {
            "url": null,
            "type": null,
            "name": null
        }
    },
    "cookies": {
        "total_cookies": 0,
        "measured_epochs": 0,
        "cookie_interest": 0,
        "active_epochs": 0,
        "active_this_epoch": false,
        "get": {
            "total_cookies": 0,
            "average": 0
        },
        "cookie_transfer_quota": 0,
        "cookies_in_jar": 0,
        "give": {
            "total_cookies": 0,
            "average": 0
        },
        "current_cookies": 0
    },
    "display_name": {
        "previous": {
            "10-01-2019_00-18-24-072293": "Bot abuser"
        },
        "current": "Kemboobies"
    }
}