{
    "colour": {
        "previous": {},
        "current": 3447003
    },
    "roles": {
        "previous": {
            "10-01-2019_00-18-24-072293": {
                "403272352223461387": {
                    "colour": 0,
                    "created_at": "17-01-2018_19-40-21-208000",
                    "position": 7,
                    "permissions": 104187968,
                    "name": "Members"
                },
                "178667818152230912": {
                    "colour": 0,
                    "created_at": "08-05-2016_00-42-07-335000",
                    "position": 0,
                    "permissions": 0,
                    "name": "@everyone"
                },
                "403266285313589250": {
                    "colour": 16777215,
                    "created_at": "17-01-2018_19-16-14-744000",
                    "position": 8,
                    "permissions": 0,
                    "name": "Abandoned Ones"
                },
                "189416410542374912": {
                    "colour": 3447003,
                    "created_at": "06-06-2016_16-33-11-460000",
                    "position": 15,
                    "permissions": 267775190,
                    "name": "Moderator"
                }
            },
            "07-12-2018_07-51-11-182069": {
                "178667818152230912": {
                    "colour": 0,
                    "created_at": "08-05-2016_00-42-07-335000",
                    "position": 0,
                    "permissions": 0,
                    "name": "@everyone"
                },
                "403272352223461387": {
                    "colour": 0,
                    "created_at": "17-01-2018_19-40-21-208000",
                    "position": 11,
                    "permissions": 104187968,
                    "name": "Members"
                },
                "403266269220175892": {
                    "colour": 1033914,
                    "created_at": "17-01-2018_19-16-10-907000",
                    "position": 15,
                    "permissions": 262208,
                    "name": "Mythical Ones"
                },
                "403266285313589250": {
                    "colour": 16777215,
                    "created_at": "17-01-2018_19-16-14-744000",
                    "position": 12,
                    "permissions": 0,
                    "name": "Abandoned Ones"
                },
                "189416410542374912": {
                    "colour": 3447003,
                    "created_at": "06-06-2016_16-33-11-460000",
                    "position": 19,
                    "permissions": 267775190,
                    "name": "Moderator"
                }
            },
            "07-12-2018_09-02-35-892853": {
                "403272352223461387": {
                    "colour": 0,
                    "created_at": "17-01-2018_19-40-21-208000",
                    "position": 11,
                    "permissions": 104187968,
                    "name": "Members"
                },
                "178667818152230912": {
                    "colour": 0,
                    "created_at": "08-05-2016_00-42-07-335000",
                    "position": 0,
                    "permissions": 0,
                    "name": "@everyone"
                },
                "403266285313589250": {
                    "colour": 16777215,
                    "created_at": "17-01-2018_19-16-14-744000",
                    "position": 12,
                    "permissions": 0,
                    "name": "Abandoned Ones"
                },
                "189416410542374912": {
                    "colour": 3447003,
                    "created_at": "06-06-2016_16-33-11-460000",
                    "position": 19,
                    "permissions": 267775190,
                    "name": "Moderator"
                }
            },
            "16-12-2018_21-52-39-901037": {
                "403272352223461387": {
                    "colour": 0,
                    "created_at": "17-01-2018_19-40-21-208000",
                    "position": 10,
                    "permissions": 104187968,
                    "name": "Members"
                },
                "178667818152230912": {
                    "colour": 0,
                    "created_at": "08-05-2016_00-42-07-335000",
                    "position": 0,
                    "permissions": 0,
                    "name": "@everyone"
                },
                "403266285313589250": {
                    "colour": 16777215,
                    "created_at": "17-01-2018_19-16-14-744000",
                    "position": 11,
                    "permissions": 0,
                    "name": "Abandoned Ones"
                },
                "189416410542374912": {
                    "colour": 3447003,
                    "created_at": "06-06-2016_16-33-11-460000",
                    "position": 19,
                    "permissions": 267775190,
                    "name": "Moderator"
                }
            },
            "06-12-2018_01-05-49-556858": {
                "178667818152230912": {
                    "colour": 0,
                    "created_at": "08-05-2016_00-42-07-335000",
                    "position": 0,
                    "permissions": 0,
                    "name": "@everyone"
                },
                "403272352223461387": {
                    "colour": 0,
                    "created_at": "17-01-2018_19-40-21-208000",
                    "position": 12,
                    "permissions": 104187968,
                    "name": "Members"
                },
                "403266269220175892": {
                    "colour": 1033914,
                    "created_at": "17-01-2018_19-16-10-907000",
                    "position": 16,
                    "permissions": 262208,
                    "name": "Mythical Ones"
                },
                "403266285313589250": {
                    "colour": 16777215,
                    "created_at": "17-01-2018_19-16-14-744000",
                    "position": 13,
                    "permissions": 0,
                    "name": "Abandoned Ones"
                },
                "189416410542374912": {
                    "colour": 3447003,
                    "created_at": "06-06-2016_16-33-11-460000",
                    "position": 20,
                    "permissions": 267775190,
                    "name": "Moderator"
                }
            }
        },
        "current": {
            "373129696960970762": {
                "colour": 16711680,
                "created_at": "26-10-2017_15-24-12-170000",
                "position": 16,
                "permissions": 0,
                "name": "Staff"
            },
            "403272352223461387": {
                "colour": 0,
                "created_at": "17-01-2018_19-40-21-208000",
                "position": 8,
                "permissions": 104187968,
                "name": "Members"
            },
            "178667818152230912": {
                "colour": 0,
                "created_at": "08-05-2016_00-42-07-335000",
                "position": 0,
                "permissions": 0,
                "name": "@everyone"
            },
            "403266285313589250": {
                "colour": 16777215,
                "created_at": "17-01-2018_19-16-14-744000",
                "position": 9,
                "permissions": 0,
                "name": "Abandoned Ones"
            },
            "189416410542374912": {
                "colour": 3447003,
                "created_at": "06-06-2016_16-33-11-460000",
                "position": 17,
                "permissions": 267775190,
                "name": "Moderator"
            }
        }
    },
    "id": "354388314557644800",
    "voice": {
        "previous": {},
        "current": {
            "self_deaf": false,
            "is_afk": false,
            "self_mute": false,
            "server_mute": false,
            "channel": {
                "id": null,
                "private": null,
                "name": null
            },
            "server_deaf": false
        }
    },
    "name": {
        "previous": {},
        "current": "Trash Panda \ud83d\udc3c\ud83d\udc3c"
    },
    "discriminator": {
        "previous": {},
        "current": "9377"
    },
    "bans": {
        "previous": {},
        "current": "not banned"
    },
    "status": {
        "previous": {
            "11-01-2019_22-45-11-058689": "online",
            "10-01-2019_00-18-24-072293": "online",
            "05-12-2018_16-27-33-714312": "online",
            "10-01-2019_03-36-57-747790": "online",
            "06-12-2018_17-09-51-137367": "online",
            "06-12-2018_14-37-28-467255": "online"
        },
        "current": "offline"
    },
    "joined_at": {
        "previous": {},
        "current": "18-11-2018_17-20-36-226990"
    },
    "bot": false,
    "created_at": "04-09-2017_22-12-38-407000",
    "activity": {
        "2018": {
            "12": {
                "6": {
                    "14": {
                        "403084813680115712": 1,
                        "403084655550791682": 2
                    }
                }
            }
        },
        "2019": {
            "1": {
                "10": {
                    "15": {
                        "403084655550791682": 1
                    }
                }
            }
        }
    },
    "game": {
        "previous": {},
        "current": {
            "url": null,
            "type": null,
            "name": null
        }
    },
    "cookies": {
        "total_cookies": 0,
        "measured_epochs": 8,
        "cookie_interest": 0,
        "active_epochs": 0,
        "active_this_epoch": false,
        "get": {
            "total_cookies": 0,
            "average": 0.0
        },
        "cookie_transfer_quota": 0,
        "cookies_in_jar": 0,
        "give": {
            "total_cookies": 0,
            "average": 0.0
        },
        "current_cookies": 0
    },
    "display_name": {
        "previous": {},
        "current": "Espresso Depresso"
    }
}