{
    "activity": {},
    "created_at": "16-07-2018_05-02-11-904000",
    "bot": true,
    "colour": {
        "previous": {},
        "current": 0
    },
    "bans": {
        "previous": {},
        "current": "not banned"
    },
    "cookies": {
        "cookies_in_jar": 0,
        "give": {
            "total_cookies": 0,
            "average": 0
        },
        "current_cookies": 0,
        "active_this_epoch": false,
        "active_epochs": 0,
        "total_cookies": 0,
        "measured_epochs": 0,
        "cookie_transfer_quota": 0,
        "get": {
            "total_cookies": 0,
            "average": 0
        },
        "cookie_interest": 0
    },
    "roles": {
        "previous": {},
        "current": {
            "403243508833452032": {
                "colour": 0,
                "name": "@everyone",
                "created_at": "17-01-2018_17-45-44-408000",
                "position": 0,
                "permissions": 104324161
            },
            "531557559757438985": {
                "colour": 0,
                "name": "MarriageBot",
                "created_at": "06-01-2019_19-39-58-108000",
                "position": 1,
                "permissions": 35840
            }
        }
    },
    "id": "468281173072805889",
    "status": {
        "previous": {
            "11-01-2019_22-45-11-058689": "online",
            "10-01-2019_03-36-57-747790": "dnd",
            "11-01-2019_23-09-28-971572": "offline",
            "12-01-2019_01-16-58-662867": "dnd"
        },
        "current": "online"
    },
    "discriminator": {
        "previous": {},
        "current": "7725"
    },
    "joined_at": {
        "previous": {},
        "current": "06-01-2019_19-39-58-066171"
    },
    "voice": {
        "previous": {},
        "current": {
            "self_mute": false,
            "server_mute": false,
            "is_afk": false,
            "self_deaf": false,
            "channel": {
                "private": null,
                "id": null,
                "name": null
            },
            "server_deaf": false
        }
    },
    "name": {
        "previous": {},
        "current": "MarriageBot"
    },
    "display_name": {
        "previous": {},
        "current": "MarriageBot"
    },
    "game": {
        "previous": {
            "11-01-2019_22-45-11-058689": {
                "name": "m!help (shard 8)",
                "url": null,
                "type": 0
            },
            "10-01-2019_03-36-57-747790": {
                "name": "Restarting...",
                "url": null,
                "type": 0
            },
            "11-01-2019_23-09-28-971572": {
                "name": null,
                "url": null,
                "type": null
            },
            "12-01-2019_01-16-58-662867": {
                "name": "Restarting...",
                "url": null,
                "type": 0
            }
        },
        "current": {
            "name": "m!help (shard 8)",
            "url": null,
            "type": 0
        }
    }
}