{
    "display_name": {
        "current": "Nossie",
        "previous": {}
    },
    "discriminator": {
        "current": "7744",
        "previous": {}
    },
    "id": "156862097043619840",
    "name": {
        "current": "Lechaim",
        "previous": {}
    },
    "cookies": {
        "give": {
            "total_cookies": 0,
            "average": 0.0
        },
        "total_cookies": 0,
        "current_cookies": 0,
        "cookie_interest": 0,
        "active_epochs": 0,
        "get": {
            "total_cookies": 0,
            "average": 0.0
        },
        "cookie_transfer_quota": 0,
        "active_this_epoch": false,
        "cookies_in_jar": 0,
        "measured_epochs": 8
    },
    "game": {
        "current": {
            "name": null,
            "url": null,
            "type": null
        },
        "previous": {}
    },
    "status": {
        "current": "dnd",
        "previous": {
            "30-11-2018_14-33-05-991723": "dnd",
            "30-11-2018_15-15-14-971433": "offline",
            "23-11-2018_09-56-35-181914": "dnd",
            "29-11-2018_17-18-38-082476": "offline",
            "30-11-2018_15-49-54-556422": "offline",
            "27-11-2018_01-45-46-914286": "dnd",
            "26-11-2018_20-36-46-531378": "dnd",
            "30-11-2018_00-08-53-953188": "offline",
            "28-11-2018_00-16-39-854123": "dnd"
        }
    },
    "activity": {},
    "joined_at": {
        "current": "21-01-2018_14-54-11-370000",
        "previous": {}
    },
    "voice": {
        "current": {
            "server_deaf": false,
            "self_deaf": false,
            "is_afk": false,
            "channel": {
                "name": null,
                "private": null,
                "id": null
            },
            "server_mute": false,
            "self_mute": false
        },
        "previous": {}
    },
    "bot": false,
    "bans": {
        "current": "not banned",
        "previous": {}
    },
    "colour": {
        "current": 10181046,
        "previous": {}
    },
    "created_at": "08-03-2016_20-33-58-292000",
    "roles": {
        "current": {
            "403243508833452032": {
                "name": "@everyone",
                "position": 0,
                "permissions": 104324161,
                "created_at": "17-01-2018_17-45-44-408000",
                "colour": 0
            },
            "406515414722543617": {
                "name": "Zonnoser",
                "position": 5,
                "permissions": 104324169,
                "created_at": "26-01-2018_18-27-07-561000",
                "colour": 10181046
            },
            "403243729072160790": {
                "name": "Admin",
                "position": 6,
                "permissions": 104324169,
                "created_at": "17-01-2018_17-46-36-917000",
                "colour": 0
            }
        },
        "previous": {
            "29-11-2018_15-14-54-884202": {
                "403243508833452032": {
                    "name": "@everyone",
                    "position": 0,
                    "permissions": 104324161,
                    "created_at": "17-01-2018_17-45-44-408000",
                    "colour": 0
                },
                "406515414722543617": {
                    "name": "Zonnoser",
                    "position": 4,
                    "permissions": 104324169,
                    "created_at": "26-01-2018_18-27-07-561000",
                    "colour": 10181046
                },
                "403243729072160790": {
                    "name": "Admin",
                    "position": 5,
                    "permissions": 104324169,
                    "created_at": "17-01-2018_17-46-36-917000",
                    "colour": 0
                }
            }
        }
    }
}