{
    "display_name": {
        "current": "More Porn Bot",
        "previous": {}
    },
    "discriminator": {
        "current": "3909",
        "previous": {}
    },
    "id": "175974530098003968",
    "name": {
        "current": "Devnepte",
        "previous": {}
    },
    "cookies": {
        "give": {
            "total_cookies": 0,
            "average": 0.0
        },
        "total_cookies": 0,
        "current_cookies": 0,
        "cookie_interest": 0,
        "active_epochs": 0,
        "get": {
            "total_cookies": 0,
            "average": 0.0
        },
        "cookie_transfer_quota": 0,
        "active_this_epoch": false,
        "cookies_in_jar": 0,
        "measured_epochs": 2
    },
    "game": {
        "current": {
            "name": null,
            "url": null,
            "type": null
        },
        "previous": {}
    },
    "status": {
        "current": "offline",
        "previous": {
            "29-11-2018_21-17-26-105126": "offline",
            "30-11-2018_14-33-05-991723": "online",
            "28-11-2018_00-16-39-854123": "online",
            "30-11-2018_15-49-54-556422": "online",
            "27-11-2018_01-45-46-914286": "online",
            "26-11-2018_20-36-46-531378": "idle"
        }
    },
    "activity": {},
    "joined_at": {
        "current": "26-01-2018_18-26-33-034000",
        "previous": {}
    },
    "voice": {
        "current": {
            "server_deaf": false,
            "self_deaf": false,
            "is_afk": false,
            "channel": {
                "name": null,
                "private": null,
                "id": null
            },
            "server_mute": false,
            "self_mute": false
        },
        "previous": {}
    },
    "bot": false,
    "bans": {
        "current": "not banned",
        "previous": {}
    },
    "colour": {
        "current": 15765983,
        "previous": {}
    },
    "created_at": "30-04-2016_14-19-57-424000",
    "roles": {
        "current": {
            "406515511464165378": {
                "name": "Powwaahhh",
                "position": 4,
                "permissions": 104324169,
                "created_at": "26-01-2018_18-27-30-626000",
                "colour": 15765983
            },
            "403243508833452032": {
                "name": "@everyone",
                "position": 0,
                "permissions": 104324161,
                "created_at": "17-01-2018_17-45-44-408000",
                "colour": 0
            }
        },
        "previous": {
            "29-11-2018_15-14-54-884202": {
                "406515511464165378": {
                    "name": "Powwaahhh",
                    "position": 3,
                    "permissions": 104324169,
                    "created_at": "26-01-2018_18-27-30-626000",
                    "colour": 15765983
                },
                "403243508833452032": {
                    "name": "@everyone",
                    "position": 0,
                    "permissions": 104324161,
                    "created_at": "17-01-2018_17-45-44-408000",
                    "colour": 0
                }
            }
        }
    }
}