{
    "display_name": {
        "current": "Huggles",
        "previous": {}
    },
    "discriminator": {
        "current": "2246",
        "previous": {}
    },
    "id": "277112484102406145",
    "name": {
        "current": "Huggles",
        "previous": {}
    },
    "cookies": {
        "give": {
            "total_cookies": 0,
            "average": 0.0
        },
        "total_cookies": 0,
        "current_cookies": 0,
        "cookie_interest": 0,
        "active_epochs": 0,
        "get": {
            "total_cookies": 0,
            "average": 0.0
        },
        "cookie_transfer_quota": 0,
        "active_this_epoch": false,
        "cookies_in_jar": 0,
        "measured_epochs": 7
    },
    "game": {
        "current": {
            "name": null,
            "url": null,
            "type": null
        },
        "previous": {}
    },
    "status": {
        "current": "offline",
        "previous": {}
    },
    "activity": {},
    "joined_at": {
        "current": "25-10-2018_23-02-26-514000",
        "previous": {}
    },
    "voice": {
        "current": {
            "server_deaf": false,
            "self_deaf": false,
            "is_afk": false,
            "channel": {
                "name": null,
                "private": null,
                "id": null
            },
            "server_mute": false,
            "self_mute": false
        },
        "previous": {}
    },
    "bot": false,
    "bans": {
        "current": "not banned",
        "previous": {}
    },
    "colour": {
        "current": 0,
        "previous": {}
    },
    "created_at": "03-02-2017_16-26-04-711000",
    "roles": {
        "current": {
            "403243508833452032": {
                "name": "@everyone",
                "position": 0,
                "permissions": 104324161,
                "created_at": "17-01-2018_17-45-44-408000",
                "colour": 0
            }
        },
        "previous": {}
    }
}