{
    "name": {
        "previous": {},
        "current": "FrostFlame"
    },
    "bot": false,
    "game": {
        "previous": {
            "20-02-2019_17-25-27-597068": {
                "type": 0,
                "name": "Wizard of Legend",
                "url": null
            }
        },
        "current": {
            "type": null,
            "url": null,
            "name": null
        }
    },
    "activity": {},
    "roles": {
        "previous": {},
        "current": {
            "189416410542374912": {
                "permissions": 267774166,
                "position": 20,
                "colour": 3447003,
                "name": "Moderator",
                "created_at": "06-06-2016_16-33-11-460000"
            },
            "178667818152230912": {
                "permissions": 0,
                "position": 0,
                "colour": 0,
                "name": "@everyone",
                "created_at": "08-05-2016_00-42-07-335000"
            },
            "403272352223461387": {
                "permissions": 104187968,
                "position": 10,
                "colour": 0,
                "name": "Members",
                "created_at": "17-01-2018_19-40-21-208000"
            },
            "523917597138354193": {
                "permissions": 0,
                "position": 2,
                "colour": 16714995,
                "name": "Yeeters",
                "created_at": "16-12-2018_17-41-29-076000"
            },
            "403266285313589250": {
                "permissions": 0,
                "position": 11,
                "colour": 16777215,
                "name": "Abandoned Ones",
                "created_at": "17-01-2018_19-16-14-744000"
            },
            "373129696960970762": {
                "permissions": 0,
                "position": 23,
                "colour": 0,
                "name": "Staff",
                "created_at": "26-10-2017_15-24-12-170000"
            }
        }
    },
    "created_at": "28-01-2016_21-27-05-320000",
    "voice": {
        "previous": {},
        "current": {
            "channel": {
                "private": null,
                "id": null,
                "name": null
            },
            "server_mute": false,
            "server_deaf": false,
            "self_mute": false,
            "self_deaf": false,
            "is_afk": false
        }
    },
    "bans": {
        "previous": {},
        "current": "not banned"
    },
    "discriminator": {
        "previous": {},
        "current": "6009"
    },
    "joined_at": {
        "previous": {},
        "current": "20-02-2018_20-57-08-520487"
    },
    "status": {
        "previous": {
            "20-02-2019_17-25-27-597068": "idle"
        },
        "current": "online"
    },
    "id": "142379949783777281",
    "display_name": {
        "previous": {},
        "current": "Dagaz \u16de"
    },
    "colour": {
        "previous": {},
        "current": 3447003
    }
}