{
    "status": {
        "previous": {
            "19-02-2019_19-48-32-014694": "online",
            "20-02-2019_17-25-27-597068": "idle",
            "07-02-2019_22-30-45-401502": "idle",
            "08-02-2019_19-09-26-882805": "offline",
            "18-02-2019_21-46-13-382171": "offline",
            "31-01-2019_23-15-25-764869": "idle",
            "11-02-2019_22-51-39-999500": "offline",
            "20-02-2019_15-33-37-131892": "online",
            "30-01-2019_23-45-18-912162": "online",
            "16-02-2019_18-22-40-919504": "online",
            "18-02-2019_14-16-21-404972": "offline",
            "30-01-2019_14-51-49-215528": "offline",
            "10-02-2019_10-58-00-564986": "offline",
            "29-01-2019_23-34-56-773453": "online",
            "20-02-2019_12-17-25-010218": "offline",
            "08-02-2019_19-38-42-445767": "idle",
            "30-01-2019_22-01-10-201736": "online",
            "29-01-2019_19-57-05-628849": "offline",
            "12-02-2019_19-18-53-139616": "idle"
        },
        "current": "online"
    },
    "cookies": {
        "cookies_in_jar": 0,
        "give": {
            "total_cookies": 0,
            "average": 0.0
        },
        "total_cookies": 0,
        "active_this_epoch": false,
        "get": {
            "total_cookies": 0,
            "average": 0.0
        },
        "active_epochs": 0,
        "cookie_transfer_quota": 0,
        "current_cookies": 0,
        "measured_epochs": 4,
        "cookie_interest": 0
    },
    "bot": false,
    "game": {
        "previous": {
            "19-02-2019_19-48-32-014694": {
                "type": 2,
                "url": null,
                "name": "Spotify"
            },
            "20-02-2019_17-25-27-597068": {
                "type": null,
                "url": null,
                "name": null
            },
            "07-02-2019_22-30-45-401502": {
                "type": 0,
                "url": null,
                "name": "Kerbal Space Program"
            },
            "18-02-2019_21-46-13-382171": {
                "type": null,
                "url": null,
                "name": null
            },
            "31-01-2019_23-15-25-764869": {
                "type": null,
                "url": null,
                "name": null
            },
            "11-02-2019_22-51-39-999500": {
                "type": 2,
                "url": null,
                "name": "Spotify"
            },
            "30-01-2019_23-45-18-912162": {
                "type": 2,
                "url": null,
                "name": "Spotify"
            },
            "16-02-2019_18-22-40-919504": {
                "type": 0,
                "url": null,
                "name": "Call of Duty: Modern Warfare 3 - Dedicated Server"
            },
            "18-02-2019_14-16-21-404972": {
                "type": null,
                "url": null,
                "name": null
            },
            "30-01-2019_14-51-49-215528": {
                "type": null,
                "url": null,
                "name": null
            },
            "10-02-2019_10-58-00-564986": {
                "type": 2,
                "url": null,
                "name": "Spotify"
            },
            "29-01-2019_23-34-56-773453": {
                "type": 2,
                "url": null,
                "name": "Spotify"
            },
            "19-02-2019_17-56-03-144130": {
                "type": null,
                "url": null,
                "name": null
            },
            "20-02-2019_12-17-25-010218": {
                "type": 2,
                "url": null,
                "name": "Spotify"
            },
            "08-02-2019_19-38-42-445767": {
                "type": 2,
                "url": null,
                "name": "Spotify"
            },
            "09-02-2019_19-14-04-134526": {
                "type": null,
                "url": null,
                "name": null
            },
            "12-02-2019_19-03-22-820778": {
                "type": null,
                "url": null,
                "name": null
            },
            "12-02-2019_19-18-53-139616": {
                "type": 2,
                "url": null,
                "name": "Spotify"
            }
        },
        "current": {
            "type": 0,
            "url": null,
            "name": "Left 4 Dead 2"
        }
    },
    "activity": {
        "2019": {
            "2": {
                "10": {
                    "21": {
                        "523913649182605330": 1
                    }
                },
                "13": {
                    "17": {
                        "403084763591606273": 2
                    }
                },
                "19": {
                    "1": {
                        "523913649182605330": 4
                    },
                    "0": {
                        "535533512892219392": 1
                    }
                },
                "18": {
                    "17": {
                        "535533512892219392": 1
                    }
                },
                "16": {
                    "21": {
                        "403084813680115712": 4
                    }
                },
                "8": {
                    "23": {
                        "403084790401728512": 1,
                        "535533512892219392": 2
                    },
                    "0": {
                        "523913649182605330": 1
                    }
                },
                "1": {
                    "2": {
                        "403084790401728512": 1
                    },
                    "3": {
                        "403084655550791682": 1
                    },
                    "0": {
                        "523913649182605330": 11
                    }
                },
                "12": {
                    "3": {
                        "404067128786944002": 4
                    }
                },
                "9": {
                    "23": {
                        "523913649182605330": 2
                    },
                    "21": {
                        "523913649182605330": 1
                    },
                    "1": {
                        "535533512892219392": 2
                    },
                    "0": {
                        "535533512892219392": 3
                    }
                },
                "11": {
                    "0": {
                        "523913649182605330": 1
                    }
                },
                "5": {
                    "4": {
                        "404067128786944002": 1,
                        "403084655550791682": 22
                    },
                    "12": {
                        "404067128786944002": 2
                    }
                },
                "20": {
                    "23": {
                        "523913649182605330": 1
                    },
                    "22": {
                        "523913649182605330": 4
                    }
                }
            },
            "1": {
                "31": {
                    "23": {
                        "523913649182605330": 3,
                        "403084655550791682": 1
                    },
                    "2": {
                        "523913649182605330": 5
                    },
                    "1": {
                        "523913649182605330": 1
                    },
                    "0": {
                        "523913649182605330": 1
                    }
                }
            }
        }
    },
    "roles": {
        "previous": {
            "30-01-2019_23-45-18-912162": {
                "523917597138354193": {
                    "permissions": 0,
                    "position": 2,
                    "colour": 16714995,
                    "name": "Yeeters",
                    "created_at": "16-12-2018_17-41-29-076000"
                },
                "403266285313589250": {
                    "permissions": 0,
                    "position": 11,
                    "colour": 16777215,
                    "name": "Abandoned Ones",
                    "created_at": "17-01-2018_19-16-14-744000"
                },
                "178667818152230912": {
                    "permissions": 0,
                    "position": 0,
                    "colour": 0,
                    "name": "@everyone",
                    "created_at": "08-05-2016_00-42-07-335000"
                },
                "403272352223461387": {
                    "permissions": 104187968,
                    "position": 10,
                    "colour": 0,
                    "name": "Members",
                    "created_at": "17-01-2018_19-40-21-208000"
                }
            },
            "18-02-2019_14-16-21-404972": {
                "535533082678394880": {
                    "permissions": 0,
                    "position": 1,
                    "colour": 15277667,
                    "name": "Kinksters",
                    "created_at": "17-01-2019_18-57-16-634000"
                },
                "523917597138354193": {
                    "permissions": 0,
                    "position": 2,
                    "colour": 16714995,
                    "name": "Yeeters",
                    "created_at": "16-12-2018_17-41-29-076000"
                },
                "403266285313589250": {
                    "permissions": 0,
                    "position": 11,
                    "colour": 16777215,
                    "name": "Abandoned Ones",
                    "created_at": "17-01-2018_19-16-14-744000"
                },
                "178667818152230912": {
                    "permissions": 0,
                    "position": 0,
                    "colour": 0,
                    "name": "@everyone",
                    "created_at": "08-05-2016_00-42-07-335000"
                },
                "403272352223461387": {
                    "permissions": 104187968,
                    "position": 10,
                    "colour": 0,
                    "name": "Members",
                    "created_at": "17-01-2018_19-40-21-208000"
                }
            },
            "09-02-2019_19-14-04-134526": {
                "535533082678394880": {
                    "permissions": 0,
                    "position": 1,
                    "colour": 15277667,
                    "name": "Kinksters",
                    "created_at": "17-01-2019_18-57-16-634000"
                },
                "523917597138354193": {
                    "permissions": 0,
                    "position": 2,
                    "colour": 16714995,
                    "name": "Yeeters",
                    "created_at": "16-12-2018_17-41-29-076000"
                },
                "403266285313589250": {
                    "permissions": 0,
                    "position": 11,
                    "colour": 16777215,
                    "name": "Abandoned Ones",
                    "created_at": "17-01-2018_19-16-14-744000"
                },
                "178667818152230912": {
                    "permissions": 0,
                    "position": 0,
                    "colour": 0,
                    "name": "@everyone",
                    "created_at": "08-05-2016_00-42-07-335000"
                },
                "403272352223461387": {
                    "permissions": 104187968,
                    "position": 10,
                    "colour": 0,
                    "name": "Members",
                    "created_at": "17-01-2018_19-40-21-208000"
                }
            },
            "30-01-2019_14-51-49-215528": {
                "403266285313589250": {
                    "permissions": 0,
                    "position": 11,
                    "colour": 16777215,
                    "name": "Abandoned Ones",
                    "created_at": "17-01-2018_19-16-14-744000"
                },
                "178667818152230912": {
                    "permissions": 0,
                    "position": 0,
                    "colour": 0,
                    "name": "@everyone",
                    "created_at": "08-05-2016_00-42-07-335000"
                },
                "403272352223461387": {
                    "permissions": 104187968,
                    "position": 10,
                    "colour": 0,
                    "name": "Members",
                    "created_at": "17-01-2018_19-40-21-208000"
                }
            },
            "10-02-2019_10-58-00-564986": {
                "535533082678394880": {
                    "permissions": 0,
                    "position": 2,
                    "colour": 15277667,
                    "name": "Kinksters",
                    "created_at": "17-01-2019_18-57-16-634000"
                },
                "523917597138354193": {
                    "permissions": 0,
                    "position": 3,
                    "colour": 16714995,
                    "name": "Yeeters",
                    "created_at": "16-12-2018_17-41-29-076000"
                },
                "403266285313589250": {
                    "permissions": 0,
                    "position": 12,
                    "colour": 16777215,
                    "name": "Abandoned Ones",
                    "created_at": "17-01-2018_19-16-14-744000"
                },
                "178667818152230912": {
                    "permissions": 0,
                    "position": 0,
                    "colour": 0,
                    "name": "@everyone",
                    "created_at": "08-05-2016_00-42-07-335000"
                },
                "403272352223461387": {
                    "permissions": 104187968,
                    "position": 11,
                    "colour": 0,
                    "name": "Members",
                    "created_at": "17-01-2018_19-40-21-208000"
                }
            }
        },
        "current": {
            "535533082678394880": {
                "permissions": 0,
                "position": 1,
                "colour": 15277667,
                "name": "Kinksters",
                "created_at": "17-01-2019_18-57-16-634000"
            },
            "469889716435812353": {
                "permissions": 2146954743,
                "position": 25,
                "colour": 0,
                "name": "High Council",
                "created_at": "20-07-2018_15-33-58-527000"
            },
            "403272352223461387": {
                "permissions": 104187968,
                "position": 10,
                "colour": 0,
                "name": "Members",
                "created_at": "17-01-2018_19-40-21-208000"
            },
            "546806988374278187": {
                "permissions": 2146958839,
                "position": 27,
                "colour": 10181046,
                "name": "Head of Games",
                "created_at": "17-02-2019_21-35-45-211000"
            },
            "523917597138354193": {
                "permissions": 0,
                "position": 2,
                "colour": 16714995,
                "name": "Yeeters",
                "created_at": "16-12-2018_17-41-29-076000"
            },
            "403266285313589250": {
                "permissions": 0,
                "position": 11,
                "colour": 16777215,
                "name": "Abandoned Ones",
                "created_at": "17-01-2018_19-16-14-744000"
            },
            "373129696960970762": {
                "permissions": 0,
                "position": 23,
                "colour": 0,
                "name": "Staff",
                "created_at": "26-10-2017_15-24-12-170000"
            },
            "178667818152230912": {
                "permissions": 0,
                "position": 0,
                "colour": 0,
                "name": "@everyone",
                "created_at": "08-05-2016_00-42-07-335000"
            }
        }
    },
    "created_at": "27-06-2016_01-07-47-423000",
    "voice": {
        "previous": {
            "30-01-2019_23-45-18-912162": {
                "channel": {
                    "private": false,
                    "id": "523902470724911105",
                    "name": "simply-yeet"
                },
                "server_mute": false,
                "self_deaf": false,
                "self_mute": false,
                "server_deaf": false,
                "is_afk": false
            },
            "19-02-2019_19-48-32-014694": {
                "channel": {
                    "private": false,
                    "id": "523902470724911105",
                    "name": "simply-yeet"
                },
                "server_mute": false,
                "self_deaf": false,
                "self_mute": false,
                "server_deaf": false,
                "is_afk": false
            },
            "20-02-2019_17-25-27-597068": {
                "server_mute": false,
                "channel": {
                    "private": null,
                    "id": null,
                    "name": null
                },
                "self_deaf": false,
                "self_mute": false,
                "server_deaf": false,
                "is_afk": false
            },
            "18-02-2019_14-16-21-404972": {
                "channel": {
                    "private": null,
                    "id": null,
                    "name": null
                },
                "server_mute": false,
                "self_deaf": false,
                "self_mute": false,
                "server_deaf": false,
                "is_afk": false
            },
            "10-02-2019_10-58-00-564986": {
                "channel": {
                    "private": false,
                    "id": "523902470724911105",
                    "name": "simply-yeet"
                },
                "server_mute": false,
                "self_deaf": false,
                "self_mute": false,
                "server_deaf": false,
                "is_afk": false
            },
            "18-02-2019_21-46-13-382171": {
                "channel": {
                    "private": false,
                    "id": "523902470724911105",
                    "name": "simply-yeet"
                },
                "server_mute": false,
                "self_deaf": false,
                "self_mute": false,
                "server_deaf": false,
                "is_afk": false
            },
            "16-02-2019_18-22-40-919504": {
                "channel": {
                    "private": false,
                    "id": "523902470724911105",
                    "name": "simply-yeet"
                },
                "server_mute": false,
                "self_deaf": false,
                "self_mute": false,
                "server_deaf": false,
                "is_afk": false
            },
            "19-02-2019_17-56-03-144130": {
                "channel": {
                    "private": null,
                    "id": null,
                    "name": null
                },
                "server_mute": false,
                "self_deaf": false,
                "self_mute": false,
                "server_deaf": false,
                "is_afk": false
            },
            "31-01-2019_23-15-25-764869": {
                "channel": {
                    "private": false,
                    "id": "403283673647939595",
                    "name": "General"
                },
                "server_mute": false,
                "self_deaf": false,
                "self_mute": false,
                "server_deaf": false,
                "is_afk": false
            },
            "08-02-2019_19-38-42-445767": {
                "channel": {
                    "private": false,
                    "id": "535533609617195018",
                    "name": "Kinky Kat Chat"
                },
                "server_mute": false,
                "self_deaf": false,
                "self_mute": false,
                "server_deaf": false,
                "is_afk": false
            },
            "09-02-2019_19-14-04-134526": {
                "channel": {
                    "private": null,
                    "id": null,
                    "name": null
                },
                "server_mute": false,
                "self_deaf": false,
                "self_mute": false,
                "server_deaf": false,
                "is_afk": false
            }
        },
        "current": {
            "server_mute": false,
            "channel": {
                "private": false,
                "id": "523902470724911105",
                "name": "simply-yeet"
            },
            "server_deaf": false,
            "self_mute": false,
            "self_deaf": false,
            "is_afk": false
        }
    },
    "bans": {
        "previous": {},
        "current": "not banned"
    },
    "discriminator": {
        "previous": {},
        "current": "1838"
    },
    "joined_at": {
        "previous": {},
        "current": "28-01-2019_18-10-53-502563"
    },
    "name": {
        "previous": {
            "11-02-2019_22-51-39-999500": "Pinkman ZFT"
        },
        "current": "Genosi_Cal"
    },
    "id": "196793671029358592",
    "display_name": {
        "previous": {
            "12-02-2019_18-22-01-172163": "Genosi_CAl",
            "18-02-2019_14-16-21-404972": "Genosi_Cal"
        },
        "current": "Genosi_Cat"
    },
    "colour": {
        "previous": {
            "18-02-2019_14-16-21-404972": 16777215
        },
        "current": 10181046
    }
}