{
    "cookies": {
        "cookies_in_jar": 0,
        "get": {
            "total_cookies": 0,
            "average": 0
        },
        "total_cookies": 0,
        "active_this_epoch": false,
        "give": {
            "total_cookies": 0,
            "average": 0
        },
        "active_epochs": 0,
        "cookie_interest": 0,
        "current_cookies": 0,
        "measured_epochs": 0,
        "cookie_transfer_quota": 0
    },
    "name": {
        "previous": {},
        "current": "Krissu"
    },
    "bot": false,
    "game": {
        "previous": {},
        "current": {
            "type": null,
            "name": null,
            "url": null
        }
    },
    "activity": {},
    "roles": {
        "previous": {
            "20-02-2019_15-39-04-760214": {
                "403266269220175892": {
                    "permissions": 262208,
                    "position": 14,
                    "colour": 1033914,
                    "name": "Mythical Ones",
                    "created_at": "17-01-2018_19-16-10-907000"
                },
                "178667818152230912": {
                    "permissions": 0,
                    "position": 0,
                    "colour": 0,
                    "name": "@everyone",
                    "created_at": "08-05-2016_00-42-07-335000"
                },
                "403272352223461387": {
                    "permissions": 104187968,
                    "position": 10,
                    "colour": 0,
                    "name": "Members",
                    "created_at": "17-01-2018_19-40-21-208000"
                }
            }
        },
        "current": {
            "403266269220175892": {
                "permissions": 262208,
                "position": 14,
                "colour": 1033914,
                "name": "Mythical Ones",
                "created_at": "17-01-2018_19-16-10-907000"
            },
            "403266285313589250": {
                "permissions": 0,
                "position": 11,
                "colour": 16777215,
                "name": "Abandoned Ones",
                "created_at": "17-01-2018_19-16-14-744000"
            },
            "178667818152230912": {
                "permissions": 0,
                "position": 0,
                "colour": 0,
                "name": "@everyone",
                "created_at": "08-05-2016_00-42-07-335000"
            },
            "403272352223461387": {
                "permissions": 104187968,
                "position": 10,
                "colour": 0,
                "name": "Members",
                "created_at": "17-01-2018_19-40-21-208000"
            }
        }
    },
    "created_at": "03-02-2017_16-26-04-711000",
    "voice": {
        "previous": {},
        "current": {
            "channel": {
                "private": null,
                "id": null,
                "name": null
            },
            "server_mute": false,
            "server_deaf": false,
            "self_mute": false,
            "self_deaf": false,
            "is_afk": false
        }
    },
    "bans": {
        "previous": {},
        "current": "not banned"
    },
    "discriminator": {
        "previous": {},
        "current": "2246"
    },
    "joined_at": {
        "previous": {},
        "current": "09-01-2019_21-54-32-402938"
    },
    "status": {
        "previous": {},
        "current": "offline"
    },
    "id": "277112484102406145",
    "display_name": {
        "previous": {},
        "current": "Krissu"
    },
    "colour": {
        "previous": {},
        "current": 1033914
    }
}