{
    "cookies": {
        "cookies_in_jar": 0,
        "get": {
            "total_cookies": 0,
            "average": 0.0
        },
        "total_cookies": 0,
        "active_this_epoch": false,
        "give": {
            "total_cookies": 0,
            "average": 0.0
        },
        "active_epochs": 0,
        "cookie_interest": 0,
        "current_cookies": 0,
        "measured_epochs": 6,
        "cookie_transfer_quota": 0
    },
    "name": {
        "previous": {},
        "current": "Ely"
    },
    "bot": true,
    "game": {
        "previous": {},
        "current": {
            "type": null,
            "name": null,
            "url": null
        }
    },
    "activity": {
        "2019": {
            "1": {
                "23": {
                    "23": {
                        "403086645437661186": 5,
                        "535533512892219392": 4
                    }
                },
                "17": {
                    "23": {
                        "403086645437661186": 9
                    },
                    "22": {
                        "403086645437661186": 15,
                        "403086550851911681": 1
                    },
                    "19": {
                        "403086645437661186": 4
                    },
                    "21": {
                        "403086645437661186": 5,
                        "403086614600876032": 10
                    },
                    "20": {
                        "403086645437661186": 6,
                        "403089470091427860": 1
                    },
                    "2": {
                        "403086645437661186": 9
                    },
                    "1": {
                        "403086645437661186": 4
                    }
                },
                "10": {
                    "3": {
                        "403086645437661186": 4
                    },
                    "18": {
                        "403086645437661186": 6,
                        "403086614600876032": 5
                    },
                    "14": {
                        "403086645437661186": 4
                    },
                    "20": {
                        "403086645437661186": 4
                    },
                    "1": {
                        "403086645437661186": 2
                    },
                    "0": {
                        "403086645437661186": 69,
                        "403086614600876032": 3
                    }
                },
                "15": {
                    "21": {
                        "403086645437661186": 4
                    },
                    "0": {
                        "403086645437661186": 4
                    }
                },
                "19": {
                    "23": {
                        "403086645437661186": 4
                    },
                    "17": {
                        "403086645437661186": 4
                    },
                    "1": {
                        "403086645437661186": 20
                    },
                    "0": {
                        "403086645437661186": 12
                    }
                },
                "24": {
                    "1": {
                        "403086645437661186": 14
                    },
                    "0": {
                        "403086645437661186": 12
                    }
                },
                "18": {
                    "23": {
                        "403086645437661186": 94
                    },
                    "22": {
                        "403086645437661186": 32
                    },
                    "0": {
                        "403086645437661186": 10
                    },
                    "6": {
                        "403086645437661186": 4
                    },
                    "19": {
                        "403086645437661186": 10
                    },
                    "21": {
                        "403086645437661186": 140
                    },
                    "20": {
                        "403086645437661186": 8
                    },
                    "2": {
                        "403086645437661186": 2
                    },
                    "3": {
                        "403086645437661186": 4
                    },
                    "1": {
                        "403086645437661186": 49
                    }
                },
                "16": {
                    "15": {
                        "403086645437661186": 4
                    },
                    "2": {
                        "403086645437661186": 4
                    },
                    "19": {
                        "403086645437661186": 4
                    }
                },
                "14": {
                    "23": {
                        "403086645437661186": 16
                    },
                    "22": {
                        "403086645437661186": 22,
                        "403086614600876032": 6
                    },
                    "12": {
                        "403086645437661186": 4
                    },
                    "19": {
                        "403086645437661186": 4
                    },
                    "21": {
                        "403086645437661186": 8
                    },
                    "20": {
                        "403086645437661186": 8
                    },
                    "2": {
                        "403086645437661186": 4
                    },
                    "0": {
                        "403086645437661186": 17,
                        "403086614600876032": 7
                    }
                },
                "12": {
                    "16": {
                        "403086645437661186": 4
                    },
                    "1": {
                        "403086645437661186": 8
                    },
                    "0": {
                        "403086645437661186": 80
                    }
                },
                "25": {
                    "9": {
                        "403089512512880640": 1
                    },
                    "1": {
                        "403086645437661186": 2
                    }
                },
                "13": {
                    "23": {
                        "403086645437661186": 42,
                        "403086614600876032": 2,
                        "403084655550791682": 3
                    },
                    "7": {
                        "403086645437661186": 4
                    },
                    "19": {
                        "403086645437661186": 6
                    },
                    "1": {
                        "403086645437661186": 9,
                        "523913649182605330": 1
                    },
                    "8": {
                        "403086645437661186": 1,
                        "403086614600876032": 4
                    },
                    "20": {
                        "403086645437661186": 4
                    },
                    "2": {
                        "403086645437661186": 4
                    },
                    "0": {
                        "403086645437661186": 8
                    }
                },
                "30": {
                    "5": {
                        "403086645437661186": 9,
                        "403086614600876032": 10
                    },
                    "13": {
                        "403086645437661186": 4
                    }
                },
                "11": {
                    "23": {
                        "403086645437661186": 4
                    },
                    "22": {
                        "403086645437661186": 12
                    }
                },
                "31": {
                    "23": {
                        "403086645437661186": 66,
                        "403084655550791682": 4
                    },
                    "1": {
                        "403086645437661186": 4
                    },
                    "2": {
                        "403086645437661186": 4
                    },
                    "19": {
                        "403086645437661186": 8
                    },
                    "0": {
                        "403086645437661186": 4
                    }
                },
                "27": {
                    "13": {
                        "403086645437661186": 4
                    }
                },
                "20": {
                    "13": {
                        "403086645437661186": 4
                    },
                    "2": {
                        "403086645437661186": 4
                    },
                    "18": {
                        "403086645437661186": 4
                    }
                }
            },
            "2": {
                "17": {
                    "1": {
                        "403086645437661186": 8
                    }
                },
                "4": {
                    "17": {
                        "403086645437661186": 4
                    }
                },
                "19": {
                    "4": {
                        "403089512512880640": 1
                    },
                    "20": {
                        "403086645437661186": 4
                    },
                    "1": {
                        "403086645437661186": 12
                    },
                    "0": {
                        "403086645437661186": 4
                    }
                },
                "18": {
                    "22": {
                        "403086645437661186": 8,
                        "403086614600876032": 6
                    },
                    "15": {
                        "403086645437661186": 4
                    },
                    "21": {
                        "403086645437661186": 4
                    }
                },
                "16": {
                    "4": {
                        "403086645437661186": 4
                    },
                    "20": {
                        "403086645437661186": 4
                    }
                },
                "14": {
                    "14": {
                        "403086645437661186": 4
                    }
                },
                "1": {
                    "3": {
                        "403086645437661186": 2
                    },
                    "19": {
                        "403086645437661186": 2
                    },
                    "16": {
                        "403086645437661186": 10,
                        "403084655550791682": 6
                    },
                    "1": {
                        "403086645437661186": 4
                    },
                    "20": {
                        "403086645437661186": 33
                    },
                    "2": {
                        "403086645437661186": 16
                    },
                    "0": {
                        "403086645437661186": 18
                    }
                },
                "10": {
                    "21": {
                        "403086645437661186": 8
                    },
                    "15": {
                        "403086645437661186": 4
                    },
                    "19": {
                        "403086645437661186": 16
                    },
                    "18": {
                        "403086645437661186": 4
                    }
                },
                "3": {
                    "20": {
                        "403086645437661186": 2
                    },
                    "13": {
                        "403086645437661186": 4
                    }
                },
                "12": {
                    "6": {
                        "403086645437661186": 4
                    }
                },
                "9": {
                    "23": {
                        "403086645437661186": 14,
                        "410813767840956416": 9
                    },
                    "21": {
                        "403086645437661186": 4
                    },
                    "1": {
                        "403086645437661186": 13
                    },
                    "0": {
                        "403086645437661186": 16
                    },
                    "18": {
                        "403086645437661186": 8
                    }
                },
                "11": {
                    "0": {
                        "403086645437661186": 4
                    }
                },
                "5": {
                    "4": {
                        "403086645437661186": 66
                    }
                },
                "20": {
                    "17": {
                        "403086614600876032": 1
                    }
                },
                "2": {
                    "16": {
                        "403086645437661186": 4
                    },
                    "19": {
                        "403089470091427860": 1
                    }
                },
                "8": {
                    "23": {
                        "403086645437661186": 8
                    },
                    "1": {
                        "403086645437661186": 42,
                        "543213512046936077": 1,
                        "403190295841472513": 1
                    },
                    "0": {
                        "403086645437661186": 4
                    }
                }
            }
        },
        "2018": {
            "12": {
                "7": {
                    "9": {
                        "403086645437661186": 14,
                        "403086614600876032": 16
                    },
                    "8": {
                        "403086645437661186": 18,
                        "403086614600876032": 24
                    },
                    "19": {
                        "403086645437661186": 2,
                        "403086614600876032": 5
                    }
                },
                "9": {
                    "0": {
                        "403089470091427860": 1
                    }
                },
                "6": {
                    "16": {
                        "403086645437661186": 14,
                        "403086614600876032": 7
                    },
                    "17": {
                        "403086645437661186": 6,
                        "403086614600876032": 4
                    },
                    "0": {
                        "403086645437661186": 4,
                        "403086614600876032": 4
                    },
                    "21": {
                        "403086645437661186": 4,
                        "403086614600876032": 4
                    }
                },
                "16": {
                    "22": {
                        "403086645437661186": 4
                    }
                },
                "11": {
                    "16": {
                        "403086645437661186": 17,
                        "403119788370690048": 2,
                        "403086614600876032": 65,
                        "403086691646046209": 2
                    }
                },
                "5": {
                    "16": {
                        "403086645437661186": 43,
                        "403086614600876032": 56
                    },
                    "22": {
                        "403086645437661186": 9,
                        "403086614600876032": 11
                    },
                    "15": {
                        "403086645437661186": 28,
                        "403086614600876032": 52
                    },
                    "17": {
                        "403086645437661186": 7,
                        "403086614600876032": 17
                    }
                }
            }
        }
    },
    "roles": {
        "previous": {
            "16-12-2018_21-52-39-901037": {
                "403266285313589250": {
                    "permissions": 0,
                    "position": 11,
                    "colour": 16777215,
                    "name": "Abandoned Ones",
                    "created_at": "17-01-2018_19-16-14-744000"
                },
                "479754951917174784": {
                    "permissions": 0,
                    "position": 31,
                    "colour": 10181046,
                    "name": "Owner",
                    "created_at": "16-08-2018_20-54-53-953000"
                },
                "403239438802485259": {
                    "permissions": 7168,
                    "position": 12,
                    "colour": 7506394,
                    "name": "Bots",
                    "created_at": "17-01-2018_17-29-34-037000"
                },
                "403188474292994049": {
                    "permissions": 335019096,
                    "position": 17,
                    "colour": 0,
                    "name": "Elybot",
                    "created_at": "17-01-2018_14-07-03-151000"
                },
                "178667818152230912": {
                    "permissions": 0,
                    "position": 0,
                    "colour": 0,
                    "name": "@everyone",
                    "created_at": "08-05-2016_00-42-07-335000"
                }
            },
            "25-01-2019_00-26-23-076062": {
                "403266285313589250": {
                    "permissions": 0,
                    "position": 10,
                    "colour": 16777215,
                    "name": "Abandoned Ones",
                    "created_at": "17-01-2018_19-16-14-744000"
                },
                "403239438802485259": {
                    "permissions": 0,
                    "position": 11,
                    "colour": 13079310,
                    "name": "Bots",
                    "created_at": "17-01-2018_17-29-34-037000"
                },
                "403188474292994049": {
                    "permissions": 335019096,
                    "position": 16,
                    "colour": 0,
                    "name": "Elybot",
                    "created_at": "17-01-2018_14-07-03-151000"
                },
                "178667818152230912": {
                    "permissions": 0,
                    "position": 0,
                    "colour": 0,
                    "name": "@everyone",
                    "created_at": "08-05-2016_00-42-07-335000"
                }
            },
            "07-12-2018_09-02-35-892853": {
                "403266285313589250": {
                    "permissions": 0,
                    "position": 12,
                    "colour": 16777215,
                    "name": "Abandoned Ones",
                    "created_at": "17-01-2018_19-16-14-744000"
                },
                "479754951917174784": {
                    "permissions": 0,
                    "position": 31,
                    "colour": 10181046,
                    "name": "Owner",
                    "created_at": "16-08-2018_20-54-53-953000"
                },
                "403239438802485259": {
                    "permissions": 7168,
                    "position": 10,
                    "colour": 7506394,
                    "name": "Bots",
                    "created_at": "17-01-2018_17-29-34-037000"
                },
                "403188474292994049": {
                    "permissions": 335019096,
                    "position": 17,
                    "colour": 0,
                    "name": "Elybot",
                    "created_at": "17-01-2018_14-07-03-151000"
                },
                "178667818152230912": {
                    "permissions": 0,
                    "position": 0,
                    "colour": 0,
                    "name": "@everyone",
                    "created_at": "08-05-2016_00-42-07-335000"
                }
            },
            "07-02-2019_22-30-45-401502": {
                "403266285313589250": {
                    "permissions": 0,
                    "position": 11,
                    "colour": 16777215,
                    "name": "Abandoned Ones",
                    "created_at": "17-01-2018_19-16-14-744000"
                },
                "403239438802485259": {
                    "permissions": 0,
                    "position": 8,
                    "colour": 13079310,
                    "name": "Bots",
                    "created_at": "17-01-2018_17-29-34-037000"
                },
                "403188474292994049": {
                    "permissions": 335019096,
                    "position": 28,
                    "colour": 15158332,
                    "name": "Fire Nation Prince",
                    "created_at": "17-01-2018_14-07-03-151000"
                },
                "178667818152230912": {
                    "permissions": 0,
                    "position": 0,
                    "colour": 0,
                    "name": "@everyone",
                    "created_at": "08-05-2016_00-42-07-335000"
                }
            },
            "18-02-2019_14-16-21-404972": {
                "403266285313589250": {
                    "permissions": 0,
                    "position": 11,
                    "colour": 16777215,
                    "name": "Abandoned Ones",
                    "created_at": "17-01-2018_19-16-14-744000"
                },
                "403239438802485259": {
                    "permissions": 0,
                    "position": 8,
                    "colour": 13079310,
                    "name": "Bots",
                    "created_at": "17-01-2018_17-29-34-037000"
                },
                "403188474292994049": {
                    "permissions": 335019096,
                    "position": 30,
                    "colour": 15158332,
                    "name": "God",
                    "created_at": "17-01-2018_14-07-03-151000"
                },
                "178667818152230912": {
                    "permissions": 0,
                    "position": 0,
                    "colour": 0,
                    "name": "@everyone",
                    "created_at": "08-05-2016_00-42-07-335000"
                }
            },
            "10-02-2019_10-58-00-564986": {
                "403266285313589250": {
                    "permissions": 0,
                    "position": 12,
                    "colour": 16777215,
                    "name": "Abandoned Ones",
                    "created_at": "17-01-2018_19-16-14-744000"
                },
                "403239438802485259": {
                    "permissions": 0,
                    "position": 9,
                    "colour": 13079310,
                    "name": "Bots",
                    "created_at": "17-01-2018_17-29-34-037000"
                },
                "403188474292994049": {
                    "permissions": 335019096,
                    "position": 29,
                    "colour": 15158332,
                    "name": "Avatar",
                    "created_at": "17-01-2018_14-07-03-151000"
                },
                "178667818152230912": {
                    "permissions": 0,
                    "position": 0,
                    "colour": 0,
                    "name": "@everyone",
                    "created_at": "08-05-2016_00-42-07-335000"
                }
            },
            "17-01-2019_17-37-42-106001": {
                "403266285313589250": {
                    "permissions": 0,
                    "position": 9,
                    "colour": 16777215,
                    "name": "Abandoned Ones",
                    "created_at": "17-01-2018_19-16-14-744000"
                },
                "403239438802485259": {
                    "permissions": 0,
                    "position": 10,
                    "colour": 13079310,
                    "name": "Bots",
                    "created_at": "17-01-2018_17-29-34-037000"
                },
                "403188474292994049": {
                    "permissions": 335019096,
                    "position": 15,
                    "colour": 0,
                    "name": "Elybot",
                    "created_at": "17-01-2018_14-07-03-151000"
                },
                "178667818152230912": {
                    "permissions": 0,
                    "position": 0,
                    "colour": 0,
                    "name": "@everyone",
                    "created_at": "08-05-2016_00-42-07-335000"
                }
            },
            "25-01-2019_18-03-01-080213": {
                "403266285313589250": {
                    "permissions": 0,
                    "position": 12,
                    "colour": 16777215,
                    "name": "Abandoned Ones",
                    "created_at": "17-01-2018_19-16-14-744000"
                },
                "403239438802485259": {
                    "permissions": 0,
                    "position": 9,
                    "colour": 13079310,
                    "name": "Bots",
                    "created_at": "17-01-2018_17-29-34-037000"
                },
                "403188474292994049": {
                    "permissions": 335019096,
                    "position": 16,
                    "colour": 0,
                    "name": "Elybot",
                    "created_at": "17-01-2018_14-07-03-151000"
                },
                "178667818152230912": {
                    "permissions": 0,
                    "position": 0,
                    "colour": 0,
                    "name": "@everyone",
                    "created_at": "08-05-2016_00-42-07-335000"
                }
            },
            "06-12-2018_00-55-15-699438": {
                "403266285313589250": {
                    "permissions": 0,
                    "position": 13,
                    "colour": 16777215,
                    "name": "Abandoned Ones",
                    "created_at": "17-01-2018_19-16-14-744000"
                },
                "479754951917174784": {
                    "permissions": 0,
                    "position": 32,
                    "colour": 10181046,
                    "name": "Owner",
                    "created_at": "16-08-2018_20-54-53-953000"
                },
                "403239438802485259": {
                    "permissions": 7168,
                    "position": 11,
                    "colour": 7506394,
                    "name": "Bots",
                    "created_at": "17-01-2018_17-29-34-037000"
                },
                "403188474292994049": {
                    "permissions": 335019088,
                    "position": 18,
                    "colour": 0,
                    "name": "Elybot",
                    "created_at": "17-01-2018_14-07-03-151000"
                },
                "178667818152230912": {
                    "permissions": 0,
                    "position": 0,
                    "colour": 0,
                    "name": "@everyone",
                    "created_at": "08-05-2016_00-42-07-335000"
                }
            },
            "09-02-2019_19-14-04-134526": {
                "403266285313589250": {
                    "permissions": 0,
                    "position": 11,
                    "colour": 16777215,
                    "name": "Abandoned Ones",
                    "created_at": "17-01-2018_19-16-14-744000"
                },
                "403239438802485259": {
                    "permissions": 0,
                    "position": 8,
                    "colour": 13079310,
                    "name": "Bots",
                    "created_at": "17-01-2018_17-29-34-037000"
                },
                "403188474292994049": {
                    "permissions": 335019096,
                    "position": 28,
                    "colour": 15158332,
                    "name": "Avatar",
                    "created_at": "17-01-2018_14-07-03-151000"
                },
                "178667818152230912": {
                    "permissions": 0,
                    "position": 0,
                    "colour": 0,
                    "name": "@everyone",
                    "created_at": "08-05-2016_00-42-07-335000"
                }
            },
            "10-01-2019_00-18-24-072293": {
                "403266285313589250": {
                    "permissions": 0,
                    "position": 8,
                    "colour": 16777215,
                    "name": "Abandoned Ones",
                    "created_at": "17-01-2018_19-16-14-744000"
                },
                "479754951917174784": {
                    "permissions": 0,
                    "position": 27,
                    "colour": 10181046,
                    "name": "Owner",
                    "created_at": "16-08-2018_20-54-53-953000"
                },
                "403239438802485259": {
                    "permissions": 7168,
                    "position": 9,
                    "colour": 7506394,
                    "name": "Bots",
                    "created_at": "17-01-2018_17-29-34-037000"
                },
                "403188474292994049": {
                    "permissions": 335019096,
                    "position": 13,
                    "colour": 0,
                    "name": "Elybot",
                    "created_at": "17-01-2018_14-07-03-151000"
                },
                "178667818152230912": {
                    "permissions": 0,
                    "position": 0,
                    "colour": 0,
                    "name": "@everyone",
                    "created_at": "08-05-2016_00-42-07-335000"
                }
            }
        },
        "current": {
            "403266285313589250": {
                "permissions": 0,
                "position": 11,
                "colour": 16777215,
                "name": "Abandoned Ones",
                "created_at": "17-01-2018_19-16-14-744000"
            },
            "403239438802485259": {
                "permissions": 0,
                "position": 8,
                "colour": 13079310,
                "name": "Bots",
                "created_at": "17-01-2018_17-29-34-037000"
            },
            "403188474292994049": {
                "permissions": 335019096,
                "position": 34,
                "colour": 15158332,
                "name": "God",
                "created_at": "17-01-2018_14-07-03-151000"
            },
            "178667818152230912": {
                "permissions": 0,
                "position": 0,
                "colour": 0,
                "name": "@everyone",
                "created_at": "08-05-2016_00-42-07-335000"
            }
        }
    },
    "created_at": "21-06-2017_13-33-13-742000",
    "voice": {
        "previous": {},
        "current": {
            "channel": {
                "private": null,
                "id": null,
                "name": null
            },
            "server_mute": false,
            "server_deaf": false,
            "self_mute": false,
            "self_deaf": false,
            "is_afk": false
        }
    },
    "bans": {
        "previous": {},
        "current": "not banned"
    },
    "discriminator": {
        "previous": {},
        "current": "3141"
    },
    "joined_at": {
        "previous": {},
        "current": "17-01-2018_14-07-03-149000"
    },
    "status": {
        "previous": {},
        "current": "online"
    },
    "id": "327078510558445570",
    "display_name": {
        "previous": {
            "07-02-2019_22-30-45-401502": "Fire  Prince Ely"
        },
        "current": "Avatar Ely"
    },
    "colour": {
        "previous": {
            "25-01-2019_00-26-23-076062": 13079310,
            "07-02-2019_22-30-45-401502": 16777215,
            "10-01-2019_00-18-24-072293": 10181046
        },
        "current": 15158332
    }
}