{
    "name": {
        "previous": {},
        "current": "Neon"
    },
    "bot": false,
    "game": {
        "previous": {
            "20-02-2019_17-25-27-597068": {
                "type": null,
                "name": null,
                "url": null
            }
        },
        "current": {
            "type": 0,
            "url": null,
            "name": "Warframe"
        }
    },
    "activity": {},
    "roles": {
        "previous": {},
        "current": {
            "469889716435812353": {
                "permissions": 2146954743,
                "position": 25,
                "colour": 0,
                "name": "High Council",
                "created_at": "20-07-2018_15-33-58-527000"
            },
            "469889439775326208": {
                "permissions": 0,
                "position": 28,
                "colour": 16741437,
                "name": "Head of Media",
                "created_at": "20-07-2018_15-32-52-566000"
            },
            "403272352223461387": {
                "permissions": 104187968,
                "position": 10,
                "colour": 0,
                "name": "Members",
                "created_at": "17-01-2018_19-40-21-208000"
            },
            "401845161266642944": {
                "permissions": 0,
                "position": 18,
                "colour": 7962319,
                "name": "Media Creators",
                "created_at": "13-01-2018_21-09-12-368000"
            },
            "523917597138354193": {
                "permissions": 0,
                "position": 2,
                "colour": 16714995,
                "name": "Yeeters",
                "created_at": "16-12-2018_17-41-29-076000"
            },
            "403266285313589250": {
                "permissions": 0,
                "position": 11,
                "colour": 16777215,
                "name": "Abandoned Ones",
                "created_at": "17-01-2018_19-16-14-744000"
            },
            "373129696960970762": {
                "permissions": 0,
                "position": 23,
                "colour": 0,
                "name": "Staff",
                "created_at": "26-10-2017_15-24-12-170000"
            },
            "178667818152230912": {
                "permissions": 0,
                "position": 0,
                "colour": 0,
                "name": "@everyone",
                "created_at": "08-05-2016_00-42-07-335000"
            }
        }
    },
    "created_at": "10-07-2017_20-38-03-579000",
    "voice": {
        "previous": {},
        "current": {
            "channel": {
                "private": null,
                "id": null,
                "name": null
            },
            "server_mute": false,
            "server_deaf": false,
            "self_mute": false,
            "self_deaf": false,
            "is_afk": false
        }
    },
    "bans": {
        "previous": {},
        "current": "not banned"
    },
    "discriminator": {
        "previous": {},
        "current": "3285"
    },
    "joined_at": {
        "previous": {},
        "current": "17-01-2018_09-28-15-816000"
    },
    "status": {
        "previous": {
            "20-02-2019_17-25-27-597068": "idle"
        },
        "current": "online"
    },
    "id": "334070792130265108",
    "display_name": {
        "previous": {},
        "current": "S. Tribal Chief Neon"
    },
    "colour": {
        "previous": {},
        "current": 16741437
    }
}