{
    "status": {
        "previous": {
            "16-12-2018_21-52-39-901037": "online",
            "19-02-2019_19-48-32-014694": "dnd",
            "20-02-2019_17-25-27-597068": "idle",
            "08-02-2019_19-09-26-882805": "offline",
            "11-02-2019_22-51-39-999500": "dnd",
            "06-12-2018_17-09-51-137367": "dnd",
            "19-01-2019_13-47-02-065430": "offline",
            "27-01-2019_13-19-36-209606": "online",
            "17-01-2019_17-37-42-106001": "online",
            "13-01-2019_18-58-47-852165": "offline",
            "18-02-2019_14-16-21-404972": "offline",
            "30-01-2019_14-51-49-215528": "offline",
            "10-02-2019_10-58-00-564986": "offline",
            "16-01-2019_15-03-07-147943": "offline",
            "09-02-2019_19-14-04-134526": "dnd",
            "17-12-2018_08-19-13-303562": "online",
            "08-12-2018_15-44-11-058097": "dnd",
            "07-02-2019_22-30-45-401502": "dnd",
            "07-12-2018_09-02-35-892853": "dnd",
            "05-12-2018_16-27-33-714312": "dnd",
            "16-02-2019_18-22-40-919504": "online",
            "20-02-2019_17-13-00-767618": "idle",
            "23-01-2019_23-06-46-438605": "online",
            "29-01-2019_23-34-56-773453": "dnd",
            "08-02-2019_19-38-42-445767": "online",
            "26-01-2019_15-44-45-130911": "online",
            "12-02-2019_19-18-53-139616": "online",
            "13-01-2019_23-58-57-488890": "offline",
            "25-01-2019_15-28-36-671537": "online",
            "25-01-2019_18-03-01-080213": "online",
            "29-01-2019_19-57-05-628849": "offline",
            "18-01-2019_23-28-09-275982": "online",
            "05-12-2018_23-17-11-812802": "dnd",
            "18-01-2019_15-04-28-265172": "offline",
            "10-01-2019_00-18-24-072293": "offline",
            "30-01-2019_23-45-18-912162": "online",
            "27-01-2019_00-03-40-224296": "online",
            "23-01-2019_21-15-24-922386": "online",
            "15-01-2019_20-05-24-063373": "online",
            "16-01-2019_22-00-47-241502": "online",
            "25-01-2019_00-26-23-076062": "online",
            "20-02-2019_17-08-13-819828": "offline",
            "18-02-2019_21-46-13-382171": "dnd",
            "31-01-2019_19-29-23-149190": "offline",
            "31-01-2019_23-15-25-764869": "offline",
            "16-12-2018_22-46-26-221531": "offline",
            "06-12-2018_19-01-41-672098": "dnd",
            "12-01-2019_01-16-58-662867": "online",
            "19-01-2019_23-47-11-591556": "online",
            "19-02-2019_17-56-03-144130": "offline",
            "10-01-2019_03-36-57-747790": "offline"
        },
        "current": "online"
    },
    "cookies": {
        "cookies_in_jar": 0,
        "give": {
            "total_cookies": 0,
            "average": 0.0
        },
        "total_cookies": 0,
        "active_this_epoch": false,
        "get": {
            "total_cookies": 0,
            "average": 0.0
        },
        "active_epochs": 0,
        "cookie_transfer_quota": 0,
        "current_cookies": 0,
        "measured_epochs": 13,
        "cookie_interest": 0
    },
    "bot": false,
    "game": {
        "previous": {
            "13-01-2019_23-58-57-488890": {
                "type": null,
                "url": null,
                "name": null
            },
            "20-02-2019_17-25-27-597068": {
                "type": null,
                "url": null,
                "name": null
            },
            "07-02-2019_22-30-45-401502": {
                "type": 2,
                "url": null,
                "name": "Spotify"
            },
            "12-01-2019_01-16-58-662867": {
                "type": 0,
                "url": null,
                "name": "Elsword"
            },
            "31-01-2019_23-15-25-764869": {
                "type": 2,
                "url": null,
                "name": "Spotify"
            },
            "10-01-2019_00-18-24-072293": {
                "type": 0,
                "url": null,
                "name": "RuneScape"
            },
            "13-01-2019_18-58-47-852165": {
                "type": 2,
                "url": null,
                "name": "Spotify"
            },
            "10-02-2019_10-58-00-564986": {
                "type": 0,
                "url": null,
                "name": "Left 4 Dead 2"
            },
            "11-01-2019_22-45-11-058689": {
                "type": 0,
                "url": null,
                "name": "Spiral Knights"
            },
            "10-01-2019_03-36-57-747790": {
                "type": null,
                "url": null,
                "name": null
            },
            "15-01-2019_20-05-24-063373": {
                "type": 0,
                "url": null,
                "name": "Dead Frontier 2"
            },
            "08-02-2019_19-38-42-445767": {
                "type": 0,
                "url": null,
                "name": "Left 4 Dead 2"
            },
            "09-02-2019_19-14-04-134526": {
                "type": 2,
                "url": null,
                "name": "Spotify"
            }
        },
        "current": {
            "type": 0,
            "url": null,
            "name": "Left 4 Dead 2"
        }
    },
    "activity": {
        "2019": {
            "2": {
                "17": {
                    "1": {
                        "523913649182605330": 2
                    }
                },
                "12": {
                    "4": {
                        "523913649182605330": 1
                    }
                },
                "15": {
                    "0": {
                        "403084655550791682": 1
                    }
                },
                "19": {
                    "23": {
                        "523913649182605330": 7
                    },
                    "0": {
                        "523913649182605330": 1
                    }
                },
                "18": {
                    "23": {
                        "523913649182605330": 2,
                        "403084763591606273": 1
                    },
                    "22": {
                        "523913649182605330": 1,
                        "535533512892219392": 1
                    },
                    "14": {
                        "410813767840956416": 4
                    },
                    "15": {
                        "535533512892219392": 1
                    },
                    "21": {
                        "523913649182605330": 2
                    }
                },
                "16": {
                    "20": {
                        "523913649182605330": 1
                    },
                    "19": {
                        "403084655550791682": 4
                    }
                },
                "8": {
                    "23": {
                        "535533512892219392": 1
                    },
                    "2": {
                        "523913649182605330": 1,
                        "409087531074977832": 1
                    },
                    "1": {
                        "523913649182605330": 1,
                        "543213512046936077": 9,
                        "403190295841472513": 1
                    }
                },
                "1": {
                    "17": {
                        "403084655550791682": 2
                    },
                    "0": {
                        "403084763591606273": 2
                    },
                    "19": {
                        "403084655550791682": 3
                    },
                    "20": {
                        "523913649182605330": 4,
                        "403086550851911681": 1,
                        "403084763591606273": 2
                    },
                    "2": {
                        "404067128786944002": 3,
                        "403086550851911681": 1,
                        "403084655550791682": 9
                    },
                    "3": {
                        "403084655550791682": 1
                    }
                },
                "10": {
                    "19": {
                        "403084655550791682": 3
                    },
                    "18": {
                        "403084655550791682": 8
                    }
                },
                "9": {
                    "22": {
                        "523913649182605330": 1
                    },
                    "19": {
                        "523913649182605330": 7
                    },
                    "18": {
                        "523913649182605330": 2,
                        "403084655550791682": 3
                    },
                    "20": {
                        "523913649182605330": 1
                    },
                    "1": {
                        "409087531074977832": 1,
                        "535533512892219392": 2
                    },
                    "0": {
                        "535533512892219392": 2
                    }
                },
                "13": {
                    "17": {
                        "403084763591606273": 2
                    },
                    "4": {
                        "403084763591606273": 1
                    }
                },
                "4": {
                    "1": {
                        "523913649182605330": 4
                    }
                },
                "5": {
                    "4": {
                        "403084655550791682": 12
                    },
                    "1": {
                        "403084655550791682": 3
                    }
                },
                "20": {
                    "22": {
                        "523913649182605330": 1
                    },
                    "1": {
                        "523913649182605330": 2
                    },
                    "0": {
                        "523913649182605330": 1
                    }
                },
                "14": {
                    "16": {
                        "403084655550791682": 1
                    },
                    "23": {
                        "403084655550791682": 1
                    },
                    "19": {
                        "403084655550791682": 1
                    },
                    "21": {
                        "403084655550791682": 1
                    }
                }
            },
            "1": {
                "17": {
                    "23": {
                        "523913649182605330": 1,
                        "535533512892219392": 6
                    },
                    "22": {
                        "403084763591606273": 1,
                        "535533512892219392": 3
                    },
                    "21": {
                        "535533512892219392": 4
                    },
                    "20": {
                        "523913649182605330": 8
                    },
                    "2": {
                        "523913649182605330": 5
                    },
                    "1": {
                        "523913649182605330": 1
                    }
                },
                "10": {
                    "15": {
                        "523913649182605330": 1
                    },
                    "19": {
                        "523913649182605330": 1
                    },
                    "16": {
                        "523913649182605330": 1
                    },
                    "21": {
                        "523913649182605330": 1
                    },
                    "20": {
                        "523913649182605330": 1
                    },
                    "2": {
                        "523913649182605330": 2
                    },
                    "0": {
                        "523913649182605330": 1
                    },
                    "3": {
                        "523913649182605330": 1
                    },
                    "1": {
                        "523913649182605330": 2
                    }
                },
                "13": {
                    "23": {
                        "523913649182605330": 11
                    },
                    "20": {
                        "523913649182605330": 2
                    },
                    "1": {
                        "523913649182605330": 15
                    },
                    "19": {
                        "523913649182605330": 1
                    },
                    "0": {
                        "523913649182605330": 1
                    }
                },
                "19": {
                    "23": {
                        "535533512892219392": 1
                    },
                    "2": {
                        "403084813680115712": 1
                    },
                    "1": {
                        "403084763591606273": 3,
                        "535533512892219392": 7
                    },
                    "0": {
                        "535533512892219392": 8
                    }
                },
                "18": {
                    "23": {
                        "523913649182605330": 1,
                        "535533512892219392": 9
                    },
                    "22": {
                        "535533512892219392": 1
                    },
                    "3": {
                        "523913649182605330": 1
                    },
                    "19": {
                        "403084763591606273": 1,
                        "535533512892219392": 6
                    },
                    "18": {
                        "535533512892219392": 2
                    },
                    "21": {
                        "535533512892219392": 26
                    },
                    "20": {
                        "535533512892219392": 8
                    },
                    "1": {
                        "523913649182605330": 2,
                        "535533512892219392": 14
                    },
                    "0": {
                        "523913649182605330": 2,
                        "535533512892219392": 6
                    }
                },
                "16": {
                    "23": {
                        "523913649182605330": 1
                    },
                    "22": {
                        "404067128786944002": 2
                    },
                    "19": {
                        "403084763591606273": 10,
                        "403084655550791682": 7
                    },
                    "2": {
                        "404067128786944002": 2
                    },
                    "20": {
                        "523913649182605330": 1
                    },
                    "1": {
                        "404067128786944002": 1
                    }
                },
                "26": {
                    "1": {
                        "403084763591606273": 1
                    },
                    "18": {
                        "403084763591606273": 2
                    }
                },
                "14": {
                    "22": {
                        "523913649182605330": 4
                    },
                    "0": {
                        "523913649182605330": 3
                    },
                    "19": {
                        "523913649182605330": 1
                    },
                    "18": {
                        "523913649182605330": 2
                    },
                    "21": {
                        "523913649182605330": 1,
                        "429587017324691466": 1
                    },
                    "17": {
                        "403084655550791682": 1
                    }
                },
                "12": {
                    "17": {
                        "523913649182605330": 8
                    },
                    "0": {
                        "523913649182605330": 9
                    },
                    "19": {
                        "523913649182605330": 4
                    },
                    "16": {
                        "523913649182605330": 8
                    },
                    "2": {
                        "523913649182605330": 2
                    },
                    "1": {
                        "523913649182605330": 8
                    },
                    "3": {
                        "523913649182605330": 2
                    }
                },
                "25": {
                    "2": {
                        "403084068100636672": 1
                    },
                    "15": {
                        "535533512892219392": 1
                    },
                    "1": {
                        "403084763591606273": 1,
                        "535533512892219392": 2
                    },
                    "0": {
                        "523913649182605330": 1
                    },
                    "18": {
                        "523913649182605330": 1
                    }
                },
                "15": {
                    "22": {
                        "403084655550791682": 1
                    },
                    "0": {
                        "523913649182605330": 2
                    },
                    "21": {
                        "523913649182605330": 1
                    }
                },
                "21": {
                    "0": {
                        "535533512892219392": 1
                    }
                },
                "31": {
                    "23": {
                        "523913649182605330": 3,
                        "403084763591606273": 1,
                        "403084655550791682": 1
                    },
                    "0": {
                        "523913649182605330": 1,
                        "535533512892219392": 1
                    }
                },
                "11": {
                    "22": {
                        "523913649182605330": 4
                    }
                },
                "20": {
                    "23": {
                        "535533512892219392": 2
                    },
                    "0": {
                        "535533512892219392": 1
                    },
                    "18": {
                        "403084655550791682": 5
                    }
                }
            }
        },
        "2018": {
            "12": {
                "16": {
                    "22": {
                        "523913649182605330": 2
                    }
                },
                "9": {
                    "0": {
                        "403084655550791682": 1
                    }
                }
            }
        }
    },
    "roles": {
        "previous": {
            "16-12-2018_21-52-39-901037": {
                "373129696960970762": {
                    "permissions": 0,
                    "position": 18,
                    "colour": 16711680,
                    "name": "Staff",
                    "created_at": "26-10-2017_15-24-12-170000"
                },
                "403266285313589250": {
                    "permissions": 0,
                    "position": 11,
                    "colour": 16777215,
                    "name": "Abandoned Ones",
                    "created_at": "17-01-2018_19-16-14-744000"
                },
                "400699163026653184": {
                    "permissions": 129,
                    "position": 21,
                    "colour": 16728548,
                    "name": "Community Managers",
                    "created_at": "10-01-2018_17-15-25-096000"
                },
                "178667818152230912": {
                    "permissions": 0,
                    "position": 0,
                    "colour": 0,
                    "name": "@everyone",
                    "created_at": "08-05-2016_00-42-07-335000"
                },
                "403272352223461387": {
                    "permissions": 104187968,
                    "position": 10,
                    "colour": 0,
                    "name": "Members",
                    "created_at": "17-01-2018_19-40-21-208000"
                }
            },
            "25-01-2019_00-26-23-076062": {
                "178667818152230912": {
                    "permissions": 0,
                    "position": 0,
                    "colour": 0,
                    "name": "@everyone",
                    "created_at": "08-05-2016_00-42-07-335000"
                },
                "403272352223461387": {
                    "permissions": 104187968,
                    "position": 9,
                    "colour": 0,
                    "name": "Members",
                    "created_at": "17-01-2018_19-40-21-208000"
                },
                "535533082678394880": {
                    "permissions": 0,
                    "position": 1,
                    "colour": 15277667,
                    "name": "Kinksters",
                    "created_at": "17-01-2019_18-57-16-634000"
                },
                "523917597138354193": {
                    "permissions": 0,
                    "position": 2,
                    "colour": 16714995,
                    "name": "Yeeters",
                    "created_at": "16-12-2018_17-41-29-076000"
                },
                "403266285313589250": {
                    "permissions": 0,
                    "position": 10,
                    "colour": 16777215,
                    "name": "Abandoned Ones",
                    "created_at": "17-01-2018_19-16-14-744000"
                },
                "373129696960970762": {
                    "permissions": 0,
                    "position": 17,
                    "colour": 16711680,
                    "name": "Staff",
                    "created_at": "26-10-2017_15-24-12-170000"
                },
                "400699163026653184": {
                    "permissions": 1342177297,
                    "position": 20,
                    "colour": 16728548,
                    "name": "Community Managers",
                    "created_at": "10-01-2018_17-15-25-096000"
                }
            },
            "07-12-2018_09-02-35-892853": {
                "373129696960970762": {
                    "permissions": 0,
                    "position": 18,
                    "colour": 16711680,
                    "name": "Staff",
                    "created_at": "26-10-2017_15-24-12-170000"
                },
                "403266285313589250": {
                    "permissions": 0,
                    "position": 12,
                    "colour": 16777215,
                    "name": "Abandoned Ones",
                    "created_at": "17-01-2018_19-16-14-744000"
                },
                "400699163026653184": {
                    "permissions": 129,
                    "position": 21,
                    "colour": 16728548,
                    "name": "Community Managers",
                    "created_at": "10-01-2018_17-15-25-096000"
                },
                "178667818152230912": {
                    "permissions": 0,
                    "position": 0,
                    "colour": 0,
                    "name": "@everyone",
                    "created_at": "08-05-2016_00-42-07-335000"
                },
                "403272352223461387": {
                    "permissions": 104187968,
                    "position": 11,
                    "colour": 0,
                    "name": "Members",
                    "created_at": "17-01-2018_19-40-21-208000"
                }
            },
            "07-02-2019_22-30-45-401502": {
                "178667818152230912": {
                    "permissions": 0,
                    "position": 0,
                    "colour": 0,
                    "name": "@everyone",
                    "created_at": "08-05-2016_00-42-07-335000"
                },
                "403272352223461387": {
                    "permissions": 104187968,
                    "position": 10,
                    "colour": 0,
                    "name": "Members",
                    "created_at": "17-01-2018_19-40-21-208000"
                },
                "535533082678394880": {
                    "permissions": 0,
                    "position": 1,
                    "colour": 15277667,
                    "name": "Kinksters",
                    "created_at": "17-01-2019_18-57-16-634000"
                },
                "523917597138354193": {
                    "permissions": 0,
                    "position": 2,
                    "colour": 16714995,
                    "name": "Yeeters",
                    "created_at": "16-12-2018_17-41-29-076000"
                },
                "403266285313589250": {
                    "permissions": 0,
                    "position": 11,
                    "colour": 16777215,
                    "name": "Abandoned Ones",
                    "created_at": "17-01-2018_19-16-14-744000"
                },
                "373129696960970762": {
                    "permissions": 0,
                    "position": 20,
                    "colour": 0,
                    "name": "Staff",
                    "created_at": "26-10-2017_15-24-12-170000"
                },
                "400699163026653184": {
                    "permissions": 1342308369,
                    "position": 18,
                    "colour": 16728548,
                    "name": "Community Managers",
                    "created_at": "10-01-2018_17-15-25-096000"
                }
            },
            "25-01-2019_18-03-01-080213": {
                "178667818152230912": {
                    "permissions": 0,
                    "position": 0,
                    "colour": 0,
                    "name": "@everyone",
                    "created_at": "08-05-2016_00-42-07-335000"
                },
                "403272352223461387": {
                    "permissions": 104187968,
                    "position": 11,
                    "colour": 0,
                    "name": "Members",
                    "created_at": "17-01-2018_19-40-21-208000"
                },
                "535533082678394880": {
                    "permissions": 0,
                    "position": 1,
                    "colour": 15277667,
                    "name": "Kinksters",
                    "created_at": "17-01-2019_18-57-16-634000"
                },
                "523917597138354193": {
                    "permissions": 0,
                    "position": 2,
                    "colour": 16714995,
                    "name": "Yeeters",
                    "created_at": "16-12-2018_17-41-29-076000"
                },
                "403266285313589250": {
                    "permissions": 0,
                    "position": 12,
                    "colour": 16777215,
                    "name": "Abandoned Ones",
                    "created_at": "17-01-2018_19-16-14-744000"
                },
                "373129696960970762": {
                    "permissions": 0,
                    "position": 17,
                    "colour": 16711680,
                    "name": "Staff",
                    "created_at": "26-10-2017_15-24-12-170000"
                },
                "400699163026653184": {
                    "permissions": 1342308369,
                    "position": 20,
                    "colour": 16728548,
                    "name": "Community Managers",
                    "created_at": "10-01-2018_17-15-25-096000"
                }
            },
            "18-01-2019_23-28-09-275982": {
                "178667818152230912": {
                    "permissions": 0,
                    "position": 0,
                    "colour": 0,
                    "name": "@everyone",
                    "created_at": "08-05-2016_00-42-07-335000"
                },
                "403272352223461387": {
                    "permissions": 104187968,
                    "position": 9,
                    "colour": 0,
                    "name": "Members",
                    "created_at": "17-01-2018_19-40-21-208000"
                },
                "535533082678394880": {
                    "permissions": 0,
                    "position": 1,
                    "colour": 15277667,
                    "name": "Kinksters",
                    "created_at": "17-01-2019_18-57-16-634000"
                },
                "523917597138354193": {
                    "permissions": 0,
                    "position": 2,
                    "colour": 16714995,
                    "name": "Yeeters",
                    "created_at": "16-12-2018_17-41-29-076000"
                },
                "403266285313589250": {
                    "permissions": 0,
                    "position": 10,
                    "colour": 16777215,
                    "name": "Abandoned Ones",
                    "created_at": "17-01-2018_19-16-14-744000"
                },
                "373129696960970762": {
                    "permissions": 0,
                    "position": 17,
                    "colour": 16711680,
                    "name": "Staff",
                    "created_at": "26-10-2017_15-24-12-170000"
                },
                "400699163026653184": {
                    "permissions": 1342177409,
                    "position": 20,
                    "colour": 16728548,
                    "name": "Community Managers",
                    "created_at": "10-01-2018_17-15-25-096000"
                }
            },
            "10-01-2019_00-18-24-072293": {
                "178667818152230912": {
                    "permissions": 0,
                    "position": 0,
                    "colour": 0,
                    "name": "@everyone",
                    "created_at": "08-05-2016_00-42-07-335000"
                },
                "403272352223461387": {
                    "permissions": 104187968,
                    "position": 7,
                    "colour": 0,
                    "name": "Members",
                    "created_at": "17-01-2018_19-40-21-208000"
                },
                "400699163026653184": {
                    "permissions": 129,
                    "position": 17,
                    "colour": 16728548,
                    "name": "Community Managers",
                    "created_at": "10-01-2018_17-15-25-096000"
                },
                "523917597138354193": {
                    "permissions": 0,
                    "position": 1,
                    "colour": 16714995,
                    "name": "Yeeters",
                    "created_at": "16-12-2018_17-41-29-076000"
                },
                "403266285313589250": {
                    "permissions": 0,
                    "position": 8,
                    "colour": 16777215,
                    "name": "Abandoned Ones",
                    "created_at": "17-01-2018_19-16-14-744000"
                },
                "373129696960970762": {
                    "permissions": 0,
                    "position": 14,
                    "colour": 16711680,
                    "name": "Staff",
                    "created_at": "26-10-2017_15-24-12-170000"
                }
            },
            "17-01-2019_17-37-42-106001": {
                "178667818152230912": {
                    "permissions": 0,
                    "position": 0,
                    "colour": 0,
                    "name": "@everyone",
                    "created_at": "08-05-2016_00-42-07-335000"
                },
                "403272352223461387": {
                    "permissions": 104187968,
                    "position": 9,
                    "colour": 0,
                    "name": "Members",
                    "created_at": "17-01-2018_19-40-21-208000"
                },
                "535533082678394880": {
                    "permissions": 0,
                    "position": 1,
                    "colour": 15277667,
                    "name": "Kinksters",
                    "created_at": "17-01-2019_18-57-16-634000"
                },
                "523917597138354193": {
                    "permissions": 0,
                    "position": 2,
                    "colour": 16714995,
                    "name": "Yeeters",
                    "created_at": "16-12-2018_17-41-29-076000"
                },
                "403266285313589250": {
                    "permissions": 0,
                    "position": 10,
                    "colour": 16777215,
                    "name": "Abandoned Ones",
                    "created_at": "17-01-2018_19-16-14-744000"
                },
                "373129696960970762": {
                    "permissions": 0,
                    "position": 17,
                    "colour": 16711680,
                    "name": "Staff",
                    "created_at": "26-10-2017_15-24-12-170000"
                },
                "400699163026653184": {
                    "permissions": 1073741953,
                    "position": 20,
                    "colour": 16728548,
                    "name": "Community Managers",
                    "created_at": "10-01-2018_17-15-25-096000"
                }
            },
            "18-02-2019_14-16-21-404972": {
                "178667818152230912": {
                    "permissions": 0,
                    "position": 0,
                    "colour": 0,
                    "name": "@everyone",
                    "created_at": "08-05-2016_00-42-07-335000"
                },
                "403272352223461387": {
                    "permissions": 104187968,
                    "position": 10,
                    "colour": 0,
                    "name": "Members",
                    "created_at": "17-01-2018_19-40-21-208000"
                },
                "535533082678394880": {
                    "permissions": 0,
                    "position": 1,
                    "colour": 15277667,
                    "name": "Kinksters",
                    "created_at": "17-01-2019_18-57-16-634000"
                },
                "523917597138354193": {
                    "permissions": 0,
                    "position": 2,
                    "colour": 16714995,
                    "name": "Yeeters",
                    "created_at": "16-12-2018_17-41-29-076000"
                },
                "403266285313589250": {
                    "permissions": 0,
                    "position": 11,
                    "colour": 16777215,
                    "name": "Abandoned Ones",
                    "created_at": "17-01-2018_19-16-14-744000"
                },
                "373129696960970762": {
                    "permissions": 0,
                    "position": 20,
                    "colour": 0,
                    "name": "Staff",
                    "created_at": "26-10-2017_15-24-12-170000"
                },
                "400699163026653184": {
                    "permissions": 1342308369,
                    "position": 17,
                    "colour": 16728548,
                    "name": "Community Managers",
                    "created_at": "10-01-2018_17-15-25-096000"
                }
            },
            "10-02-2019_10-58-00-564986": {
                "178667818152230912": {
                    "permissions": 0,
                    "position": 0,
                    "colour": 0,
                    "name": "@everyone",
                    "created_at": "08-05-2016_00-42-07-335000"
                },
                "403272352223461387": {
                    "permissions": 104187968,
                    "position": 11,
                    "colour": 0,
                    "name": "Members",
                    "created_at": "17-01-2018_19-40-21-208000"
                },
                "535533082678394880": {
                    "permissions": 0,
                    "position": 2,
                    "colour": 15277667,
                    "name": "Kinksters",
                    "created_at": "17-01-2019_18-57-16-634000"
                },
                "523917597138354193": {
                    "permissions": 0,
                    "position": 3,
                    "colour": 16714995,
                    "name": "Yeeters",
                    "created_at": "16-12-2018_17-41-29-076000"
                },
                "403266285313589250": {
                    "permissions": 0,
                    "position": 12,
                    "colour": 16777215,
                    "name": "Abandoned Ones",
                    "created_at": "17-01-2018_19-16-14-744000"
                },
                "373129696960970762": {
                    "permissions": 0,
                    "position": 20,
                    "colour": 0,
                    "name": "Staff",
                    "created_at": "26-10-2017_15-24-12-170000"
                },
                "400699163026653184": {
                    "permissions": 1342308369,
                    "position": 18,
                    "colour": 16728548,
                    "name": "Community Managers",
                    "created_at": "10-01-2018_17-15-25-096000"
                }
            },
            "11-01-2019_23-54-44-166805": {
                "178667818152230912": {
                    "permissions": 0,
                    "position": 0,
                    "colour": 0,
                    "name": "@everyone",
                    "created_at": "08-05-2016_00-42-07-335000"
                },
                "403272352223461387": {
                    "permissions": 104187968,
                    "position": 8,
                    "colour": 0,
                    "name": "Members",
                    "created_at": "17-01-2018_19-40-21-208000"
                },
                "400699163026653184": {
                    "permissions": 129,
                    "position": 19,
                    "colour": 16728548,
                    "name": "Community Managers",
                    "created_at": "10-01-2018_17-15-25-096000"
                },
                "523917597138354193": {
                    "permissions": 0,
                    "position": 3,
                    "colour": 16714995,
                    "name": "Yeeters",
                    "created_at": "16-12-2018_17-41-29-076000"
                },
                "403266285313589250": {
                    "permissions": 0,
                    "position": 9,
                    "colour": 16777215,
                    "name": "Abandoned Ones",
                    "created_at": "17-01-2018_19-16-14-744000"
                },
                "373129696960970762": {
                    "permissions": 0,
                    "position": 16,
                    "colour": 16711680,
                    "name": "Staff",
                    "created_at": "26-10-2017_15-24-12-170000"
                }
            },
            "09-02-2019_19-14-04-134526": {
                "178667818152230912": {
                    "permissions": 0,
                    "position": 0,
                    "colour": 0,
                    "name": "@everyone",
                    "created_at": "08-05-2016_00-42-07-335000"
                },
                "403272352223461387": {
                    "permissions": 104187968,
                    "position": 10,
                    "colour": 0,
                    "name": "Members",
                    "created_at": "17-01-2018_19-40-21-208000"
                },
                "535533082678394880": {
                    "permissions": 0,
                    "position": 1,
                    "colour": 15277667,
                    "name": "Kinksters",
                    "created_at": "17-01-2019_18-57-16-634000"
                },
                "523917597138354193": {
                    "permissions": 0,
                    "position": 2,
                    "colour": 16714995,
                    "name": "Yeeters",
                    "created_at": "16-12-2018_17-41-29-076000"
                },
                "403266285313589250": {
                    "permissions": 0,
                    "position": 11,
                    "colour": 16777215,
                    "name": "Abandoned Ones",
                    "created_at": "17-01-2018_19-16-14-744000"
                },
                "373129696960970762": {
                    "permissions": 0,
                    "position": 19,
                    "colour": 0,
                    "name": "Staff",
                    "created_at": "26-10-2017_15-24-12-170000"
                },
                "400699163026653184": {
                    "permissions": 1342308369,
                    "position": 17,
                    "colour": 16728548,
                    "name": "Community Managers",
                    "created_at": "10-01-2018_17-15-25-096000"
                }
            },
            "06-12-2018_01-05-49-556858": {
                "373129696960970762": {
                    "permissions": 0,
                    "position": 19,
                    "colour": 16711680,
                    "name": "Staff",
                    "created_at": "26-10-2017_15-24-12-170000"
                },
                "403266285313589250": {
                    "permissions": 0,
                    "position": 13,
                    "colour": 16777215,
                    "name": "Abandoned Ones",
                    "created_at": "17-01-2018_19-16-14-744000"
                },
                "400699163026653184": {
                    "permissions": 129,
                    "position": 22,
                    "colour": 16728548,
                    "name": "Community Managers",
                    "created_at": "10-01-2018_17-15-25-096000"
                },
                "178667818152230912": {
                    "permissions": 0,
                    "position": 0,
                    "colour": 0,
                    "name": "@everyone",
                    "created_at": "08-05-2016_00-42-07-335000"
                },
                "403272352223461387": {
                    "permissions": 104187968,
                    "position": 12,
                    "colour": 0,
                    "name": "Members",
                    "created_at": "17-01-2018_19-40-21-208000"
                }
            }
        },
        "current": {
            "178667818152230912": {
                "permissions": 0,
                "position": 0,
                "colour": 0,
                "name": "@everyone",
                "created_at": "08-05-2016_00-42-07-335000"
            },
            "403272352223461387": {
                "permissions": 104187968,
                "position": 10,
                "colour": 0,
                "name": "Members",
                "created_at": "17-01-2018_19-40-21-208000"
            },
            "535533082678394880": {
                "permissions": 0,
                "position": 1,
                "colour": 15277667,
                "name": "Kinksters",
                "created_at": "17-01-2019_18-57-16-634000"
            },
            "523917597138354193": {
                "permissions": 0,
                "position": 2,
                "colour": 16714995,
                "name": "Yeeters",
                "created_at": "16-12-2018_17-41-29-076000"
            },
            "403266285313589250": {
                "permissions": 0,
                "position": 11,
                "colour": 16777215,
                "name": "Abandoned Ones",
                "created_at": "17-01-2018_19-16-14-744000"
            },
            "544289008247898131": {
                "permissions": 268566528,
                "position": 24,
                "colour": 0,
                "name": "Advisors",
                "created_at": "10-02-2019_22-50-11-967000"
            },
            "373129696960970762": {
                "permissions": 0,
                "position": 23,
                "colour": 0,
                "name": "Staff",
                "created_at": "26-10-2017_15-24-12-170000"
            },
            "400699163026653184": {
                "permissions": 1342308369,
                "position": 22,
                "colour": 16728548,
                "name": "Community Managers",
                "created_at": "10-01-2018_17-15-25-096000"
            }
        }
    },
    "created_at": "23-09-2018_17-03-40-919000",
    "voice": {
        "previous": {
            "16-12-2018_21-52-39-901037": {
                "channel": {
                    "private": false,
                    "id": "403283673647939595",
                    "name": "General"
                },
                "server_mute": false,
                "self_deaf": false,
                "self_mute": false,
                "server_deaf": false,
                "is_afk": false
            },
            "19-02-2019_19-48-32-014694": {
                "channel": {
                    "private": false,
                    "id": "523902470724911105",
                    "name": "simply-yeet"
                },
                "server_mute": false,
                "self_deaf": false,
                "self_mute": false,
                "server_deaf": false,
                "is_afk": false
            },
            "20-02-2019_17-25-27-597068": {
                "server_mute": false,
                "channel": {
                    "private": false,
                    "id": "535533609617195018",
                    "name": "Kinky Kat Chat"
                },
                "self_deaf": false,
                "self_mute": false,
                "server_deaf": false,
                "is_afk": false
            },
            "16-01-2019_15-03-07-147943": {
                "channel": {
                    "private": null,
                    "id": null,
                    "name": null
                },
                "server_mute": false,
                "self_deaf": false,
                "self_mute": false,
                "server_deaf": false,
                "is_afk": false
            },
            "13-01-2019_23-58-57-488890": {
                "channel": {
                    "private": null,
                    "id": null,
                    "name": null
                },
                "server_mute": false,
                "self_deaf": false,
                "self_mute": false,
                "server_deaf": false,
                "is_afk": false
            },
            "25-01-2019_18-03-01-080213": {
                "channel": {
                    "private": false,
                    "id": "523902470724911105",
                    "name": "simply-yeet"
                },
                "server_mute": false,
                "self_deaf": false,
                "self_mute": false,
                "server_deaf": false,
                "is_afk": false
            },
            "11-02-2019_22-51-39-999500": {
                "channel": {
                    "private": false,
                    "id": "523902470724911105",
                    "name": "simply-yeet"
                },
                "server_mute": false,
                "self_deaf": false,
                "self_mute": false,
                "server_deaf": false,
                "is_afk": false
            },
            "18-01-2019_23-28-09-275982": {
                "channel": {
                    "private": false,
                    "id": "523902470724911105",
                    "name": "simply-yeet"
                },
                "server_mute": false,
                "self_deaf": false,
                "self_mute": false,
                "server_deaf": false,
                "is_afk": false
            },
            "18-01-2019_15-04-28-265172": {
                "channel": {
                    "private": null,
                    "id": null,
                    "name": null
                },
                "server_mute": false,
                "self_deaf": false,
                "self_mute": false,
                "server_deaf": false,
                "is_afk": false
            },
            "10-01-2019_00-18-24-072293": {
                "channel": {
                    "private": false,
                    "id": "523902470724911105",
                    "name": "simply-yeet"
                },
                "server_mute": false,
                "self_deaf": true,
                "self_mute": true,
                "server_deaf": false,
                "is_afk": false
            },
            "30-01-2019_23-45-18-912162": {
                "channel": {
                    "private": false,
                    "id": "523902470724911105",
                    "name": "simply-yeet"
                },
                "server_mute": false,
                "self_deaf": false,
                "self_mute": false,
                "server_deaf": false,
                "is_afk": false
            },
            "17-01-2019_17-37-42-106001": {
                "channel": {
                    "private": false,
                    "id": "523902470724911105",
                    "name": "simply-yeet"
                },
                "server_mute": false,
                "self_deaf": false,
                "self_mute": false,
                "server_deaf": false,
                "is_afk": false
            },
            "13-01-2019_18-58-47-852165": {
                "channel": {
                    "private": false,
                    "id": "523902470724911105",
                    "name": "simply-yeet"
                },
                "server_mute": false,
                "self_deaf": true,
                "self_mute": true,
                "server_deaf": false,
                "is_afk": false
            },
            "18-02-2019_14-16-21-404972": {
                "channel": {
                    "private": null,
                    "id": null,
                    "name": null
                },
                "server_mute": false,
                "self_deaf": false,
                "self_mute": false,
                "server_deaf": false,
                "is_afk": false
            },
            "10-02-2019_10-58-00-564986": {
                "channel": {
                    "private": null,
                    "id": null,
                    "name": null
                },
                "server_mute": false,
                "self_deaf": false,
                "self_mute": false,
                "server_deaf": false,
                "is_afk": false
            },
            "10-01-2019_03-36-57-747790": {
                "channel": {
                    "private": null,
                    "id": null,
                    "name": null
                },
                "server_mute": false,
                "self_deaf": false,
                "self_mute": false,
                "server_deaf": false,
                "is_afk": false
            },
            "15-01-2019_20-05-24-063373": {
                "channel": {
                    "private": false,
                    "id": "523902470724911105",
                    "name": "simply-yeet"
                },
                "server_mute": false,
                "self_deaf": false,
                "self_mute": false,
                "server_deaf": false,
                "is_afk": false
            },
            "09-02-2019_19-14-04-134526": {
                "channel": {
                    "private": null,
                    "id": null,
                    "name": null
                },
                "server_mute": false,
                "self_deaf": false,
                "self_mute": false,
                "server_deaf": false,
                "is_afk": false
            },
            "17-12-2018_08-19-13-303562": {
                "channel": {
                    "private": false,
                    "id": "403283673647939595",
                    "name": "General"
                },
                "server_mute": false,
                "self_deaf": false,
                "self_mute": false,
                "server_deaf": false,
                "is_afk": false
            },
            "16-01-2019_22-00-47-241502": {
                "channel": {
                    "private": false,
                    "id": "523902470724911105",
                    "name": "simply-yeet"
                },
                "server_mute": false,
                "self_deaf": false,
                "self_mute": false,
                "server_deaf": false,
                "is_afk": false
            },
            "07-02-2019_22-30-45-401502": {
                "channel": {
                    "private": false,
                    "id": "523902470724911105",
                    "name": "simply-yeet"
                },
                "server_mute": false,
                "self_deaf": false,
                "self_mute": false,
                "server_deaf": false,
                "is_afk": false
            },
            "12-01-2019_01-16-58-662867": {
                "channel": {
                    "private": false,
                    "id": "523902470724911105",
                    "name": "simply-yeet"
                },
                "server_mute": false,
                "self_deaf": false,
                "self_mute": false,
                "server_deaf": false,
                "is_afk": false
            },
            "18-02-2019_21-46-13-382171": {
                "channel": {
                    "private": false,
                    "id": "523902470724911105",
                    "name": "simply-yeet"
                },
                "server_mute": false,
                "self_deaf": false,
                "self_mute": false,
                "server_deaf": false,
                "is_afk": false
            },
            "31-01-2019_23-15-25-764869": {
                "channel": {
                    "private": false,
                    "id": "523902470724911105",
                    "name": "simply-yeet"
                },
                "server_mute": false,
                "self_deaf": false,
                "self_mute": false,
                "server_deaf": false,
                "is_afk": false
            },
            "16-12-2018_22-46-26-221531": {
                "channel": {
                    "private": false,
                    "id": "403283673647939595",
                    "name": "General"
                },
                "server_mute": false,
                "self_deaf": false,
                "self_mute": true,
                "server_deaf": false,
                "is_afk": false
            },
            "19-01-2019_23-47-11-591556": {
                "channel": {
                    "private": false,
                    "id": "535533609617195018",
                    "name": "Kinky Kat Chat"
                },
                "server_mute": false,
                "self_deaf": false,
                "self_mute": false,
                "server_deaf": false,
                "is_afk": false
            },
            "16-02-2019_18-22-40-919504": {
                "channel": {
                    "private": false,
                    "id": "523902470724911105",
                    "name": "simply-yeet"
                },
                "server_mute": false,
                "self_deaf": false,
                "self_mute": false,
                "server_deaf": false,
                "is_afk": false
            },
            "16-01-2019_20-42-02-533659": {
                "channel": {
                    "private": false,
                    "id": "523902470724911105",
                    "name": "simply-yeet"
                },
                "server_mute": false,
                "self_deaf": true,
                "self_mute": true,
                "server_deaf": false,
                "is_afk": false
            },
            "19-02-2019_17-56-03-144130": {
                "channel": {
                    "private": null,
                    "id": null,
                    "name": null
                },
                "server_mute": false,
                "self_deaf": false,
                "self_mute": false,
                "server_deaf": false,
                "is_afk": false
            },
            "18-01-2019_22-56-50-509179": {
                "channel": {
                    "private": false,
                    "id": "535533609617195018",
                    "name": "Kinky Kat Chat"
                },
                "server_mute": false,
                "self_deaf": false,
                "self_mute": false,
                "server_deaf": false,
                "is_afk": false
            },
            "08-02-2019_19-38-42-445767": {
                "channel": {
                    "private": null,
                    "id": null,
                    "name": null
                },
                "server_mute": false,
                "self_deaf": false,
                "self_mute": false,
                "server_deaf": false,
                "is_afk": false
            }
        },
        "current": {
            "server_mute": false,
            "channel": {
                "private": false,
                "id": "523902470724911105",
                "name": "simply-yeet"
            },
            "server_deaf": false,
            "self_mute": false,
            "self_deaf": false,
            "is_afk": false
        }
    },
    "bans": {
        "previous": {},
        "current": "not banned"
    },
    "discriminator": {
        "previous": {},
        "current": "6223"
    },
    "joined_at": {
        "previous": {},
        "current": "23-09-2018_17-08-40-603537"
    },
    "name": {
        "previous": {
            "18-01-2019_22-56-50-509179": "Thedarkunicorn1998",
            "18-02-2019_14-16-21-404972": "Birdie"
        },
        "current": "Avigale"
    },
    "id": "493467503087976458",
    "display_name": {
        "previous": {
            "25-01-2019_00-26-23-076062": "Emo Nemo \ud83d\udc20\ud83d\udc99",
            "07-02-2019_22-30-45-401502": "Lechaim's Witch \u2764",
            "16-01-2019_15-03-07-147943": "lechaim\u2019s bitch",
            "18-02-2019_14-16-21-404972": "Lechaim's   Witch \u2764",
            "10-02-2019_10-58-00-564986": "Lechaim's  Swamp Witch \u2764",
            "31-01-2019_23-15-25-764869": "Lechaim\u2019s Fortune Teller \u2764",
            "29-01-2019_19-57-05-628849": "P.I. high council \ud83d\udc99",
            "26-01-2019_04-12-07-077616": "Secret high council \ud83d\udc99",
            "10-01-2019_00-18-24-072293": "Mrs Birdie Claus"
        },
        "current": "Lechaim's Witchy Bitch"
    },
    "colour": {
        "previous": {},
        "current": 16728548
    }
}