{
    "id": "142379989046788096",
    "display_name": {
        "previous": {},
        "current": "Ghost of Cwimbus Past"
    },
    "created_at": "28-01-2016_21-27-14-681000",
    "cookies": {
        "total_cookies": 0,
        "active_this_epoch": false,
        "current_cookies": 0,
        "get": {
            "total_cookies": 0,
            "average": 0.0
        },
        "measured_epochs": 2,
        "cookies_in_jar": 0,
        "active_epochs": 0,
        "give": {
            "total_cookies": 0,
            "average": 0.0
        },
        "cookie_transfer_quota": 0,
        "cookie_interest": 0
    },
    "bot": false,
    "joined_at": {
        "previous": {},
        "current": "03-04-2018_22-07-18-687322"
    },
    "voice": {
        "previous": {},
        "current": {
            "channel": {
                "id": null,
                "name": null,
                "private": null
            },
            "self_mute": false,
            "server_mute": false,
            "is_afk": false,
            "self_deaf": false,
            "server_deaf": false
        }
    },
    "colour": {
        "previous": {
            "07-12-2018_07-51-11-182069": 1033914,
            "07-12-2018_09-02-35-892853": 0
        },
        "current": 16777215
    },
    "roles": {
        "previous": {
            "07-12-2018_07-51-11-182069": {
                "403266269220175892": {
                    "name": "Mythical Ones",
                    "created_at": "17-01-2018_19-16-10-907000",
                    "colour": 1033914,
                    "position": 15,
                    "permissions": 262208
                },
                "430760351248809986": {
                    "name": "Current Iteration",
                    "created_at": "03-04-2018_16-07-50-878000",
                    "colour": 0,
                    "position": 9,
                    "permissions": 0
                },
                "403272352223461387": {
                    "name": "Members",
                    "created_at": "17-01-2018_19-40-21-208000",
                    "colour": 0,
                    "position": 11,
                    "permissions": 104187968
                },
                "178667818152230912": {
                    "name": "@everyone",
                    "created_at": "08-05-2016_00-42-07-335000",
                    "colour": 0,
                    "position": 0,
                    "permissions": 0
                }
            },
            "10-01-2019_00-18-24-072293": {
                "430760351248809986": {
                    "name": "Current Iteration",
                    "created_at": "03-04-2018_16-07-50-878000",
                    "colour": 0,
                    "position": 6,
                    "permissions": 0
                },
                "403266285313589250": {
                    "name": "Abandoned Ones",
                    "created_at": "17-01-2018_19-16-14-744000",
                    "colour": 16777215,
                    "position": 8,
                    "permissions": 0
                },
                "403272352223461387": {
                    "name": "Members",
                    "created_at": "17-01-2018_19-40-21-208000",
                    "colour": 0,
                    "position": 7,
                    "permissions": 104187968
                },
                "178667818152230912": {
                    "name": "@everyone",
                    "created_at": "08-05-2016_00-42-07-335000",
                    "colour": 0,
                    "position": 0,
                    "permissions": 0
                }
            },
            "06-12-2018_01-05-49-556858": {
                "403266269220175892": {
                    "name": "Mythical Ones",
                    "created_at": "17-01-2018_19-16-10-907000",
                    "colour": 1033914,
                    "position": 16,
                    "permissions": 262208
                },
                "430760351248809986": {
                    "name": "Current Iteration",
                    "created_at": "03-04-2018_16-07-50-878000",
                    "colour": 0,
                    "position": 10,
                    "permissions": 0
                },
                "403272352223461387": {
                    "name": "Members",
                    "created_at": "17-01-2018_19-40-21-208000",
                    "colour": 0,
                    "position": 12,
                    "permissions": 104187968
                },
                "178667818152230912": {
                    "name": "@everyone",
                    "created_at": "08-05-2016_00-42-07-335000",
                    "colour": 0,
                    "position": 0,
                    "permissions": 0
                }
            },
            "17-01-2019_17-37-42-106001": {
                "430760351248809986": {
                    "name": "Current Iteration",
                    "created_at": "03-04-2018_16-07-50-878000",
                    "colour": 0,
                    "position": 7,
                    "permissions": 0
                },
                "403266285313589250": {
                    "name": "Abandoned Ones",
                    "created_at": "17-01-2018_19-16-14-744000",
                    "colour": 16777215,
                    "position": 9,
                    "permissions": 0
                },
                "403272352223461387": {
                    "name": "Members",
                    "created_at": "17-01-2018_19-40-21-208000",
                    "colour": 0,
                    "position": 8,
                    "permissions": 104187968
                },
                "178667818152230912": {
                    "name": "@everyone",
                    "created_at": "08-05-2016_00-42-07-335000",
                    "colour": 0,
                    "position": 0,
                    "permissions": 0
                }
            },
            "07-12-2018_09-02-35-892853": {
                "430760351248809986": {
                    "name": "Current Iteration",
                    "created_at": "03-04-2018_16-07-50-878000",
                    "colour": 0,
                    "position": 9,
                    "permissions": 0
                },
                "403266285313589250": {
                    "name": "Abandoned Ones",
                    "created_at": "17-01-2018_19-16-14-744000",
                    "colour": 16777215,
                    "position": 12,
                    "permissions": 0
                },
                "403272352223461387": {
                    "name": "Members",
                    "created_at": "17-01-2018_19-40-21-208000",
                    "colour": 0,
                    "position": 11,
                    "permissions": 104187968
                },
                "178667818152230912": {
                    "name": "@everyone",
                    "created_at": "08-05-2016_00-42-07-335000",
                    "colour": 0,
                    "position": 0,
                    "permissions": 0
                }
            },
            "16-12-2018_21-52-39-901037": {
                "430760351248809986": {
                    "name": "Current Iteration",
                    "created_at": "03-04-2018_16-07-50-878000",
                    "colour": 0,
                    "position": 9,
                    "permissions": 0
                },
                "403266285313589250": {
                    "name": "Abandoned Ones",
                    "created_at": "17-01-2018_19-16-14-744000",
                    "colour": 16777215,
                    "position": 11,
                    "permissions": 0
                },
                "403272352223461387": {
                    "name": "Members",
                    "created_at": "17-01-2018_19-40-21-208000",
                    "colour": 0,
                    "position": 10,
                    "permissions": 104187968
                },
                "178667818152230912": {
                    "name": "@everyone",
                    "created_at": "08-05-2016_00-42-07-335000",
                    "colour": 0,
                    "position": 0,
                    "permissions": 0
                }
            }
        },
        "current": {
            "430760351248809986": {
                "name": "Current Iteration",
                "created_at": "03-04-2018_16-07-50-878000",
                "colour": 0,
                "position": 8,
                "permissions": 0
            },
            "403266285313589250": {
                "name": "Abandoned Ones",
                "created_at": "17-01-2018_19-16-14-744000",
                "colour": 16777215,
                "position": 10,
                "permissions": 0
            },
            "403272352223461387": {
                "name": "Members",
                "created_at": "17-01-2018_19-40-21-208000",
                "colour": 0,
                "position": 9,
                "permissions": 104187968
            },
            "178667818152230912": {
                "name": "@everyone",
                "created_at": "08-05-2016_00-42-07-335000",
                "colour": 0,
                "position": 0,
                "permissions": 0
            }
        }
    },
    "activity": {
        "2018": {
            "12": {
                "6": {
                    "6": {
                        "403084813680115712": 1
                    }
                }
            }
        },
        "2019": {
            "1": {
                "14": {
                    "12": {
                        "403084813680115712": 1,
                        "403084655550791682": 1
                    }
                },
                "24": {
                    "7": {
                        "403084655550791682": 3,
                        "403085107386253312": 2
                    }
                },
                "17": {
                    "22": {
                        "403084790401728512": 2
                    },
                    "20": {
                        "403084790401728512": 1
                    },
                    "15": {
                        "403084655550791682": 1
                    }
                },
                "10": {
                    "18": {
                        "403084813680115712": 1
                    }
                }
            }
        }
    },
    "discriminator": {
        "previous": {},
        "current": "9768"
    },
    "bans": {
        "previous": {},
        "current": "not banned"
    },
    "game": {
        "previous": {
            "17-01-2019_17-37-42-106001": {
                "name": "League of Legends",
                "url": null,
                "type": 0
            }
        },
        "current": {
            "name": null,
            "url": null,
            "type": null
        }
    },
    "name": {
        "previous": {
            "16-12-2018_21-52-39-901037": "The Ghost of Crimbus Shiny",
            "10-01-2019_00-18-24-072293": "The Ghost of Crimbus Golden"
        },
        "current": "\ua045\ua0c5\ua0a6\ua317\ua4c4 \ua0a6\ua387 \ua3ad\ua34f\ua4c4\ua4c4\ua0a6"
    },
    "status": {
        "previous": {
            "19-01-2019_23-47-11-591556": "offline",
            "10-01-2019_03-36-57-747790": "online",
            "18-01-2019_23-28-09-275982": "offline",
            "10-01-2019_03-33-44-007928": "online",
            "08-12-2018_15-44-11-058097": "offline",
            "17-01-2019_17-37-42-106001": "offline",
            "06-12-2018_01-05-49-556858": "online",
            "06-12-2018_17-09-51-137367": "online",
            "05-12-2018_16-27-33-714312": "offline",
            "09-12-2018_10-12-40-202519": "online",
            "15-01-2019_20-05-24-063373": "offline",
            "11-01-2019_22-45-11-058689": "offline",
            "10-12-2018_16-02-31-496869": "online",
            "18-01-2019_15-04-28-265172": "offline",
            "11-12-2018_09-13-26-392726": "online",
            "06-12-2018_00-51-35-336974": "offline",
            "06-12-2018_00-37-40-719440": "online",
            "13-01-2019_23-58-57-488890": "online",
            "06-12-2018_00-25-10-559318": "online",
            "07-12-2018_19-07-03-633575": "online",
            "06-12-2018_19-01-41-672098": "offline",
            "19-01-2019_13-47-02-065430": "offline",
            "13-01-2019_18-58-47-852165": "online",
            "06-12-2018_00-34-49-354655": "offline",
            "12-01-2019_01-16-58-662867": "offline",
            "16-01-2019_22-00-47-241502": "online",
            "06-12-2018_00-22-50-820027": "offline",
            "10-01-2019_00-18-24-072293": "offline",
            "12-12-2018_11-49-23-541900": "online",
            "06-12-2018_15-40-12-725739": "online",
            "05-12-2018_23-34-35-600797": "online",
            "05-12-2018_23-17-11-812802": "online",
            "07-12-2018_09-02-35-892853": "online",
            "17-12-2018_08-19-13-303562": "offline",
            "16-01-2019_20-42-02-533659": "offline",
            "06-12-2018_00-55-15-699438": "online"
        },
        "current": "online"
    }
}