{
    "id": "334070792130265108",
    "display_name": {
        "previous": {},
        "current": "Neon"
    },
    "created_at": "10-07-2017_20-38-03-579000",
    "cookies": {
        "total_cookies": 0,
        "active_this_epoch": false,
        "current_cookies": 0,
        "measured_epochs": 9,
        "active_epochs": 0,
        "cookie_transfer_quota": 0,
        "cookie_interest": 0,
        "give": {
            "total_cookies": 0,
            "average": 0.0
        },
        "get": {
            "total_cookies": 0,
            "average": 0.0
        },
        "cookies_in_jar": 0
    },
    "bot": false,
    "joined_at": {
        "previous": {},
        "current": "17-01-2018_09-28-15-816000"
    },
    "voice": {
        "previous": {},
        "current": {
            "channel": {
                "id": null,
                "name": null,
                "private": null
            },
            "self_mute": false,
            "server_mute": false,
            "self_deaf": false,
            "is_afk": false,
            "server_deaf": false
        }
    },
    "colour": {
        "previous": {
            "10-01-2019_00-18-24-072293": 7962319
        },
        "current": 16741437
    },
    "roles": {
        "previous": {
            "07-12-2018_07-51-11-182069": {
                "373129696960970762": {
                    "name": "Staff",
                    "created_at": "26-10-2017_15-24-12-170000",
                    "colour": 16711680,
                    "position": 18,
                    "permissions": 0
                },
                "403272352223461387": {
                    "name": "Members",
                    "created_at": "17-01-2018_19-40-21-208000",
                    "colour": 0,
                    "position": 11,
                    "permissions": 104187968
                },
                "403266269220175892": {
                    "name": "Mythical Ones",
                    "created_at": "17-01-2018_19-16-10-907000",
                    "colour": 1033914,
                    "position": 15,
                    "permissions": 262208
                },
                "401845161266642944": {
                    "name": "Media Creators",
                    "created_at": "13-01-2018_21-09-12-368000",
                    "colour": 7962319,
                    "position": 20,
                    "permissions": 0
                },
                "430760351248809986": {
                    "name": "Current Iteration",
                    "created_at": "03-04-2018_16-07-50-878000",
                    "colour": 0,
                    "position": 9,
                    "permissions": 0
                },
                "178667818152230912": {
                    "name": "@everyone",
                    "created_at": "08-05-2016_00-42-07-335000",
                    "colour": 0,
                    "position": 0,
                    "permissions": 0
                }
            },
            "16-12-2018_21-52-39-901037": {
                "373129696960970762": {
                    "name": "Staff",
                    "created_at": "26-10-2017_15-24-12-170000",
                    "colour": 16711680,
                    "position": 18,
                    "permissions": 0
                },
                "403272352223461387": {
                    "name": "Members",
                    "created_at": "17-01-2018_19-40-21-208000",
                    "colour": 0,
                    "position": 10,
                    "permissions": 104187968
                },
                "401845161266642944": {
                    "name": "Media Creators",
                    "created_at": "13-01-2018_21-09-12-368000",
                    "colour": 7962319,
                    "position": 20,
                    "permissions": 0
                },
                "430760351248809986": {
                    "name": "Current Iteration",
                    "created_at": "03-04-2018_16-07-50-878000",
                    "colour": 0,
                    "position": 9,
                    "permissions": 0
                },
                "403266285313589250": {
                    "name": "Abandoned Ones",
                    "created_at": "17-01-2018_19-16-14-744000",
                    "colour": 16777215,
                    "position": 11,
                    "permissions": 0
                },
                "178667818152230912": {
                    "name": "@everyone",
                    "created_at": "08-05-2016_00-42-07-335000",
                    "colour": 0,
                    "position": 0,
                    "permissions": 0
                }
            },
            "10-01-2019_00-18-24-072293": {
                "373129696960970762": {
                    "name": "Staff",
                    "created_at": "26-10-2017_15-24-12-170000",
                    "colour": 16711680,
                    "position": 14,
                    "permissions": 0
                },
                "403272352223461387": {
                    "name": "Members",
                    "created_at": "17-01-2018_19-40-21-208000",
                    "colour": 0,
                    "position": 7,
                    "permissions": 104187968
                },
                "401845161266642944": {
                    "name": "Media Creators",
                    "created_at": "13-01-2018_21-09-12-368000",
                    "colour": 7962319,
                    "position": 16,
                    "permissions": 0
                },
                "430760351248809986": {
                    "name": "Current Iteration",
                    "created_at": "03-04-2018_16-07-50-878000",
                    "colour": 0,
                    "position": 6,
                    "permissions": 0
                },
                "403266285313589250": {
                    "name": "Abandoned Ones",
                    "created_at": "17-01-2018_19-16-14-744000",
                    "colour": 16777215,
                    "position": 8,
                    "permissions": 0
                },
                "178667818152230912": {
                    "name": "@everyone",
                    "created_at": "08-05-2016_00-42-07-335000",
                    "colour": 0,
                    "position": 0,
                    "permissions": 0
                }
            },
            "17-01-2019_17-37-42-106001": {
                "373129696960970762": {
                    "name": "Staff",
                    "created_at": "26-10-2017_15-24-12-170000",
                    "colour": 16711680,
                    "position": 17,
                    "permissions": 0
                },
                "469889716435812353": {
                    "name": "High Council",
                    "created_at": "20-07-2018_15-33-58-527000",
                    "colour": 0,
                    "position": 29,
                    "permissions": 8
                },
                "401845161266642944": {
                    "name": "Media Creators",
                    "created_at": "13-01-2018_21-09-12-368000",
                    "colour": 7962319,
                    "position": 19,
                    "permissions": 0
                },
                "469889439775326208": {
                    "name": "Head of Media",
                    "created_at": "20-07-2018_15-32-52-566000",
                    "colour": 16741437,
                    "position": 24,
                    "permissions": 0
                },
                "403272352223461387": {
                    "name": "Members",
                    "created_at": "17-01-2018_19-40-21-208000",
                    "colour": 0,
                    "position": 9,
                    "permissions": 104187968
                },
                "430760351248809986": {
                    "name": "Current Iteration",
                    "created_at": "03-04-2018_16-07-50-878000",
                    "colour": 0,
                    "position": 8,
                    "permissions": 0
                },
                "403266285313589250": {
                    "name": "Abandoned Ones",
                    "created_at": "17-01-2018_19-16-14-744000",
                    "colour": 16777215,
                    "position": 10,
                    "permissions": 0
                },
                "178667818152230912": {
                    "name": "@everyone",
                    "created_at": "08-05-2016_00-42-07-335000",
                    "colour": 0,
                    "position": 0,
                    "permissions": 0
                }
            },
            "07-12-2018_09-02-35-892853": {
                "373129696960970762": {
                    "name": "Staff",
                    "created_at": "26-10-2017_15-24-12-170000",
                    "colour": 16711680,
                    "position": 18,
                    "permissions": 0
                },
                "403272352223461387": {
                    "name": "Members",
                    "created_at": "17-01-2018_19-40-21-208000",
                    "colour": 0,
                    "position": 11,
                    "permissions": 104187968
                },
                "401845161266642944": {
                    "name": "Media Creators",
                    "created_at": "13-01-2018_21-09-12-368000",
                    "colour": 7962319,
                    "position": 20,
                    "permissions": 0
                },
                "430760351248809986": {
                    "name": "Current Iteration",
                    "created_at": "03-04-2018_16-07-50-878000",
                    "colour": 0,
                    "position": 9,
                    "permissions": 0
                },
                "403266285313589250": {
                    "name": "Abandoned Ones",
                    "created_at": "17-01-2018_19-16-14-744000",
                    "colour": 16777215,
                    "position": 12,
                    "permissions": 0
                },
                "178667818152230912": {
                    "name": "@everyone",
                    "created_at": "08-05-2016_00-42-07-335000",
                    "colour": 0,
                    "position": 0,
                    "permissions": 0
                }
            },
            "06-12-2018_00-55-15-699438": {
                "373129696960970762": {
                    "name": "Staff",
                    "created_at": "26-10-2017_15-24-12-170000",
                    "colour": 16711680,
                    "position": 19,
                    "permissions": 0
                },
                "403272352223461387": {
                    "name": "Members",
                    "created_at": "17-01-2018_19-40-21-208000",
                    "colour": 0,
                    "position": 12,
                    "permissions": 104187968
                },
                "403266269220175892": {
                    "name": "Mythical Ones",
                    "created_at": "17-01-2018_19-16-10-907000",
                    "colour": 1033914,
                    "position": 16,
                    "permissions": 262208
                },
                "401845161266642944": {
                    "name": "Media Creators",
                    "created_at": "13-01-2018_21-09-12-368000",
                    "colour": 7962319,
                    "position": 21,
                    "permissions": 0
                },
                "430760351248809986": {
                    "name": "Current Iteration",
                    "created_at": "03-04-2018_16-07-50-878000",
                    "colour": 0,
                    "position": 10,
                    "permissions": 0
                },
                "178667818152230912": {
                    "name": "@everyone",
                    "created_at": "08-05-2016_00-42-07-335000",
                    "colour": 0,
                    "position": 0,
                    "permissions": 0
                }
            }
        },
        "current": {
            "373129696960970762": {
                "name": "Staff",
                "created_at": "26-10-2017_15-24-12-170000",
                "colour": 16711680,
                "position": 17,
                "permissions": 0
            },
            "469889716435812353": {
                "name": "High Council",
                "created_at": "20-07-2018_15-33-58-527000",
                "colour": 0,
                "position": 29,
                "permissions": 2146954743
            },
            "523917597138354193": {
                "name": "Yeeters",
                "created_at": "16-12-2018_17-41-29-076000",
                "colour": 16714995,
                "position": 2,
                "permissions": 0
            },
            "401845161266642944": {
                "name": "Media Creators",
                "created_at": "13-01-2018_21-09-12-368000",
                "colour": 7962319,
                "position": 19,
                "permissions": 0
            },
            "469889439775326208": {
                "name": "Head of Media",
                "created_at": "20-07-2018_15-32-52-566000",
                "colour": 16741437,
                "position": 24,
                "permissions": 0
            },
            "403272352223461387": {
                "name": "Members",
                "created_at": "17-01-2018_19-40-21-208000",
                "colour": 0,
                "position": 9,
                "permissions": 104187968
            },
            "430760351248809986": {
                "name": "Current Iteration",
                "created_at": "03-04-2018_16-07-50-878000",
                "colour": 0,
                "position": 8,
                "permissions": 0
            },
            "403266285313589250": {
                "name": "Abandoned Ones",
                "created_at": "17-01-2018_19-16-14-744000",
                "colour": 16777215,
                "position": 10,
                "permissions": 0
            },
            "178667818152230912": {
                "name": "@everyone",
                "created_at": "08-05-2016_00-42-07-335000",
                "colour": 0,
                "position": 0,
                "permissions": 0
            }
        }
    },
    "activity": {},
    "discriminator": {
        "previous": {
            "23-01-2019_21-15-24-922386": "0770",
            "10-01-2019_00-18-24-072293": "9774"
        },
        "current": "3285"
    },
    "bans": {
        "previous": {},
        "current": "not banned"
    },
    "game": {
        "previous": {
            "19-01-2019_23-47-11-591556": {
                "name": "Minecraft",
                "url": null,
                "type": 0
            },
            "09-12-2018_10-10-43-790279": {
                "name": "Garry's Mod",
                "url": null,
                "type": 0
            },
            "13-01-2019_18-58-47-852165": {
                "name": null,
                "url": null,
                "type": null
            },
            "08-12-2018_15-44-11-058097": {
                "name": null,
                "url": null,
                "type": null
            },
            "17-01-2019_17-37-42-106001": {
                "name": "openCanvas 7",
                "url": null,
                "type": 0
            },
            "16-01-2019_22-00-47-241502": {
                "name": "openCanvas 7",
                "url": null,
                "type": 0
            },
            "10-12-2018_16-02-31-496869": {
                "name": "openCanvas 7",
                "url": null,
                "type": 0
            },
            "05-12-2018_16-27-33-714312": {
                "name": "Minecraft",
                "url": null,
                "type": 0
            },
            "12-12-2018_11-49-23-541900": {
                "name": "openCanvas 7",
                "url": null,
                "type": 0
            },
            "15-01-2019_20-05-24-063373": {
                "name": "Stick Fight: The Game",
                "url": null,
                "type": 0
            },
            "16-01-2019_15-03-07-147943": {
                "name": "openCanvas 7",
                "url": null,
                "type": 0
            },
            "16-12-2018_22-46-26-221531": {
                "name": null,
                "url": null,
                "type": null
            },
            "16-12-2018_21-52-39-901037": {
                "name": null,
                "url": null,
                "type": null
            },
            "17-12-2018_00-07-55-794219": {
                "name": "Warframe",
                "url": null,
                "type": 0
            },
            "12-01-2019_01-16-58-662867": {
                "name": "openCanvas 7",
                "url": null,
                "type": 0
            },
            "11-12-2018_09-13-26-392726": {
                "name": "The Forest",
                "url": null,
                "type": 0
            },
            "13-01-2019_23-58-57-488890": {
                "name": "The Sims 4",
                "url": null,
                "type": 0
            },
            "23-01-2019_23-06-46-438605": {
                "name": null,
                "url": null,
                "type": null
            },
            "07-12-2018_19-07-03-633575": {
                "name": null,
                "url": null,
                "type": null
            },
            "06-12-2018_19-01-41-672098": {
                "name": "Grand Theft Auto V",
                "url": null,
                "type": 0
            }
        },
        "current": {
            "name": "Warframe",
            "url": null,
            "type": 0
        }
    },
    "name": {
        "previous": {},
        "current": "Neon"
    },
    "status": {
        "previous": {
            "10-01-2019_03-36-57-747790": "offline",
            "06-12-2018_00-43-19-590607": "dnd",
            "16-12-2018_22-46-26-221531": "offline",
            "10-12-2018_16-02-31-496869": "offline",
            "09-12-2018_10-12-40-202519": "idle",
            "15-01-2019_20-05-24-063373": "dnd",
            "18-01-2019_15-04-28-265172": "offline",
            "11-12-2018_09-13-26-392726": "idle",
            "17-12-2018_00-07-55-794219": "offline",
            "06-12-2018_15-16-54-897558": "dnd",
            "06-12-2018_14-01-40-919859": "offline",
            "07-12-2018_19-07-03-633575": "dnd",
            "19-01-2019_13-47-02-065430": "offline",
            "09-12-2018_10-10-43-790279": "dnd",
            "05-12-2018_16-23-43-417186": "dnd",
            "13-01-2019_18-58-47-852165": "idle",
            "06-12-2018_00-45-45-907811": "dnd",
            "16-01-2019_22-00-47-241502": "dnd",
            "07-12-2018_09-02-35-892853": "offline",
            "06-12-2018_14-10-10-501058": "offline",
            "06-12-2018_14-27-10-018861": "dnd",
            "06-12-2018_00-44-16-069543": "offline",
            "06-12-2018_15-04-14-303670": "offline",
            "19-01-2019_23-47-11-591556": "offline",
            "08-12-2018_15-44-11-058097": "offline",
            "17-01-2019_17-37-42-106001": "dnd",
            "05-12-2018_16-27-33-714312": "offline",
            "11-01-2019_22-45-11-058689": "dnd",
            "10-01-2019_00-18-24-072293": "offline",
            "06-12-2018_01-05-49-556858": "offline",
            "13-01-2019_23-58-57-488890": "offline",
            "23-01-2019_23-06-46-438605": "offline",
            "06-12-2018_17-01-29-984225": "offline",
            "06-12-2018_19-01-41-672098": "offline",
            "17-12-2018_08-19-13-303562": "dnd",
            "06-12-2018_17-09-51-137367": "dnd",
            "12-01-2019_01-16-58-662867": "online",
            "06-12-2018_13-18-30-157611": "dnd",
            "18-01-2019_23-28-09-275982": "idle",
            "12-12-2018_11-49-23-541900": "offline",
            "16-01-2019_15-03-07-147943": "offline",
            "06-12-2018_15-40-12-725739": "dnd",
            "16-12-2018_21-52-39-901037": "dnd",
            "06-12-2018_14-32-19-309128": "offline",
            "06-12-2018_00-55-15-699438": "offline"
        },
        "current": "dnd"
    }
}