{
    "cookies": {
        "active_this_epoch": false,
        "measured_epochs": 10,
        "total_cookies": 0,
        "get": {
            "average": 0.0,
            "total_cookies": 0
        },
        "cookie_interest": 0,
        "cookie_transfer_quota": 0,
        "current_cookies": 0,
        "cookies_in_jar": 0,
        "active_epochs": 0,
        "give": {
            "average": 0.0,
            "total_cookies": 0
        }
    },
    "name": {
        "previous": {},
        "current": "HarryBruceTV"
    },
    "colour": {
        "previous": {},
        "current": 16713728
    },
    "activity": {
        "2019": {
            "1": {
                "25": {
                    "4": {
                        "410813767840956416": 1
                    },
                    "0": {
                        "403859489985658880": 2
                    }
                },
                "19": {
                    "17": {
                        "404067128786944002": 2
                    }
                },
                "10": {
                    "1": {
                        "403084655550791682": 2
                    },
                    "0": {
                        "403084854243098634": 1
                    }
                },
                "18": {
                    "2": {
                        "403084763591606273": 1
                    }
                },
                "24": {
                    "0": {
                        "523913649182605330": 1
                    }
                },
                "27": {
                    "13": {
                        "404067128786944002": 1
                    }
                },
                "16": {
                    "20": {
                        "403084763591606273": 1
                    },
                    "19": {
                        "403084763591606273": 3
                    },
                    "23": {
                        "532712820454719492": 9
                    },
                    "22": {
                        "404067128786944002": 1,
                        "532712820454719492": 10
                    }
                },
                "20": {
                    "13": {
                        "404067128786944002": 1
                    }
                },
                "31": {
                    "23": {
                        "523913649182605330": 1,
                        "403084655550791682": 2,
                        "403084854243098634": 1
                    }
                },
                "30": {
                    "17": {
                        "403859489985658880": 1
                    },
                    "13": {
                        "404067128786944002": 1
                    }
                },
                "23": {
                    "23": {
                        "403084790401728512": 2
                    }
                }
            },
            "2": {
                "3": {
                    "13": {
                        "404067128786944002": 1
                    },
                    "1": {
                        "403086550851911681": 1
                    },
                    "22": {
                        "403084655550791682": 3
                    }
                },
                "1": {
                    "1": {
                        "403859489985658880": 5
                    },
                    "20": {
                        "403086645437661186": 1,
                        "523913649182605330": 5
                    },
                    "0": {
                        "403084655550791682": 14
                    },
                    "2": {
                        "404067128786944002": 3,
                        "403084655550791682": 11
                    }
                },
                "8": {
                    "1": {
                        "403084655550791682": 7
                    }
                },
                "9": {
                    "3": {
                        "403084655550791682": 2
                    }
                }
            }
        }
    },
    "discriminator": {
        "previous": {},
        "current": "1042"
    },
    "created_at": "23-01-2016_15-55-43-971000",
    "bot": false,
    "status": {
        "previous": {
            "06-12-2018_16-49-44-878444": "offline",
            "08-02-2019_19-38-42-445767": "idle",
            "16-01-2019_15-03-07-147943": "offline",
            "16-01-2019_22-00-47-241502": "online",
            "17-01-2019_17-37-42-106001": "online",
            "06-12-2018_17-09-51-137367": "idle",
            "11-12-2018_09-13-26-392726": "online",
            "07-02-2019_22-30-45-401502": "online",
            "07-12-2018_19-07-03-633575": "online",
            "10-01-2019_03-36-57-747790": "online",
            "15-01-2019_20-05-24-063373": "online",
            "23-01-2019_23-06-46-438605": "idle",
            "29-01-2019_23-34-56-773453": "online",
            "13-01-2019_23-57-05-695365": "online",
            "05-12-2018_16-27-33-714312": "online",
            "09-02-2019_19-14-04-134526": "idle",
            "19-01-2019_13-47-02-065430": "online",
            "11-01-2019_23-54-44-166805": "idle",
            "16-12-2018_22-46-26-221531": "idle",
            "25-01-2019_00-26-23-076062": "online",
            "19-01-2019_23-47-11-591556": "online",
            "13-01-2019_23-58-57-488890": "idle",
            "05-12-2018_23-34-35-600797": "online",
            "25-01-2019_18-03-01-080213": "online",
            "30-01-2019_22-01-10-201736": "idle",
            "30-01-2019_14-51-49-215528": "idle",
            "07-12-2018_07-42-43-243407": "online",
            "12-12-2018_11-49-23-541900": "offline",
            "16-01-2019_20-42-02-533659": "idle",
            "10-12-2018_16-02-31-496869": "idle",
            "23-01-2019_21-15-24-922386": "offline",
            "29-01-2019_19-57-05-628849": "offline",
            "07-12-2018_09-02-35-892853": "online",
            "31-01-2019_23-15-25-764869": "online",
            "12-01-2019_01-16-58-662867": "online",
            "16-12-2018_21-52-39-901037": "idle",
            "30-01-2019_23-45-18-912162": "online",
            "10-01-2019_00-18-24-072293": "online",
            "06-12-2018_00-25-10-559318": "idle",
            "06-12-2018_17-01-29-984225": "online",
            "31-01-2019_19-29-23-149190": "idle",
            "13-01-2019_18-58-47-852165": "idle",
            "17-12-2018_08-19-13-303562": "online",
            "27-01-2019_13-19-36-209606": "online",
            "06-12-2018_19-01-41-672098": "idle",
            "11-01-2019_23-09-28-971572": "idle",
            "06-12-2018_01-05-49-556858": "online",
            "11-01-2019_22-45-11-058689": "idle",
            "08-12-2018_15-44-11-058097": "online"
        },
        "current": "online"
    },
    "joined_at": {
        "previous": {},
        "current": "17-01-2018_10-10-50-119000"
    },
    "game": {
        "previous": {
            "19-01-2019_23-47-11-591556": {
                "name": "Spotify",
                "type": 2,
                "url": null
            },
            "23-01-2019_23-06-46-438605": {
                "name": "Spotify",
                "type": 2,
                "url": null
            },
            "31-01-2019_23-15-25-764869": {
                "name": "Spotify",
                "type": 2,
                "url": null
            },
            "16-01-2019_22-00-47-241502": {
                "name": "Spotify",
                "type": 2,
                "url": null
            }
        },
        "current": {
            "name": null,
            "type": null,
            "url": null
        }
    },
    "bans": {
        "previous": {},
        "current": "not banned"
    },
    "id": "140484622034272256",
    "roles": {
        "previous": {
            "17-01-2019_17-37-42-106001": {
                "469889716435812353": {
                    "position": 29,
                    "permissions": 2146954751,
                    "created_at": "20-07-2018_15-33-58-527000",
                    "name": "High Council",
                    "colour": 0
                },
                "178667818152230912": {
                    "position": 0,
                    "permissions": 0,
                    "created_at": "08-05-2016_00-42-07-335000",
                    "name": "@everyone",
                    "colour": 0
                },
                "403266285313589250": {
                    "position": 10,
                    "permissions": 0,
                    "created_at": "17-01-2018_19-16-14-744000",
                    "name": "Abandoned Ones",
                    "colour": 16777215
                },
                "469889632117456896": {
                    "position": 22,
                    "permissions": 0,
                    "created_at": "20-07-2018_15-33-38-424000",
                    "name": "Head of Events",
                    "colour": 16713728
                },
                "373129696960970762": {
                    "position": 17,
                    "permissions": 0,
                    "created_at": "26-10-2017_15-24-12-170000",
                    "name": "Staff",
                    "colour": 16711680
                },
                "404068252361162759": {
                    "position": 3,
                    "permissions": 0,
                    "created_at": "20-01-2018_00-22-58-588000",
                    "name": "Under Where?",
                    "colour": 10181046
                },
                "403272352223461387": {
                    "position": 9,
                    "permissions": 104187968,
                    "created_at": "17-01-2018_19-40-21-208000",
                    "name": "Members",
                    "colour": 0
                },
                "430760351248809986": {
                    "position": 8,
                    "permissions": 0,
                    "created_at": "03-04-2018_16-07-50-878000",
                    "name": "Current Iteration",
                    "colour": 0
                },
                "363695886297071626": {
                    "position": 21,
                    "permissions": 541200384,
                    "created_at": "30-09-2017_14-37-36-436000",
                    "name": "Event Managers",
                    "colour": 14747399
                }
            },
            "16-12-2018_21-52-39-901037": {
                "469889716435812353": {
                    "position": 30,
                    "permissions": 8,
                    "created_at": "20-07-2018_15-33-58-527000",
                    "name": "High Council",
                    "colour": 0
                },
                "178667818152230912": {
                    "position": 0,
                    "permissions": 0,
                    "created_at": "08-05-2016_00-42-07-335000",
                    "name": "@everyone",
                    "colour": 0
                },
                "403266285313589250": {
                    "position": 11,
                    "permissions": 0,
                    "created_at": "17-01-2018_19-16-14-744000",
                    "name": "Abandoned Ones",
                    "colour": 16777215
                },
                "469889632117456896": {
                    "position": 23,
                    "permissions": 0,
                    "created_at": "20-07-2018_15-33-38-424000",
                    "name": "Head of Events",
                    "colour": 16713728
                },
                "373129696960970762": {
                    "position": 18,
                    "permissions": 0,
                    "created_at": "26-10-2017_15-24-12-170000",
                    "name": "Staff",
                    "colour": 16711680
                },
                "404068252361162759": {
                    "position": 16,
                    "permissions": 0,
                    "created_at": "20-01-2018_00-22-58-588000",
                    "name": "Under Where?",
                    "colour": 0
                },
                "403272352223461387": {
                    "position": 10,
                    "permissions": 104187968,
                    "created_at": "17-01-2018_19-40-21-208000",
                    "name": "Members",
                    "colour": 0
                },
                "430760351248809986": {
                    "position": 9,
                    "permissions": 0,
                    "created_at": "03-04-2018_16-07-50-878000",
                    "name": "Current Iteration",
                    "colour": 0
                },
                "363695886297071626": {
                    "position": 22,
                    "permissions": 541200384,
                    "created_at": "30-09-2017_14-37-36-436000",
                    "name": "Event Managers",
                    "colour": 14747399
                }
            },
            "25-01-2019_18-03-01-080213": {
                "523917597138354193": {
                    "position": 2,
                    "permissions": 0,
                    "created_at": "16-12-2018_17-41-29-076000",
                    "name": "Yeeters",
                    "colour": 16714995
                },
                "403272352223461387": {
                    "position": 11,
                    "permissions": 104187968,
                    "created_at": "17-01-2018_19-40-21-208000",
                    "name": "Members",
                    "colour": 0
                },
                "178667818152230912": {
                    "position": 0,
                    "permissions": 0,
                    "created_at": "08-05-2016_00-42-07-335000",
                    "name": "@everyone",
                    "colour": 0
                },
                "403266285313589250": {
                    "position": 12,
                    "permissions": 0,
                    "created_at": "17-01-2018_19-16-14-744000",
                    "name": "Abandoned Ones",
                    "colour": 16777215
                },
                "469889632117456896": {
                    "position": 22,
                    "permissions": 0,
                    "created_at": "20-07-2018_15-33-38-424000",
                    "name": "Head of Events",
                    "colour": 16713728
                },
                "373129696960970762": {
                    "position": 17,
                    "permissions": 0,
                    "created_at": "26-10-2017_15-24-12-170000",
                    "name": "Staff",
                    "colour": 16711680
                },
                "404068252361162759": {
                    "position": 3,
                    "permissions": 0,
                    "created_at": "20-01-2018_00-22-58-588000",
                    "name": "Under Where?",
                    "colour": 10181046
                },
                "363695886297071626": {
                    "position": 21,
                    "permissions": 541200384,
                    "created_at": "30-09-2017_14-37-36-436000",
                    "name": "Event Managers",
                    "colour": 14747399
                },
                "469889716435812353": {
                    "position": 29,
                    "permissions": 2146954743,
                    "created_at": "20-07-2018_15-33-58-527000",
                    "name": "High Council",
                    "colour": 0
                }
            },
            "07-12-2018_09-02-35-892853": {
                "469889716435812353": {
                    "position": 30,
                    "permissions": 8,
                    "created_at": "20-07-2018_15-33-58-527000",
                    "name": "High Council",
                    "colour": 0
                },
                "178667818152230912": {
                    "position": 0,
                    "permissions": 0,
                    "created_at": "08-05-2016_00-42-07-335000",
                    "name": "@everyone",
                    "colour": 0
                },
                "403266285313589250": {
                    "position": 12,
                    "permissions": 0,
                    "created_at": "17-01-2018_19-16-14-744000",
                    "name": "Abandoned Ones",
                    "colour": 16777215
                },
                "469889632117456896": {
                    "position": 23,
                    "permissions": 0,
                    "created_at": "20-07-2018_15-33-38-424000",
                    "name": "Head of Events",
                    "colour": 16713728
                },
                "373129696960970762": {
                    "position": 18,
                    "permissions": 0,
                    "created_at": "26-10-2017_15-24-12-170000",
                    "name": "Staff",
                    "colour": 16711680
                },
                "404068252361162759": {
                    "position": 16,
                    "permissions": 0,
                    "created_at": "20-01-2018_00-22-58-588000",
                    "name": "Under Where?",
                    "colour": 0
                },
                "403272352223461387": {
                    "position": 11,
                    "permissions": 104187968,
                    "created_at": "17-01-2018_19-40-21-208000",
                    "name": "Members",
                    "colour": 0
                },
                "430760351248809986": {
                    "position": 9,
                    "permissions": 0,
                    "created_at": "03-04-2018_16-07-50-878000",
                    "name": "Current Iteration",
                    "colour": 0
                },
                "363695886297071626": {
                    "position": 22,
                    "permissions": 541200384,
                    "created_at": "30-09-2017_14-37-36-436000",
                    "name": "Event Managers",
                    "colour": 14747399
                }
            },
            "07-02-2019_22-30-45-401502": {
                "523917597138354193": {
                    "position": 2,
                    "permissions": 0,
                    "created_at": "16-12-2018_17-41-29-076000",
                    "name": "Yeeters",
                    "colour": 16714995
                },
                "403272352223461387": {
                    "position": 10,
                    "permissions": 104187968,
                    "created_at": "17-01-2018_19-40-21-208000",
                    "name": "Members",
                    "colour": 0
                },
                "178667818152230912": {
                    "position": 0,
                    "permissions": 0,
                    "created_at": "08-05-2016_00-42-07-335000",
                    "name": "@everyone",
                    "colour": 0
                },
                "403266285313589250": {
                    "position": 11,
                    "permissions": 0,
                    "created_at": "17-01-2018_19-16-14-744000",
                    "name": "Abandoned Ones",
                    "colour": 16777215
                },
                "469889632117456896": {
                    "position": 20,
                    "permissions": 0,
                    "created_at": "20-07-2018_15-33-38-424000",
                    "name": "Head of Events",
                    "colour": 16713728
                },
                "373129696960970762": {
                    "position": 19,
                    "permissions": 0,
                    "created_at": "26-10-2017_15-24-12-170000",
                    "name": "Staff",
                    "colour": 0
                },
                "404068252361162759": {
                    "position": 3,
                    "permissions": 0,
                    "created_at": "20-01-2018_00-22-58-588000",
                    "name": "Under Where?",
                    "colour": 10181046
                },
                "363695886297071626": {
                    "position": 18,
                    "permissions": 541200384,
                    "created_at": "30-09-2017_14-37-36-436000",
                    "name": "Event Managers",
                    "colour": 14747399
                },
                "469889716435812353": {
                    "position": 27,
                    "permissions": 2146954743,
                    "created_at": "20-07-2018_15-33-58-527000",
                    "name": "High Council",
                    "colour": 0
                }
            },
            "10-01-2019_00-18-24-072293": {
                "469889716435812353": {
                    "position": 26,
                    "permissions": 8,
                    "created_at": "20-07-2018_15-33-58-527000",
                    "name": "High Council",
                    "colour": 0
                },
                "178667818152230912": {
                    "position": 0,
                    "permissions": 0,
                    "created_at": "08-05-2016_00-42-07-335000",
                    "name": "@everyone",
                    "colour": 0
                },
                "403266285313589250": {
                    "position": 8,
                    "permissions": 0,
                    "created_at": "17-01-2018_19-16-14-744000",
                    "name": "Abandoned Ones",
                    "colour": 16777215
                },
                "469889632117456896": {
                    "position": 19,
                    "permissions": 0,
                    "created_at": "20-07-2018_15-33-38-424000",
                    "name": "Head of Events",
                    "colour": 16713728
                },
                "373129696960970762": {
                    "position": 14,
                    "permissions": 0,
                    "created_at": "26-10-2017_15-24-12-170000",
                    "name": "Staff",
                    "colour": 16711680
                },
                "404068252361162759": {
                    "position": 2,
                    "permissions": 0,
                    "created_at": "20-01-2018_00-22-58-588000",
                    "name": "Under Where?",
                    "colour": 0
                },
                "403272352223461387": {
                    "position": 7,
                    "permissions": 104187968,
                    "created_at": "17-01-2018_19-40-21-208000",
                    "name": "Members",
                    "colour": 0
                },
                "430760351248809986": {
                    "position": 6,
                    "permissions": 0,
                    "created_at": "03-04-2018_16-07-50-878000",
                    "name": "Current Iteration",
                    "colour": 0
                },
                "363695886297071626": {
                    "position": 18,
                    "permissions": 541200384,
                    "created_at": "30-09-2017_14-37-36-436000",
                    "name": "Event Managers",
                    "colour": 14747399
                }
            },
            "25-01-2019_00-26-23-076062": {
                "523917597138354193": {
                    "position": 2,
                    "permissions": 0,
                    "created_at": "16-12-2018_17-41-29-076000",
                    "name": "Yeeters",
                    "colour": 16714995
                },
                "469889716435812353": {
                    "position": 29,
                    "permissions": 2146954743,
                    "created_at": "20-07-2018_15-33-58-527000",
                    "name": "High Council",
                    "colour": 0
                },
                "178667818152230912": {
                    "position": 0,
                    "permissions": 0,
                    "created_at": "08-05-2016_00-42-07-335000",
                    "name": "@everyone",
                    "colour": 0
                },
                "403266285313589250": {
                    "position": 10,
                    "permissions": 0,
                    "created_at": "17-01-2018_19-16-14-744000",
                    "name": "Abandoned Ones",
                    "colour": 16777215
                },
                "430760351248809986": {
                    "position": 8,
                    "permissions": 0,
                    "created_at": "03-04-2018_16-07-50-878000",
                    "name": "Current Iteration",
                    "colour": 0
                },
                "373129696960970762": {
                    "position": 17,
                    "permissions": 0,
                    "created_at": "26-10-2017_15-24-12-170000",
                    "name": "Staff",
                    "colour": 16711680
                },
                "403272352223461387": {
                    "position": 9,
                    "permissions": 104187968,
                    "created_at": "17-01-2018_19-40-21-208000",
                    "name": "Members",
                    "colour": 0
                },
                "404068252361162759": {
                    "position": 3,
                    "permissions": 0,
                    "created_at": "20-01-2018_00-22-58-588000",
                    "name": "Under Where?",
                    "colour": 10181046
                },
                "469889632117456896": {
                    "position": 22,
                    "permissions": 0,
                    "created_at": "20-07-2018_15-33-38-424000",
                    "name": "Head of Events",
                    "colour": 16713728
                },
                "363695886297071626": {
                    "position": 21,
                    "permissions": 541200384,
                    "created_at": "30-09-2017_14-37-36-436000",
                    "name": "Event Managers",
                    "colour": 14747399
                }
            },
            "09-02-2019_19-14-04-134526": {
                "523917597138354193": {
                    "position": 2,
                    "permissions": 0,
                    "created_at": "16-12-2018_17-41-29-076000",
                    "name": "Yeeters",
                    "colour": 16714995
                },
                "403272352223461387": {
                    "position": 10,
                    "permissions": 104187968,
                    "created_at": "17-01-2018_19-40-21-208000",
                    "name": "Members",
                    "colour": 0
                },
                "178667818152230912": {
                    "position": 0,
                    "permissions": 0,
                    "created_at": "08-05-2016_00-42-07-335000",
                    "name": "@everyone",
                    "colour": 0
                },
                "403266285313589250": {
                    "position": 11,
                    "permissions": 0,
                    "created_at": "17-01-2018_19-16-14-744000",
                    "name": "Abandoned Ones",
                    "colour": 16777215
                },
                "469889632117456896": {
                    "position": 20,
                    "permissions": 0,
                    "created_at": "20-07-2018_15-33-38-424000",
                    "name": "Head of Events",
                    "colour": 16713728
                },
                "373129696960970762": {
                    "position": 19,
                    "permissions": 0,
                    "created_at": "26-10-2017_15-24-12-170000",
                    "name": "Staff",
                    "colour": 0
                },
                "404068252361162759": {
                    "position": 3,
                    "permissions": 0,
                    "created_at": "20-01-2018_00-22-58-588000",
                    "name": "Under Where?",
                    "colour": 10181046
                },
                "363695886297071626": {
                    "position": 18,
                    "permissions": 541200384,
                    "created_at": "30-09-2017_14-37-36-436000",
                    "name": "Event Managers",
                    "colour": 14747399
                },
                "469889716435812353": {
                    "position": 27,
                    "permissions": 2146954743,
                    "created_at": "20-07-2018_15-33-58-527000",
                    "name": "Nation Leaders",
                    "colour": 0
                }
            },
            "06-12-2018_01-05-49-556858": {
                "469889716435812353": {
                    "position": 31,
                    "permissions": 8,
                    "created_at": "20-07-2018_15-33-58-527000",
                    "name": "High Council",
                    "colour": 0
                },
                "178667818152230912": {
                    "position": 0,
                    "permissions": 0,
                    "created_at": "08-05-2016_00-42-07-335000",
                    "name": "@everyone",
                    "colour": 0
                },
                "469889632117456896": {
                    "position": 24,
                    "permissions": 0,
                    "created_at": "20-07-2018_15-33-38-424000",
                    "name": "Head of Events",
                    "colour": 16713728
                },
                "373129696960970762": {
                    "position": 19,
                    "permissions": 0,
                    "created_at": "26-10-2017_15-24-12-170000",
                    "name": "Staff",
                    "colour": 16711680
                },
                "403266269220175892": {
                    "position": 16,
                    "permissions": 262208,
                    "created_at": "17-01-2018_19-16-10-907000",
                    "name": "Mythical Ones",
                    "colour": 1033914
                },
                "404068252361162759": {
                    "position": 17,
                    "permissions": 0,
                    "created_at": "20-01-2018_00-22-58-588000",
                    "name": "Under Where?",
                    "colour": 0
                },
                "403272352223461387": {
                    "position": 12,
                    "permissions": 104187968,
                    "created_at": "17-01-2018_19-40-21-208000",
                    "name": "Members",
                    "colour": 0
                },
                "430760351248809986": {
                    "position": 10,
                    "permissions": 0,
                    "created_at": "03-04-2018_16-07-50-878000",
                    "name": "Current Iteration",
                    "colour": 0
                },
                "363695886297071626": {
                    "position": 23,
                    "permissions": 541200384,
                    "created_at": "30-09-2017_14-37-36-436000",
                    "name": "Event Managers",
                    "colour": 14747399
                }
            },
            "07-12-2018_07-51-11-182069": {
                "469889716435812353": {
                    "position": 30,
                    "permissions": 8,
                    "created_at": "20-07-2018_15-33-58-527000",
                    "name": "High Council",
                    "colour": 0
                },
                "178667818152230912": {
                    "position": 0,
                    "permissions": 0,
                    "created_at": "08-05-2016_00-42-07-335000",
                    "name": "@everyone",
                    "colour": 0
                },
                "469889632117456896": {
                    "position": 23,
                    "permissions": 0,
                    "created_at": "20-07-2018_15-33-38-424000",
                    "name": "Head of Events",
                    "colour": 16713728
                },
                "373129696960970762": {
                    "position": 18,
                    "permissions": 0,
                    "created_at": "26-10-2017_15-24-12-170000",
                    "name": "Staff",
                    "colour": 16711680
                },
                "403266269220175892": {
                    "position": 15,
                    "permissions": 262208,
                    "created_at": "17-01-2018_19-16-10-907000",
                    "name": "Mythical Ones",
                    "colour": 1033914
                },
                "404068252361162759": {
                    "position": 16,
                    "permissions": 0,
                    "created_at": "20-01-2018_00-22-58-588000",
                    "name": "Under Where?",
                    "colour": 0
                },
                "403272352223461387": {
                    "position": 11,
                    "permissions": 104187968,
                    "created_at": "17-01-2018_19-40-21-208000",
                    "name": "Members",
                    "colour": 0
                },
                "430760351248809986": {
                    "position": 9,
                    "permissions": 0,
                    "created_at": "03-04-2018_16-07-50-878000",
                    "name": "Current Iteration",
                    "colour": 0
                },
                "363695886297071626": {
                    "position": 22,
                    "permissions": 541200384,
                    "created_at": "30-09-2017_14-37-36-436000",
                    "name": "Event Managers",
                    "colour": 14747399
                }
            }
        },
        "current": {
            "523917597138354193": {
                "position": 3,
                "name": "Yeeters",
                "created_at": "16-12-2018_17-41-29-076000",
                "permissions": 0,
                "colour": 16714995
            },
            "404068252361162759": {
                "position": 4,
                "name": "Under Where?",
                "created_at": "20-01-2018_00-22-58-588000",
                "permissions": 0,
                "colour": 10181046
            },
            "178667818152230912": {
                "position": 0,
                "name": "@everyone",
                "created_at": "08-05-2016_00-42-07-335000",
                "permissions": 0,
                "colour": 0
            },
            "403266285313589250": {
                "position": 12,
                "name": "Abandoned Ones",
                "created_at": "17-01-2018_19-16-14-744000",
                "permissions": 0,
                "colour": 16777215
            },
            "469889632117456896": {
                "position": 21,
                "name": "Head of Events",
                "created_at": "20-07-2018_15-33-38-424000",
                "permissions": 0,
                "colour": 16713728
            },
            "373129696960970762": {
                "position": 20,
                "name": "Staff",
                "created_at": "26-10-2017_15-24-12-170000",
                "permissions": 0,
                "colour": 0
            },
            "403272352223461387": {
                "position": 11,
                "name": "Members",
                "created_at": "17-01-2018_19-40-21-208000",
                "permissions": 104187968,
                "colour": 0
            },
            "363695886297071626": {
                "position": 19,
                "name": "Event Managers",
                "created_at": "30-09-2017_14-37-36-436000",
                "permissions": 541200384,
                "colour": 14747399
            },
            "469889716435812353": {
                "position": 28,
                "name": "Nation Leaders",
                "created_at": "20-07-2018_15-33-58-527000",
                "permissions": 2146954743,
                "colour": 0
            }
        }
    },
    "voice": {
        "previous": {
            "17-01-2019_17-37-42-106001": {
                "server_mute": false,
                "self_deaf": false,
                "channel": {
                    "name": "simply-yeet",
                    "id": "523902470724911105",
                    "private": false
                },
                "self_mute": false,
                "is_afk": false,
                "server_deaf": false
            },
            "16-12-2018_21-52-39-901037": {
                "server_mute": false,
                "self_deaf": false,
                "channel": {
                    "name": "Event Staff",
                    "id": "404217202737283072",
                    "private": false
                },
                "self_mute": false,
                "is_afk": false,
                "server_deaf": false
            },
            "23-01-2019_23-06-46-438605": {
                "server_mute": false,
                "self_deaf": false,
                "channel": {
                    "name": "simply-yeet",
                    "id": "523902470724911105",
                    "private": false
                },
                "self_mute": false,
                "is_afk": false,
                "server_deaf": false
            },
            "10-01-2019_00-18-24-072293": {
                "server_mute": false,
                "self_deaf": false,
                "channel": {
                    "name": "simply-yeet",
                    "id": "523902470724911105",
                    "private": false
                },
                "self_mute": false,
                "is_afk": false,
                "server_deaf": false
            },
            "07-02-2019_22-30-45-401502": {
                "server_mute": false,
                "self_deaf": true,
                "channel": {
                    "name": null,
                    "id": null,
                    "private": null
                },
                "self_mute": true,
                "is_afk": false,
                "server_deaf": false
            },
            "23-01-2019_21-15-24-922386": {
                "server_mute": false,
                "self_deaf": false,
                "channel": {
                    "name": null,
                    "id": null,
                    "private": null
                },
                "self_mute": false,
                "is_afk": false,
                "server_deaf": false
            },
            "09-02-2019_19-14-04-134526": {
                "server_mute": false,
                "self_deaf": false,
                "channel": {
                    "name": "High Staff",
                    "id": "410813824162201620",
                    "private": false
                },
                "self_mute": false,
                "is_afk": false,
                "server_deaf": false
            },
            "31-01-2019_23-15-25-764869": {
                "server_mute": false,
                "self_deaf": true,
                "channel": {
                    "name": "Under Where",
                    "id": "403086522146095104",
                    "private": false
                },
                "self_mute": true,
                "is_afk": false,
                "server_deaf": false
            },
            "16-01-2019_22-00-47-241502": {
                "server_mute": false,
                "self_deaf": false,
                "channel": {
                    "name": "simply-yeet",
                    "id": "523902470724911105",
                    "private": false
                },
                "self_mute": false,
                "is_afk": false,
                "server_deaf": false
            }
        },
        "current": {
            "server_deaf": false,
            "self_deaf": false,
            "channel": {
                "name": null,
                "id": null,
                "private": null
            },
            "self_mute": false,
            "is_afk": false,
            "server_mute": false
        }
    },
    "display_name": {
        "previous": {
            "09-02-2019_19-14-04-134526": "I'm gay",
            "23-01-2019_23-06-46-438605": "sicko doggo",
            "10-01-2019_00-18-24-072293": "35,555, Such an emo'tho",
            "29-01-2019_23-34-56-773453": "Shreddie Krueger",
            "13-01-2019_23-58-57-488890": "35,595",
            "11-01-2019_22-45-11-058689": "such an emo. I need a haircut",
            "16-01-2019_20-42-02-533659": "35,796",
            "16-01-2019_22-00-47-241502": "35,866 - god of sandwiches",
            "17-01-2019_17-37-42-106001": "35,866 - God of Sandwiches",
            "10-12-2018_16-02-31-496869": "Double-Ended Dildomon",
            "07-02-2019_22-30-45-401502": "Air Elder Harry",
            "31-01-2019_23-15-25-764869": "Blue Eyes White Dragon",
            "30-01-2019_14-51-49-215528": "New Video Out Today"
        },
        "current": "I'm gay and so is Avatar"
    }
}