{
    "cookies": {
        "active_this_epoch": false,
        "measured_epochs": 10,
        "total_cookies": 0,
        "get": {
            "average": 0.0,
            "total_cookies": 0
        },
        "cookie_interest": 0,
        "cookie_transfer_quota": 0,
        "current_cookies": 0,
        "cookies_in_jar": 0,
        "active_epochs": 0,
        "give": {
            "average": 0.0,
            "total_cookies": 0
        }
    },
    "name": {
        "previous": {},
        "current": "Smoky"
    },
    "colour": {
        "previous": {},
        "current": 16777215
    },
    "activity": {},
    "discriminator": {
        "previous": {},
        "current": "5218"
    },
    "created_at": "28-12-2016_12-34-42-242000",
    "bot": false,
    "status": {
        "previous": {
            "18-01-2019_15-04-28-265172": "online",
            "31-01-2019_23-15-25-764869": "online",
            "08-02-2019_19-38-42-445767": "online",
            "06-12-2018_14-37-28-467255": "online",
            "11-12-2018_09-13-26-392726": "online",
            "26-01-2019_15-44-45-130911": "online",
            "16-01-2019_22-00-47-241502": "offline",
            "17-01-2019_17-37-42-106001": "online",
            "05-12-2018_23-17-11-812802": "online",
            "06-12-2018_15-40-12-725739": "offline",
            "07-02-2019_22-30-45-401502": "online",
            "12-01-2019_01-16-58-662867": "online",
            "06-12-2018_14-50-02-697396": "offline",
            "16-12-2018_21-52-39-901037": "online",
            "05-12-2018_16-27-33-714312": "online",
            "06-12-2018_13-18-30-157611": "offline",
            "19-01-2019_13-47-02-065430": "online",
            "12-12-2018_11-49-23-541900": "offline",
            "06-12-2018_16-52-47-876441": "online",
            "16-01-2019_15-03-07-147943": "online",
            "06-12-2018_15-27-46-642824": "online",
            "25-01-2019_00-26-23-076062": "online",
            "06-12-2018_01-05-49-556858": "offline",
            "08-12-2018_15-44-11-058097": "online"
        },
        "current": "offline"
    },
    "joined_at": {
        "previous": {},
        "current": "29-10-2018_20-16-20-062877"
    },
    "game": {
        "previous": {},
        "current": {
            "name": null,
            "type": null,
            "url": null
        }
    },
    "bans": {
        "previous": {},
        "current": "not banned"
    },
    "id": "263645905780080640",
    "roles": {
        "previous": {
            "17-01-2019_17-37-42-106001": {
                "403272352223461387": {
                    "position": 8,
                    "name": "Members",
                    "permissions": 104187968,
                    "colour": 0,
                    "created_at": "17-01-2018_19-40-21-208000"
                },
                "178667818152230912": {
                    "position": 0,
                    "name": "@everyone",
                    "permissions": 0,
                    "colour": 0,
                    "created_at": "08-05-2016_00-42-07-335000"
                },
                "403266285313589250": {
                    "position": 9,
                    "name": "Abandoned Ones",
                    "permissions": 0,
                    "colour": 16777215,
                    "created_at": "17-01-2018_19-16-14-744000"
                }
            },
            "16-12-2018_21-52-39-901037": {
                "403272352223461387": {
                    "position": 10,
                    "name": "Members",
                    "permissions": 104187968,
                    "colour": 0,
                    "created_at": "17-01-2018_19-40-21-208000"
                },
                "178667818152230912": {
                    "position": 0,
                    "name": "@everyone",
                    "permissions": 0,
                    "colour": 0,
                    "created_at": "08-05-2016_00-42-07-335000"
                },
                "403266285313589250": {
                    "position": 11,
                    "name": "Abandoned Ones",
                    "permissions": 0,
                    "colour": 16777215,
                    "created_at": "17-01-2018_19-16-14-744000"
                }
            },
            "25-01-2019_18-03-01-080213": {
                "403272352223461387": {
                    "position": 11,
                    "name": "Members",
                    "permissions": 104187968,
                    "colour": 0,
                    "created_at": "17-01-2018_19-40-21-208000"
                },
                "178667818152230912": {
                    "position": 0,
                    "name": "@everyone",
                    "permissions": 0,
                    "colour": 0,
                    "created_at": "08-05-2016_00-42-07-335000"
                },
                "403266285313589250": {
                    "position": 12,
                    "name": "Abandoned Ones",
                    "permissions": 0,
                    "colour": 16777215,
                    "created_at": "17-01-2018_19-16-14-744000"
                }
            },
            "07-12-2018_09-02-35-892853": {
                "403272352223461387": {
                    "position": 11,
                    "name": "Members",
                    "permissions": 104187968,
                    "colour": 0,
                    "created_at": "17-01-2018_19-40-21-208000"
                },
                "178667818152230912": {
                    "position": 0,
                    "name": "@everyone",
                    "permissions": 0,
                    "colour": 0,
                    "created_at": "08-05-2016_00-42-07-335000"
                },
                "403266285313589250": {
                    "position": 12,
                    "name": "Abandoned Ones",
                    "permissions": 0,
                    "colour": 16777215,
                    "created_at": "17-01-2018_19-16-14-744000"
                }
            },
            "10-01-2019_00-18-24-072293": {
                "403272352223461387": {
                    "position": 7,
                    "name": "Members",
                    "permissions": 104187968,
                    "colour": 0,
                    "created_at": "17-01-2018_19-40-21-208000"
                },
                "178667818152230912": {
                    "position": 0,
                    "name": "@everyone",
                    "permissions": 0,
                    "colour": 0,
                    "created_at": "08-05-2016_00-42-07-335000"
                },
                "403266285313589250": {
                    "position": 8,
                    "name": "Abandoned Ones",
                    "permissions": 0,
                    "colour": 16777215,
                    "created_at": "17-01-2018_19-16-14-744000"
                }
            },
            "25-01-2019_00-26-23-076062": {
                "403272352223461387": {
                    "position": 9,
                    "name": "Members",
                    "permissions": 104187968,
                    "colour": 0,
                    "created_at": "17-01-2018_19-40-21-208000"
                },
                "178667818152230912": {
                    "position": 0,
                    "name": "@everyone",
                    "permissions": 0,
                    "colour": 0,
                    "created_at": "08-05-2016_00-42-07-335000"
                },
                "403266285313589250": {
                    "position": 10,
                    "name": "Abandoned Ones",
                    "permissions": 0,
                    "colour": 16777215,
                    "created_at": "17-01-2018_19-16-14-744000"
                }
            },
            "06-12-2018_01-05-49-556858": {
                "403272352223461387": {
                    "position": 12,
                    "name": "Members",
                    "permissions": 104187968,
                    "colour": 0,
                    "created_at": "17-01-2018_19-40-21-208000"
                },
                "178667818152230912": {
                    "position": 0,
                    "name": "@everyone",
                    "permissions": 0,
                    "colour": 0,
                    "created_at": "08-05-2016_00-42-07-335000"
                },
                "403266285313589250": {
                    "position": 13,
                    "name": "Abandoned Ones",
                    "permissions": 0,
                    "colour": 16777215,
                    "created_at": "17-01-2018_19-16-14-744000"
                }
            }
        },
        "current": {
            "403272352223461387": {
                "position": 10,
                "name": "Members",
                "permissions": 104187968,
                "colour": 0,
                "created_at": "17-01-2018_19-40-21-208000"
            },
            "178667818152230912": {
                "position": 0,
                "name": "@everyone",
                "permissions": 0,
                "colour": 0,
                "created_at": "08-05-2016_00-42-07-335000"
            },
            "403266285313589250": {
                "position": 11,
                "name": "Abandoned Ones",
                "permissions": 0,
                "colour": 16777215,
                "created_at": "17-01-2018_19-16-14-744000"
            }
        }
    },
    "voice": {
        "previous": {},
        "current": {
            "server_mute": false,
            "self_deaf": false,
            "channel": {
                "name": null,
                "id": null,
                "private": null
            },
            "self_mute": false,
            "is_afk": false,
            "server_deaf": false
        }
    },
    "display_name": {
        "previous": {},
        "current": "Smoky"
    }
}