{
    "cookies": {
        "active_this_epoch": false,
        "measured_epochs": 10,
        "total_cookies": 0,
        "get": {
            "average": 0.0,
            "total_cookies": 0
        },
        "cookie_interest": 0,
        "cookie_transfer_quota": 0,
        "current_cookies": 0,
        "cookies_in_jar": 0,
        "active_epochs": 0,
        "give": {
            "average": 0.0,
            "total_cookies": 0
        }
    },
    "name": {
        "previous": {},
        "current": "Jacob E. Wright (Comcer)"
    },
    "colour": {
        "previous": {},
        "current": 16777215
    },
    "activity": {
        "2019": {
            "1": {
                "17": {
                    "1": {
                        "403084655550791682": 5
                    },
                    "2": {
                        "403084655550791682": 22
                    }
                },
                "12": {
                    "1": {
                        "403084655550791682": 21
                    }
                }
            },
            "2": {
                "8": {
                    "1": {
                        "404067128786944002": 1,
                        "403084655550791682": 21,
                        "543213512046936077": 3
                    }
                },
                "9": {
                    "15": {
                        "403084655550791682": 1
                    }
                }
            }
        }
    },
    "discriminator": {
        "previous": {},
        "current": "2113"
    },
    "created_at": "11-11-2017_22-26-39-309000",
    "bot": false,
    "status": {
        "previous": {
            "07-02-2019_22-30-45-401502": "online",
            "31-01-2019_23-15-25-764869": "online",
            "12-01-2019_01-16-58-662867": "online",
            "16-12-2018_22-46-26-221531": "online",
            "11-12-2018_09-13-26-392726": "online",
            "08-02-2019_19-38-42-445767": "online",
            "16-01-2019_22-00-47-241502": "online"
        },
        "current": "offline"
    },
    "joined_at": {
        "previous": {},
        "current": "03-03-2018_21-21-43-251257"
    },
    "game": {
        "previous": {},
        "current": {
            "name": null,
            "type": null,
            "url": null
        }
    },
    "bans": {
        "previous": {},
        "current": "not banned"
    },
    "id": "379034216417067018",
    "roles": {
        "previous": {
            "17-01-2019_17-37-42-106001": {
                "403272352223461387": {
                    "position": 8,
                    "permissions": 104187968,
                    "created_at": "17-01-2018_19-40-21-208000",
                    "name": "Members",
                    "colour": 0
                },
                "178667818152230912": {
                    "position": 0,
                    "permissions": 0,
                    "created_at": "08-05-2016_00-42-07-335000",
                    "name": "@everyone",
                    "colour": 0
                },
                "403266285313589250": {
                    "position": 9,
                    "permissions": 0,
                    "created_at": "17-01-2018_19-16-14-744000",
                    "name": "Abandoned Ones",
                    "colour": 16777215
                },
                "430760351248809986": {
                    "position": 7,
                    "permissions": 0,
                    "created_at": "03-04-2018_16-07-50-878000",
                    "name": "Current Iteration",
                    "colour": 0
                }
            },
            "16-12-2018_21-52-39-901037": {
                "403272352223461387": {
                    "position": 10,
                    "permissions": 104187968,
                    "created_at": "17-01-2018_19-40-21-208000",
                    "name": "Members",
                    "colour": 0
                },
                "178667818152230912": {
                    "position": 0,
                    "permissions": 0,
                    "created_at": "08-05-2016_00-42-07-335000",
                    "name": "@everyone",
                    "colour": 0
                },
                "403266285313589250": {
                    "position": 11,
                    "permissions": 0,
                    "created_at": "17-01-2018_19-16-14-744000",
                    "name": "Abandoned Ones",
                    "colour": 16777215
                },
                "430760351248809986": {
                    "position": 9,
                    "permissions": 0,
                    "created_at": "03-04-2018_16-07-50-878000",
                    "name": "Current Iteration",
                    "colour": 0
                }
            },
            "25-01-2019_18-03-01-080213": {
                "403272352223461387": {
                    "position": 11,
                    "permissions": 104187968,
                    "created_at": "17-01-2018_19-40-21-208000",
                    "name": "Members",
                    "colour": 0
                },
                "178667818152230912": {
                    "position": 0,
                    "permissions": 0,
                    "created_at": "08-05-2016_00-42-07-335000",
                    "name": "@everyone",
                    "colour": 0
                },
                "403266285313589250": {
                    "position": 12,
                    "permissions": 0,
                    "created_at": "17-01-2018_19-16-14-744000",
                    "name": "Abandoned Ones",
                    "colour": 16777215
                }
            },
            "07-12-2018_09-02-35-892853": {
                "403272352223461387": {
                    "position": 11,
                    "permissions": 104187968,
                    "created_at": "17-01-2018_19-40-21-208000",
                    "name": "Members",
                    "colour": 0
                },
                "178667818152230912": {
                    "position": 0,
                    "permissions": 0,
                    "created_at": "08-05-2016_00-42-07-335000",
                    "name": "@everyone",
                    "colour": 0
                },
                "403266285313589250": {
                    "position": 12,
                    "permissions": 0,
                    "created_at": "17-01-2018_19-16-14-744000",
                    "name": "Abandoned Ones",
                    "colour": 16777215
                },
                "430760351248809986": {
                    "position": 9,
                    "permissions": 0,
                    "created_at": "03-04-2018_16-07-50-878000",
                    "name": "Current Iteration",
                    "colour": 0
                }
            },
            "10-01-2019_00-18-24-072293": {
                "403272352223461387": {
                    "position": 7,
                    "permissions": 104187968,
                    "created_at": "17-01-2018_19-40-21-208000",
                    "name": "Members",
                    "colour": 0
                },
                "178667818152230912": {
                    "position": 0,
                    "permissions": 0,
                    "created_at": "08-05-2016_00-42-07-335000",
                    "name": "@everyone",
                    "colour": 0
                },
                "403266285313589250": {
                    "position": 8,
                    "permissions": 0,
                    "created_at": "17-01-2018_19-16-14-744000",
                    "name": "Abandoned Ones",
                    "colour": 16777215
                },
                "430760351248809986": {
                    "position": 6,
                    "permissions": 0,
                    "created_at": "03-04-2018_16-07-50-878000",
                    "name": "Current Iteration",
                    "colour": 0
                }
            },
            "25-01-2019_00-26-23-076062": {
                "403272352223461387": {
                    "position": 9,
                    "permissions": 104187968,
                    "created_at": "17-01-2018_19-40-21-208000",
                    "name": "Members",
                    "colour": 0
                },
                "178667818152230912": {
                    "position": 0,
                    "permissions": 0,
                    "created_at": "08-05-2016_00-42-07-335000",
                    "name": "@everyone",
                    "colour": 0
                },
                "403266285313589250": {
                    "position": 10,
                    "permissions": 0,
                    "created_at": "17-01-2018_19-16-14-744000",
                    "name": "Abandoned Ones",
                    "colour": 16777215
                },
                "430760351248809986": {
                    "position": 8,
                    "permissions": 0,
                    "created_at": "03-04-2018_16-07-50-878000",
                    "name": "Current Iteration",
                    "colour": 0
                }
            },
            "06-12-2018_01-05-49-556858": {
                "403272352223461387": {
                    "position": 12,
                    "permissions": 104187968,
                    "created_at": "17-01-2018_19-40-21-208000",
                    "name": "Members",
                    "colour": 0
                },
                "178667818152230912": {
                    "position": 0,
                    "permissions": 0,
                    "created_at": "08-05-2016_00-42-07-335000",
                    "name": "@everyone",
                    "colour": 0
                },
                "403266285313589250": {
                    "position": 13,
                    "permissions": 0,
                    "created_at": "17-01-2018_19-16-14-744000",
                    "name": "Abandoned Ones",
                    "colour": 16777215
                },
                "430760351248809986": {
                    "position": 10,
                    "permissions": 0,
                    "created_at": "03-04-2018_16-07-50-878000",
                    "name": "Current Iteration",
                    "colour": 0
                }
            }
        },
        "current": {
            "403272352223461387": {
                "position": 10,
                "permissions": 104187968,
                "created_at": "17-01-2018_19-40-21-208000",
                "name": "Members",
                "colour": 0
            },
            "178667818152230912": {
                "position": 0,
                "permissions": 0,
                "created_at": "08-05-2016_00-42-07-335000",
                "name": "@everyone",
                "colour": 0
            },
            "403266285313589250": {
                "position": 11,
                "permissions": 0,
                "created_at": "17-01-2018_19-16-14-744000",
                "name": "Abandoned Ones",
                "colour": 16777215
            }
        }
    },
    "voice": {
        "previous": {
            "16-12-2018_22-46-26-221531": {
                "server_mute": false,
                "self_deaf": false,
                "channel": {
                    "name": "General",
                    "id": "403283673647939595",
                    "private": false
                },
                "self_mute": false,
                "is_afk": false,
                "server_deaf": false
            },
            "12-01-2019_01-16-58-662867": {
                "server_mute": false,
                "self_deaf": false,
                "channel": {
                    "name": "GR-1 - Not In Use",
                    "id": "403085252005855234",
                    "private": false
                },
                "self_mute": false,
                "is_afk": false,
                "server_deaf": false
            }
        },
        "current": {
            "server_mute": false,
            "self_deaf": false,
            "channel": {
                "name": null,
                "id": null,
                "private": null
            },
            "self_mute": false,
            "is_afk": false,
            "server_deaf": false
        }
    },
    "display_name": {
        "previous": {
            "16-12-2018_22-46-26-221531": "Jew",
            "10-01-2019_00-18-24-072293": "The True Lolli God, Jack",
            "07-02-2019_22-30-45-401502": "Communistic Potato",
            "12-01-2019_01-16-58-662867": "Zeny's Loli Potato"
        },
        "current": "The Last Spoon Bender"
    }
}