{
    "cookies": {
        "active_this_epoch": false,
        "measured_epochs": 10,
        "total_cookies": 0,
        "get": {
            "average": 0.0,
            "total_cookies": 0
        },
        "cookie_interest": 0,
        "cookie_transfer_quota": 0,
        "current_cookies": 0,
        "cookies_in_jar": 0,
        "active_epochs": 0,
        "give": {
            "average": 0.0,
            "total_cookies": 0
        }
    },
    "name": {
        "previous": {},
        "current": "Binners"
    },
    "colour": {
        "previous": {},
        "current": 16777215
    },
    "activity": {
        "2018": {
            "12": {
                "11": {
                    "16": {
                        "403084763591606273": 1
                    }
                }
            }
        }
    },
    "discriminator": {
        "previous": {},
        "current": "5162"
    },
    "created_at": "21-11-2018_19-33-44-682000",
    "bot": false,
    "status": {
        "previous": {
            "10-12-2018_16-02-31-496869": "online",
            "05-12-2018_15-43-55-700669": "online",
            "09-12-2018_10-12-40-202519": "online",
            "07-12-2018_09-02-35-892853": "online",
            "31-01-2019_23-15-25-764869": "online",
            "11-12-2018_09-13-26-392726": "online",
            "05-12-2018_16-27-33-714312": "online",
            "06-12-2018_19-01-41-672098": "online",
            "08-12-2018_15-44-11-058097": "online",
            "13-01-2019_18-58-47-852165": "online"
        },
        "current": "offline"
    },
    "joined_at": {
        "previous": {},
        "current": "22-11-2018_10-28-57-829329"
    },
    "game": {
        "previous": {},
        "current": {
            "name": null,
            "type": null,
            "url": null
        }
    },
    "bans": {
        "previous": {},
        "current": "not banned"
    },
    "id": "514886151677542411",
    "roles": {
        "previous": {
            "17-01-2019_17-37-42-106001": {
                "403272352223461387": {
                    "position": 8,
                    "permissions": 104187968,
                    "created_at": "17-01-2018_19-40-21-208000",
                    "name": "Members",
                    "colour": 0
                },
                "178667818152230912": {
                    "position": 0,
                    "permissions": 0,
                    "created_at": "08-05-2016_00-42-07-335000",
                    "name": "@everyone",
                    "colour": 0
                },
                "403266285313589250": {
                    "position": 9,
                    "permissions": 0,
                    "created_at": "17-01-2018_19-16-14-744000",
                    "name": "Abandoned Ones",
                    "colour": 16777215
                }
            },
            "16-12-2018_21-52-39-901037": {
                "403272352223461387": {
                    "position": 10,
                    "permissions": 104187968,
                    "created_at": "17-01-2018_19-40-21-208000",
                    "name": "Members",
                    "colour": 0
                },
                "178667818152230912": {
                    "position": 0,
                    "permissions": 0,
                    "created_at": "08-05-2016_00-42-07-335000",
                    "name": "@everyone",
                    "colour": 0
                },
                "403266285313589250": {
                    "position": 11,
                    "permissions": 0,
                    "created_at": "17-01-2018_19-16-14-744000",
                    "name": "Abandoned Ones",
                    "colour": 16777215
                }
            },
            "25-01-2019_18-03-01-080213": {
                "403272352223461387": {
                    "position": 11,
                    "permissions": 104187968,
                    "created_at": "17-01-2018_19-40-21-208000",
                    "name": "Members",
                    "colour": 0
                },
                "178667818152230912": {
                    "position": 0,
                    "permissions": 0,
                    "created_at": "08-05-2016_00-42-07-335000",
                    "name": "@everyone",
                    "colour": 0
                },
                "403266285313589250": {
                    "position": 12,
                    "permissions": 0,
                    "created_at": "17-01-2018_19-16-14-744000",
                    "name": "Abandoned Ones",
                    "colour": 16777215
                }
            },
            "07-12-2018_09-02-35-892853": {
                "403272352223461387": {
                    "position": 11,
                    "permissions": 104187968,
                    "created_at": "17-01-2018_19-40-21-208000",
                    "name": "Members",
                    "colour": 0
                },
                "178667818152230912": {
                    "position": 0,
                    "permissions": 0,
                    "created_at": "08-05-2016_00-42-07-335000",
                    "name": "@everyone",
                    "colour": 0
                },
                "403266285313589250": {
                    "position": 12,
                    "permissions": 0,
                    "created_at": "17-01-2018_19-16-14-744000",
                    "name": "Abandoned Ones",
                    "colour": 16777215
                }
            },
            "10-01-2019_00-18-24-072293": {
                "403272352223461387": {
                    "position": 7,
                    "permissions": 104187968,
                    "created_at": "17-01-2018_19-40-21-208000",
                    "name": "Members",
                    "colour": 0
                },
                "178667818152230912": {
                    "position": 0,
                    "permissions": 0,
                    "created_at": "08-05-2016_00-42-07-335000",
                    "name": "@everyone",
                    "colour": 0
                },
                "403266285313589250": {
                    "position": 8,
                    "permissions": 0,
                    "created_at": "17-01-2018_19-16-14-744000",
                    "name": "Abandoned Ones",
                    "colour": 16777215
                }
            },
            "25-01-2019_00-26-23-076062": {
                "403272352223461387": {
                    "position": 9,
                    "permissions": 104187968,
                    "created_at": "17-01-2018_19-40-21-208000",
                    "name": "Members",
                    "colour": 0
                },
                "178667818152230912": {
                    "position": 0,
                    "permissions": 0,
                    "created_at": "08-05-2016_00-42-07-335000",
                    "name": "@everyone",
                    "colour": 0
                },
                "403266285313589250": {
                    "position": 10,
                    "permissions": 0,
                    "created_at": "17-01-2018_19-16-14-744000",
                    "name": "Abandoned Ones",
                    "colour": 16777215
                }
            },
            "06-12-2018_01-05-49-556858": {
                "403272352223461387": {
                    "position": 12,
                    "permissions": 104187968,
                    "created_at": "17-01-2018_19-40-21-208000",
                    "name": "Members",
                    "colour": 0
                },
                "178667818152230912": {
                    "position": 0,
                    "permissions": 0,
                    "created_at": "08-05-2016_00-42-07-335000",
                    "name": "@everyone",
                    "colour": 0
                },
                "403266285313589250": {
                    "position": 13,
                    "permissions": 0,
                    "created_at": "17-01-2018_19-16-14-744000",
                    "name": "Abandoned Ones",
                    "colour": 16777215
                }
            }
        },
        "current": {
            "403272352223461387": {
                "position": 10,
                "permissions": 104187968,
                "created_at": "17-01-2018_19-40-21-208000",
                "name": "Members",
                "colour": 0
            },
            "178667818152230912": {
                "position": 0,
                "permissions": 0,
                "created_at": "08-05-2016_00-42-07-335000",
                "name": "@everyone",
                "colour": 0
            },
            "403266285313589250": {
                "position": 11,
                "permissions": 0,
                "created_at": "17-01-2018_19-16-14-744000",
                "name": "Abandoned Ones",
                "colour": 16777215
            }
        }
    },
    "voice": {
        "previous": {},
        "current": {
            "server_mute": false,
            "self_deaf": false,
            "channel": {
                "name": null,
                "id": null,
                "private": null
            },
            "self_mute": false,
            "is_afk": false,
            "server_deaf": false
        }
    },
    "display_name": {
        "previous": {},
        "current": "Binners"
    }
}