{
    "game": {
        "current": {
            "url": null,
            "name": null,
            "type": null
        },
        "previous": {}
    },
    "roles": {
        "current": {
            "373129696960970762": {
                "position": 20,
                "colour": 0,
                "name": "Staff",
                "created_at": "26-10-2017_15-24-12-170000",
                "permissions": 0
            },
            "403266285313589250": {
                "position": 11,
                "colour": 16777215,
                "name": "Abandoned Ones",
                "created_at": "17-01-2018_19-16-14-744000",
                "permissions": 0
            },
            "178667818152230912": {
                "position": 0,
                "colour": 0,
                "name": "@everyone",
                "created_at": "08-05-2016_00-42-07-335000",
                "permissions": 0
            },
            "523917597138354193": {
                "position": 2,
                "colour": 16714995,
                "name": "Yeeters",
                "created_at": "16-12-2018_17-41-29-076000",
                "permissions": 0
            },
            "363695886297071626": {
                "position": 19,
                "colour": 14747399,
                "name": "Event Managers",
                "created_at": "30-09-2017_14-37-36-436000",
                "permissions": 541200384
            },
            "403272352223461387": {
                "position": 10,
                "colour": 0,
                "name": "Members",
                "created_at": "17-01-2018_19-40-21-208000",
                "permissions": 104187968
            },
            "404068252361162759": {
                "position": 3,
                "colour": 10181046,
                "name": "Under Where?",
                "created_at": "20-01-2018_00-22-58-588000",
                "permissions": 0
            }
        },
        "previous": {
            "06-12-2018_01-05-49-556858": {
                "373129696960970762": {
                    "position": 19,
                    "colour": 16711680,
                    "name": "Staff",
                    "created_at": "26-10-2017_15-24-12-170000",
                    "permissions": 0
                },
                "430760351248809986": {
                    "position": 10,
                    "colour": 0,
                    "name": "Current Iteration",
                    "created_at": "03-04-2018_16-07-50-878000",
                    "permissions": 0
                },
                "403266269220175892": {
                    "position": 16,
                    "colour": 1033914,
                    "name": "Mythical Ones",
                    "created_at": "17-01-2018_19-16-10-907000",
                    "permissions": 262208
                },
                "178667818152230912": {
                    "position": 0,
                    "colour": 0,
                    "name": "@everyone",
                    "created_at": "08-05-2016_00-42-07-335000",
                    "permissions": 0
                },
                "363695886297071626": {
                    "position": 23,
                    "colour": 14747399,
                    "name": "Event Managers",
                    "created_at": "30-09-2017_14-37-36-436000",
                    "permissions": 541200384
                },
                "403272352223461387": {
                    "position": 12,
                    "colour": 0,
                    "name": "Members",
                    "created_at": "17-01-2018_19-40-21-208000",
                    "permissions": 104187968
                },
                "404068252361162759": {
                    "position": 17,
                    "colour": 0,
                    "name": "Under Where?",
                    "created_at": "20-01-2018_00-22-58-588000",
                    "permissions": 0
                }
            },
            "17-01-2019_17-37-42-106001": {
                "373129696960970762": {
                    "position": 16,
                    "colour": 16711680,
                    "name": "Staff",
                    "created_at": "26-10-2017_15-24-12-170000",
                    "permissions": 0
                },
                "363695886297071626": {
                    "position": 20,
                    "colour": 14747399,
                    "name": "Event Managers",
                    "created_at": "30-09-2017_14-37-36-436000",
                    "permissions": 541200384
                },
                "430760351248809986": {
                    "position": 7,
                    "colour": 0,
                    "name": "Current Iteration",
                    "created_at": "03-04-2018_16-07-50-878000",
                    "permissions": 0
                },
                "178667818152230912": {
                    "position": 0,
                    "colour": 0,
                    "name": "@everyone",
                    "created_at": "08-05-2016_00-42-07-335000",
                    "permissions": 0
                },
                "523917597138354193": {
                    "position": 3,
                    "colour": 16714995,
                    "name": "Yeeters",
                    "created_at": "16-12-2018_17-41-29-076000",
                    "permissions": 0
                },
                "403266285313589250": {
                    "position": 9,
                    "colour": 16777215,
                    "name": "Abandoned Ones",
                    "created_at": "17-01-2018_19-16-14-744000",
                    "permissions": 0
                },
                "403272352223461387": {
                    "position": 8,
                    "colour": 0,
                    "name": "Members",
                    "created_at": "17-01-2018_19-40-21-208000",
                    "permissions": 104187968
                },
                "404068252361162759": {
                    "position": 4,
                    "colour": 0,
                    "name": "Under Where?",
                    "created_at": "20-01-2018_00-22-58-588000",
                    "permissions": 0
                }
            },
            "25-01-2019_18-03-01-080213": {
                "373129696960970762": {
                    "position": 17,
                    "colour": 16711680,
                    "name": "Staff",
                    "created_at": "26-10-2017_15-24-12-170000",
                    "permissions": 0
                },
                "403266285313589250": {
                    "position": 12,
                    "colour": 16777215,
                    "name": "Abandoned Ones",
                    "created_at": "17-01-2018_19-16-14-744000",
                    "permissions": 0
                },
                "178667818152230912": {
                    "position": 0,
                    "colour": 0,
                    "name": "@everyone",
                    "created_at": "08-05-2016_00-42-07-335000",
                    "permissions": 0
                },
                "523917597138354193": {
                    "position": 2,
                    "colour": 16714995,
                    "name": "Yeeters",
                    "created_at": "16-12-2018_17-41-29-076000",
                    "permissions": 0
                },
                "363695886297071626": {
                    "position": 21,
                    "colour": 14747399,
                    "name": "Event Managers",
                    "created_at": "30-09-2017_14-37-36-436000",
                    "permissions": 541200384
                },
                "403272352223461387": {
                    "position": 11,
                    "colour": 0,
                    "name": "Members",
                    "created_at": "17-01-2018_19-40-21-208000",
                    "permissions": 104187968
                },
                "404068252361162759": {
                    "position": 3,
                    "colour": 10181046,
                    "name": "Under Where?",
                    "created_at": "20-01-2018_00-22-58-588000",
                    "permissions": 0
                }
            },
            "10-01-2019_00-18-24-072293": {
                "373129696960970762": {
                    "position": 14,
                    "colour": 16711680,
                    "name": "Staff",
                    "created_at": "26-10-2017_15-24-12-170000",
                    "permissions": 0
                },
                "403266285313589250": {
                    "position": 8,
                    "colour": 16777215,
                    "name": "Abandoned Ones",
                    "created_at": "17-01-2018_19-16-14-744000",
                    "permissions": 0
                },
                "430760351248809986": {
                    "position": 6,
                    "colour": 0,
                    "name": "Current Iteration",
                    "created_at": "03-04-2018_16-07-50-878000",
                    "permissions": 0
                },
                "178667818152230912": {
                    "position": 0,
                    "colour": 0,
                    "name": "@everyone",
                    "created_at": "08-05-2016_00-42-07-335000",
                    "permissions": 0
                },
                "363695886297071626": {
                    "position": 18,
                    "colour": 14747399,
                    "name": "Event Managers",
                    "created_at": "30-09-2017_14-37-36-436000",
                    "permissions": 541200384
                },
                "403272352223461387": {
                    "position": 7,
                    "colour": 0,
                    "name": "Members",
                    "created_at": "17-01-2018_19-40-21-208000",
                    "permissions": 104187968
                },
                "404068252361162759": {
                    "position": 2,
                    "colour": 0,
                    "name": "Under Where?",
                    "created_at": "20-01-2018_00-22-58-588000",
                    "permissions": 0
                }
            },
            "25-01-2019_00-26-23-076062": {
                "373129696960970762": {
                    "position": 17,
                    "colour": 16711680,
                    "name": "Staff",
                    "created_at": "26-10-2017_15-24-12-170000",
                    "permissions": 0
                },
                "363695886297071626": {
                    "position": 21,
                    "colour": 14747399,
                    "name": "Event Managers",
                    "created_at": "30-09-2017_14-37-36-436000",
                    "permissions": 541200384
                },
                "430760351248809986": {
                    "position": 8,
                    "colour": 0,
                    "name": "Current Iteration",
                    "created_at": "03-04-2018_16-07-50-878000",
                    "permissions": 0
                },
                "178667818152230912": {
                    "position": 0,
                    "colour": 0,
                    "name": "@everyone",
                    "created_at": "08-05-2016_00-42-07-335000",
                    "permissions": 0
                },
                "523917597138354193": {
                    "position": 2,
                    "colour": 16714995,
                    "name": "Yeeters",
                    "created_at": "16-12-2018_17-41-29-076000",
                    "permissions": 0
                },
                "403266285313589250": {
                    "position": 10,
                    "colour": 16777215,
                    "name": "Abandoned Ones",
                    "created_at": "17-01-2018_19-16-14-744000",
                    "permissions": 0
                },
                "403272352223461387": {
                    "position": 9,
                    "colour": 0,
                    "name": "Members",
                    "created_at": "17-01-2018_19-40-21-208000",
                    "permissions": 104187968
                },
                "404068252361162759": {
                    "position": 3,
                    "colour": 10181046,
                    "name": "Under Where?",
                    "created_at": "20-01-2018_00-22-58-588000",
                    "permissions": 0
                }
            },
            "07-12-2018_07-51-11-182069": {
                "373129696960970762": {
                    "position": 18,
                    "colour": 16711680,
                    "name": "Staff",
                    "created_at": "26-10-2017_15-24-12-170000",
                    "permissions": 0
                },
                "430760351248809986": {
                    "position": 9,
                    "colour": 0,
                    "name": "Current Iteration",
                    "created_at": "03-04-2018_16-07-50-878000",
                    "permissions": 0
                },
                "403266269220175892": {
                    "position": 15,
                    "colour": 1033914,
                    "name": "Mythical Ones",
                    "created_at": "17-01-2018_19-16-10-907000",
                    "permissions": 262208
                },
                "178667818152230912": {
                    "position": 0,
                    "colour": 0,
                    "name": "@everyone",
                    "created_at": "08-05-2016_00-42-07-335000",
                    "permissions": 0
                },
                "363695886297071626": {
                    "position": 22,
                    "colour": 14747399,
                    "name": "Event Managers",
                    "created_at": "30-09-2017_14-37-36-436000",
                    "permissions": 541200384
                },
                "403272352223461387": {
                    "position": 11,
                    "colour": 0,
                    "name": "Members",
                    "created_at": "17-01-2018_19-40-21-208000",
                    "permissions": 104187968
                },
                "404068252361162759": {
                    "position": 16,
                    "colour": 0,
                    "name": "Under Where?",
                    "created_at": "20-01-2018_00-22-58-588000",
                    "permissions": 0
                }
            },
            "09-02-2019_19-14-04-134526": {
                "373129696960970762": {
                    "position": 19,
                    "colour": 0,
                    "name": "Staff",
                    "created_at": "26-10-2017_15-24-12-170000",
                    "permissions": 0
                },
                "403266285313589250": {
                    "position": 11,
                    "colour": 16777215,
                    "name": "Abandoned Ones",
                    "created_at": "17-01-2018_19-16-14-744000",
                    "permissions": 0
                },
                "178667818152230912": {
                    "position": 0,
                    "colour": 0,
                    "name": "@everyone",
                    "created_at": "08-05-2016_00-42-07-335000",
                    "permissions": 0
                },
                "523917597138354193": {
                    "position": 2,
                    "colour": 16714995,
                    "name": "Yeeters",
                    "created_at": "16-12-2018_17-41-29-076000",
                    "permissions": 0
                },
                "363695886297071626": {
                    "position": 18,
                    "colour": 14747399,
                    "name": "Event Managers",
                    "created_at": "30-09-2017_14-37-36-436000",
                    "permissions": 541200384
                },
                "403272352223461387": {
                    "position": 10,
                    "colour": 0,
                    "name": "Members",
                    "created_at": "17-01-2018_19-40-21-208000",
                    "permissions": 104187968
                },
                "404068252361162759": {
                    "position": 3,
                    "colour": 10181046,
                    "name": "Under Where?",
                    "created_at": "20-01-2018_00-22-58-588000",
                    "permissions": 0
                }
            },
            "16-12-2018_21-52-39-901037": {
                "373129696960970762": {
                    "position": 18,
                    "colour": 16711680,
                    "name": "Staff",
                    "created_at": "26-10-2017_15-24-12-170000",
                    "permissions": 0
                },
                "403266285313589250": {
                    "position": 11,
                    "colour": 16777215,
                    "name": "Abandoned Ones",
                    "created_at": "17-01-2018_19-16-14-744000",
                    "permissions": 0
                },
                "430760351248809986": {
                    "position": 9,
                    "colour": 0,
                    "name": "Current Iteration",
                    "created_at": "03-04-2018_16-07-50-878000",
                    "permissions": 0
                },
                "178667818152230912": {
                    "position": 0,
                    "colour": 0,
                    "name": "@everyone",
                    "created_at": "08-05-2016_00-42-07-335000",
                    "permissions": 0
                },
                "363695886297071626": {
                    "position": 22,
                    "colour": 14747399,
                    "name": "Event Managers",
                    "created_at": "30-09-2017_14-37-36-436000",
                    "permissions": 541200384
                },
                "403272352223461387": {
                    "position": 10,
                    "colour": 0,
                    "name": "Members",
                    "created_at": "17-01-2018_19-40-21-208000",
                    "permissions": 104187968
                },
                "404068252361162759": {
                    "position": 16,
                    "colour": 0,
                    "name": "Under Where?",
                    "created_at": "20-01-2018_00-22-58-588000",
                    "permissions": 0
                }
            },
            "08-02-2019_19-09-26-882805": {
                "373129696960970762": {
                    "position": 20,
                    "colour": 0,
                    "name": "Staff",
                    "created_at": "26-10-2017_15-24-12-170000",
                    "permissions": 0
                },
                "403266285313589250": {
                    "position": 11,
                    "colour": 16777215,
                    "name": "Abandoned Ones",
                    "created_at": "17-01-2018_19-16-14-744000",
                    "permissions": 0
                },
                "178667818152230912": {
                    "position": 0,
                    "colour": 0,
                    "name": "@everyone",
                    "created_at": "08-05-2016_00-42-07-335000",
                    "permissions": 0
                },
                "523917597138354193": {
                    "position": 2,
                    "colour": 16714995,
                    "name": "Yeeters",
                    "created_at": "16-12-2018_17-41-29-076000",
                    "permissions": 0
                },
                "363695886297071626": {
                    "position": 19,
                    "colour": 14747399,
                    "name": "Event Managers",
                    "created_at": "30-09-2017_14-37-36-436000",
                    "permissions": 541200384
                },
                "403272352223461387": {
                    "position": 10,
                    "colour": 0,
                    "name": "Members",
                    "created_at": "17-01-2018_19-40-21-208000",
                    "permissions": 104187968
                },
                "404068252361162759": {
                    "position": 3,
                    "colour": 10181046,
                    "name": "Under Where?",
                    "created_at": "20-01-2018_00-22-58-588000",
                    "permissions": 0
                }
            },
            "10-02-2019_10-58-00-564986": {
                "373129696960970762": {
                    "position": 20,
                    "colour": 0,
                    "name": "Staff",
                    "created_at": "26-10-2017_15-24-12-170000",
                    "permissions": 0
                },
                "403266285313589250": {
                    "position": 12,
                    "colour": 16777215,
                    "name": "Abandoned Ones",
                    "created_at": "17-01-2018_19-16-14-744000",
                    "permissions": 0
                },
                "178667818152230912": {
                    "position": 0,
                    "colour": 0,
                    "name": "@everyone",
                    "created_at": "08-05-2016_00-42-07-335000",
                    "permissions": 0
                },
                "523917597138354193": {
                    "position": 3,
                    "colour": 16714995,
                    "name": "Yeeters",
                    "created_at": "16-12-2018_17-41-29-076000",
                    "permissions": 0
                },
                "363695886297071626": {
                    "position": 19,
                    "colour": 14747399,
                    "name": "Event Managers",
                    "created_at": "30-09-2017_14-37-36-436000",
                    "permissions": 541200384
                },
                "403272352223461387": {
                    "position": 11,
                    "colour": 0,
                    "name": "Members",
                    "created_at": "17-01-2018_19-40-21-208000",
                    "permissions": 104187968
                },
                "404068252361162759": {
                    "position": 4,
                    "colour": 10181046,
                    "name": "Under Where?",
                    "created_at": "20-01-2018_00-22-58-588000",
                    "permissions": 0
                }
            },
            "07-12-2018_09-02-35-892853": {
                "373129696960970762": {
                    "position": 18,
                    "colour": 16711680,
                    "name": "Staff",
                    "created_at": "26-10-2017_15-24-12-170000",
                    "permissions": 0
                },
                "403266285313589250": {
                    "position": 12,
                    "colour": 16777215,
                    "name": "Abandoned Ones",
                    "created_at": "17-01-2018_19-16-14-744000",
                    "permissions": 0
                },
                "430760351248809986": {
                    "position": 9,
                    "colour": 0,
                    "name": "Current Iteration",
                    "created_at": "03-04-2018_16-07-50-878000",
                    "permissions": 0
                },
                "178667818152230912": {
                    "position": 0,
                    "colour": 0,
                    "name": "@everyone",
                    "created_at": "08-05-2016_00-42-07-335000",
                    "permissions": 0
                },
                "363695886297071626": {
                    "position": 22,
                    "colour": 14747399,
                    "name": "Event Managers",
                    "created_at": "30-09-2017_14-37-36-436000",
                    "permissions": 541200384
                },
                "403272352223461387": {
                    "position": 11,
                    "colour": 0,
                    "name": "Members",
                    "created_at": "17-01-2018_19-40-21-208000",
                    "permissions": 104187968
                },
                "404068252361162759": {
                    "position": 16,
                    "colour": 0,
                    "name": "Under Where?",
                    "created_at": "20-01-2018_00-22-58-588000",
                    "permissions": 0
                }
            }
        }
    },
    "colour": {
        "current": 14747399,
        "previous": {}
    },
    "bot": false,
    "id": "175974530098003968",
    "discriminator": {
        "current": "3909",
        "previous": {}
    },
    "display_name": {
        "current": "Daughter",
        "previous": {
            "10-01-2019_00-18-24-072293": "Santa's little daughter"
        }
    },
    "created_at": "30-04-2016_14-19-57-424000",
    "joined_at": {
        "current": "17-01-2018_14-50-31-122000",
        "previous": {}
    },
    "name": {
        "current": "Devnepte",
        "previous": {}
    },
    "bans": {
        "current": "not banned",
        "previous": {}
    },
    "activity": {
        "2019": {
            "2": {
                "4": {
                    "17": {
                        "403084813680115712": 1
                    },
                    "18": {
                        "403084813680115712": 2
                    },
                    "1": {
                        "523913649182605330": 2
                    }
                },
                "3": {
                    "20": {
                        "403084813680115712": 1,
                        "403084790401728512": 1
                    }
                },
                "1": {
                    "1": {
                        "403859489985658880": 7
                    }
                }
            },
            "1": {
                "12": {
                    "1": {
                        "523913649182605330": 2
                    }
                },
                "19": {
                    "0": {
                        "403084813680115712": 1
                    }
                },
                "23": {
                    "23": {
                        "403190295841472513": 1
                    }
                },
                "13": {
                    "0": {
                        "523913649182605330": 2
                    },
                    "23": {
                        "523913649182605330": 1
                    }
                },
                "14": {
                    "17": {
                        "403084813680115712": 1
                    }
                },
                "25": {
                    "0": {
                        "403859489985658880": 1
                    }
                },
                "31": {
                    "23": {
                        "403084655550791682": 1
                    }
                }
            }
        }
    },
    "cookies": {
        "measured_epochs": 5,
        "active_epochs": 0,
        "get": {
            "average": 0.0,
            "total_cookies": 0
        },
        "cookies_in_jar": 0,
        "cookie_transfer_quota": 0,
        "total_cookies": 0,
        "give": {
            "average": 0.0,
            "total_cookies": 0
        },
        "active_this_epoch": false,
        "cookie_interest": 0,
        "current_cookies": 0
    },
    "voice": {
        "current": {
            "server_deaf": false,
            "self_mute": false,
            "channel": {
                "name": null,
                "private": null,
                "id": null
            },
            "self_deaf": false,
            "is_afk": false,
            "server_mute": false
        },
        "previous": {
            "17-12-2018_08-19-13-303562": {
                "server_deaf": false,
                "self_mute": false,
                "channel": {
                    "name": "General",
                    "private": false,
                    "id": "403283673647939595"
                },
                "self_deaf": false,
                "is_afk": false,
                "server_mute": false
            },
            "17-01-2019_17-37-42-106001": {
                "server_deaf": false,
                "self_mute": false,
                "channel": {
                    "name": "Under Where",
                    "private": false,
                    "id": "403086522146095104"
                },
                "self_deaf": false,
                "is_afk": false,
                "server_mute": false
            },
            "13-01-2019_23-58-57-488890": {
                "server_deaf": false,
                "self_mute": false,
                "channel": {
                    "name": "Under Where",
                    "private": false,
                    "id": "403086522146095104"
                },
                "self_deaf": false,
                "is_afk": false,
                "server_mute": false
            },
            "23-01-2019_23-06-46-438605": {
                "server_deaf": false,
                "self_mute": false,
                "channel": {
                    "name": "Kinky Kat Chat",
                    "private": false,
                    "id": "535533609617195018"
                },
                "self_deaf": false,
                "is_afk": false,
                "server_mute": false
            },
            "17-12-2018_00-07-55-794219": {
                "server_deaf": false,
                "self_mute": true,
                "channel": {
                    "name": "General",
                    "private": false,
                    "id": "403283673647939595"
                },
                "self_deaf": false,
                "is_afk": false,
                "server_mute": false
            },
            "08-12-2018_15-44-11-058097": {
                "server_deaf": false,
                "self_mute": false,
                "channel": {
                    "name": "Under Where",
                    "private": false,
                    "id": "403086522146095104"
                },
                "self_deaf": false,
                "is_afk": false,
                "server_mute": false
            },
            "16-12-2018_21-52-39-901037": {
                "server_deaf": false,
                "self_mute": false,
                "channel": {
                    "name": null,
                    "private": null,
                    "id": null
                },
                "self_deaf": false,
                "is_afk": false,
                "server_mute": false
            },
            "16-12-2018_22-46-26-221531": {
                "server_deaf": false,
                "self_mute": false,
                "channel": {
                    "name": "General",
                    "private": false,
                    "id": "403283673647939595"
                },
                "self_deaf": false,
                "is_afk": false,
                "server_mute": false
            },
            "31-01-2019_23-15-25-764869": {
                "server_deaf": false,
                "self_mute": false,
                "channel": {
                    "name": "simply-yeet",
                    "private": false,
                    "id": "523902470724911105"
                },
                "self_deaf": false,
                "is_afk": false,
                "server_mute": false
            },
            "12-01-2019_01-16-58-662867": {
                "server_deaf": false,
                "self_mute": false,
                "channel": {
                    "name": "simply-yeet",
                    "private": false,
                    "id": "523902470724911105"
                },
                "self_deaf": false,
                "is_afk": false,
                "server_mute": false
            }
        }
    },
    "status": {
        "current": "online",
        "previous": {
            "11-01-2019_23-54-44-166805": "idle",
            "06-12-2018_01-05-49-556858": "online",
            "07-12-2018_07-42-43-243407": "idle",
            "30-01-2019_22-01-10-201736": "idle",
            "13-01-2019_18-58-47-852165": "offline",
            "11-01-2019_22-45-11-058689": "offline",
            "07-12-2018_19-07-03-633575": "idle",
            "27-01-2019_00-03-40-224296": "idle",
            "17-12-2018_08-19-13-303562": "online",
            "06-12-2018_19-01-41-672098": "online",
            "19-01-2019_23-47-11-591556": "online",
            "30-01-2019_23-45-18-912162": "online",
            "25-01-2019_00-26-23-076062": "online",
            "08-12-2018_15-44-11-058097": "idle",
            "15-01-2019_20-05-24-063373": "online",
            "16-12-2018_21-52-39-901037": "idle",
            "31-01-2019_23-15-25-764869": "online",
            "10-12-2018_16-02-31-496869": "idle",
            "13-01-2019_23-58-57-488890": "idle",
            "23-01-2019_23-06-46-438605": "online",
            "29-01-2019_23-34-56-773453": "online",
            "31-01-2019_15-07-05-822989": "online",
            "10-02-2019_10-58-00-564986": "idle",
            "09-12-2018_10-10-43-790279": "online",
            "16-01-2019_22-00-47-241502": "idle",
            "06-12-2018_00-11-55-269398": "offline",
            "26-01-2019_04-12-07-077616": "online",
            "17-01-2019_17-37-42-106001": "online",
            "10-01-2019_00-18-24-072293": "online",
            "12-01-2019_01-16-58-662867": "online",
            "25-01-2019_18-03-01-080213": "offline",
            "11-12-2018_09-13-26-392726": "online",
            "18-01-2019_23-28-09-275982": "online",
            "07-02-2019_22-30-45-401502": "online",
            "11-02-2019_22-51-39-999500": "idle",
            "26-01-2019_15-44-45-130911": "idle"
        }
    }
}