{
    "game": {
        "current": {
            "url": null,
            "name": null,
            "type": null
        },
        "previous": {}
    },
    "roles": {
        "current": {
            "403266285313589250": {
                "position": 11,
                "colour": 16777215,
                "name": "Abandoned Ones",
                "created_at": "17-01-2018_19-16-14-744000",
                "permissions": 0
            },
            "529116178040487946": {
                "position": 9,
                "colour": 0,
                "name": "Rhythm",
                "created_at": "31-12-2018_01-58-47-348000",
                "permissions": 36717632
            },
            "403239438802485259": {
                "position": 8,
                "colour": 13079310,
                "name": "Bots",
                "created_at": "17-01-2018_17-29-34-037000",
                "permissions": 0
            },
            "178667818152230912": {
                "position": 0,
                "colour": 0,
                "name": "@everyone",
                "created_at": "08-05-2016_00-42-07-335000",
                "permissions": 0
            }
        },
        "previous": {
            "09-02-2019_19-14-04-134526": {
                "403266285313589250": {
                    "position": 11,
                    "colour": 16777215,
                    "name": "Abandoned Ones",
                    "created_at": "17-01-2018_19-16-14-744000",
                    "permissions": 0
                },
                "529116178040487946": {
                    "position": 9,
                    "colour": 0,
                    "name": "Rhythm",
                    "created_at": "31-12-2018_01-58-47-348000",
                    "permissions": 36717632
                },
                "403239438802485259": {
                    "position": 8,
                    "colour": 13079310,
                    "name": "Bots",
                    "created_at": "17-01-2018_17-29-34-037000",
                    "permissions": 0
                },
                "178667818152230912": {
                    "position": 0,
                    "colour": 0,
                    "name": "@everyone",
                    "created_at": "08-05-2016_00-42-07-335000",
                    "permissions": 0
                }
            },
            "10-02-2019_10-58-00-564986": {
                "403266285313589250": {
                    "position": 12,
                    "colour": 16777215,
                    "name": "Abandoned Ones",
                    "created_at": "17-01-2018_19-16-14-744000",
                    "permissions": 0
                },
                "529116178040487946": {
                    "position": 10,
                    "colour": 0,
                    "name": "Rhythm",
                    "created_at": "31-12-2018_01-58-47-348000",
                    "permissions": 36717632
                },
                "403239438802485259": {
                    "position": 9,
                    "colour": 13079310,
                    "name": "Bots",
                    "created_at": "17-01-2018_17-29-34-037000",
                    "permissions": 0
                },
                "178667818152230912": {
                    "position": 0,
                    "colour": 0,
                    "name": "@everyone",
                    "created_at": "08-05-2016_00-42-07-335000",
                    "permissions": 0
                }
            },
            "25-01-2019_18-03-01-080213": {
                "403266285313589250": {
                    "position": 12,
                    "colour": 16777215,
                    "name": "Abandoned Ones",
                    "created_at": "17-01-2018_19-16-14-744000",
                    "permissions": 0
                },
                "529116178040487946": {
                    "position": 10,
                    "colour": 0,
                    "name": "Rhythm",
                    "created_at": "31-12-2018_01-58-47-348000",
                    "permissions": 36717632
                },
                "403239438802485259": {
                    "position": 9,
                    "colour": 13079310,
                    "name": "Bots",
                    "created_at": "17-01-2018_17-29-34-037000",
                    "permissions": 0
                },
                "178667818152230912": {
                    "position": 0,
                    "colour": 0,
                    "name": "@everyone",
                    "created_at": "08-05-2016_00-42-07-335000",
                    "permissions": 0
                }
            },
            "17-01-2019_17-37-42-106001": {
                "403266285313589250": {
                    "position": 9,
                    "colour": 16777215,
                    "name": "Abandoned Ones",
                    "created_at": "17-01-2018_19-16-14-744000",
                    "permissions": 0
                },
                "529116178040487946": {
                    "position": 11,
                    "colour": 0,
                    "name": "Rhythm",
                    "created_at": "31-12-2018_01-58-47-348000",
                    "permissions": 36717632
                },
                "403239438802485259": {
                    "position": 10,
                    "colour": 13079310,
                    "name": "Bots",
                    "created_at": "17-01-2018_17-29-34-037000",
                    "permissions": 0
                },
                "178667818152230912": {
                    "position": 0,
                    "colour": 0,
                    "name": "@everyone",
                    "created_at": "08-05-2016_00-42-07-335000",
                    "permissions": 0
                }
            },
            "25-01-2019_00-26-23-076062": {
                "403266285313589250": {
                    "position": 10,
                    "colour": 16777215,
                    "name": "Abandoned Ones",
                    "created_at": "17-01-2018_19-16-14-744000",
                    "permissions": 0
                },
                "529116178040487946": {
                    "position": 12,
                    "colour": 0,
                    "name": "Rhythm",
                    "created_at": "31-12-2018_01-58-47-348000",
                    "permissions": 36717632
                },
                "403239438802485259": {
                    "position": 11,
                    "colour": 13079310,
                    "name": "Bots",
                    "created_at": "17-01-2018_17-29-34-037000",
                    "permissions": 0
                },
                "178667818152230912": {
                    "position": 0,
                    "colour": 0,
                    "name": "@everyone",
                    "created_at": "08-05-2016_00-42-07-335000",
                    "permissions": 0
                }
            }
        }
    },
    "colour": {
        "current": 16777215,
        "previous": {
            "25-01-2019_00-26-23-076062": 13079310
        }
    },
    "bot": true,
    "id": "235088799074484224",
    "discriminator": {
        "current": "3722",
        "previous": {}
    },
    "display_name": {
        "current": "Rythm",
        "previous": {}
    },
    "created_at": "10-10-2016_17-18-57-438000",
    "joined_at": {
        "current": "31-12-2018_01-58-02-344191",
        "previous": {}
    },
    "name": {
        "current": "Rythm",
        "previous": {}
    },
    "bans": {
        "current": "not banned",
        "previous": {}
    },
    "activity": {
        "2019": {
            "1": {
                "19": {
                    "0": {
                        "535533512892219392": 21,
                        "532712820454719492": 1
                    }
                },
                "18": {
                    "23": {
                        "535533512892219392": 25,
                        "532712820454719492": 47
                    }
                }
            }
        }
    },
    "cookies": {
        "measured_epochs": 4,
        "active_epochs": 0,
        "get": {
            "average": 0.0,
            "total_cookies": 0
        },
        "cookies_in_jar": 0,
        "cookie_transfer_quota": 0,
        "total_cookies": 0,
        "give": {
            "average": 0.0,
            "total_cookies": 0
        },
        "active_this_epoch": false,
        "cookie_interest": 0,
        "current_cookies": 0
    },
    "voice": {
        "current": {
            "server_deaf": false,
            "self_mute": false,
            "channel": {
                "name": null,
                "private": null,
                "id": null
            },
            "self_deaf": false,
            "is_afk": false,
            "server_mute": false
        },
        "previous": {
            "18-01-2019_22-56-50-509179": {
                "server_deaf": false,
                "self_mute": false,
                "channel": {
                    "name": null,
                    "private": null,
                    "id": null
                },
                "self_deaf": false,
                "is_afk": false,
                "server_mute": false
            },
            "18-01-2019_23-28-09-275982": {
                "server_deaf": false,
                "self_mute": false,
                "channel": {
                    "name": "simply-yeet",
                    "private": false,
                    "id": "523902470724911105"
                },
                "self_deaf": false,
                "is_afk": false,
                "server_mute": false
            }
        }
    },
    "status": {
        "current": "online",
        "previous": {
            "08-02-2019_19-38-42-445767": "offline",
            "10-02-2019_10-58-00-564986": "offline",
            "15-01-2019_20-05-24-063373": "offline"
        }
    }
}