{
    "game": {
        "current": {
            "url": null,
            "name": null,
            "type": null
        },
        "previous": {}
    },
    "roles": {
        "current": {
            "373129696960970762": {
                "position": 20,
                "colour": 0,
                "name": "Staff",
                "created_at": "26-10-2017_15-24-12-170000",
                "permissions": 0
            },
            "401845161266642944": {
                "position": 16,
                "colour": 7962319,
                "name": "Media Creators",
                "created_at": "13-01-2018_21-09-12-368000",
                "permissions": 0
            },
            "469889716435812353": {
                "position": 22,
                "colour": 0,
                "name": "High Council",
                "created_at": "20-07-2018_15-33-58-527000",
                "permissions": 2146954743
            },
            "178667818152230912": {
                "position": 0,
                "colour": 0,
                "name": "@everyone",
                "created_at": "08-05-2016_00-42-07-335000",
                "permissions": 0
            },
            "403266285313589250": {
                "position": 11,
                "colour": 16777215,
                "name": "Abandoned Ones",
                "created_at": "17-01-2018_19-16-14-744000",
                "permissions": 0
            },
            "403272352223461387": {
                "position": 10,
                "colour": 0,
                "name": "Members",
                "created_at": "17-01-2018_19-40-21-208000",
                "permissions": 104187968
            },
            "469889439775326208": {
                "position": 25,
                "colour": 16741437,
                "name": "Head of Media",
                "created_at": "20-07-2018_15-32-52-566000",
                "permissions": 0
            }
        },
        "previous": {
            "17-01-2019_17-37-42-106001": {
                "373129696960970762": {
                    "position": 17,
                    "colour": 16711680,
                    "name": "Staff",
                    "created_at": "26-10-2017_15-24-12-170000",
                    "permissions": 0
                },
                "401845161266642944": {
                    "position": 19,
                    "colour": 7962319,
                    "name": "Media Creators",
                    "created_at": "13-01-2018_21-09-12-368000",
                    "permissions": 0
                },
                "469889716435812353": {
                    "position": 29,
                    "colour": 0,
                    "name": "High Council",
                    "created_at": "20-07-2018_15-33-58-527000",
                    "permissions": 8
                },
                "178667818152230912": {
                    "position": 0,
                    "colour": 0,
                    "name": "@everyone",
                    "created_at": "08-05-2016_00-42-07-335000",
                    "permissions": 0
                },
                "403266285313589250": {
                    "position": 10,
                    "colour": 16777215,
                    "name": "Abandoned Ones",
                    "created_at": "17-01-2018_19-16-14-744000",
                    "permissions": 0
                },
                "403272352223461387": {
                    "position": 9,
                    "colour": 0,
                    "name": "Members",
                    "created_at": "17-01-2018_19-40-21-208000",
                    "permissions": 104187968
                },
                "469889439775326208": {
                    "position": 24,
                    "colour": 16741437,
                    "name": "Head of Media",
                    "created_at": "20-07-2018_15-32-52-566000",
                    "permissions": 0
                }
            },
            "25-01-2019_18-03-01-080213": {
                "373129696960970762": {
                    "position": 17,
                    "colour": 16711680,
                    "name": "Staff",
                    "created_at": "26-10-2017_15-24-12-170000",
                    "permissions": 0
                },
                "401845161266642944": {
                    "position": 19,
                    "colour": 7962319,
                    "name": "Media Creators",
                    "created_at": "13-01-2018_21-09-12-368000",
                    "permissions": 0
                },
                "469889716435812353": {
                    "position": 29,
                    "colour": 0,
                    "name": "High Council",
                    "created_at": "20-07-2018_15-33-58-527000",
                    "permissions": 2146954743
                },
                "178667818152230912": {
                    "position": 0,
                    "colour": 0,
                    "name": "@everyone",
                    "created_at": "08-05-2016_00-42-07-335000",
                    "permissions": 0
                },
                "403266285313589250": {
                    "position": 12,
                    "colour": 16777215,
                    "name": "Abandoned Ones",
                    "created_at": "17-01-2018_19-16-14-744000",
                    "permissions": 0
                },
                "403272352223461387": {
                    "position": 11,
                    "colour": 0,
                    "name": "Members",
                    "created_at": "17-01-2018_19-40-21-208000",
                    "permissions": 104187968
                },
                "469889439775326208": {
                    "position": 24,
                    "colour": 16741437,
                    "name": "Head of Media",
                    "created_at": "20-07-2018_15-32-52-566000",
                    "permissions": 0
                }
            },
            "10-01-2019_00-18-24-072293": {
                "373129696960970762": {
                    "position": 14,
                    "colour": 16711680,
                    "name": "Staff",
                    "created_at": "26-10-2017_15-24-12-170000",
                    "permissions": 0
                },
                "401845161266642944": {
                    "position": 16,
                    "colour": 7962319,
                    "name": "Media Creators",
                    "created_at": "13-01-2018_21-09-12-368000",
                    "permissions": 0
                },
                "469889716435812353": {
                    "position": 26,
                    "colour": 0,
                    "name": "High Council",
                    "created_at": "20-07-2018_15-33-58-527000",
                    "permissions": 8
                },
                "178667818152230912": {
                    "position": 0,
                    "colour": 0,
                    "name": "@everyone",
                    "created_at": "08-05-2016_00-42-07-335000",
                    "permissions": 0
                },
                "403266285313589250": {
                    "position": 8,
                    "colour": 16777215,
                    "name": "Abandoned Ones",
                    "created_at": "17-01-2018_19-16-14-744000",
                    "permissions": 0
                },
                "403272352223461387": {
                    "position": 7,
                    "colour": 0,
                    "name": "Members",
                    "created_at": "17-01-2018_19-40-21-208000",
                    "permissions": 104187968
                },
                "469889439775326208": {
                    "position": 21,
                    "colour": 16741437,
                    "name": "Head of Media",
                    "created_at": "20-07-2018_15-32-52-566000",
                    "permissions": 0
                }
            },
            "25-01-2019_00-26-23-076062": {
                "373129696960970762": {
                    "position": 17,
                    "colour": 16711680,
                    "name": "Staff",
                    "created_at": "26-10-2017_15-24-12-170000",
                    "permissions": 0
                },
                "401845161266642944": {
                    "position": 19,
                    "colour": 7962319,
                    "name": "Media Creators",
                    "created_at": "13-01-2018_21-09-12-368000",
                    "permissions": 0
                },
                "469889716435812353": {
                    "position": 29,
                    "colour": 0,
                    "name": "High Council",
                    "created_at": "20-07-2018_15-33-58-527000",
                    "permissions": 2146954743
                },
                "178667818152230912": {
                    "position": 0,
                    "colour": 0,
                    "name": "@everyone",
                    "created_at": "08-05-2016_00-42-07-335000",
                    "permissions": 0
                },
                "403266285313589250": {
                    "position": 10,
                    "colour": 16777215,
                    "name": "Abandoned Ones",
                    "created_at": "17-01-2018_19-16-14-744000",
                    "permissions": 0
                },
                "403272352223461387": {
                    "position": 9,
                    "colour": 0,
                    "name": "Members",
                    "created_at": "17-01-2018_19-40-21-208000",
                    "permissions": 104187968
                },
                "469889439775326208": {
                    "position": 24,
                    "colour": 16741437,
                    "name": "Head of Media",
                    "created_at": "20-07-2018_15-32-52-566000",
                    "permissions": 0
                }
            },
            "06-12-2018_01-05-49-556858": {
                "373129696960970762": {
                    "position": 19,
                    "colour": 16711680,
                    "name": "Staff",
                    "created_at": "26-10-2017_15-24-12-170000",
                    "permissions": 0
                },
                "401845161266642944": {
                    "position": 21,
                    "colour": 7962319,
                    "name": "Media Creators",
                    "created_at": "13-01-2018_21-09-12-368000",
                    "permissions": 0
                },
                "469889716435812353": {
                    "position": 31,
                    "colour": 0,
                    "name": "High Council",
                    "created_at": "20-07-2018_15-33-58-527000",
                    "permissions": 8
                },
                "178667818152230912": {
                    "position": 0,
                    "colour": 0,
                    "name": "@everyone",
                    "created_at": "08-05-2016_00-42-07-335000",
                    "permissions": 0
                },
                "403266285313589250": {
                    "position": 13,
                    "colour": 16777215,
                    "name": "Abandoned Ones",
                    "created_at": "17-01-2018_19-16-14-744000",
                    "permissions": 0
                },
                "403272352223461387": {
                    "position": 12,
                    "colour": 0,
                    "name": "Members",
                    "created_at": "17-01-2018_19-40-21-208000",
                    "permissions": 104187968
                },
                "469889439775326208": {
                    "position": 26,
                    "colour": 16741437,
                    "name": "Head of Media",
                    "created_at": "20-07-2018_15-32-52-566000",
                    "permissions": 0
                }
            },
            "09-02-2019_19-14-04-134526": {
                "373129696960970762": {
                    "position": 19,
                    "colour": 0,
                    "name": "Staff",
                    "created_at": "26-10-2017_15-24-12-170000",
                    "permissions": 0
                },
                "401845161266642944": {
                    "position": 16,
                    "colour": 7962319,
                    "name": "Media Creators",
                    "created_at": "13-01-2018_21-09-12-368000",
                    "permissions": 0
                },
                "469889716435812353": {
                    "position": 27,
                    "colour": 0,
                    "name": "Nation Leaders",
                    "created_at": "20-07-2018_15-33-58-527000",
                    "permissions": 2146954743
                },
                "178667818152230912": {
                    "position": 0,
                    "colour": 0,
                    "name": "@everyone",
                    "created_at": "08-05-2016_00-42-07-335000",
                    "permissions": 0
                },
                "403266285313589250": {
                    "position": 11,
                    "colour": 16777215,
                    "name": "Abandoned Ones",
                    "created_at": "17-01-2018_19-16-14-744000",
                    "permissions": 0
                },
                "403272352223461387": {
                    "position": 10,
                    "colour": 0,
                    "name": "Members",
                    "created_at": "17-01-2018_19-40-21-208000",
                    "permissions": 104187968
                },
                "469889439775326208": {
                    "position": 22,
                    "colour": 16741437,
                    "name": "Head of Media",
                    "created_at": "20-07-2018_15-32-52-566000",
                    "permissions": 0
                }
            },
            "16-12-2018_21-52-39-901037": {
                "373129696960970762": {
                    "position": 18,
                    "colour": 16711680,
                    "name": "Staff",
                    "created_at": "26-10-2017_15-24-12-170000",
                    "permissions": 0
                },
                "401845161266642944": {
                    "position": 20,
                    "colour": 7962319,
                    "name": "Media Creators",
                    "created_at": "13-01-2018_21-09-12-368000",
                    "permissions": 0
                },
                "469889716435812353": {
                    "position": 30,
                    "colour": 0,
                    "name": "High Council",
                    "created_at": "20-07-2018_15-33-58-527000",
                    "permissions": 8
                },
                "178667818152230912": {
                    "position": 0,
                    "colour": 0,
                    "name": "@everyone",
                    "created_at": "08-05-2016_00-42-07-335000",
                    "permissions": 0
                },
                "403266285313589250": {
                    "position": 11,
                    "colour": 16777215,
                    "name": "Abandoned Ones",
                    "created_at": "17-01-2018_19-16-14-744000",
                    "permissions": 0
                },
                "403272352223461387": {
                    "position": 10,
                    "colour": 0,
                    "name": "Members",
                    "created_at": "17-01-2018_19-40-21-208000",
                    "permissions": 104187968
                },
                "469889439775326208": {
                    "position": 25,
                    "colour": 16741437,
                    "name": "Head of Media",
                    "created_at": "20-07-2018_15-32-52-566000",
                    "permissions": 0
                }
            },
            "08-02-2019_19-09-26-882805": {
                "373129696960970762": {
                    "position": 20,
                    "colour": 0,
                    "name": "Staff",
                    "created_at": "26-10-2017_15-24-12-170000",
                    "permissions": 0
                },
                "401845161266642944": {
                    "position": 17,
                    "colour": 7962319,
                    "name": "Media Creators",
                    "created_at": "13-01-2018_21-09-12-368000",
                    "permissions": 0
                },
                "469889716435812353": {
                    "position": 28,
                    "colour": 0,
                    "name": "High Council",
                    "created_at": "20-07-2018_15-33-58-527000",
                    "permissions": 2146954743
                },
                "178667818152230912": {
                    "position": 0,
                    "colour": 0,
                    "name": "@everyone",
                    "created_at": "08-05-2016_00-42-07-335000",
                    "permissions": 0
                },
                "403266285313589250": {
                    "position": 11,
                    "colour": 16777215,
                    "name": "Abandoned Ones",
                    "created_at": "17-01-2018_19-16-14-744000",
                    "permissions": 0
                },
                "403272352223461387": {
                    "position": 10,
                    "colour": 0,
                    "name": "Members",
                    "created_at": "17-01-2018_19-40-21-208000",
                    "permissions": 104187968
                },
                "469889439775326208": {
                    "position": 23,
                    "colour": 16741437,
                    "name": "Head of Media",
                    "created_at": "20-07-2018_15-32-52-566000",
                    "permissions": 0
                }
            },
            "10-02-2019_10-58-00-564986": {
                "373129696960970762": {
                    "position": 20,
                    "colour": 0,
                    "name": "Staff",
                    "created_at": "26-10-2017_15-24-12-170000",
                    "permissions": 0
                },
                "401845161266642944": {
                    "position": 17,
                    "colour": 7962319,
                    "name": "Media Creators",
                    "created_at": "13-01-2018_21-09-12-368000",
                    "permissions": 0
                },
                "469889716435812353": {
                    "position": 28,
                    "colour": 0,
                    "name": "Nation Leaders",
                    "created_at": "20-07-2018_15-33-58-527000",
                    "permissions": 2146954743
                },
                "178667818152230912": {
                    "position": 0,
                    "colour": 0,
                    "name": "@everyone",
                    "created_at": "08-05-2016_00-42-07-335000",
                    "permissions": 0
                },
                "403266285313589250": {
                    "position": 12,
                    "colour": 16777215,
                    "name": "Abandoned Ones",
                    "created_at": "17-01-2018_19-16-14-744000",
                    "permissions": 0
                },
                "403272352223461387": {
                    "position": 11,
                    "colour": 0,
                    "name": "Members",
                    "created_at": "17-01-2018_19-40-21-208000",
                    "permissions": 104187968
                },
                "469889439775326208": {
                    "position": 23,
                    "colour": 16741437,
                    "name": "Head of Media",
                    "created_at": "20-07-2018_15-32-52-566000",
                    "permissions": 0
                }
            },
            "07-12-2018_09-02-35-892853": {
                "373129696960970762": {
                    "position": 18,
                    "colour": 16711680,
                    "name": "Staff",
                    "created_at": "26-10-2017_15-24-12-170000",
                    "permissions": 0
                },
                "401845161266642944": {
                    "position": 20,
                    "colour": 7962319,
                    "name": "Media Creators",
                    "created_at": "13-01-2018_21-09-12-368000",
                    "permissions": 0
                },
                "469889716435812353": {
                    "position": 30,
                    "colour": 0,
                    "name": "High Council",
                    "created_at": "20-07-2018_15-33-58-527000",
                    "permissions": 8
                },
                "178667818152230912": {
                    "position": 0,
                    "colour": 0,
                    "name": "@everyone",
                    "created_at": "08-05-2016_00-42-07-335000",
                    "permissions": 0
                },
                "403266285313589250": {
                    "position": 12,
                    "colour": 16777215,
                    "name": "Abandoned Ones",
                    "created_at": "17-01-2018_19-16-14-744000",
                    "permissions": 0
                },
                "403272352223461387": {
                    "position": 11,
                    "colour": 0,
                    "name": "Members",
                    "created_at": "17-01-2018_19-40-21-208000",
                    "permissions": 104187968
                },
                "469889439775326208": {
                    "position": 25,
                    "colour": 16741437,
                    "name": "Head of Media",
                    "created_at": "20-07-2018_15-32-52-566000",
                    "permissions": 0
                }
            }
        }
    },
    "colour": {
        "current": 16741437,
        "previous": {}
    },
    "bot": false,
    "id": "351140625795645452",
    "discriminator": {
        "current": "7721",
        "previous": {}
    },
    "display_name": {
        "current": "Rikolan's Anatidaephobia",
        "previous": {}
    },
    "created_at": "26-08-2017_23-07-29-067000",
    "joined_at": {
        "current": "05-02-2018_16-55-01-886059",
        "previous": {}
    },
    "name": {
        "current": "Rikolan's Anatidaephobia",
        "previous": {}
    },
    "bans": {
        "current": "not banned",
        "previous": {}
    },
    "activity": {},
    "cookies": {
        "measured_epochs": 12,
        "active_epochs": 0,
        "get": {
            "average": 0.0,
            "total_cookies": 0
        },
        "cookies_in_jar": 0,
        "cookie_transfer_quota": 0,
        "total_cookies": 0,
        "give": {
            "average": 0.0,
            "total_cookies": 0
        },
        "active_this_epoch": false,
        "cookie_interest": 0,
        "current_cookies": 0
    },
    "voice": {
        "current": {
            "server_deaf": false,
            "self_mute": false,
            "channel": {
                "name": null,
                "private": null,
                "id": null
            },
            "self_deaf": false,
            "is_afk": false,
            "server_mute": false
        },
        "previous": {}
    },
    "status": {
        "current": "offline",
        "previous": {}
    }
}