{
    "bans": {
        "previous": {},
        "current": "not banned"
    },
    "cookies": {
        "cookies_in_jar": 0,
        "cookie_transfer_quota": 0,
        "get": {
            "total_cookies": 2,
            "average": 0.4
        },
        "cookie_interest": 0,
        "current_cookies": 2,
        "active_epochs": 1,
        "total_cookies": 2,
        "measured_epochs": 5,
        "give": {
            "total_cookies": 0,
            "average": 0.0
        },
        "active_this_epoch": false
    },
    "voice": {
        "previous": {},
        "current": {
            "self_deaf": false,
            "channel": {
                "name": null,
                "id": null,
                "private": null
            },
            "self_mute": false,
            "is_afk": false,
            "server_mute": false,
            "server_deaf": false
        }
    },
    "status": {
        "previous": {
            "05-12-2018_15-19-39-125060": "online"
        },
        "current": "offline"
    },
    "bot": true,
    "game": {
        "previous": {},
        "current": {
            "name": null,
            "url": null,
            "type": null
        }
    },
    "created_at": "11-11-2016_13-40-58-318000",
    "discriminator": {
        "previous": {},
        "current": "7204"
    },
    "roles": {
        "previous": {
            "29-11-2018_15-40-12-441109": {
                "403243508833452032": {
                    "name": "@everyone",
                    "position": 0,
                    "created_at": "17-01-2018_17-45-44-408000",
                    "permissions": 104324161,
                    "colour": 0
                },
                "406523819545591808": {
                    "name": "Color_Red",
                    "position": 2,
                    "created_at": "26-01-2018_19-00-31-427000",
                    "permissions": 0,
                    "colour": 15158332
                },
                "403243729072160790": {
                    "name": "Admin",
                    "position": 6,
                    "created_at": "17-01-2018_17-46-36-917000",
                    "permissions": 104324169,
                    "colour": 0
                },
                "517688783982952458": {
                    "name": "Color_Blue",
                    "position": 1,
                    "created_at": "29-11-2018_13-10-24-294000",
                    "permissions": 0,
                    "colour": 3447003
                }
            },
            "05-12-2018_23-34-35-600797": {
                "403243508833452032": {
                    "name": "@everyone",
                    "position": 0,
                    "created_at": "17-01-2018_17-45-44-408000",
                    "permissions": 104324161,
                    "colour": 0
                },
                "406523819545591808": {
                    "name": "Color_Red",
                    "position": 2,
                    "created_at": "26-01-2018_19-00-31-427000",
                    "permissions": 0,
                    "colour": 15158332
                },
                "403243729072160790": {
                    "name": "Admin",
                    "position": 6,
                    "created_at": "17-01-2018_17-46-36-917000",
                    "permissions": 104324169,
                    "colour": 0
                }
            },
            "29-11-2018_15-38-13-102418": {
                "403243508833452032": {
                    "name": "@everyone",
                    "position": 0,
                    "created_at": "17-01-2018_17-45-44-408000",
                    "permissions": 104324161,
                    "colour": 0
                },
                "403243729072160790": {
                    "name": "Admin",
                    "position": 6,
                    "created_at": "17-01-2018_17-46-36-917000",
                    "permissions": 104324169,
                    "colour": 0
                }
            },
            "29-11-2018_15-09-24-930495": {
                "403243508833452032": {
                    "name": "@everyone",
                    "position": 0,
                    "created_at": "17-01-2018_17-45-44-408000",
                    "permissions": 104324161,
                    "colour": 0
                },
                "403243729072160790": {
                    "name": "Admin",
                    "position": 5,
                    "created_at": "17-01-2018_17-46-36-917000",
                    "permissions": 104324169,
                    "colour": 0
                }
            },
            "29-11-2018_15-39-39-394402": {
                "403243508833452032": {
                    "name": "@everyone",
                    "position": 0,
                    "created_at": "17-01-2018_17-45-44-408000",
                    "permissions": 104324161,
                    "colour": 0
                },
                "403243729072160790": {
                    "name": "Admin",
                    "position": 6,
                    "created_at": "17-01-2018_17-46-36-917000",
                    "permissions": 104324169,
                    "colour": 0
                },
                "517688783982952458": {
                    "name": "Color_Blue",
                    "position": 1,
                    "created_at": "29-11-2018_13-10-24-294000",
                    "permissions": 0,
                    "colour": 3447003
                }
            }
        },
        "current": {
            "403243508833452032": {
                "name": "@everyone",
                "position": 0,
                "created_at": "17-01-2018_17-45-44-408000",
                "permissions": 104324161,
                "colour": 0
            },
            "403243729072160790": {
                "name": "Admin",
                "position": 6,
                "created_at": "17-01-2018_17-46-36-917000",
                "permissions": 104324169,
                "colour": 0
            }
        }
    },
    "id": "246630352968220675",
    "colour": {
        "previous": {
            "05-12-2018_23-34-35-600797": 15158332,
            "29-11-2018_15-38-13-102418": 0,
            "29-11-2018_15-39-39-394402": 3447003
        },
        "current": 0
    },
    "name": {
        "previous": {},
        "current": "Sir E"
    },
    "display_name": {
        "previous": {},
        "current": "Sir E"
    },
    "joined_at": {
        "previous": {},
        "current": "27-07-2018_04-33-37-063000"
    },
    "activity": {
        "2018": {
            "12": {
                "5": {
                    "15": {
                        "403243509324447755": 9,
                        "403514718482071554": 10
                    },
                    "13": {
                        "403243509324447755": 1,
                        "403514718482071554": 3
                    },
                    "14": {
                        "403243509324447755": 14,
                        "403514718482071554": 16
                    }
                }
            },
            "11": {
                "27": {
                    "1": {
                        "403514718482071554": 2
                    },
                    "14": {
                        "403243509324447755": 14,
                        "403514718482071554": 22
                    }
                },
                "26": {
                    "20": {
                        "403243509324447755": 9,
                        "403514718482071554": 18
                    },
                    "21": {
                        "403243509324447755": 2,
                        "403514718482071554": 2
                    },
                    "22": {
                        "403243509324447755": 1,
                        "403514718482071554": 1
                    },
                    "18": {
                        "403243509324447755": 12,
                        "403514718482071554": 11
                    },
                    "23": {
                        "403243509324447755": 1,
                        "403514718482071554": 1
                    }
                },
                "29": {
                    "17": {
                        "403515799794614273": 97,
                        "403243509324447755": 19,
                        "403514718482071554": 28
                    },
                    "18": {
                        "403515799794614273": 4,
                        "403243509324447755": 3,
                        "403514718482071554": 3
                    },
                    "15": {
                        "403243509324447755": 21,
                        "403514718482071554": 16
                    },
                    "16": {
                        "403515799794614273": 45,
                        "403243509324447755": 16,
                        "403514718482071554": 20
                    }
                },
                "23": {
                    "10": {
                        "403243509324447755": 2,
                        "403514718482071554": 2
                    }
                },
                "25": {
                    "11": {
                        "403243509324447755": 8,
                        "403514718482071554": 9
                    },
                    "10": {
                        "403243509324447755": 9,
                        "403514718482071554": 13
                    }
                },
                "30": {
                    "15": {
                        "403243509324447755": 14,
                        "403514718482071554": 6
                    }
                }
            }
        }
    }
}