{
    "joined_at": {
        "previous": {},
        "current": "23-09-2018_17-08-40-603537"
    },
    "activity": {
        "2018": {
            "12": {
                "9": {
                    "0": {
                        "403084655550791682": 1
                    }
                },
                "16": {
                    "22": {
                        "523913649182605330": 2
                    }
                }
            }
        }
    },
    "bot": false,
    "status": {
        "previous": {
            "06-12-2018_17-09-51-137367": "dnd",
            "08-12-2018_15-44-11-058097": "dnd",
            "05-12-2018_16-27-33-714312": "dnd",
            "16-12-2018_21-52-39-901037": "online",
            "16-12-2018_22-46-26-221531": "offline",
            "06-12-2018_19-01-41-672098": "dnd",
            "07-12-2018_09-02-35-892853": "dnd",
            "05-12-2018_23-17-11-812802": "dnd"
        },
        "current": "online"
    },
    "display_name": {
        "previous": {},
        "current": "Mrs Birdie Claus"
    },
    "discriminator": {
        "previous": {},
        "current": "6223"
    },
    "roles": {
        "previous": {
            "07-12-2018_09-02-35-892853": {
                "373129696960970762": {
                    "colour": 16711680,
                    "name": "Staff",
                    "created_at": "26-10-2017_15-24-12-170000",
                    "position": 18,
                    "permissions": 0
                },
                "403272352223461387": {
                    "colour": 0,
                    "name": "Members",
                    "created_at": "17-01-2018_19-40-21-208000",
                    "position": 11,
                    "permissions": 104187968
                },
                "400699163026653184": {
                    "colour": 16728548,
                    "name": "Community Managers",
                    "created_at": "10-01-2018_17-15-25-096000",
                    "position": 21,
                    "permissions": 129
                },
                "178667818152230912": {
                    "colour": 0,
                    "name": "@everyone",
                    "created_at": "08-05-2016_00-42-07-335000",
                    "position": 0,
                    "permissions": 0
                },
                "403266285313589250": {
                    "colour": 16777215,
                    "name": "Abandoned Ones",
                    "created_at": "17-01-2018_19-16-14-744000",
                    "position": 12,
                    "permissions": 0
                }
            },
            "16-12-2018_21-52-39-901037": {
                "373129696960970762": {
                    "colour": 16711680,
                    "name": "Staff",
                    "created_at": "26-10-2017_15-24-12-170000",
                    "position": 18,
                    "permissions": 0
                },
                "403272352223461387": {
                    "colour": 0,
                    "name": "Members",
                    "created_at": "17-01-2018_19-40-21-208000",
                    "position": 10,
                    "permissions": 104187968
                },
                "400699163026653184": {
                    "colour": 16728548,
                    "name": "Community Managers",
                    "created_at": "10-01-2018_17-15-25-096000",
                    "position": 21,
                    "permissions": 129
                },
                "178667818152230912": {
                    "colour": 0,
                    "name": "@everyone",
                    "created_at": "08-05-2016_00-42-07-335000",
                    "position": 0,
                    "permissions": 0
                },
                "403266285313589250": {
                    "colour": 16777215,
                    "name": "Abandoned Ones",
                    "created_at": "17-01-2018_19-16-14-744000",
                    "position": 11,
                    "permissions": 0
                }
            },
            "06-12-2018_01-05-49-556858": {
                "373129696960970762": {
                    "colour": 16711680,
                    "name": "Staff",
                    "created_at": "26-10-2017_15-24-12-170000",
                    "position": 19,
                    "permissions": 0
                },
                "403272352223461387": {
                    "colour": 0,
                    "name": "Members",
                    "created_at": "17-01-2018_19-40-21-208000",
                    "position": 12,
                    "permissions": 104187968
                },
                "400699163026653184": {
                    "colour": 16728548,
                    "name": "Community Managers",
                    "created_at": "10-01-2018_17-15-25-096000",
                    "position": 22,
                    "permissions": 129
                },
                "178667818152230912": {
                    "colour": 0,
                    "name": "@everyone",
                    "created_at": "08-05-2016_00-42-07-335000",
                    "position": 0,
                    "permissions": 0
                },
                "403266285313589250": {
                    "colour": 16777215,
                    "name": "Abandoned Ones",
                    "created_at": "17-01-2018_19-16-14-744000",
                    "position": 13,
                    "permissions": 0
                }
            }
        },
        "current": {
            "178667818152230912": {
                "colour": 0,
                "name": "@everyone",
                "created_at": "08-05-2016_00-42-07-335000",
                "position": 0,
                "permissions": 0
            },
            "400699163026653184": {
                "colour": 16728548,
                "name": "Community Managers",
                "created_at": "10-01-2018_17-15-25-096000",
                "position": 17,
                "permissions": 129
            },
            "403272352223461387": {
                "colour": 0,
                "name": "Members",
                "created_at": "17-01-2018_19-40-21-208000",
                "position": 7,
                "permissions": 104187968
            },
            "523917597138354193": {
                "colour": 16714995,
                "name": "Yeeters",
                "created_at": "16-12-2018_17-41-29-076000",
                "position": 1,
                "permissions": 0
            },
            "403266285313589250": {
                "colour": 16777215,
                "name": "Abandoned Ones",
                "created_at": "17-01-2018_19-16-14-744000",
                "position": 8,
                "permissions": 0
            },
            "373129696960970762": {
                "colour": 16711680,
                "name": "Staff",
                "created_at": "26-10-2017_15-24-12-170000",
                "position": 14,
                "permissions": 0
            }
        }
    },
    "voice": {
        "previous": {
            "16-12-2018_21-52-39-901037": {
                "is_afk": false,
                "server_deaf": false,
                "self_mute": false,
                "channel": {
                    "name": "General",
                    "private": false,
                    "id": "403283673647939595"
                },
                "server_mute": false,
                "self_deaf": false
            },
            "16-12-2018_22-46-26-221531": {
                "self_mute": true,
                "server_deaf": false,
                "is_afk": false,
                "channel": {
                    "name": "General",
                    "private": false,
                    "id": "403283673647939595"
                },
                "server_mute": false,
                "self_deaf": false
            }
        },
        "current": {
            "self_mute": false,
            "server_deaf": false,
            "is_afk": false,
            "channel": {
                "name": "General",
                "private": false,
                "id": "403283673647939595"
            },
            "server_mute": false,
            "self_deaf": false
        }
    },
    "name": {
        "previous": {},
        "current": "Thedarkunicorn1998"
    },
    "game": {
        "previous": {},
        "current": {
            "name": null,
            "url": null,
            "type": null
        }
    },
    "created_at": "23-09-2018_17-03-40-919000",
    "id": "493467503087976458",
    "cookies": {
        "active_epochs": 0,
        "get": {
            "average": 0.0,
            "total_cookies": 0
        },
        "give": {
            "average": 0.0,
            "total_cookies": 0
        },
        "current_cookies": 0,
        "active_this_epoch": false,
        "cookies_in_jar": 0,
        "cookie_interest": 0,
        "total_cookies": 0,
        "measured_epochs": 8,
        "cookie_transfer_quota": 0
    },
    "colour": {
        "previous": {},
        "current": 16728548
    },
    "bans": {
        "previous": {},
        "current": "not banned"
    }
}