{
    "joined_at": {
        "current": "17-01-2018_09-35-04-774000",
        "previous": {}
    },
    "colour": {
        "current": 7980799,
        "previous": {}
    },
    "bot": false,
    "discriminator": {
        "current": "2319",
        "previous": {}
    },
    "created_at": "28-10-2015_01-11-38-348000",
    "bans": {
        "current": "not banned",
        "previous": {}
    },
    "game": {
        "current": {
            "type": null,
            "url": null,
            "name": null
        },
        "previous": {}
    },
    "roles": {
        "current": {
            "403272352223461387": {
                "permissions": 104187968,
                "position": 10,
                "name": "Members",
                "colour": 0,
                "created_at": "17-01-2018_19-40-21-208000"
            },
            "178667818152230912": {
                "permissions": 0,
                "position": 0,
                "name": "@everyone",
                "colour": 0,
                "created_at": "08-05-2016_00-42-07-335000"
            },
            "187985716284751872": {
                "permissions": 104324169,
                "position": 26,
                "name": "Head of Moderation",
                "colour": 7980799,
                "created_at": "02-06-2016_17-48-07-368000"
            },
            "469889716435812353": {
                "permissions": 8,
                "position": 30,
                "name": "High Council",
                "colour": 0,
                "created_at": "20-07-2018_15-33-58-527000"
            },
            "373129696960970762": {
                "permissions": 0,
                "position": 18,
                "name": "Staff",
                "colour": 16711680,
                "created_at": "26-10-2017_15-24-12-170000"
            },
            "430760351248809986": {
                "permissions": 0,
                "position": 9,
                "name": "Current Iteration",
                "colour": 0,
                "created_at": "03-04-2018_16-07-50-878000"
            },
            "403266285313589250": {
                "permissions": 0,
                "position": 11,
                "name": "Abandoned Ones",
                "colour": 16777215,
                "created_at": "17-01-2018_19-16-14-744000"
            },
            "189416410542374912": {
                "permissions": 267775190,
                "position": 19,
                "name": "Moderator",
                "colour": 3447003,
                "created_at": "06-06-2016_16-33-11-460000"
            }
        },
        "previous": {
            "07-12-2018_07-51-11-182069": {
                "403272352223461387": {
                    "permissions": 104187968,
                    "position": 11,
                    "name": "Members",
                    "colour": 0,
                    "created_at": "17-01-2018_19-40-21-208000"
                },
                "178667818152230912": {
                    "permissions": 0,
                    "position": 0,
                    "name": "@everyone",
                    "colour": 0,
                    "created_at": "08-05-2016_00-42-07-335000"
                },
                "403266269220175892": {
                    "permissions": 262208,
                    "position": 15,
                    "name": "Mythical Ones",
                    "colour": 1033914,
                    "created_at": "17-01-2018_19-16-10-907000"
                },
                "187985716284751872": {
                    "permissions": 104324169,
                    "position": 26,
                    "name": "Head of Moderation",
                    "colour": 7980799,
                    "created_at": "02-06-2016_17-48-07-368000"
                },
                "469889716435812353": {
                    "permissions": 8,
                    "position": 30,
                    "name": "High Council",
                    "colour": 0,
                    "created_at": "20-07-2018_15-33-58-527000"
                },
                "373129696960970762": {
                    "permissions": 0,
                    "position": 18,
                    "name": "Staff",
                    "colour": 16711680,
                    "created_at": "26-10-2017_15-24-12-170000"
                },
                "430760351248809986": {
                    "permissions": 0,
                    "position": 9,
                    "name": "Current Iteration",
                    "colour": 0,
                    "created_at": "03-04-2018_16-07-50-878000"
                },
                "189416410542374912": {
                    "permissions": 267775190,
                    "position": 19,
                    "name": "Moderator",
                    "colour": 3447003,
                    "created_at": "06-06-2016_16-33-11-460000"
                }
            },
            "06-12-2018_01-05-49-556858": {
                "403272352223461387": {
                    "permissions": 104187968,
                    "position": 12,
                    "name": "Members",
                    "colour": 0,
                    "created_at": "17-01-2018_19-40-21-208000"
                },
                "178667818152230912": {
                    "permissions": 0,
                    "position": 0,
                    "name": "@everyone",
                    "colour": 0,
                    "created_at": "08-05-2016_00-42-07-335000"
                },
                "403266269220175892": {
                    "permissions": 262208,
                    "position": 16,
                    "name": "Mythical Ones",
                    "colour": 1033914,
                    "created_at": "17-01-2018_19-16-10-907000"
                },
                "187985716284751872": {
                    "permissions": 104324169,
                    "position": 27,
                    "name": "Head of Moderation",
                    "colour": 7980799,
                    "created_at": "02-06-2016_17-48-07-368000"
                },
                "469889716435812353": {
                    "permissions": 8,
                    "position": 31,
                    "name": "High Council",
                    "colour": 0,
                    "created_at": "20-07-2018_15-33-58-527000"
                },
                "373129696960970762": {
                    "permissions": 0,
                    "position": 19,
                    "name": "Staff",
                    "colour": 16711680,
                    "created_at": "26-10-2017_15-24-12-170000"
                },
                "430760351248809986": {
                    "permissions": 0,
                    "position": 10,
                    "name": "Current Iteration",
                    "colour": 0,
                    "created_at": "03-04-2018_16-07-50-878000"
                },
                "189416410542374912": {
                    "permissions": 267775190,
                    "position": 20,
                    "name": "Moderator",
                    "colour": 3447003,
                    "created_at": "06-06-2016_16-33-11-460000"
                }
            },
            "07-12-2018_09-02-35-892853": {
                "403272352223461387": {
                    "permissions": 104187968,
                    "position": 11,
                    "name": "Members",
                    "colour": 0,
                    "created_at": "17-01-2018_19-40-21-208000"
                },
                "178667818152230912": {
                    "permissions": 0,
                    "position": 0,
                    "name": "@everyone",
                    "colour": 0,
                    "created_at": "08-05-2016_00-42-07-335000"
                },
                "187985716284751872": {
                    "permissions": 104324169,
                    "position": 26,
                    "name": "Head of Moderation",
                    "colour": 7980799,
                    "created_at": "02-06-2016_17-48-07-368000"
                },
                "469889716435812353": {
                    "permissions": 8,
                    "position": 30,
                    "name": "High Council",
                    "colour": 0,
                    "created_at": "20-07-2018_15-33-58-527000"
                },
                "373129696960970762": {
                    "permissions": 0,
                    "position": 18,
                    "name": "Staff",
                    "colour": 16711680,
                    "created_at": "26-10-2017_15-24-12-170000"
                },
                "430760351248809986": {
                    "permissions": 0,
                    "position": 9,
                    "name": "Current Iteration",
                    "colour": 0,
                    "created_at": "03-04-2018_16-07-50-878000"
                },
                "403266285313589250": {
                    "permissions": 0,
                    "position": 12,
                    "name": "Abandoned Ones",
                    "colour": 16777215,
                    "created_at": "17-01-2018_19-16-14-744000"
                },
                "189416410542374912": {
                    "permissions": 267775190,
                    "position": 19,
                    "name": "Moderator",
                    "colour": 3447003,
                    "created_at": "06-06-2016_16-33-11-460000"
                }
            }
        }
    },
    "cookies": {
        "get": {
            "total_cookies": 0,
            "average": 0.0
        },
        "active_this_epoch": false,
        "measured_epochs": 8,
        "cookie_interest": 0,
        "cookies_in_jar": 0,
        "total_cookies": 0,
        "current_cookies": 0,
        "give": {
            "total_cookies": 0,
            "average": 0.0
        },
        "cookie_transfer_quota": 0,
        "active_epochs": 0
    },
    "display_name": {
        "current": "Dubibells Dubibells",
        "previous": {}
    },
    "id": "108734388258234368",
    "status": {
        "current": "dnd",
        "previous": {
            "05-12-2018_16-27-33-714312": "dnd",
            "06-12-2018_00-45-45-907811": "offline",
            "05-12-2018_15-43-55-700669": "offline",
            "06-12-2018_01-05-49-556858": "dnd",
            "05-12-2018_23-17-11-812802": "dnd",
            "06-12-2018_14-27-10-018861": "dnd",
            "07-12-2018_19-07-03-633575": "offline",
            "06-12-2018_14-18-11-466041": "offline",
            "06-12-2018_00-51-35-336974": "offline",
            "05-12-2018_16-07-42-379538": "dnd",
            "06-12-2018_15-40-12-725739": "dnd",
            "05-12-2018_16-23-43-417186": "dnd",
            "06-12-2018_14-20-49-230798": "dnd",
            "05-12-2018_23-34-35-600797": "dnd",
            "06-12-2018_14-37-28-467255": "offline",
            "06-12-2018_15-16-54-897558": "dnd",
            "06-12-2018_17-09-51-137367": "offline",
            "06-12-2018_15-04-14-303670": "dnd",
            "06-12-2018_17-02-08-075871": "dnd",
            "06-12-2018_13-18-30-157611": "dnd",
            "06-12-2018_15-14-45-002165": "offline",
            "06-12-2018_14-50-02-697396": "dnd",
            "06-12-2018_19-01-41-672098": "offline",
            "05-12-2018_15-19-39-125060": "dnd"
        }
    },
    "activity": {
        "2018": {
            "12": {
                "7": {
                    "15": {
                        "403084655550791682": 1
                    }
                }
            }
        }
    },
    "name": {
        "current": "Resquiat",
        "previous": {}
    },
    "voice": {
        "current": {
            "self_mute": false,
            "channel": {
                "id": null,
                "name": null,
                "private": null
            },
            "server_mute": false,
            "server_deaf": false,
            "self_deaf": false,
            "is_afk": false
        },
        "previous": {}
    }
}