{
    "joined_at": {
        "current": "17-01-2018_09-51-30-747000",
        "previous": {}
    },
    "colour": {
        "current": 16741437,
        "previous": {}
    },
    "bot": false,
    "created_at": "17-02-2016_18-25-57-391000",
    "bans": {
        "current": "not banned",
        "previous": {}
    },
    "game": {
        "current": {
            "type": null,
            "url": null,
            "name": null
        },
        "previous": {}
    },
    "roles": {
        "current": {
            "403272352223461387": {
                "permissions": 104187968,
                "created_at": "17-01-2018_19-40-21-208000",
                "name": "Members",
                "colour": 0,
                "position": 10
            },
            "401845161266642944": {
                "permissions": 0,
                "created_at": "13-01-2018_21-09-12-368000",
                "name": "Media Creators",
                "colour": 7962319,
                "position": 20
            },
            "178667818152230912": {
                "permissions": 0,
                "created_at": "08-05-2016_00-42-07-335000",
                "name": "@everyone",
                "colour": 0,
                "position": 0
            },
            "469889439775326208": {
                "permissions": 0,
                "created_at": "20-07-2018_15-32-52-566000",
                "name": "Head of Media",
                "colour": 16741437,
                "position": 25
            },
            "373129696960970762": {
                "permissions": 0,
                "created_at": "26-10-2017_15-24-12-170000",
                "name": "Staff",
                "colour": 16711680,
                "position": 18
            },
            "430760351248809986": {
                "permissions": 0,
                "created_at": "03-04-2018_16-07-50-878000",
                "name": "Current Iteration",
                "colour": 0,
                "position": 9
            },
            "403266285313589250": {
                "permissions": 0,
                "created_at": "17-01-2018_19-16-14-744000",
                "name": "Abandoned Ones",
                "colour": 16777215,
                "position": 11
            },
            "469889716435812353": {
                "permissions": 8,
                "created_at": "20-07-2018_15-33-58-527000",
                "name": "High Council",
                "colour": 0,
                "position": 30
            }
        },
        "previous": {
            "07-12-2018_07-51-11-182069": {
                "403272352223461387": {
                    "permissions": 104187968,
                    "created_at": "17-01-2018_19-40-21-208000",
                    "name": "Members",
                    "colour": 0,
                    "position": 11
                },
                "401845161266642944": {
                    "permissions": 0,
                    "created_at": "13-01-2018_21-09-12-368000",
                    "name": "Media Creators",
                    "colour": 7962319,
                    "position": 20
                },
                "178667818152230912": {
                    "permissions": 0,
                    "created_at": "08-05-2016_00-42-07-335000",
                    "name": "@everyone",
                    "colour": 0,
                    "position": 0
                },
                "403266269220175892": {
                    "permissions": 262208,
                    "created_at": "17-01-2018_19-16-10-907000",
                    "name": "Mythical Ones",
                    "colour": 1033914,
                    "position": 15
                },
                "469889716435812353": {
                    "permissions": 8,
                    "created_at": "20-07-2018_15-33-58-527000",
                    "name": "High Council",
                    "colour": 0,
                    "position": 30
                },
                "373129696960970762": {
                    "permissions": 0,
                    "created_at": "26-10-2017_15-24-12-170000",
                    "name": "Staff",
                    "colour": 16711680,
                    "position": 18
                },
                "430760351248809986": {
                    "permissions": 0,
                    "created_at": "03-04-2018_16-07-50-878000",
                    "name": "Current Iteration",
                    "colour": 0,
                    "position": 9
                },
                "469889439775326208": {
                    "permissions": 0,
                    "created_at": "20-07-2018_15-32-52-566000",
                    "name": "Head of Media",
                    "colour": 16741437,
                    "position": 25
                }
            },
            "06-12-2018_01-05-49-556858": {
                "403272352223461387": {
                    "permissions": 104187968,
                    "created_at": "17-01-2018_19-40-21-208000",
                    "name": "Members",
                    "colour": 0,
                    "position": 12
                },
                "401845161266642944": {
                    "permissions": 0,
                    "created_at": "13-01-2018_21-09-12-368000",
                    "name": "Media Creators",
                    "colour": 7962319,
                    "position": 21
                },
                "178667818152230912": {
                    "permissions": 0,
                    "created_at": "08-05-2016_00-42-07-335000",
                    "name": "@everyone",
                    "colour": 0,
                    "position": 0
                },
                "403266269220175892": {
                    "permissions": 262208,
                    "created_at": "17-01-2018_19-16-10-907000",
                    "name": "Mythical Ones",
                    "colour": 1033914,
                    "position": 16
                },
                "469889716435812353": {
                    "permissions": 8,
                    "created_at": "20-07-2018_15-33-58-527000",
                    "name": "High Council",
                    "colour": 0,
                    "position": 31
                },
                "373129696960970762": {
                    "permissions": 0,
                    "created_at": "26-10-2017_15-24-12-170000",
                    "name": "Staff",
                    "colour": 16711680,
                    "position": 19
                },
                "430760351248809986": {
                    "permissions": 0,
                    "created_at": "03-04-2018_16-07-50-878000",
                    "name": "Current Iteration",
                    "colour": 0,
                    "position": 10
                },
                "469889439775326208": {
                    "permissions": 0,
                    "created_at": "20-07-2018_15-32-52-566000",
                    "name": "Head of Media",
                    "colour": 16741437,
                    "position": 26
                }
            },
            "07-12-2018_09-02-35-892853": {
                "403272352223461387": {
                    "permissions": 104187968,
                    "created_at": "17-01-2018_19-40-21-208000",
                    "name": "Members",
                    "colour": 0,
                    "position": 11
                },
                "401845161266642944": {
                    "permissions": 0,
                    "created_at": "13-01-2018_21-09-12-368000",
                    "name": "Media Creators",
                    "colour": 7962319,
                    "position": 20
                },
                "178667818152230912": {
                    "permissions": 0,
                    "created_at": "08-05-2016_00-42-07-335000",
                    "name": "@everyone",
                    "colour": 0,
                    "position": 0
                },
                "469889439775326208": {
                    "permissions": 0,
                    "created_at": "20-07-2018_15-32-52-566000",
                    "name": "Head of Media",
                    "colour": 16741437,
                    "position": 25
                },
                "373129696960970762": {
                    "permissions": 0,
                    "created_at": "26-10-2017_15-24-12-170000",
                    "name": "Staff",
                    "colour": 16711680,
                    "position": 18
                },
                "430760351248809986": {
                    "permissions": 0,
                    "created_at": "03-04-2018_16-07-50-878000",
                    "name": "Current Iteration",
                    "colour": 0,
                    "position": 9
                },
                "403266285313589250": {
                    "permissions": 0,
                    "created_at": "17-01-2018_19-16-14-744000",
                    "name": "Abandoned Ones",
                    "colour": 16777215,
                    "position": 12
                },
                "469889716435812353": {
                    "permissions": 8,
                    "created_at": "20-07-2018_15-33-58-527000",
                    "name": "High Council",
                    "colour": 0,
                    "position": 30
                }
            }
        }
    },
    "cookies": {
        "get": {
            "average": 0.0,
            "total_cookies": 0
        },
        "active_this_epoch": false,
        "measured_epochs": 8,
        "cookie_interest": 0,
        "active_epochs": 0,
        "total_cookies": 0,
        "current_cookies": 0,
        "give": {
            "average": 0.0,
            "total_cookies": 0
        },
        "cookie_transfer_quota": 0,
        "cookies_in_jar": 0
    },
    "display_name": {
        "current": "Rikolan",
        "previous": {}
    },
    "status": {
        "current": "offline",
        "previous": {
            "05-12-2018_16-27-33-714312": "online",
            "06-12-2018_01-05-49-556858": "online",
            "05-12-2018_15-43-55-700669": "online"
        }
    },
    "id": "149582123697831937",
    "discriminator": {
        "current": "7658",
        "previous": {}
    },
    "activity": {
        "2018": {
            "12": {
                "5": {
                    "21": {
                        "403086550851911681": 4
                    }
                }
            }
        }
    },
    "name": {
        "current": "Rikolan",
        "previous": {}
    },
    "voice": {
        "current": {
            "self_mute": false,
            "channel": {
                "id": null,
                "name": null,
                "private": null
            },
            "server_mute": false,
            "server_deaf": false,
            "self_deaf": false,
            "is_afk": false
        },
        "previous": {}
    }
}