{
    "joined_at": {
        "current": "18-02-2018_16-27-19-191319",
        "previous": {}
    },
    "colour": {
        "current": 3447003,
        "previous": {}
    },
    "bot": false,
    "created_at": "01-05-2016_15-29-15-397000",
    "bans": {
        "current": "not banned",
        "previous": {}
    },
    "game": {
        "current": {
            "type": null,
            "url": null,
            "name": null
        },
        "previous": {}
    },
    "roles": {
        "current": {
            "403272352223461387": {
                "permissions": 104187968,
                "created_at": "17-01-2018_19-40-21-208000",
                "name": "Members",
                "colour": 0,
                "position": 10
            },
            "178667818152230912": {
                "permissions": 0,
                "created_at": "08-05-2016_00-42-07-335000",
                "name": "@everyone",
                "colour": 0,
                "position": 0
            },
            "373129696960970762": {
                "permissions": 0,
                "created_at": "26-10-2017_15-24-12-170000",
                "name": "Staff",
                "colour": 16711680,
                "position": 18
            },
            "430760351248809986": {
                "permissions": 0,
                "created_at": "03-04-2018_16-07-50-878000",
                "name": "Current Iteration",
                "colour": 0,
                "position": 9
            },
            "403266285313589250": {
                "permissions": 0,
                "created_at": "17-01-2018_19-16-14-744000",
                "name": "Abandoned Ones",
                "colour": 16777215,
                "position": 11
            },
            "404068252361162759": {
                "permissions": 0,
                "created_at": "20-01-2018_00-22-58-588000",
                "name": "Under Where?",
                "colour": 0,
                "position": 16
            },
            "189416410542374912": {
                "permissions": 267775190,
                "created_at": "06-06-2016_16-33-11-460000",
                "name": "Moderator",
                "colour": 3447003,
                "position": 19
            }
        },
        "previous": {
            "06-12-2018_01-05-49-556858": {
                "403272352223461387": {
                    "permissions": 104187968,
                    "created_at": "17-01-2018_19-40-21-208000",
                    "name": "Members",
                    "colour": 0,
                    "position": 12
                },
                "178667818152230912": {
                    "permissions": 0,
                    "created_at": "08-05-2016_00-42-07-335000",
                    "name": "@everyone",
                    "colour": 0,
                    "position": 0
                },
                "373129696960970762": {
                    "permissions": 0,
                    "created_at": "26-10-2017_15-24-12-170000",
                    "name": "Staff",
                    "colour": 16711680,
                    "position": 19
                },
                "430760351248809986": {
                    "permissions": 0,
                    "created_at": "03-04-2018_16-07-50-878000",
                    "name": "Current Iteration",
                    "colour": 0,
                    "position": 10
                },
                "403266285313589250": {
                    "permissions": 0,
                    "created_at": "17-01-2018_19-16-14-744000",
                    "name": "Abandoned Ones",
                    "colour": 16777215,
                    "position": 13
                },
                "404068252361162759": {
                    "permissions": 0,
                    "created_at": "20-01-2018_00-22-58-588000",
                    "name": "Under Where?",
                    "colour": 0,
                    "position": 17
                },
                "189416410542374912": {
                    "permissions": 267775190,
                    "created_at": "06-06-2016_16-33-11-460000",
                    "name": "Moderator",
                    "colour": 3447003,
                    "position": 20
                }
            },
            "07-12-2018_09-02-35-892853": {
                "403272352223461387": {
                    "permissions": 104187968,
                    "created_at": "17-01-2018_19-40-21-208000",
                    "name": "Members",
                    "colour": 0,
                    "position": 11
                },
                "178667818152230912": {
                    "permissions": 0,
                    "created_at": "08-05-2016_00-42-07-335000",
                    "name": "@everyone",
                    "colour": 0,
                    "position": 0
                },
                "373129696960970762": {
                    "permissions": 0,
                    "created_at": "26-10-2017_15-24-12-170000",
                    "name": "Staff",
                    "colour": 16711680,
                    "position": 18
                },
                "430760351248809986": {
                    "permissions": 0,
                    "created_at": "03-04-2018_16-07-50-878000",
                    "name": "Current Iteration",
                    "colour": 0,
                    "position": 9
                },
                "403266285313589250": {
                    "permissions": 0,
                    "created_at": "17-01-2018_19-16-14-744000",
                    "name": "Abandoned Ones",
                    "colour": 16777215,
                    "position": 12
                },
                "404068252361162759": {
                    "permissions": 0,
                    "created_at": "20-01-2018_00-22-58-588000",
                    "name": "Under Where?",
                    "colour": 0,
                    "position": 16
                },
                "189416410542374912": {
                    "permissions": 267775190,
                    "created_at": "06-06-2016_16-33-11-460000",
                    "name": "Moderator",
                    "colour": 3447003,
                    "position": 19
                }
            }
        }
    },
    "cookies": {
        "cookie_transfer_quota": 0,
        "active_this_epoch": false,
        "measured_epochs": 8,
        "cookie_interest": 0,
        "active_epochs": 0,
        "total_cookies": 0,
        "get": {
            "average": 0.0,
            "total_cookies": 0
        },
        "current_cookies": 0,
        "give": {
            "average": 0.0,
            "total_cookies": 0
        },
        "cookies_in_jar": 0
    },
    "display_name": {
        "current": "SockstroyerXx",
        "previous": {}
    },
    "status": {
        "current": "online",
        "previous": {
            "05-12-2018_16-27-33-714312": "idle",
            "06-12-2018_00-27-42-854693": "idle",
            "07-12-2018_07-42-43-243407": "online",
            "05-12-2018_23-34-35-600797": "online",
            "06-12-2018_14-37-28-467255": "offline",
            "07-12-2018_09-02-35-892853": "online",
            "06-12-2018_17-09-51-137367": "idle",
            "07-12-2018_19-07-03-633575": "idle",
            "06-12-2018_13-18-30-157611": "offline",
            "06-12-2018_01-05-49-556858": "online",
            "06-12-2018_19-01-41-672098": "idle",
            "06-12-2018_00-22-50-820027": "offline"
        }
    },
    "id": "176354357766389760",
    "discriminator": {
        "current": "8144",
        "previous": {}
    },
    "activity": {},
    "name": {
        "current": "Socko God",
        "previous": {}
    },
    "voice": {
        "current": {
            "self_mute": false,
            "channel": {
                "id": null,
                "name": null,
                "private": null
            },
            "server_mute": false,
            "server_deaf": false,
            "self_deaf": false,
            "is_afk": false
        },
        "previous": {}
    }
}