{
    "joined_at": {
        "current": "17-08-2018_23-53-33-874845",
        "previous": {}
    },
    "colour": {
        "current": 16777215,
        "previous": {}
    },
    "bot": false,
    "created_at": "16-10-2016_22-33-58-575000",
    "bans": {
        "current": "not banned",
        "previous": {}
    },
    "game": {
        "current": {
            "type": null,
            "url": null,
            "name": null
        },
        "previous": {
            "05-12-2018_16-27-33-714312": {
                "type": 0,
                "url": null,
                "name": "Minecraft"
            },
            "06-12-2018_01-05-49-556858": {
                "type": 0,
                "url": null,
                "name": "Overwatch"
            },
            "06-12-2018_19-01-41-672098": {
                "type": 0,
                "url": null,
                "name": "League of Legends"
            },
            "07-12-2018_19-07-03-633575": {
                "type": 0,
                "url": null,
                "name": "League of Legends"
            }
        }
    },
    "roles": {
        "current": {
            "403272352223461387": {
                "permissions": 104187968,
                "created_at": "17-01-2018_19-40-21-208000",
                "name": "Members",
                "colour": 0,
                "position": 10
            },
            "430760351248809986": {
                "permissions": 0,
                "created_at": "03-04-2018_16-07-50-878000",
                "name": "Current Iteration",
                "colour": 0,
                "position": 9
            },
            "403266285313589250": {
                "permissions": 0,
                "created_at": "17-01-2018_19-16-14-744000",
                "name": "Abandoned Ones",
                "colour": 16777215,
                "position": 11
            },
            "178667818152230912": {
                "permissions": 0,
                "created_at": "08-05-2016_00-42-07-335000",
                "name": "@everyone",
                "colour": 0,
                "position": 0
            }
        },
        "previous": {
            "06-12-2018_01-05-49-556858": {
                "403272352223461387": {
                    "permissions": 104187968,
                    "created_at": "17-01-2018_19-40-21-208000",
                    "name": "Members",
                    "colour": 0,
                    "position": 12
                },
                "430760351248809986": {
                    "permissions": 0,
                    "created_at": "03-04-2018_16-07-50-878000",
                    "name": "Current Iteration",
                    "colour": 0,
                    "position": 10
                },
                "403266285313589250": {
                    "permissions": 0,
                    "created_at": "17-01-2018_19-16-14-744000",
                    "name": "Abandoned Ones",
                    "colour": 16777215,
                    "position": 13
                },
                "178667818152230912": {
                    "permissions": 0,
                    "created_at": "08-05-2016_00-42-07-335000",
                    "name": "@everyone",
                    "colour": 0,
                    "position": 0
                }
            },
            "07-12-2018_09-02-35-892853": {
                "403272352223461387": {
                    "permissions": 104187968,
                    "created_at": "17-01-2018_19-40-21-208000",
                    "name": "Members",
                    "colour": 0,
                    "position": 11
                },
                "430760351248809986": {
                    "permissions": 0,
                    "created_at": "03-04-2018_16-07-50-878000",
                    "name": "Current Iteration",
                    "colour": 0,
                    "position": 9
                },
                "403266285313589250": {
                    "permissions": 0,
                    "created_at": "17-01-2018_19-16-14-744000",
                    "name": "Abandoned Ones",
                    "colour": 16777215,
                    "position": 12
                },
                "178667818152230912": {
                    "permissions": 0,
                    "created_at": "08-05-2016_00-42-07-335000",
                    "name": "@everyone",
                    "colour": 0,
                    "position": 0
                }
            }
        }
    },
    "cookies": {
        "cookie_transfer_quota": 0,
        "active_this_epoch": false,
        "measured_epochs": 1,
        "cookie_interest": 0,
        "active_epochs": 0,
        "total_cookies": 0,
        "get": {
            "average": 0.0,
            "total_cookies": 0
        },
        "current_cookies": 0,
        "give": {
            "average": 0.0,
            "total_cookies": 0
        },
        "cookies_in_jar": 0
    },
    "display_name": {
        "current": "Sean",
        "previous": {}
    },
    "status": {
        "current": "dnd",
        "previous": {
            "05-12-2018_16-27-33-714312": "offline",
            "05-12-2018_15-29-30-194946": "offline",
            "06-12-2018_16-49-44-878444": "offline",
            "06-12-2018_17-09-51-137367": "offline",
            "06-12-2018_01-05-49-556858": "dnd",
            "06-12-2018_19-01-41-672098": "offline"
        }
    },
    "id": "237342403382607872",
    "discriminator": {
        "current": "6733",
        "previous": {}
    },
    "activity": {},
    "name": {
        "current": "Qu0tte",
        "previous": {}
    },
    "voice": {
        "current": {
            "self_mute": false,
            "channel": {
                "id": null,
                "name": null,
                "private": null
            },
            "server_mute": false,
            "server_deaf": false,
            "self_deaf": false,
            "is_afk": false
        },
        "previous": {}
    }
}