{
    "joined_at": {
        "current": "18-08-2018_00-41-38-989453",
        "previous": {}
    },
    "colour": {
        "current": 16777215,
        "previous": {}
    },
    "bot": false,
    "created_at": "18-08-2018_00-36-45-877000",
    "bans": {
        "current": "not banned",
        "previous": {}
    },
    "game": {
        "current": {
            "type": null,
            "url": null,
            "name": null
        },
        "previous": {}
    },
    "roles": {
        "current": {
            "403272352223461387": {
                "permissions": 104187968,
                "created_at": "17-01-2018_19-40-21-208000",
                "name": "Members",
                "colour": 0,
                "position": 10
            },
            "403266285313589250": {
                "permissions": 0,
                "created_at": "17-01-2018_19-16-14-744000",
                "name": "Abandoned Ones",
                "colour": 16777215,
                "position": 11
            },
            "178667818152230912": {
                "permissions": 0,
                "created_at": "08-05-2016_00-42-07-335000",
                "name": "@everyone",
                "colour": 0,
                "position": 0
            }
        },
        "previous": {
            "06-12-2018_01-05-49-556858": {
                "403272352223461387": {
                    "permissions": 104187968,
                    "created_at": "17-01-2018_19-40-21-208000",
                    "name": "Members",
                    "colour": 0,
                    "position": 12
                },
                "403266285313589250": {
                    "permissions": 0,
                    "created_at": "17-01-2018_19-16-14-744000",
                    "name": "Abandoned Ones",
                    "colour": 16777215,
                    "position": 13
                },
                "178667818152230912": {
                    "permissions": 0,
                    "created_at": "08-05-2016_00-42-07-335000",
                    "name": "@everyone",
                    "colour": 0,
                    "position": 0
                }
            },
            "07-12-2018_09-02-35-892853": {
                "403272352223461387": {
                    "permissions": 104187968,
                    "created_at": "17-01-2018_19-40-21-208000",
                    "name": "Members",
                    "colour": 0,
                    "position": 11
                },
                "403266285313589250": {
                    "permissions": 0,
                    "created_at": "17-01-2018_19-16-14-744000",
                    "name": "Abandoned Ones",
                    "colour": 16777215,
                    "position": 12
                },
                "178667818152230912": {
                    "permissions": 0,
                    "created_at": "08-05-2016_00-42-07-335000",
                    "name": "@everyone",
                    "colour": 0,
                    "position": 0
                }
            }
        }
    },
    "cookies": {
        "cookie_transfer_quota": 0,
        "active_this_epoch": false,
        "measured_epochs": 8,
        "cookie_interest": 0,
        "active_epochs": 0,
        "total_cookies": 0,
        "get": {
            "average": 0.0,
            "total_cookies": 0
        },
        "current_cookies": 0,
        "give": {
            "average": 0.0,
            "total_cookies": 0
        },
        "cookies_in_jar": 0
    },
    "display_name": {
        "current": "muzerytheraven",
        "previous": {}
    },
    "status": {
        "current": "offline",
        "previous": {}
    },
    "id": "480173174038724618",
    "discriminator": {
        "current": "6319",
        "previous": {}
    },
    "activity": {},
    "name": {
        "current": "muzerytheraven",
        "previous": {}
    },
    "voice": {
        "current": {
            "self_mute": false,
            "channel": {
                "id": null,
                "name": null,
                "private": null
            },
            "server_mute": false,
            "server_deaf": false,
            "self_deaf": false,
            "is_afk": false
        },
        "previous": {}
    }
}