{
    "bot": true,
    "discriminator": {
        "current": "6045",
        "previous": {}
    },
    "joined_at": {
        "current": "06-01-2019_19-32-24-343905",
        "previous": {}
    },
    "voice": {
        "current": {
            "server_deaf": false,
            "self_deaf": false,
            "channel": {
                "id": null,
                "name": null,
                "private": null
            },
            "is_afk": false,
            "server_mute": false,
            "self_mute": false
        },
        "previous": {}
    },
    "roles": {
        "current": {
            "403243508833452032": {
                "created_at": "17-01-2018_17-45-44-408000",
                "name": "@everyone",
                "position": 0,
                "permissions": 104324161,
                "colour": 0
            }
        },
        "previous": {}
    },
    "colour": {
        "current": 0,
        "previous": {}
    },
    "cookies": {
        "give": {
            "total_cookies": 0,
            "average": 0
        },
        "cookie_interest": 0,
        "current_cookies": 0,
        "active_epochs": 0,
        "get": {
            "total_cookies": 0,
            "average": 0
        },
        "cookie_transfer_quota": 0,
        "total_cookies": 0,
        "measured_epochs": 0,
        "active_this_epoch": false,
        "cookies_in_jar": 0
    },
    "created_at": "17-03-2016_19-24-03-647000",
    "game": {
        "current": {
            "name": null,
            "url": null,
            "type": null
        },
        "previous": {}
    },
    "id": "160105994217586689",
    "status": {
        "current": "online",
        "previous": {
            "15-01-2019_20-05-24-063373": "offline",
            "12-01-2019_01-16-58-662867": "offline",
            "13-01-2019_23-58-57-488890": "offline",
            "10-01-2019_03-36-57-747790": "offline",
            "16-01-2019_15-03-07-147943": "offline"
        }
    },
    "display_name": {
        "current": "Miki",
        "previous": {}
    },
    "name": {
        "current": "Miki",
        "previous": {}
    },
    "activity": {},
    "bans": {
        "current": "not banned",
        "previous": {}
    }
}