{
    "discriminator": {
        "previous": {},
        "current": "7744"
    },
    "status": {
        "previous": {},
        "current": "offline"
    },
    "display_name": {
        "previous": {},
        "current": "Nossie"
    },
    "name": {
        "previous": {},
        "current": "Lechaim"
    },
    "joined_at": {
        "previous": {},
        "current": "21-01-2018_14-54-11-370000"
    },
    "created_at": "08-03-2016_20-33-58-292000",
    "colour": {
        "previous": {},
        "current": 10181046
    },
    "roles": {
        "previous": {},
        "current": {
            "403243729072160790": {
                "position": 6,
                "created_at": "17-01-2018_17-46-36-917000",
                "permissions": 104324169,
                "name": "Admin",
                "colour": 0
            },
            "403243508833452032": {
                "position": 0,
                "created_at": "17-01-2018_17-45-44-408000",
                "permissions": 104324161,
                "name": "@everyone",
                "colour": 0
            },
            "406515414722543617": {
                "position": 5,
                "created_at": "26-01-2018_18-27-07-561000",
                "permissions": 104324169,
                "name": "Zonnoser",
                "colour": 10181046
            }
        }
    },
    "activity": {},
    "voice": {
        "previous": {},
        "current": {
            "server_deaf": false,
            "server_mute": false,
            "self_mute": false,
            "channel": {
                "id": null,
                "private": null,
                "name": null
            },
            "is_afk": false,
            "self_deaf": false
        }
    },
    "bot": false,
    "game": {
        "previous": {},
        "current": {
            "name": null,
            "type": null,
            "url": null
        }
    },
    "cookies": {
        "cookie_interest": 0,
        "total_cookies": 0,
        "cookie_transfer_quota": 0,
        "cookies_in_jar": 0,
        "active_this_epoch": false,
        "give": {
            "total_cookies": 0,
            "average": 0
        },
        "active_epochs": 0,
        "current_cookies": 0,
        "measured_epochs": 0,
        "get": {
            "total_cookies": 0,
            "average": 0
        }
    },
    "id": "156862097043619840",
    "bans": {
        "previous": {},
        "current": "not banned"
    }
}