{
    "game": {
        "current": {
            "name": null,
            "url": null,
            "type": null
        },
        "previous": {
            "08-12-2018_15-44-11-058097": {
                "name": "Counter-Strike: Global Offensive",
                "url": null,
                "type": 0
            },
            "07-12-2018_19-07-03-633575": {
                "name": "osu!",
                "url": null,
                "type": 0
            }
        }
    },
    "created_at": "17-02-2016_05-10-29-742000",
    "name": {
        "current": "Ely",
        "previous": {}
    },
    "discriminator": {
        "current": "2273",
        "previous": {}
    },
    "status": {
        "current": "online",
        "previous": {
            "07-12-2018_07-51-11-182069": "idle",
            "06-12-2018_19-01-41-672098": "idle",
            "05-12-2018_16-27-33-714312": "idle",
            "11-12-2018_09-13-26-392726": "idle",
            "06-12-2018_13-18-30-157611": "idle",
            "07-12-2018_19-07-03-633575": "offline",
            "10-12-2018_16-02-31-496869": "online",
            "07-12-2018_09-02-35-892853": "idle",
            "06-12-2018_17-09-51-137367": "idle",
            "09-12-2018_10-12-40-202519": "idle",
            "06-12-2018_01-05-49-556858": "idle",
            "12-12-2018_11-49-23-541900": "idle",
            "06-12-2018_00-44-16-069543": "offline",
            "06-12-2018_15-04-14-303670": "offline",
            "06-12-2018_00-29-32-919666": "offline",
            "06-12-2018_14-27-10-018861": "offline"
        }
    },
    "colour": {
        "current": 16771132,
        "previous": {}
    },
    "roles": {
        "current": {
            "178667818152230912": {
                "name": "@everyone",
                "position": 0,
                "created_at": "08-05-2016_00-42-07-335000",
                "colour": 0,
                "permissions": 0
            },
            "469889716435812353": {
                "name": "High Council",
                "position": 30,
                "created_at": "20-07-2018_15-33-58-527000",
                "colour": 0,
                "permissions": 8
            },
            "189416410542374912": {
                "name": "Moderator",
                "position": 19,
                "created_at": "06-06-2016_16-33-11-460000",
                "colour": 3447003,
                "permissions": 267775190
            },
            "324535144641986560": {
                "name": "Head of Development",
                "position": 27,
                "created_at": "14-06-2017_13-06-48-054000",
                "colour": 16771132,
                "permissions": 2116537599
            },
            "373129696960970762": {
                "name": "Staff",
                "position": 18,
                "created_at": "26-10-2017_15-24-12-170000",
                "colour": 16711680,
                "permissions": 0
            },
            "403266269220175892": {
                "name": "Mythical Ones",
                "position": 15,
                "created_at": "17-01-2018_19-16-10-907000",
                "colour": 1033914,
                "permissions": 262208
            }
        },
        "previous": {
            "06-12-2018_00-55-15-699438": {
                "178667818152230912": {
                    "name": "@everyone",
                    "position": 0,
                    "created_at": "08-05-2016_00-42-07-335000",
                    "colour": 0,
                    "permissions": 0
                },
                "469889716435812353": {
                    "name": "High Council",
                    "position": 31,
                    "created_at": "20-07-2018_15-33-58-527000",
                    "colour": 0,
                    "permissions": 8
                },
                "189416410542374912": {
                    "name": "Moderator",
                    "position": 20,
                    "created_at": "06-06-2016_16-33-11-460000",
                    "colour": 3447003,
                    "permissions": 267775190
                },
                "324535144641986560": {
                    "name": "Head of Development",
                    "position": 28,
                    "created_at": "14-06-2017_13-06-48-054000",
                    "colour": 16771132,
                    "permissions": 2116537599
                },
                "373129696960970762": {
                    "name": "Staff",
                    "position": 19,
                    "created_at": "26-10-2017_15-24-12-170000",
                    "colour": 16711680,
                    "permissions": 0
                },
                "403266269220175892": {
                    "name": "Mythical Ones",
                    "position": 16,
                    "created_at": "17-01-2018_19-16-10-907000",
                    "colour": 1033914,
                    "permissions": 262208
                }
            },
            "07-12-2018_07-51-11-182069": {
                "178667818152230912": {
                    "name": "@everyone",
                    "position": 0,
                    "created_at": "08-05-2016_00-42-07-335000",
                    "colour": 0,
                    "permissions": 0
                },
                "469889716435812353": {
                    "name": "High Council",
                    "position": 30,
                    "created_at": "20-07-2018_15-33-58-527000",
                    "colour": 0,
                    "permissions": 8
                },
                "189416410542374912": {
                    "name": "Moderator",
                    "position": 19,
                    "created_at": "06-06-2016_16-33-11-460000",
                    "colour": 3447003,
                    "permissions": 267775190
                },
                "324535144641986560": {
                    "name": "Head of Development",
                    "position": 27,
                    "created_at": "14-06-2017_13-06-48-054000",
                    "colour": 16771132,
                    "permissions": 2116537599
                },
                "373129696960970762": {
                    "name": "Staff",
                    "position": 18,
                    "created_at": "26-10-2017_15-24-12-170000",
                    "colour": 16711680,
                    "permissions": 0
                },
                "403266269220175892": {
                    "name": "Mythical Ones",
                    "position": 15,
                    "created_at": "17-01-2018_19-16-10-907000",
                    "colour": 1033914,
                    "permissions": 262208
                }
            },
            "07-12-2018_09-02-35-892853": {
                "324535144641986560": {
                    "name": "Head of Development",
                    "position": 27,
                    "created_at": "14-06-2017_13-06-48-054000",
                    "colour": 16771132,
                    "permissions": 2116537599
                },
                "178667818152230912": {
                    "name": "@everyone",
                    "position": 0,
                    "created_at": "08-05-2016_00-42-07-335000",
                    "colour": 0,
                    "permissions": 0
                },
                "469889716435812353": {
                    "name": "High Council",
                    "position": 30,
                    "created_at": "20-07-2018_15-33-58-527000",
                    "colour": 0,
                    "permissions": 8
                },
                "373129696960970762": {
                    "name": "Staff",
                    "position": 18,
                    "created_at": "26-10-2017_15-24-12-170000",
                    "colour": 16711680,
                    "permissions": 0
                },
                "189416410542374912": {
                    "name": "Moderator",
                    "position": 19,
                    "created_at": "06-06-2016_16-33-11-460000",
                    "colour": 3447003,
                    "permissions": 267775190
                }
            }
        }
    },
    "display_name": {
        "current": "Zeny - Neko God-Wizard o' Loli",
        "previous": {}
    },
    "cookies": {
        "measured_epochs": 1,
        "current_cookies": 18,
        "cookies_in_jar": 1,
        "active_this_epoch": true,
        "cookie_transfer_quota": 18,
        "active_epochs": 1,
        "get": {
            "average": 1.0,
            "total_cookies": 19
        },
        "total_cookies": 19,
        "give": {
            "average": 0.0,
            "total_cookies": 0
        },
        "cookie_interest": 0
    },
    "joined_at": {
        "current": "05-07-2016_08-07-38-976000",
        "previous": {}
    },
    "voice": {
        "current": {
            "server_deaf": false,
            "is_afk": false,
            "channel": {
                "name": null,
                "private": null,
                "id": null
            },
            "self_mute": false,
            "self_deaf": false,
            "server_mute": false
        },
        "previous": {
            "11-12-2018_09-13-26-392726": {
                "server_deaf": false,
                "is_afk": false,
                "channel": {
                    "name": "Staff",
                    "private": false,
                    "id": "403261388497354752"
                },
                "self_mute": false,
                "self_deaf": false,
                "server_mute": false
            },
            "06-12-2018_19-01-41-672098": {
                "server_deaf": false,
                "is_afk": false,
                "channel": {
                    "name": "General",
                    "private": false,
                    "id": "403283673647939595"
                },
                "self_mute": false,
                "self_deaf": false,
                "server_mute": false
            }
        }
    },
    "id": "149381939428589568",
    "activity": {
        "2018": {
            "12": {
                "6": {
                    "22": {
                        "403084655550791682": 7
                    },
                    "16": {
                        "403086614600876032": 11
                    },
                    "14": {
                        "403084655550791682": 4
                    },
                    "17": {
                        "403086614600876032": 6
                    },
                    "21": {
                        "403086614600876032": 4
                    },
                    "0": {
                        "403086614600876032": 4
                    }
                },
                "11": {
                    "16": {
                        "403086614600876032": 15,
                        "403086691646046209": 1,
                        "403119788370690048": 1,
                        "403084763591606273": 1
                    }
                },
                "10": {
                    "22": {
                        "403084790401728512": 1
                    },
                    "19": {
                        "403084790401728512": 2
                    }
                },
                "5": {
                    "16": {
                        "403086614600876032": 43
                    },
                    "17": {
                        "403086614600876032": 7
                    },
                    "15": {
                        "403086614600876032": 54
                    },
                    "22": {
                        "403086614600876032": 10
                    }
                },
                "7": {
                    "19": {
                        "403086614600876032": 2
                    },
                    "8": {
                        "403086614600876032": 18
                    },
                    "9": {
                        "403086614600876032": 14
                    }
                }
            }
        }
    },
    "bot": false,
    "bans": {
        "current": "not banned",
        "previous": {}
    }
}