{
    "game": {
        "current": {
            "name": null,
            "url": null,
            "type": null
        },
        "previous": {}
    },
    "created_at": "03-02-2017_16-26-04-711000",
    "name": {
        "current": "Huggles",
        "previous": {}
    },
    "discriminator": {
        "current": "2246",
        "previous": {}
    },
    "status": {
        "current": "offline",
        "previous": {}
    },
    "activity": {},
    "colour": {
        "current": 16777215,
        "previous": {
            "07-12-2018_09-02-35-892853": 0,
            "07-12-2018_07-51-11-182069": 1033914
        }
    },
    "roles": {
        "current": {
            "403272352223461387": {
                "name": "Members",
                "position": 10,
                "created_at": "17-01-2018_19-40-21-208000",
                "colour": 0,
                "permissions": 104187968
            },
            "430760351248809986": {
                "name": "Current Iteration",
                "position": 9,
                "created_at": "03-04-2018_16-07-50-878000",
                "colour": 0,
                "permissions": 0
            },
            "178667818152230912": {
                "name": "@everyone",
                "position": 0,
                "created_at": "08-05-2016_00-42-07-335000",
                "colour": 0,
                "permissions": 0
            },
            "403266285313589250": {
                "name": "Abandoned Ones",
                "position": 11,
                "created_at": "17-01-2018_19-16-14-744000",
                "colour": 16777215,
                "permissions": 0
            }
        },
        "previous": {
            "07-12-2018_09-02-35-892853": {
                "403272352223461387": {
                    "name": "Members",
                    "position": 11,
                    "created_at": "17-01-2018_19-40-21-208000",
                    "colour": 0,
                    "permissions": 104187968
                },
                "430760351248809986": {
                    "name": "Current Iteration",
                    "position": 9,
                    "created_at": "03-04-2018_16-07-50-878000",
                    "colour": 0,
                    "permissions": 0
                },
                "178667818152230912": {
                    "name": "@everyone",
                    "position": 0,
                    "created_at": "08-05-2016_00-42-07-335000",
                    "colour": 0,
                    "permissions": 0
                },
                "403266285313589250": {
                    "name": "Abandoned Ones",
                    "position": 12,
                    "created_at": "17-01-2018_19-16-14-744000",
                    "colour": 16777215,
                    "permissions": 0
                }
            },
            "07-12-2018_07-51-11-182069": {
                "403272352223461387": {
                    "name": "Members",
                    "position": 11,
                    "created_at": "17-01-2018_19-40-21-208000",
                    "colour": 0,
                    "permissions": 104187968
                },
                "430760351248809986": {
                    "name": "Current Iteration",
                    "position": 9,
                    "created_at": "03-04-2018_16-07-50-878000",
                    "colour": 0,
                    "permissions": 0
                },
                "178667818152230912": {
                    "name": "@everyone",
                    "position": 0,
                    "created_at": "08-05-2016_00-42-07-335000",
                    "colour": 0,
                    "permissions": 0
                },
                "403266269220175892": {
                    "name": "Mythical Ones",
                    "position": 15,
                    "created_at": "17-01-2018_19-16-10-907000",
                    "colour": 1033914,
                    "permissions": 262208
                }
            },
            "06-12-2018_01-05-49-556858": {
                "403272352223461387": {
                    "name": "Members",
                    "position": 12,
                    "created_at": "17-01-2018_19-40-21-208000",
                    "colour": 0,
                    "permissions": 104187968
                },
                "430760351248809986": {
                    "name": "Current Iteration",
                    "position": 10,
                    "created_at": "03-04-2018_16-07-50-878000",
                    "colour": 0,
                    "permissions": 0
                },
                "178667818152230912": {
                    "name": "@everyone",
                    "position": 0,
                    "created_at": "08-05-2016_00-42-07-335000",
                    "colour": 0,
                    "permissions": 0
                },
                "403266269220175892": {
                    "name": "Mythical Ones",
                    "position": 16,
                    "created_at": "17-01-2018_19-16-10-907000",
                    "colour": 1033914,
                    "permissions": 262208
                }
            }
        }
    },
    "display_name": {
        "current": "Fuwa Fuwa Chiisai Bitch Desu",
        "previous": {}
    },
    "cookies": {
        "measured_epochs": 8,
        "current_cookies": 0,
        "cookies_in_jar": 0,
        "active_this_epoch": false,
        "cookie_transfer_quota": 0,
        "active_epochs": 0,
        "get": {
            "average": 0.0,
            "total_cookies": 0
        },
        "total_cookies": 0,
        "give": {
            "average": 0.0,
            "total_cookies": 0
        },
        "cookie_interest": 0
    },
    "joined_at": {
        "current": "28-02-2018_12-04-52-478371",
        "previous": {}
    },
    "voice": {
        "current": {
            "server_deaf": false,
            "is_afk": false,
            "channel": {
                "name": null,
                "private": null,
                "id": null
            },
            "self_mute": false,
            "self_deaf": false,
            "server_mute": false
        },
        "previous": {}
    },
    "id": "277112484102406145",
    "bot": false,
    "bans": {
        "current": "not banned",
        "previous": {}
    }
}