{
    "game": {
        "current": {
            "name": null,
            "url": null,
            "type": null
        },
        "previous": {}
    },
    "created_at": "26-11-2017_05-14-57-756000",
    "name": {
        "current": "LmanTheAussie",
        "previous": {}
    },
    "discriminator": {
        "current": "1162",
        "previous": {}
    },
    "status": {
        "current": "offline",
        "previous": {
            "08-12-2018_15-44-11-058097": "online",
            "11-12-2018_09-13-26-392726": "online",
            "10-12-2018_16-02-31-496869": "online",
            "09-12-2018_10-12-40-202519": "online"
        }
    },
    "activity": {},
    "colour": {
        "current": 16777215,
        "previous": {
            "09-12-2018_10-12-20-733458": 0
        }
    },
    "roles": {
        "current": {
            "178667818152230912": {
                "name": "@everyone",
                "position": 0,
                "created_at": "08-05-2016_00-42-07-335000",
                "colour": 0,
                "permissions": 0
            },
            "403266285313589250": {
                "name": "Abandoned Ones",
                "position": 11,
                "created_at": "17-01-2018_19-16-14-744000",
                "colour": 16777215,
                "permissions": 0
            }
        },
        "previous": {
            "09-12-2018_10-12-20-733458": {
                "178667818152230912": {
                    "name": "@everyone",
                    "position": 0,
                    "created_at": "08-05-2016_00-42-07-335000",
                    "colour": 0,
                    "permissions": 0
                }
            }
        }
    },
    "display_name": {
        "current": "LmanTheAussie",
        "previous": {}
    },
    "cookies": {
        "measured_epochs": 0,
        "current_cookies": 0,
        "cookies_in_jar": 0,
        "active_this_epoch": false,
        "cookie_transfer_quota": 0,
        "active_epochs": 0,
        "get": {
            "average": 0,
            "total_cookies": 0
        },
        "total_cookies": 0,
        "give": {
            "average": 0,
            "total_cookies": 0
        },
        "cookie_interest": 0
    },
    "joined_at": {
        "current": "08-12-2018_22-38-24-111768",
        "previous": {}
    },
    "voice": {
        "current": {
            "server_deaf": false,
            "is_afk": false,
            "channel": {
                "name": null,
                "private": null,
                "id": null
            },
            "self_mute": false,
            "self_deaf": false,
            "server_mute": false
        },
        "previous": {}
    },
    "id": "384210400469581825",
    "bot": false,
    "bans": {
        "current": "not banned",
        "previous": {}
    }
}