{
    "game": {
        "current": {
            "name": null,
            "url": null,
            "type": null
        },
        "previous": {}
    },
    "created_at": "29-11-2017_15-50-53-040000",
    "name": {
        "current": "kristjan",
        "previous": {}
    },
    "discriminator": {
        "current": "6844",
        "previous": {}
    },
    "status": {
        "current": "online",
        "previous": {
            "06-12-2018_17-02-08-075871": "online",
            "12-12-2018_11-49-23-541900": "offline",
            "06-12-2018_15-27-46-642824": "online",
            "06-12-2018_01-05-49-556858": "offline",
            "06-12-2018_17-09-51-137367": "online",
            "05-12-2018_16-27-33-714312": "online",
            "11-12-2018_09-13-26-392726": "online",
            "06-12-2018_15-40-12-725739": "offline",
            "06-12-2018_14-37-28-467255": "offline"
        }
    },
    "colour": {
        "current": 16777215,
        "previous": {}
    },
    "roles": {
        "current": {
            "403272352223461387": {
                "name": "Members",
                "permissions": 104187968,
                "created_at": "17-01-2018_19-40-21-208000",
                "colour": 0,
                "position": 10
            },
            "178667818152230912": {
                "name": "@everyone",
                "permissions": 0,
                "created_at": "08-05-2016_00-42-07-335000",
                "colour": 0,
                "position": 0
            },
            "403266285313589250": {
                "name": "Abandoned Ones",
                "permissions": 0,
                "created_at": "17-01-2018_19-16-14-744000",
                "colour": 16777215,
                "position": 11
            }
        },
        "previous": {
            "07-12-2018_09-02-35-892853": {
                "403272352223461387": {
                    "name": "Members",
                    "permissions": 104187968,
                    "created_at": "17-01-2018_19-40-21-208000",
                    "colour": 0,
                    "position": 11
                },
                "178667818152230912": {
                    "name": "@everyone",
                    "permissions": 0,
                    "created_at": "08-05-2016_00-42-07-335000",
                    "colour": 0,
                    "position": 0
                },
                "403266285313589250": {
                    "name": "Abandoned Ones",
                    "permissions": 0,
                    "created_at": "17-01-2018_19-16-14-744000",
                    "colour": 16777215,
                    "position": 12
                }
            },
            "06-12-2018_01-05-49-556858": {
                "403272352223461387": {
                    "name": "Members",
                    "permissions": 104187968,
                    "created_at": "17-01-2018_19-40-21-208000",
                    "colour": 0,
                    "position": 12
                },
                "178667818152230912": {
                    "name": "@everyone",
                    "permissions": 0,
                    "created_at": "08-05-2016_00-42-07-335000",
                    "colour": 0,
                    "position": 0
                },
                "403266285313589250": {
                    "name": "Abandoned Ones",
                    "permissions": 0,
                    "created_at": "17-01-2018_19-16-14-744000",
                    "colour": 16777215,
                    "position": 13
                }
            }
        }
    },
    "display_name": {
        "current": "kristjan",
        "previous": {}
    },
    "cookies": {
        "current_cookies": 0,
        "cookies_in_jar": 0,
        "active_this_epoch": false,
        "cookie_interest": 0,
        "cookie_transfer_quota": 0,
        "active_epochs": 0,
        "get": {
            "average": 0.0,
            "total_cookies": 0
        },
        "total_cookies": 0,
        "give": {
            "average": 0.0,
            "total_cookies": 0
        },
        "measured_epochs": 8
    },
    "joined_at": {
        "current": "29-10-2018_20-14-30-221263",
        "previous": {}
    },
    "voice": {
        "current": {
            "server_deaf": false,
            "is_afk": false,
            "channel": {
                "name": null,
                "private": null,
                "id": null
            },
            "self_mute": false,
            "self_deaf": false,
            "server_mute": false
        },
        "previous": {}
    },
    "id": "385457598926946304",
    "activity": {},
    "bot": false,
    "bans": {
        "current": "not banned",
        "previous": {}
    }
}