{
    "bans": {
        "previous": {},
        "current": "not banned"
    },
    "cookies": {
        "current_cookies": 0,
        "active_epochs": 0,
        "give": {
            "average": 0.0,
            "total_cookies": 0
        },
        "cookie_transfer_quota": 0,
        "cookie_interest": 0,
        "active_this_epoch": false,
        "get": {
            "average": 0.0,
            "total_cookies": 0
        },
        "cookies_in_jar": 0,
        "measured_epochs": 8,
        "total_cookies": 0
    },
    "name": {
        "previous": {},
        "current": "HarryBruceTV"
    },
    "bot": false,
    "game": {
        "previous": {},
        "current": {
            "url": null,
            "name": null,
            "type": null
        }
    },
    "joined_at": {
        "previous": {},
        "current": "17-01-2018_10-10-50-119000"
    },
    "roles": {
        "previous": {
            "07-12-2018_07-51-11-182069": {
                "403272352223461387": {
                    "position": 11,
                    "created_at": "17-01-2018_19-40-21-208000",
                    "name": "Members",
                    "colour": 0,
                    "permissions": 104187968
                },
                "403266269220175892": {
                    "position": 15,
                    "created_at": "17-01-2018_19-16-10-907000",
                    "name": "Mythical Ones",
                    "colour": 1033914,
                    "permissions": 262208
                },
                "404068252361162759": {
                    "position": 16,
                    "created_at": "20-01-2018_00-22-58-588000",
                    "name": "Under Where?",
                    "colour": 0,
                    "permissions": 0
                },
                "430760351248809986": {
                    "position": 9,
                    "created_at": "03-04-2018_16-07-50-878000",
                    "name": "Current Iteration",
                    "colour": 0,
                    "permissions": 0
                },
                "178667818152230912": {
                    "position": 0,
                    "created_at": "08-05-2016_00-42-07-335000",
                    "name": "@everyone",
                    "colour": 0,
                    "permissions": 0
                },
                "469889632117456896": {
                    "position": 23,
                    "created_at": "20-07-2018_15-33-38-424000",
                    "name": "Head of Events",
                    "colour": 16713728,
                    "permissions": 0
                },
                "363695886297071626": {
                    "position": 22,
                    "created_at": "30-09-2017_14-37-36-436000",
                    "name": "Event Managers",
                    "colour": 14747399,
                    "permissions": 541200384
                },
                "469889716435812353": {
                    "position": 30,
                    "created_at": "20-07-2018_15-33-58-527000",
                    "name": "High Council",
                    "colour": 0,
                    "permissions": 8
                },
                "373129696960970762": {
                    "position": 18,
                    "created_at": "26-10-2017_15-24-12-170000",
                    "name": "Staff",
                    "colour": 16711680,
                    "permissions": 0
                }
            },
            "07-12-2018_09-02-35-892853": {
                "403266285313589250": {
                    "position": 12,
                    "created_at": "17-01-2018_19-16-14-744000",
                    "name": "Abandoned Ones",
                    "colour": 16777215,
                    "permissions": 0
                },
                "363695886297071626": {
                    "position": 22,
                    "created_at": "30-09-2017_14-37-36-436000",
                    "name": "Event Managers",
                    "colour": 14747399,
                    "permissions": 541200384
                },
                "404068252361162759": {
                    "position": 16,
                    "created_at": "20-01-2018_00-22-58-588000",
                    "name": "Under Where?",
                    "colour": 0,
                    "permissions": 0
                },
                "430760351248809986": {
                    "position": 9,
                    "created_at": "03-04-2018_16-07-50-878000",
                    "name": "Current Iteration",
                    "colour": 0,
                    "permissions": 0
                },
                "178667818152230912": {
                    "position": 0,
                    "created_at": "08-05-2016_00-42-07-335000",
                    "name": "@everyone",
                    "colour": 0,
                    "permissions": 0
                },
                "403272352223461387": {
                    "position": 11,
                    "created_at": "17-01-2018_19-40-21-208000",
                    "name": "Members",
                    "colour": 0,
                    "permissions": 104187968
                },
                "469889632117456896": {
                    "position": 23,
                    "created_at": "20-07-2018_15-33-38-424000",
                    "name": "Head of Events",
                    "colour": 16713728,
                    "permissions": 0
                },
                "469889716435812353": {
                    "position": 30,
                    "created_at": "20-07-2018_15-33-58-527000",
                    "name": "High Council",
                    "colour": 0,
                    "permissions": 8
                },
                "373129696960970762": {
                    "position": 18,
                    "created_at": "26-10-2017_15-24-12-170000",
                    "name": "Staff",
                    "colour": 16711680,
                    "permissions": 0
                }
            },
            "16-12-2018_21-52-39-901037": {
                "403266285313589250": {
                    "position": 11,
                    "created_at": "17-01-2018_19-16-14-744000",
                    "name": "Abandoned Ones",
                    "colour": 16777215,
                    "permissions": 0
                },
                "363695886297071626": {
                    "position": 22,
                    "created_at": "30-09-2017_14-37-36-436000",
                    "name": "Event Managers",
                    "colour": 14747399,
                    "permissions": 541200384
                },
                "404068252361162759": {
                    "position": 16,
                    "created_at": "20-01-2018_00-22-58-588000",
                    "name": "Under Where?",
                    "colour": 0,
                    "permissions": 0
                },
                "430760351248809986": {
                    "position": 9,
                    "created_at": "03-04-2018_16-07-50-878000",
                    "name": "Current Iteration",
                    "colour": 0,
                    "permissions": 0
                },
                "178667818152230912": {
                    "position": 0,
                    "created_at": "08-05-2016_00-42-07-335000",
                    "name": "@everyone",
                    "colour": 0,
                    "permissions": 0
                },
                "403272352223461387": {
                    "position": 10,
                    "created_at": "17-01-2018_19-40-21-208000",
                    "name": "Members",
                    "colour": 0,
                    "permissions": 104187968
                },
                "469889632117456896": {
                    "position": 23,
                    "created_at": "20-07-2018_15-33-38-424000",
                    "name": "Head of Events",
                    "colour": 16713728,
                    "permissions": 0
                },
                "469889716435812353": {
                    "position": 30,
                    "created_at": "20-07-2018_15-33-58-527000",
                    "name": "High Council",
                    "colour": 0,
                    "permissions": 8
                },
                "373129696960970762": {
                    "position": 18,
                    "created_at": "26-10-2017_15-24-12-170000",
                    "name": "Staff",
                    "colour": 16711680,
                    "permissions": 0
                }
            },
            "10-01-2019_00-18-24-072293": {
                "403266285313589250": {
                    "position": 8,
                    "created_at": "17-01-2018_19-16-14-744000",
                    "name": "Abandoned Ones",
                    "colour": 16777215,
                    "permissions": 0
                },
                "363695886297071626": {
                    "position": 18,
                    "created_at": "30-09-2017_14-37-36-436000",
                    "name": "Event Managers",
                    "colour": 14747399,
                    "permissions": 541200384
                },
                "404068252361162759": {
                    "position": 2,
                    "created_at": "20-01-2018_00-22-58-588000",
                    "name": "Under Where?",
                    "colour": 0,
                    "permissions": 0
                },
                "430760351248809986": {
                    "position": 6,
                    "created_at": "03-04-2018_16-07-50-878000",
                    "name": "Current Iteration",
                    "colour": 0,
                    "permissions": 0
                },
                "178667818152230912": {
                    "position": 0,
                    "created_at": "08-05-2016_00-42-07-335000",
                    "name": "@everyone",
                    "colour": 0,
                    "permissions": 0
                },
                "403272352223461387": {
                    "position": 7,
                    "created_at": "17-01-2018_19-40-21-208000",
                    "name": "Members",
                    "colour": 0,
                    "permissions": 104187968
                },
                "469889632117456896": {
                    "position": 19,
                    "created_at": "20-07-2018_15-33-38-424000",
                    "name": "Head of Events",
                    "colour": 16713728,
                    "permissions": 0
                },
                "469889716435812353": {
                    "position": 26,
                    "created_at": "20-07-2018_15-33-58-527000",
                    "name": "High Council",
                    "colour": 0,
                    "permissions": 8
                },
                "373129696960970762": {
                    "position": 14,
                    "created_at": "26-10-2017_15-24-12-170000",
                    "name": "Staff",
                    "colour": 16711680,
                    "permissions": 0
                }
            },
            "06-12-2018_01-05-49-556858": {
                "403272352223461387": {
                    "position": 12,
                    "created_at": "17-01-2018_19-40-21-208000",
                    "name": "Members",
                    "colour": 0,
                    "permissions": 104187968
                },
                "403266269220175892": {
                    "position": 16,
                    "created_at": "17-01-2018_19-16-10-907000",
                    "name": "Mythical Ones",
                    "colour": 1033914,
                    "permissions": 262208
                },
                "404068252361162759": {
                    "position": 17,
                    "created_at": "20-01-2018_00-22-58-588000",
                    "name": "Under Where?",
                    "colour": 0,
                    "permissions": 0
                },
                "430760351248809986": {
                    "position": 10,
                    "created_at": "03-04-2018_16-07-50-878000",
                    "name": "Current Iteration",
                    "colour": 0,
                    "permissions": 0
                },
                "178667818152230912": {
                    "position": 0,
                    "created_at": "08-05-2016_00-42-07-335000",
                    "name": "@everyone",
                    "colour": 0,
                    "permissions": 0
                },
                "469889632117456896": {
                    "position": 24,
                    "created_at": "20-07-2018_15-33-38-424000",
                    "name": "Head of Events",
                    "colour": 16713728,
                    "permissions": 0
                },
                "363695886297071626": {
                    "position": 23,
                    "created_at": "30-09-2017_14-37-36-436000",
                    "name": "Event Managers",
                    "colour": 14747399,
                    "permissions": 541200384
                },
                "469889716435812353": {
                    "position": 31,
                    "created_at": "20-07-2018_15-33-58-527000",
                    "name": "High Council",
                    "colour": 0,
                    "permissions": 8
                },
                "373129696960970762": {
                    "position": 19,
                    "created_at": "26-10-2017_15-24-12-170000",
                    "name": "Staff",
                    "colour": 16711680,
                    "permissions": 0
                }
            }
        },
        "current": {
            "403266285313589250": {
                "position": 9,
                "created_at": "17-01-2018_19-16-14-744000",
                "name": "Abandoned Ones",
                "colour": 16777215,
                "permissions": 0
            },
            "363695886297071626": {
                "position": 20,
                "created_at": "30-09-2017_14-37-36-436000",
                "name": "Event Managers",
                "colour": 14747399,
                "permissions": 541200384
            },
            "404068252361162759": {
                "position": 4,
                "created_at": "20-01-2018_00-22-58-588000",
                "name": "Under Where?",
                "colour": 0,
                "permissions": 0
            },
            "430760351248809986": {
                "position": 7,
                "created_at": "03-04-2018_16-07-50-878000",
                "name": "Current Iteration",
                "colour": 0,
                "permissions": 0
            },
            "178667818152230912": {
                "position": 0,
                "created_at": "08-05-2016_00-42-07-335000",
                "name": "@everyone",
                "colour": 0,
                "permissions": 0
            },
            "403272352223461387": {
                "position": 8,
                "created_at": "17-01-2018_19-40-21-208000",
                "name": "Members",
                "colour": 0,
                "permissions": 104187968
            },
            "469889632117456896": {
                "position": 21,
                "created_at": "20-07-2018_15-33-38-424000",
                "name": "Head of Events",
                "colour": 16713728,
                "permissions": 0
            },
            "469889716435812353": {
                "position": 28,
                "created_at": "20-07-2018_15-33-58-527000",
                "name": "High Council",
                "colour": 0,
                "permissions": 8
            },
            "373129696960970762": {
                "position": 16,
                "created_at": "26-10-2017_15-24-12-170000",
                "name": "Staff",
                "colour": 16711680,
                "permissions": 0
            }
        }
    },
    "created_at": "23-01-2016_15-55-43-971000",
    "id": "140484622034272256",
    "discriminator": {
        "previous": {},
        "current": "1042"
    },
    "status": {
        "previous": {
            "05-12-2018_16-27-33-714312": "online",
            "16-12-2018_21-52-39-901037": "idle",
            "11-12-2018_09-13-26-392726": "online",
            "10-01-2019_00-18-24-072293": "online",
            "06-12-2018_17-01-29-984225": "online",
            "07-12-2018_19-07-03-633575": "online",
            "10-12-2018_16-02-31-496869": "idle",
            "11-01-2019_23-54-44-166805": "idle",
            "11-01-2019_22-45-11-058689": "idle",
            "06-12-2018_16-49-44-878444": "offline",
            "07-12-2018_09-02-35-892853": "online",
            "10-01-2019_03-36-57-747790": "online",
            "11-01-2019_23-09-28-971572": "idle",
            "06-12-2018_19-01-41-672098": "idle",
            "08-12-2018_15-44-11-058097": "online",
            "07-12-2018_07-42-43-243407": "online",
            "06-12-2018_17-09-51-137367": "idle",
            "17-12-2018_08-19-13-303562": "online",
            "06-12-2018_01-05-49-556858": "online",
            "12-01-2019_01-16-58-662867": "online",
            "06-12-2018_00-25-10-559318": "idle",
            "16-12-2018_22-46-26-221531": "idle",
            "05-12-2018_23-34-35-600797": "online",
            "12-12-2018_11-49-23-541900": "offline"
        },
        "current": "offline"
    },
    "display_name": {
        "previous": {
            "11-01-2019_22-45-11-058689": "such an emo. I need a haircut",
            "10-01-2019_00-18-24-072293": "35,555, Such an emo'tho",
            "10-12-2018_16-02-31-496869": "Double-Ended Dildomon"
        },
        "current": "35,595"
    },
    "activity": {
        "2019": {
            "1": {
                "10": {
                    "0": {
                        "403084854243098634": 1
                    },
                    "1": {
                        "403084655550791682": 2
                    }
                }
            }
        }
    },
    "voice": {
        "previous": {
            "16-12-2018_21-52-39-901037": {
                "self_deaf": false,
                "self_mute": false,
                "server_mute": false,
                "server_deaf": false,
                "is_afk": false,
                "channel": {
                    "name": "Event Staff",
                    "id": "404217202737283072",
                    "private": false
                }
            },
            "10-01-2019_00-18-24-072293": {
                "self_deaf": false,
                "self_mute": false,
                "server_mute": false,
                "server_deaf": false,
                "is_afk": false,
                "channel": {
                    "name": "simply-yeet",
                    "id": "523902470724911105",
                    "private": false
                }
            }
        },
        "current": {
            "self_deaf": false,
            "self_mute": false,
            "server_mute": false,
            "server_deaf": false,
            "is_afk": false,
            "channel": {
                "name": null,
                "id": null,
                "private": null
            }
        }
    },
    "colour": {
        "previous": {},
        "current": 16713728
    }
}