{
    "bans": {
        "previous": {},
        "current": "not banned"
    },
    "cookies": {
        "current_cookies": 0,
        "active_epochs": 0,
        "give": {
            "average": 0.0,
            "total_cookies": 0
        },
        "total_cookies": 0,
        "cookie_interest": 0,
        "active_this_epoch": false,
        "get": {
            "average": 0.0,
            "total_cookies": 0
        },
        "cookies_in_jar": 0,
        "measured_epochs": 8,
        "cookie_transfer_quota": 0
    },
    "name": {
        "previous": {},
        "current": "Rikolan"
    },
    "created_at": "17-02-2016_18-25-57-391000",
    "game": {
        "previous": {},
        "current": {
            "url": null,
            "name": null,
            "type": null
        }
    },
    "joined_at": {
        "previous": {},
        "current": "17-01-2018_09-51-30-747000"
    },
    "roles": {
        "previous": {
            "07-12-2018_07-51-11-182069": {
                "401845161266642944": {
                    "position": 20,
                    "created_at": "13-01-2018_21-09-12-368000",
                    "name": "Media Creators",
                    "colour": 7962319,
                    "permissions": 0
                },
                "403266269220175892": {
                    "position": 15,
                    "created_at": "17-01-2018_19-16-10-907000",
                    "name": "Mythical Ones",
                    "colour": 1033914,
                    "permissions": 262208
                },
                "430760351248809986": {
                    "position": 9,
                    "created_at": "03-04-2018_16-07-50-878000",
                    "name": "Current Iteration",
                    "colour": 0,
                    "permissions": 0
                },
                "178667818152230912": {
                    "position": 0,
                    "created_at": "08-05-2016_00-42-07-335000",
                    "name": "@everyone",
                    "colour": 0,
                    "permissions": 0
                },
                "403272352223461387": {
                    "position": 11,
                    "created_at": "17-01-2018_19-40-21-208000",
                    "name": "Members",
                    "colour": 0,
                    "permissions": 104187968
                },
                "469889716435812353": {
                    "position": 30,
                    "created_at": "20-07-2018_15-33-58-527000",
                    "name": "High Council",
                    "colour": 0,
                    "permissions": 8
                },
                "373129696960970762": {
                    "position": 18,
                    "created_at": "26-10-2017_15-24-12-170000",
                    "name": "Staff",
                    "colour": 16711680,
                    "permissions": 0
                },
                "469889439775326208": {
                    "position": 25,
                    "created_at": "20-07-2018_15-32-52-566000",
                    "name": "Head of Media",
                    "colour": 16741437,
                    "permissions": 0
                }
            },
            "07-12-2018_09-02-35-892853": {
                "401845161266642944": {
                    "position": 20,
                    "created_at": "13-01-2018_21-09-12-368000",
                    "name": "Media Creators",
                    "colour": 7962319,
                    "permissions": 0
                },
                "403266285313589250": {
                    "position": 12,
                    "created_at": "17-01-2018_19-16-14-744000",
                    "name": "Abandoned Ones",
                    "colour": 16777215,
                    "permissions": 0
                },
                "430760351248809986": {
                    "position": 9,
                    "created_at": "03-04-2018_16-07-50-878000",
                    "name": "Current Iteration",
                    "colour": 0,
                    "permissions": 0
                },
                "178667818152230912": {
                    "position": 0,
                    "created_at": "08-05-2016_00-42-07-335000",
                    "name": "@everyone",
                    "colour": 0,
                    "permissions": 0
                },
                "403272352223461387": {
                    "position": 11,
                    "created_at": "17-01-2018_19-40-21-208000",
                    "name": "Members",
                    "colour": 0,
                    "permissions": 104187968
                },
                "469889716435812353": {
                    "position": 30,
                    "created_at": "20-07-2018_15-33-58-527000",
                    "name": "High Council",
                    "colour": 0,
                    "permissions": 8
                },
                "373129696960970762": {
                    "position": 18,
                    "created_at": "26-10-2017_15-24-12-170000",
                    "name": "Staff",
                    "colour": 16711680,
                    "permissions": 0
                },
                "469889439775326208": {
                    "position": 25,
                    "created_at": "20-07-2018_15-32-52-566000",
                    "name": "Head of Media",
                    "colour": 16741437,
                    "permissions": 0
                }
            },
            "16-12-2018_21-52-39-901037": {
                "401845161266642944": {
                    "position": 20,
                    "created_at": "13-01-2018_21-09-12-368000",
                    "name": "Media Creators",
                    "colour": 7962319,
                    "permissions": 0
                },
                "403266285313589250": {
                    "position": 11,
                    "created_at": "17-01-2018_19-16-14-744000",
                    "name": "Abandoned Ones",
                    "colour": 16777215,
                    "permissions": 0
                },
                "430760351248809986": {
                    "position": 9,
                    "created_at": "03-04-2018_16-07-50-878000",
                    "name": "Current Iteration",
                    "colour": 0,
                    "permissions": 0
                },
                "178667818152230912": {
                    "position": 0,
                    "created_at": "08-05-2016_00-42-07-335000",
                    "name": "@everyone",
                    "colour": 0,
                    "permissions": 0
                },
                "403272352223461387": {
                    "position": 10,
                    "created_at": "17-01-2018_19-40-21-208000",
                    "name": "Members",
                    "colour": 0,
                    "permissions": 104187968
                },
                "469889716435812353": {
                    "position": 30,
                    "created_at": "20-07-2018_15-33-58-527000",
                    "name": "High Council",
                    "colour": 0,
                    "permissions": 8
                },
                "373129696960970762": {
                    "position": 18,
                    "created_at": "26-10-2017_15-24-12-170000",
                    "name": "Staff",
                    "colour": 16711680,
                    "permissions": 0
                },
                "469889439775326208": {
                    "position": 25,
                    "created_at": "20-07-2018_15-32-52-566000",
                    "name": "Head of Media",
                    "colour": 16741437,
                    "permissions": 0
                }
            },
            "10-01-2019_00-18-24-072293": {
                "401845161266642944": {
                    "position": 16,
                    "created_at": "13-01-2018_21-09-12-368000",
                    "name": "Media Creators",
                    "colour": 7962319,
                    "permissions": 0
                },
                "403266285313589250": {
                    "position": 8,
                    "created_at": "17-01-2018_19-16-14-744000",
                    "name": "Abandoned Ones",
                    "colour": 16777215,
                    "permissions": 0
                },
                "430760351248809986": {
                    "position": 6,
                    "created_at": "03-04-2018_16-07-50-878000",
                    "name": "Current Iteration",
                    "colour": 0,
                    "permissions": 0
                },
                "178667818152230912": {
                    "position": 0,
                    "created_at": "08-05-2016_00-42-07-335000",
                    "name": "@everyone",
                    "colour": 0,
                    "permissions": 0
                },
                "403272352223461387": {
                    "position": 7,
                    "created_at": "17-01-2018_19-40-21-208000",
                    "name": "Members",
                    "colour": 0,
                    "permissions": 104187968
                },
                "469889716435812353": {
                    "position": 26,
                    "created_at": "20-07-2018_15-33-58-527000",
                    "name": "High Council",
                    "colour": 0,
                    "permissions": 8
                },
                "373129696960970762": {
                    "position": 14,
                    "created_at": "26-10-2017_15-24-12-170000",
                    "name": "Staff",
                    "colour": 16711680,
                    "permissions": 0
                },
                "469889439775326208": {
                    "position": 21,
                    "created_at": "20-07-2018_15-32-52-566000",
                    "name": "Head of Media",
                    "colour": 16741437,
                    "permissions": 0
                }
            },
            "06-12-2018_01-05-49-556858": {
                "401845161266642944": {
                    "position": 21,
                    "created_at": "13-01-2018_21-09-12-368000",
                    "name": "Media Creators",
                    "colour": 7962319,
                    "permissions": 0
                },
                "403266269220175892": {
                    "position": 16,
                    "created_at": "17-01-2018_19-16-10-907000",
                    "name": "Mythical Ones",
                    "colour": 1033914,
                    "permissions": 262208
                },
                "430760351248809986": {
                    "position": 10,
                    "created_at": "03-04-2018_16-07-50-878000",
                    "name": "Current Iteration",
                    "colour": 0,
                    "permissions": 0
                },
                "178667818152230912": {
                    "position": 0,
                    "created_at": "08-05-2016_00-42-07-335000",
                    "name": "@everyone",
                    "colour": 0,
                    "permissions": 0
                },
                "403272352223461387": {
                    "position": 12,
                    "created_at": "17-01-2018_19-40-21-208000",
                    "name": "Members",
                    "colour": 0,
                    "permissions": 104187968
                },
                "469889716435812353": {
                    "position": 31,
                    "created_at": "20-07-2018_15-33-58-527000",
                    "name": "High Council",
                    "colour": 0,
                    "permissions": 8
                },
                "373129696960970762": {
                    "position": 19,
                    "created_at": "26-10-2017_15-24-12-170000",
                    "name": "Staff",
                    "colour": 16711680,
                    "permissions": 0
                },
                "469889439775326208": {
                    "position": 26,
                    "created_at": "20-07-2018_15-32-52-566000",
                    "name": "Head of Media",
                    "colour": 16741437,
                    "permissions": 0
                }
            }
        },
        "current": {
            "401845161266642944": {
                "position": 18,
                "created_at": "13-01-2018_21-09-12-368000",
                "name": "Media Creators",
                "colour": 7962319,
                "permissions": 0
            },
            "403266285313589250": {
                "position": 9,
                "created_at": "17-01-2018_19-16-14-744000",
                "name": "Abandoned Ones",
                "colour": 16777215,
                "permissions": 0
            },
            "430760351248809986": {
                "position": 7,
                "created_at": "03-04-2018_16-07-50-878000",
                "name": "Current Iteration",
                "colour": 0,
                "permissions": 0
            },
            "178667818152230912": {
                "position": 0,
                "created_at": "08-05-2016_00-42-07-335000",
                "name": "@everyone",
                "colour": 0,
                "permissions": 0
            },
            "403272352223461387": {
                "position": 8,
                "created_at": "17-01-2018_19-40-21-208000",
                "name": "Members",
                "colour": 0,
                "permissions": 104187968
            },
            "469889716435812353": {
                "position": 28,
                "created_at": "20-07-2018_15-33-58-527000",
                "name": "High Council",
                "colour": 0,
                "permissions": 8
            },
            "373129696960970762": {
                "position": 16,
                "created_at": "26-10-2017_15-24-12-170000",
                "name": "Staff",
                "colour": 16711680,
                "permissions": 0
            },
            "469889439775326208": {
                "position": 23,
                "created_at": "20-07-2018_15-32-52-566000",
                "name": "Head of Media",
                "colour": 16741437,
                "permissions": 0
            }
        }
    },
    "bot": false,
    "id": "149582123697831937",
    "discriminator": {
        "previous": {},
        "current": "7658"
    },
    "status": {
        "previous": {
            "17-12-2018_08-19-13-303562": "online",
            "06-12-2018_01-05-49-556858": "online",
            "17-12-2018_00-07-55-794219": "offline",
            "16-12-2018_21-52-39-901037": "offline",
            "10-12-2018_16-02-31-496869": "online",
            "12-01-2019_01-16-58-662867": "online",
            "16-12-2018_22-46-26-221531": "offline",
            "05-12-2018_15-43-55-700669": "online",
            "05-12-2018_16-27-33-714312": "online"
        },
        "current": "offline"
    },
    "display_name": {
        "previous": {},
        "current": "Rikolan"
    },
    "colour": {
        "previous": {},
        "current": 16741437
    },
    "activity": {
        "2018": {
            "12": {
                "5": {
                    "21": {
                        "403086550851911681": 4
                    }
                },
                "16": {
                    "22": {
                        "523913649182605330": 1
                    },
                    "23": {
                        "523913649182605330": 2,
                        "403084790401728512": 1
                    }
                },
                "10": {
                    "17": {
                        "403084655550791682": 1
                    },
                    "19": {
                        "403084790401728512": 1
                    }
                },
                "17": {
                    "0": {
                        "403084790401728512": 1
                    }
                }
            }
        }
    },
    "voice": {
        "previous": {
            "16-12-2018_22-46-26-221531": {
                "self_deaf": false,
                "self_mute": false,
                "server_mute": false,
                "server_deaf": false,
                "is_afk": false,
                "channel": {
                    "name": null,
                    "id": null,
                    "private": null
                }
            },
            "17-12-2018_08-19-13-303562": {
                "self_deaf": false,
                "self_mute": false,
                "server_mute": false,
                "server_deaf": false,
                "is_afk": false,
                "channel": {
                    "name": "General",
                    "id": "403283673647939595",
                    "private": false
                }
            },
            "17-12-2018_00-07-55-794219": {
                "self_deaf": false,
                "self_mute": false,
                "server_mute": false,
                "server_deaf": false,
                "is_afk": false,
                "channel": {
                    "name": null,
                    "id": null,
                    "private": null
                }
            },
            "16-12-2018_21-52-39-901037": {
                "self_deaf": false,
                "self_mute": false,
                "server_mute": false,
                "server_deaf": false,
                "is_afk": false,
                "channel": {
                    "name": null,
                    "id": null,
                    "private": null
                }
            }
        },
        "current": {
            "self_deaf": false,
            "self_mute": false,
            "server_mute": false,
            "server_deaf": false,
            "is_afk": false,
            "channel": {
                "name": null,
                "id": null,
                "private": null
            }
        }
    }
}