{
    "bans": {
        "previous": {},
        "current": "not banned"
    },
    "cookies": {
        "current_cookies": 0,
        "active_epochs": 0,
        "give": {
            "average": 0.0,
            "total_cookies": 0
        },
        "total_cookies": 0,
        "cookie_interest": 0,
        "active_this_epoch": false,
        "get": {
            "average": 0.0,
            "total_cookies": 0
        },
        "cookies_in_jar": 0,
        "measured_epochs": 8,
        "cookie_transfer_quota": 0
    },
    "name": {
        "previous": {},
        "current": "Miki"
    },
    "created_at": "17-03-2016_19-24-03-647000",
    "game": {
        "previous": {},
        "current": {
            "url": null,
            "name": null,
            "type": null
        }
    },
    "joined_at": {
        "previous": {
            "10-01-2019_00-18-24-072293": "26-01-2018_22-00-23-635313"
        },
        "current": "06-01-2019_19-12-40-705620"
    },
    "roles": {
        "previous": {
            "07-12-2018_09-02-35-892853": {
                "406569085380329472": {
                    "position": 5,
                    "created_at": "26-01-2018_22-00-23-643000",
                    "name": "Miki",
                    "colour": 0,
                    "permissions": 3405888
                },
                "403266285313589250": {
                    "position": 12,
                    "created_at": "17-01-2018_19-16-14-744000",
                    "name": "Abandoned Ones",
                    "colour": 16777215,
                    "permissions": 0
                },
                "178667818152230912": {
                    "position": 0,
                    "created_at": "08-05-2016_00-42-07-335000",
                    "name": "@everyone",
                    "colour": 0,
                    "permissions": 0
                },
                "403239438802485259": {
                    "position": 10,
                    "created_at": "17-01-2018_17-29-34-037000",
                    "name": "Bots",
                    "colour": 7506394,
                    "permissions": 7168
                }
            },
            "06-12-2018_01-05-49-556858": {
                "406569085380329472": {
                    "position": 6,
                    "created_at": "26-01-2018_22-00-23-643000",
                    "name": "Miki",
                    "colour": 0,
                    "permissions": 3405888
                },
                "178667818152230912": {
                    "position": 0,
                    "created_at": "08-05-2016_00-42-07-335000",
                    "name": "@everyone",
                    "colour": 0,
                    "permissions": 0
                },
                "403239438802485259": {
                    "position": 11,
                    "created_at": "17-01-2018_17-29-34-037000",
                    "name": "Bots",
                    "colour": 7506394,
                    "permissions": 7168
                }
            },
            "16-12-2018_21-52-39-901037": {
                "406569085380329472": {
                    "position": 5,
                    "created_at": "26-01-2018_22-00-23-643000",
                    "name": "Miki",
                    "colour": 0,
                    "permissions": 3405888
                },
                "403266285313589250": {
                    "position": 11,
                    "created_at": "17-01-2018_19-16-14-744000",
                    "name": "Abandoned Ones",
                    "colour": 16777215,
                    "permissions": 0
                },
                "178667818152230912": {
                    "position": 0,
                    "created_at": "08-05-2016_00-42-07-335000",
                    "name": "@everyone",
                    "colour": 0,
                    "permissions": 0
                },
                "403239438802485259": {
                    "position": 12,
                    "created_at": "17-01-2018_17-29-34-037000",
                    "name": "Bots",
                    "colour": 7506394,
                    "permissions": 7168
                }
            },
            "10-01-2019_00-18-24-072293": {
                "406569085380329472": {
                    "position": 4,
                    "created_at": "26-01-2018_22-00-23-643000",
                    "name": "Miki",
                    "colour": 0,
                    "permissions": 3405888
                },
                "403266285313589250": {
                    "position": 8,
                    "created_at": "17-01-2018_19-16-14-744000",
                    "name": "Abandoned Ones",
                    "colour": 16777215,
                    "permissions": 0
                },
                "178667818152230912": {
                    "position": 0,
                    "created_at": "08-05-2016_00-42-07-335000",
                    "name": "@everyone",
                    "colour": 0,
                    "permissions": 0
                },
                "403239438802485259": {
                    "position": 9,
                    "created_at": "17-01-2018_17-29-34-037000",
                    "name": "Bots",
                    "colour": 7506394,
                    "permissions": 7168
                }
            }
        },
        "current": {
            "403266285313589250": {
                "position": 9,
                "created_at": "17-01-2018_19-16-14-744000",
                "name": "Abandoned Ones",
                "colour": 16777215,
                "permissions": 0
            },
            "178667818152230912": {
                "position": 0,
                "created_at": "08-05-2016_00-42-07-335000",
                "name": "@everyone",
                "colour": 0,
                "permissions": 0
            },
            "403239438802485259": {
                "position": 10,
                "created_at": "17-01-2018_17-29-34-037000",
                "name": "Bots",
                "colour": 13079310,
                "permissions": 0
            },
            "531560461058179072": {
                "position": 2,
                "created_at": "06-01-2019_19-51-29-832000",
                "name": "Miki",
                "colour": 1752220,
                "permissions": 49152
            },
            "523917597138354193": {
                "position": 3,
                "created_at": "16-12-2018_17-41-29-076000",
                "name": "Yeeters",
                "colour": 16714995,
                "permissions": 0
            }
        }
    },
    "bot": true,
    "id": "160105994217586689",
    "discriminator": {
        "previous": {},
        "current": "6045"
    },
    "status": {
        "previous": {
            "17-12-2018_08-19-13-303562": "offline",
            "10-01-2019_03-36-57-747790": "offline",
            "06-12-2018_14-21-28-866312": "online",
            "06-12-2018_19-01-41-672098": "offline",
            "06-12-2018_01-05-49-556858": "offline",
            "08-12-2018_15-44-11-058097": "offline",
            "06-12-2018_14-35-48-128249": "offline",
            "07-12-2018_19-07-03-633575": "offline"
        },
        "current": "online"
    },
    "display_name": {
        "previous": {},
        "current": "Miki"
    },
    "colour": {
        "previous": {
            "07-12-2018_09-02-35-892853": 7506394,
            "10-01-2019_00-18-24-072293": 7506394,
            "07-12-2018_19-07-03-633575": 16777215
        },
        "current": 13079310
    },
    "activity": {},
    "voice": {
        "previous": {},
        "current": {
            "self_deaf": false,
            "self_mute": false,
            "server_mute": false,
            "server_deaf": false,
            "is_afk": false,
            "channel": {
                "name": null,
                "id": null,
                "private": null
            }
        }
    }
}