{
    "bans": {
        "previous": {},
        "current": "not banned"
    },
    "cookies": {
        "current_cookies": 0,
        "active_epochs": 0,
        "give": {
            "average": 0.0,
            "total_cookies": 0
        },
        "cookie_transfer_quota": 0,
        "cookie_interest": 0,
        "active_this_epoch": false,
        "get": {
            "average": 0.0,
            "total_cookies": 0
        },
        "cookies_in_jar": 0,
        "measured_epochs": 8,
        "total_cookies": 0
    },
    "name": {
        "previous": {},
        "current": "Zepher Aerlera"
    },
    "bot": false,
    "game": {
        "previous": {
            "05-12-2018_16-27-33-714312": {
                "url": null,
                "name": null,
                "type": null
            },
            "05-12-2018_23-34-35-600797": {
                "url": null,
                "name": "Slay the Spire",
                "type": 0
            },
            "06-12-2018_00-13-14-276644": {
                "url": null,
                "name": null,
                "type": null
            },
            "06-12-2018_01-05-49-556858": {
                "url": null,
                "name": "Slay the Spire",
                "type": 0
            }
        },
        "current": {
            "url": null,
            "name": null,
            "type": null
        }
    },
    "joined_at": {
        "previous": {},
        "current": "26-01-2018_19-20-43-310632"
    },
    "roles": {
        "previous": {
            "07-12-2018_09-02-35-892853": {
                "430760351248809986": {
                    "position": 9,
                    "created_at": "03-04-2018_16-07-50-878000",
                    "name": "Current Iteration",
                    "colour": 0,
                    "permissions": 0
                },
                "178667818152230912": {
                    "position": 0,
                    "created_at": "08-05-2016_00-42-07-335000",
                    "name": "@everyone",
                    "colour": 0,
                    "permissions": 0
                },
                "403266285313589250": {
                    "position": 12,
                    "created_at": "17-01-2018_19-16-14-744000",
                    "name": "Abandoned Ones",
                    "colour": 16777215,
                    "permissions": 0
                },
                "403272352223461387": {
                    "position": 11,
                    "created_at": "17-01-2018_19-40-21-208000",
                    "name": "Members",
                    "colour": 0,
                    "permissions": 104187968
                }
            },
            "06-12-2018_01-05-49-556858": {
                "430760351248809986": {
                    "position": 10,
                    "created_at": "03-04-2018_16-07-50-878000",
                    "name": "Current Iteration",
                    "colour": 0,
                    "permissions": 0
                },
                "178667818152230912": {
                    "position": 0,
                    "created_at": "08-05-2016_00-42-07-335000",
                    "name": "@everyone",
                    "colour": 0,
                    "permissions": 0
                },
                "403266285313589250": {
                    "position": 13,
                    "created_at": "17-01-2018_19-16-14-744000",
                    "name": "Abandoned Ones",
                    "colour": 16777215,
                    "permissions": 0
                },
                "403272352223461387": {
                    "position": 12,
                    "created_at": "17-01-2018_19-40-21-208000",
                    "name": "Members",
                    "colour": 0,
                    "permissions": 104187968
                }
            },
            "16-12-2018_21-52-39-901037": {
                "430760351248809986": {
                    "position": 9,
                    "created_at": "03-04-2018_16-07-50-878000",
                    "name": "Current Iteration",
                    "colour": 0,
                    "permissions": 0
                },
                "178667818152230912": {
                    "position": 0,
                    "created_at": "08-05-2016_00-42-07-335000",
                    "name": "@everyone",
                    "colour": 0,
                    "permissions": 0
                },
                "403266285313589250": {
                    "position": 11,
                    "created_at": "17-01-2018_19-16-14-744000",
                    "name": "Abandoned Ones",
                    "colour": 16777215,
                    "permissions": 0
                },
                "403272352223461387": {
                    "position": 10,
                    "created_at": "17-01-2018_19-40-21-208000",
                    "name": "Members",
                    "colour": 0,
                    "permissions": 104187968
                }
            },
            "10-01-2019_00-18-24-072293": {
                "430760351248809986": {
                    "position": 6,
                    "created_at": "03-04-2018_16-07-50-878000",
                    "name": "Current Iteration",
                    "colour": 0,
                    "permissions": 0
                },
                "178667818152230912": {
                    "position": 0,
                    "created_at": "08-05-2016_00-42-07-335000",
                    "name": "@everyone",
                    "colour": 0,
                    "permissions": 0
                },
                "403266285313589250": {
                    "position": 8,
                    "created_at": "17-01-2018_19-16-14-744000",
                    "name": "Abandoned Ones",
                    "colour": 16777215,
                    "permissions": 0
                },
                "403272352223461387": {
                    "position": 7,
                    "created_at": "17-01-2018_19-40-21-208000",
                    "name": "Members",
                    "colour": 0,
                    "permissions": 104187968
                }
            }
        },
        "current": {
            "430760351248809986": {
                "position": 7,
                "created_at": "03-04-2018_16-07-50-878000",
                "name": "Current Iteration",
                "colour": 0,
                "permissions": 0
            },
            "178667818152230912": {
                "position": 0,
                "created_at": "08-05-2016_00-42-07-335000",
                "name": "@everyone",
                "colour": 0,
                "permissions": 0
            },
            "403266285313589250": {
                "position": 9,
                "created_at": "17-01-2018_19-16-14-744000",
                "name": "Abandoned Ones",
                "colour": 16777215,
                "permissions": 0
            },
            "403272352223461387": {
                "position": 8,
                "created_at": "17-01-2018_19-40-21-208000",
                "name": "Members",
                "colour": 0,
                "permissions": 104187968
            }
        }
    },
    "created_at": "23-04-2017_20-09-38-484000",
    "id": "305797386926817281",
    "discriminator": {
        "previous": {},
        "current": "1364"
    },
    "status": {
        "previous": {
            "05-12-2018_16-27-33-714312": "offline",
            "17-12-2018_08-19-13-303562": "online",
            "16-12-2018_21-52-39-901037": "online",
            "06-12-2018_16-38-45-836018": "online",
            "10-01-2019_03-33-44-007928": "idle",
            "08-12-2018_15-44-11-058097": "online",
            "11-01-2019_23-54-44-166805": "idle",
            "10-01-2019_00-18-24-072293": "online",
            "06-12-2018_16-49-44-878444": "idle",
            "06-12-2018_00-13-14-276644": "offline",
            "06-12-2018_17-09-51-137367": "online",
            "06-12-2018_15-40-12-725739": "idle",
            "06-12-2018_01-05-49-556858": "online",
            "06-12-2018_15-16-54-897558": "idle",
            "10-12-2018_16-02-31-496869": "online",
            "12-01-2019_01-16-58-662867": "online",
            "16-12-2018_22-46-26-221531": "idle",
            "06-12-2018_19-01-41-672098": "online",
            "06-12-2018_00-14-36-874566": "idle",
            "05-12-2018_23-34-35-600797": "online",
            "06-12-2018_17-02-08-075871": "online"
        },
        "current": "offline"
    },
    "display_name": {
        "previous": {},
        "current": "Zepher Aerlera"
    },
    "activity": {},
    "voice": {
        "previous": {},
        "current": {
            "self_deaf": false,
            "self_mute": false,
            "server_mute": false,
            "server_deaf": false,
            "is_afk": false,
            "channel": {
                "name": null,
                "id": null,
                "private": null
            }
        }
    },
    "colour": {
        "previous": {},
        "current": 16777215
    }
}