{
    "bans": {
        "previous": {},
        "current": "not banned"
    },
    "cookies": {
        "current_cookies": 0,
        "active_epochs": 0,
        "give": {
            "average": 0,
            "total_cookies": 0
        },
        "get": {
            "average": 0,
            "total_cookies": 0
        },
        "cookie_interest": 0,
        "active_this_epoch": false,
        "cookie_transfer_quota": 0,
        "cookies_in_jar": 0,
        "measured_epochs": 0,
        "total_cookies": 0
    },
    "name": {
        "previous": {},
        "current": "KDBot"
    },
    "bot": true,
    "game": {
        "previous": {
            "10-01-2019_03-36-57-747790": {
                "url": null,
                "name": "1719 servers | say 'help",
                "type": 0
            },
            "12-01-2019_01-16-58-662867": {
                "url": null,
                "name": "1800 servers | say 'help",
                "type": 0
            },
            "10-01-2019_03-33-44-007928": {
                "url": null,
                "name": "1680 servers | say 'help",
                "type": 0
            },
            "11-01-2019_23-54-44-166805": {
                "url": null,
                "name": "1766 servers | say 'help",
                "type": 0
            },
            "11-01-2019_22-45-11-058689": {
                "url": null,
                "name": "1761 servers | say 'help",
                "type": 0
            },
            "10-01-2019_00-18-24-072293": {
                "url": null,
                "name": "1679 servers | say 'help",
                "type": 0
            }
        },
        "current": {
            "url": null,
            "name": "1799 servers | say 'help",
            "type": 0
        }
    },
    "joined_at": {
        "previous": {},
        "current": "10-01-2019_00-04-46-582610"
    },
    "roles": {
        "previous": {
            "10-01-2019_00-18-24-072293": {
                "178667818152230912": {
                    "position": 0,
                    "created_at": "08-05-2016_00-42-07-335000",
                    "name": "@everyone",
                    "colour": 0,
                    "permissions": 0
                },
                "403266285313589250": {
                    "position": 9,
                    "created_at": "17-01-2018_19-16-14-744000",
                    "name": "Abandoned Ones",
                    "colour": 16777215,
                    "permissions": 0
                },
                "403272352223461387": {
                    "position": 8,
                    "created_at": "17-01-2018_19-40-21-208000",
                    "name": "Members",
                    "colour": 0,
                    "permissions": 104187968
                }
            }
        },
        "current": {
            "403239438802485259": {
                "position": 10,
                "created_at": "17-01-2018_17-29-34-037000",
                "name": "Bots",
                "colour": 13079310,
                "permissions": 0
            },
            "178667818152230912": {
                "position": 0,
                "created_at": "08-05-2016_00-42-07-335000",
                "name": "@everyone",
                "colour": 0,
                "permissions": 0
            },
            "403266285313589250": {
                "position": 9,
                "created_at": "17-01-2018_19-16-14-744000",
                "name": "Abandoned Ones",
                "colour": 16777215,
                "permissions": 0
            },
            "403272352223461387": {
                "position": 8,
                "created_at": "17-01-2018_19-40-21-208000",
                "name": "Members",
                "colour": 0,
                "permissions": 104187968
            }
        }
    },
    "created_at": "18-02-2018_23-25-05-990000",
    "id": "414925323197612032",
    "discriminator": {
        "previous": {},
        "current": "9735"
    },
    "status": {
        "previous": {
            "10-01-2019_00-18-24-072293": "offline",
            "12-01-2019_01-16-58-662867": "offline"
        },
        "current": "online"
    },
    "display_name": {
        "previous": {},
        "current": "KDBot"
    },
    "activity": {
        "2019": {
            "1": {
                "10": {
                    "2": {
                        "523913649182605330": 4
                    }
                },
                "12": {
                    "0": {
                        "532712820454719492": 1
                    }
                }
            }
        }
    },
    "voice": {
        "previous": {
            "11-01-2019_23-54-44-166805": {
                "self_deaf": false,
                "self_mute": false,
                "server_mute": false,
                "server_deaf": false,
                "is_afk": false,
                "channel": {
                    "name": "simply-yeet",
                    "id": "523902470724911105",
                    "private": false
                }
            },
            "10-01-2019_00-18-24-072293": {
                "self_deaf": false,
                "self_mute": false,
                "server_mute": false,
                "server_deaf": false,
                "is_afk": false,
                "channel": {
                    "name": null,
                    "id": null,
                    "private": null
                }
            },
            "10-01-2019_03-36-57-747790": {
                "self_deaf": false,
                "self_mute": false,
                "server_mute": false,
                "server_deaf": false,
                "is_afk": false,
                "channel": {
                    "name": "simply-yeet",
                    "id": "523902470724911105",
                    "private": false
                }
            }
        },
        "current": {
            "self_deaf": false,
            "self_mute": false,
            "server_mute": false,
            "server_deaf": false,
            "is_afk": false,
            "channel": {
                "name": null,
                "id": null,
                "private": null
            }
        }
    },
    "colour": {
        "previous": {
            "10-01-2019_00-18-24-072293": 16777215
        },
        "current": 13079310
    }
}