{
    "bans": {
        "previous": {},
        "current": "not banned"
    },
    "cookies": {
        "current_cookies": 0,
        "active_epochs": 0,
        "give": {
            "average": 0.0,
            "total_cookies": 0
        },
        "total_cookies": 0,
        "cookie_interest": 0,
        "active_this_epoch": false,
        "cookie_transfer_quota": 0,
        "cookies_in_jar": 0,
        "measured_epochs": 8,
        "get": {
            "average": 0.0,
            "total_cookies": 0
        }
    },
    "name": {
        "previous": {},
        "current": "Thedarkunicorn1998"
    },
    "created_at": "23-09-2018_17-03-40-919000",
    "game": {
        "previous": {
            "10-01-2019_03-36-57-747790": {
                "url": null,
                "name": null,
                "type": null
            },
            "11-01-2019_22-45-11-058689": {
                "url": null,
                "name": "Spiral Knights",
                "type": 0
            },
            "10-01-2019_00-18-24-072293": {
                "url": null,
                "name": "RuneScape",
                "type": 0
            },
            "12-01-2019_01-16-58-662867": {
                "url": null,
                "name": "Luna Online: Reborn",
                "type": 0
            }
        },
        "current": {
            "url": null,
            "name": null,
            "type": null
        }
    },
    "joined_at": {
        "previous": {},
        "current": "23-09-2018_17-08-40-603537"
    },
    "roles": {
        "previous": {
            "07-12-2018_09-02-35-892853": {
                "178667818152230912": {
                    "position": 0,
                    "created_at": "08-05-2016_00-42-07-335000",
                    "name": "@everyone",
                    "colour": 0,
                    "permissions": 0
                },
                "403266285313589250": {
                    "position": 12,
                    "created_at": "17-01-2018_19-16-14-744000",
                    "name": "Abandoned Ones",
                    "colour": 16777215,
                    "permissions": 0
                },
                "373129696960970762": {
                    "position": 18,
                    "created_at": "26-10-2017_15-24-12-170000",
                    "name": "Staff",
                    "colour": 16711680,
                    "permissions": 0
                },
                "400699163026653184": {
                    "position": 21,
                    "created_at": "10-01-2018_17-15-25-096000",
                    "name": "Community Managers",
                    "colour": 16728548,
                    "permissions": 129
                },
                "403272352223461387": {
                    "position": 11,
                    "created_at": "17-01-2018_19-40-21-208000",
                    "name": "Members",
                    "colour": 0,
                    "permissions": 104187968
                }
            },
            "11-01-2019_23-54-44-166805": {
                "403266285313589250": {
                    "position": 9,
                    "created_at": "17-01-2018_19-16-14-744000",
                    "name": "Abandoned Ones",
                    "colour": 16777215,
                    "permissions": 0
                },
                "400699163026653184": {
                    "position": 19,
                    "created_at": "10-01-2018_17-15-25-096000",
                    "name": "Community Managers",
                    "colour": 16728548,
                    "permissions": 129
                },
                "178667818152230912": {
                    "position": 0,
                    "created_at": "08-05-2016_00-42-07-335000",
                    "name": "@everyone",
                    "colour": 0,
                    "permissions": 0
                },
                "403272352223461387": {
                    "position": 8,
                    "created_at": "17-01-2018_19-40-21-208000",
                    "name": "Members",
                    "colour": 0,
                    "permissions": 104187968
                },
                "373129696960970762": {
                    "position": 16,
                    "created_at": "26-10-2017_15-24-12-170000",
                    "name": "Staff",
                    "colour": 16711680,
                    "permissions": 0
                },
                "523917597138354193": {
                    "position": 3,
                    "created_at": "16-12-2018_17-41-29-076000",
                    "name": "Yeeters",
                    "colour": 16714995,
                    "permissions": 0
                }
            },
            "16-12-2018_21-52-39-901037": {
                "178667818152230912": {
                    "position": 0,
                    "created_at": "08-05-2016_00-42-07-335000",
                    "name": "@everyone",
                    "colour": 0,
                    "permissions": 0
                },
                "403266285313589250": {
                    "position": 11,
                    "created_at": "17-01-2018_19-16-14-744000",
                    "name": "Abandoned Ones",
                    "colour": 16777215,
                    "permissions": 0
                },
                "373129696960970762": {
                    "position": 18,
                    "created_at": "26-10-2017_15-24-12-170000",
                    "name": "Staff",
                    "colour": 16711680,
                    "permissions": 0
                },
                "400699163026653184": {
                    "position": 21,
                    "created_at": "10-01-2018_17-15-25-096000",
                    "name": "Community Managers",
                    "colour": 16728548,
                    "permissions": 129
                },
                "403272352223461387": {
                    "position": 10,
                    "created_at": "17-01-2018_19-40-21-208000",
                    "name": "Members",
                    "colour": 0,
                    "permissions": 104187968
                }
            },
            "10-01-2019_00-18-24-072293": {
                "403266285313589250": {
                    "position": 8,
                    "created_at": "17-01-2018_19-16-14-744000",
                    "name": "Abandoned Ones",
                    "colour": 16777215,
                    "permissions": 0
                },
                "400699163026653184": {
                    "position": 17,
                    "created_at": "10-01-2018_17-15-25-096000",
                    "name": "Community Managers",
                    "colour": 16728548,
                    "permissions": 129
                },
                "178667818152230912": {
                    "position": 0,
                    "created_at": "08-05-2016_00-42-07-335000",
                    "name": "@everyone",
                    "colour": 0,
                    "permissions": 0
                },
                "403272352223461387": {
                    "position": 7,
                    "created_at": "17-01-2018_19-40-21-208000",
                    "name": "Members",
                    "colour": 0,
                    "permissions": 104187968
                },
                "373129696960970762": {
                    "position": 14,
                    "created_at": "26-10-2017_15-24-12-170000",
                    "name": "Staff",
                    "colour": 16711680,
                    "permissions": 0
                },
                "523917597138354193": {
                    "position": 1,
                    "created_at": "16-12-2018_17-41-29-076000",
                    "name": "Yeeters",
                    "colour": 16714995,
                    "permissions": 0
                }
            },
            "06-12-2018_01-05-49-556858": {
                "178667818152230912": {
                    "position": 0,
                    "created_at": "08-05-2016_00-42-07-335000",
                    "name": "@everyone",
                    "colour": 0,
                    "permissions": 0
                },
                "403266285313589250": {
                    "position": 13,
                    "created_at": "17-01-2018_19-16-14-744000",
                    "name": "Abandoned Ones",
                    "colour": 16777215,
                    "permissions": 0
                },
                "373129696960970762": {
                    "position": 19,
                    "created_at": "26-10-2017_15-24-12-170000",
                    "name": "Staff",
                    "colour": 16711680,
                    "permissions": 0
                },
                "400699163026653184": {
                    "position": 22,
                    "created_at": "10-01-2018_17-15-25-096000",
                    "name": "Community Managers",
                    "colour": 16728548,
                    "permissions": 129
                },
                "403272352223461387": {
                    "position": 12,
                    "created_at": "17-01-2018_19-40-21-208000",
                    "name": "Members",
                    "colour": 0,
                    "permissions": 104187968
                }
            }
        },
        "current": {
            "403266285313589250": {
                "position": 9,
                "created_at": "17-01-2018_19-16-14-744000",
                "name": "Abandoned Ones",
                "colour": 16777215,
                "permissions": 0
            },
            "400699163026653184": {
                "position": 19,
                "created_at": "10-01-2018_17-15-25-096000",
                "name": "Community Managers",
                "colour": 16728548,
                "permissions": 1073741953
            },
            "178667818152230912": {
                "position": 0,
                "created_at": "08-05-2016_00-42-07-335000",
                "name": "@everyone",
                "colour": 0,
                "permissions": 0
            },
            "403272352223461387": {
                "position": 8,
                "created_at": "17-01-2018_19-40-21-208000",
                "name": "Members",
                "colour": 0,
                "permissions": 104187968
            },
            "373129696960970762": {
                "position": 16,
                "created_at": "26-10-2017_15-24-12-170000",
                "name": "Staff",
                "colour": 16711680,
                "permissions": 0
            },
            "523917597138354193": {
                "position": 3,
                "created_at": "16-12-2018_17-41-29-076000",
                "name": "Yeeters",
                "colour": 16714995,
                "permissions": 0
            }
        }
    },
    "bot": false,
    "id": "493467503087976458",
    "discriminator": {
        "previous": {},
        "current": "6223"
    },
    "status": {
        "previous": {
            "07-12-2018_09-02-35-892853": "dnd",
            "05-12-2018_23-17-11-812802": "dnd",
            "16-12-2018_21-52-39-901037": "online",
            "06-12-2018_19-01-41-672098": "dnd",
            "10-01-2019_03-36-57-747790": "offline",
            "08-12-2018_15-44-11-058097": "dnd",
            "10-01-2019_00-18-24-072293": "offline",
            "06-12-2018_17-09-51-137367": "dnd",
            "17-12-2018_08-19-13-303562": "online",
            "05-12-2018_16-27-33-714312": "dnd",
            "12-01-2019_01-16-58-662867": "idle",
            "16-12-2018_22-46-26-221531": "offline"
        },
        "current": "online"
    },
    "display_name": {
        "previous": {
            "10-01-2019_00-18-24-072293": "Mrs Birdie Claus"
        },
        "current": "Birdie"
    },
    "colour": {
        "previous": {},
        "current": 16728548
    },
    "activity": {
        "2019": {
            "1": {
                "11": {
                    "22": {
                        "523913649182605330": 4
                    }
                },
                "10": {
                    "20": {
                        "523913649182605330": 1
                    },
                    "0": {
                        "523913649182605330": 1
                    },
                    "1": {
                        "523913649182605330": 2
                    },
                    "21": {
                        "523913649182605330": 1
                    },
                    "15": {
                        "523913649182605330": 1
                    },
                    "16": {
                        "523913649182605330": 1
                    },
                    "2": {
                        "523913649182605330": 2
                    },
                    "3": {
                        "523913649182605330": 1
                    },
                    "19": {
                        "523913649182605330": 1
                    }
                },
                "12": {
                    "2": {
                        "523913649182605330": 2
                    },
                    "1": {
                        "523913649182605330": 8
                    },
                    "3": {
                        "523913649182605330": 2
                    },
                    "0": {
                        "523913649182605330": 9
                    },
                    "16": {
                        "523913649182605330": 8
                    },
                    "17": {
                        "523913649182605330": 8
                    },
                    "19": {
                        "523913649182605330": 4
                    }
                }
            }
        },
        "2018": {
            "12": {
                "16": {
                    "22": {
                        "523913649182605330": 2
                    }
                },
                "9": {
                    "0": {
                        "403084655550791682": 1
                    }
                }
            }
        }
    },
    "voice": {
        "previous": {
            "17-12-2018_08-19-13-303562": {
                "self_deaf": false,
                "self_mute": false,
                "server_mute": false,
                "server_deaf": false,
                "is_afk": false,
                "channel": {
                    "name": "General",
                    "id": "403283673647939595",
                    "private": false
                }
            },
            "10-01-2019_03-36-57-747790": {
                "self_deaf": false,
                "self_mute": false,
                "server_mute": false,
                "server_deaf": false,
                "is_afk": false,
                "channel": {
                    "name": null,
                    "id": null,
                    "private": null
                }
            },
            "16-12-2018_21-52-39-901037": {
                "self_deaf": false,
                "self_mute": false,
                "server_mute": false,
                "server_deaf": false,
                "is_afk": false,
                "channel": {
                    "name": "General",
                    "id": "403283673647939595",
                    "private": false
                }
            },
            "12-01-2019_01-16-58-662867": {
                "self_deaf": false,
                "self_mute": false,
                "server_mute": false,
                "server_deaf": false,
                "is_afk": false,
                "channel": {
                    "name": "simply-yeet",
                    "id": "523902470724911105",
                    "private": false
                }
            },
            "16-12-2018_22-46-26-221531": {
                "self_deaf": false,
                "self_mute": true,
                "server_mute": false,
                "server_deaf": false,
                "is_afk": false,
                "channel": {
                    "name": "General",
                    "id": "403283673647939595",
                    "private": false
                }
            },
            "10-01-2019_00-18-24-072293": {
                "self_deaf": true,
                "self_mute": true,
                "server_mute": false,
                "server_deaf": false,
                "is_afk": false,
                "channel": {
                    "name": "simply-yeet",
                    "id": "523902470724911105",
                    "private": false
                }
            }
        },
        "current": {
            "self_deaf": false,
            "self_mute": false,
            "server_mute": false,
            "server_deaf": false,
            "is_afk": false,
            "channel": {
                "name": null,
                "id": null,
                "private": null
            }
        }
    }
}