{
    "name": {
        "previous": {},
        "current": "Ely"
    },
    "voice": {
        "previous": {
            "06-12-2018_19-01-41-672098": {
                "server_mute": false,
                "self_deaf": false,
                "is_afk": false,
                "server_deaf": false,
                "channel": {
                    "name": "General",
                    "private": false,
                    "id": "403283673647939595"
                },
                "self_mute": false
            }
        },
        "current": {
            "server_mute": false,
            "self_deaf": false,
            "is_afk": false,
            "server_deaf": false,
            "channel": {
                "name": null,
                "private": null,
                "id": null
            },
            "self_mute": false
        }
    },
    "cookies": {
        "measured_epochs": 1,
        "cookie_interest": 0,
        "active_epochs": 1,
        "get": {
            "total_cookies": 19,
            "average": 1.0
        },
        "cookie_transfer_quota": 18,
        "cookies_in_jar": 1,
        "current_cookies": 18,
        "give": {
            "total_cookies": 0,
            "average": 0.0
        },
        "active_this_epoch": true,
        "total_cookies": 19
    },
    "roles": {
        "previous": {
            "06-12-2018_00-55-15-699438": {
                "469889716435812353": {
                    "name": "High Council",
                    "colour": 0,
                    "position": 31,
                    "permissions": 8,
                    "created_at": "20-07-2018_15-33-58-527000"
                },
                "189416410542374912": {
                    "name": "Moderator",
                    "colour": 3447003,
                    "position": 20,
                    "permissions": 267775190,
                    "created_at": "06-06-2016_16-33-11-460000"
                },
                "324535144641986560": {
                    "name": "Head of Development",
                    "colour": 16771132,
                    "position": 28,
                    "permissions": 2116537599,
                    "created_at": "14-06-2017_13-06-48-054000"
                },
                "178667818152230912": {
                    "name": "@everyone",
                    "colour": 0,
                    "position": 0,
                    "permissions": 0,
                    "created_at": "08-05-2016_00-42-07-335000"
                },
                "403266269220175892": {
                    "name": "Mythical Ones",
                    "colour": 1033914,
                    "position": 16,
                    "permissions": 262208,
                    "created_at": "17-01-2018_19-16-10-907000"
                },
                "373129696960970762": {
                    "name": "Staff",
                    "colour": 16711680,
                    "position": 19,
                    "permissions": 0,
                    "created_at": "26-10-2017_15-24-12-170000"
                }
            },
            "07-12-2018_09-02-35-892853": {
                "189416410542374912": {
                    "name": "Moderator",
                    "colour": 3447003,
                    "position": 19,
                    "permissions": 267775190,
                    "created_at": "06-06-2016_16-33-11-460000"
                },
                "469889716435812353": {
                    "name": "High Council",
                    "colour": 0,
                    "position": 30,
                    "permissions": 8,
                    "created_at": "20-07-2018_15-33-58-527000"
                },
                "373129696960970762": {
                    "name": "Staff",
                    "colour": 16711680,
                    "position": 18,
                    "permissions": 0,
                    "created_at": "26-10-2017_15-24-12-170000"
                },
                "178667818152230912": {
                    "name": "@everyone",
                    "colour": 0,
                    "position": 0,
                    "permissions": 0,
                    "created_at": "08-05-2016_00-42-07-335000"
                },
                "324535144641986560": {
                    "name": "Head of Development",
                    "colour": 16771132,
                    "position": 27,
                    "permissions": 2116537599,
                    "created_at": "14-06-2017_13-06-48-054000"
                }
            },
            "07-12-2018_07-51-11-182069": {
                "469889716435812353": {
                    "name": "High Council",
                    "colour": 0,
                    "position": 30,
                    "permissions": 8,
                    "created_at": "20-07-2018_15-33-58-527000"
                },
                "189416410542374912": {
                    "name": "Moderator",
                    "colour": 3447003,
                    "position": 19,
                    "permissions": 267775190,
                    "created_at": "06-06-2016_16-33-11-460000"
                },
                "324535144641986560": {
                    "name": "Head of Development",
                    "colour": 16771132,
                    "position": 27,
                    "permissions": 2116537599,
                    "created_at": "14-06-2017_13-06-48-054000"
                },
                "178667818152230912": {
                    "name": "@everyone",
                    "colour": 0,
                    "position": 0,
                    "permissions": 0,
                    "created_at": "08-05-2016_00-42-07-335000"
                },
                "403266269220175892": {
                    "name": "Mythical Ones",
                    "colour": 1033914,
                    "position": 15,
                    "permissions": 262208,
                    "created_at": "17-01-2018_19-16-10-907000"
                },
                "373129696960970762": {
                    "name": "Staff",
                    "colour": 16711680,
                    "position": 18,
                    "permissions": 0,
                    "created_at": "26-10-2017_15-24-12-170000"
                }
            }
        },
        "current": {
            "469889716435812353": {
                "name": "High Council",
                "colour": 0,
                "position": 30,
                "permissions": 8,
                "created_at": "20-07-2018_15-33-58-527000"
            },
            "189416410542374912": {
                "name": "Moderator",
                "colour": 3447003,
                "position": 19,
                "permissions": 267775190,
                "created_at": "06-06-2016_16-33-11-460000"
            },
            "324535144641986560": {
                "name": "Head of Development",
                "colour": 16771132,
                "position": 27,
                "permissions": 2116537599,
                "created_at": "14-06-2017_13-06-48-054000"
            },
            "178667818152230912": {
                "name": "@everyone",
                "colour": 0,
                "position": 0,
                "permissions": 0,
                "created_at": "08-05-2016_00-42-07-335000"
            },
            "403266269220175892": {
                "name": "Mythical Ones",
                "colour": 1033914,
                "position": 15,
                "permissions": 262208,
                "created_at": "17-01-2018_19-16-10-907000"
            },
            "373129696960970762": {
                "name": "Staff",
                "colour": 16711680,
                "position": 18,
                "permissions": 0,
                "created_at": "26-10-2017_15-24-12-170000"
            }
        }
    },
    "created_at": "17-02-2016_05-10-29-742000",
    "joined_at": {
        "previous": {},
        "current": "05-07-2016_08-07-38-976000"
    },
    "id": "149381939428589568",
    "status": {
        "previous": {
            "06-12-2018_15-04-14-303670": "offline",
            "06-12-2018_13-18-30-157611": "idle",
            "06-12-2018_17-09-51-137367": "idle",
            "06-12-2018_01-05-49-556858": "idle",
            "06-12-2018_19-01-41-672098": "idle",
            "07-12-2018_19-07-03-633575": "offline",
            "07-12-2018_07-51-11-182069": "idle",
            "06-12-2018_14-27-10-018861": "offline",
            "05-12-2018_16-27-33-714312": "idle",
            "06-12-2018_00-44-16-069543": "offline",
            "06-12-2018_00-29-32-919666": "offline",
            "07-12-2018_09-02-35-892853": "idle"
        },
        "current": "online"
    },
    "bans": {
        "previous": {},
        "current": "not banned"
    },
    "activity": {
        "2018": {
            "12": {
                "6": {
                    "22": {
                        "403084655550791682": 7
                    },
                    "21": {
                        "403086614600876032": 4
                    },
                    "14": {
                        "403084655550791682": 4
                    },
                    "17": {
                        "403086614600876032": 6
                    },
                    "0": {
                        "403086614600876032": 4
                    },
                    "16": {
                        "403086614600876032": 11
                    }
                },
                "7": {
                    "8": {
                        "403086614600876032": 18
                    },
                    "19": {
                        "403086614600876032": 2
                    },
                    "9": {
                        "403086614600876032": 14
                    }
                },
                "5": {
                    "22": {
                        "403086614600876032": 10
                    },
                    "17": {
                        "403086614600876032": 7
                    },
                    "15": {
                        "403086614600876032": 54
                    },
                    "16": {
                        "403086614600876032": 43
                    }
                }
            }
        }
    },
    "bot": false,
    "colour": {
        "previous": {},
        "current": 16771132
    },
    "display_name": {
        "previous": {},
        "current": "Zeny - Neko God-Wizard o' Loli"
    },
    "discriminator": {
        "previous": {},
        "current": "2273"
    },
    "game": {
        "previous": {
            "08-12-2018_15-44-11-058097": {
                "name": null,
                "url": null,
                "type": null
            },
            "07-12-2018_19-07-03-633575": {
                "name": "osu!",
                "type": 0,
                "url": null
            }
        },
        "current": {
            "name": "Counter-Strike: Global Offensive",
            "url": null,
            "type": 0
        }
    }
}