{
    "name": {
        "previous": {},
        "current": "Lechaim"
    },
    "voice": {
        "previous": {},
        "current": {
            "server_mute": false,
            "self_deaf": false,
            "is_afk": false,
            "self_mute": false,
            "channel": {
                "name": null,
                "private": null,
                "id": null
            },
            "server_deaf": false
        }
    },
    "display_name": {
        "previous": {},
        "current": "Mr Lechanta Claus"
    },
    "roles": {
        "previous": {
            "06-12-2018_01-05-49-556858": {
                "469889716435812353": {
                    "name": "High Council",
                    "colour": 0,
                    "position": 31,
                    "permissions": 8,
                    "created_at": "20-07-2018_15-33-58-527000"
                },
                "373129696960970762": {
                    "name": "Staff",
                    "colour": 16711680,
                    "position": 19,
                    "permissions": 0,
                    "created_at": "26-10-2017_15-24-12-170000"
                },
                "187986584686166017": {
                    "name": "Head of Community Relations",
                    "colour": 15632622,
                    "position": 29,
                    "permissions": 1610079487,
                    "created_at": "02-06-2016_17-51-34-411000"
                },
                "430760351248809986": {
                    "name": "Current Iteration",
                    "colour": 0,
                    "position": 10,
                    "permissions": 0,
                    "created_at": "03-04-2018_16-07-50-878000"
                },
                "403272352223461387": {
                    "name": "Members",
                    "colour": 0,
                    "position": 12,
                    "permissions": 104187968,
                    "created_at": "17-01-2018_19-40-21-208000"
                },
                "400699163026653184": {
                    "name": "Community Managers",
                    "colour": 16728548,
                    "position": 22,
                    "permissions": 129,
                    "created_at": "10-01-2018_17-15-25-096000"
                },
                "178667818152230912": {
                    "name": "@everyone",
                    "colour": 0,
                    "position": 0,
                    "permissions": 0,
                    "created_at": "08-05-2016_00-42-07-335000"
                },
                "403266269220175892": {
                    "name": "Mythical Ones",
                    "colour": 1033914,
                    "position": 16,
                    "permissions": 262208,
                    "created_at": "17-01-2018_19-16-10-907000"
                },
                "404068252361162759": {
                    "name": "Under Where?",
                    "colour": 0,
                    "position": 17,
                    "permissions": 0,
                    "created_at": "20-01-2018_00-22-58-588000"
                }
            },
            "07-12-2018_09-02-35-892853": {
                "469889716435812353": {
                    "name": "High Council",
                    "colour": 0,
                    "position": 30,
                    "permissions": 8,
                    "created_at": "20-07-2018_15-33-58-527000"
                },
                "373129696960970762": {
                    "name": "Staff",
                    "colour": 16711680,
                    "position": 18,
                    "permissions": 0,
                    "created_at": "26-10-2017_15-24-12-170000"
                },
                "187986584686166017": {
                    "name": "Head of Community Relations",
                    "colour": 15632622,
                    "position": 28,
                    "permissions": 1610079487,
                    "created_at": "02-06-2016_17-51-34-411000"
                },
                "430760351248809986": {
                    "name": "Current Iteration",
                    "colour": 0,
                    "position": 9,
                    "permissions": 0,
                    "created_at": "03-04-2018_16-07-50-878000"
                },
                "403272352223461387": {
                    "name": "Members",
                    "colour": 0,
                    "position": 11,
                    "permissions": 104187968,
                    "created_at": "17-01-2018_19-40-21-208000"
                },
                "400699163026653184": {
                    "name": "Community Managers",
                    "colour": 16728548,
                    "position": 21,
                    "permissions": 129,
                    "created_at": "10-01-2018_17-15-25-096000"
                },
                "178667818152230912": {
                    "name": "@everyone",
                    "colour": 0,
                    "position": 0,
                    "permissions": 0,
                    "created_at": "08-05-2016_00-42-07-335000"
                },
                "404068252361162759": {
                    "name": "Under Where?",
                    "colour": 0,
                    "position": 16,
                    "permissions": 0,
                    "created_at": "20-01-2018_00-22-58-588000"
                },
                "403266285313589250": {
                    "name": "Abandoned Ones",
                    "colour": 16777215,
                    "position": 12,
                    "permissions": 0,
                    "created_at": "17-01-2018_19-16-14-744000"
                }
            },
            "07-12-2018_07-51-11-182069": {
                "469889716435812353": {
                    "name": "High Council",
                    "colour": 0,
                    "position": 30,
                    "permissions": 8,
                    "created_at": "20-07-2018_15-33-58-527000"
                },
                "373129696960970762": {
                    "name": "Staff",
                    "colour": 16711680,
                    "position": 18,
                    "permissions": 0,
                    "created_at": "26-10-2017_15-24-12-170000"
                },
                "187986584686166017": {
                    "name": "Head of Community Relations",
                    "colour": 15632622,
                    "position": 28,
                    "permissions": 1610079487,
                    "created_at": "02-06-2016_17-51-34-411000"
                },
                "430760351248809986": {
                    "name": "Current Iteration",
                    "colour": 0,
                    "position": 9,
                    "permissions": 0,
                    "created_at": "03-04-2018_16-07-50-878000"
                },
                "403272352223461387": {
                    "name": "Members",
                    "colour": 0,
                    "position": 11,
                    "permissions": 104187968,
                    "created_at": "17-01-2018_19-40-21-208000"
                },
                "400699163026653184": {
                    "name": "Community Managers",
                    "colour": 16728548,
                    "position": 21,
                    "permissions": 129,
                    "created_at": "10-01-2018_17-15-25-096000"
                },
                "178667818152230912": {
                    "name": "@everyone",
                    "colour": 0,
                    "position": 0,
                    "permissions": 0,
                    "created_at": "08-05-2016_00-42-07-335000"
                },
                "403266269220175892": {
                    "name": "Mythical Ones",
                    "colour": 1033914,
                    "position": 15,
                    "permissions": 262208,
                    "created_at": "17-01-2018_19-16-10-907000"
                },
                "404068252361162759": {
                    "name": "Under Where?",
                    "colour": 0,
                    "position": 16,
                    "permissions": 0,
                    "created_at": "20-01-2018_00-22-58-588000"
                }
            }
        },
        "current": {
            "469889716435812353": {
                "name": "High Council",
                "colour": 0,
                "position": 30,
                "permissions": 8,
                "created_at": "20-07-2018_15-33-58-527000"
            },
            "373129696960970762": {
                "name": "Staff",
                "colour": 16711680,
                "position": 18,
                "permissions": 0,
                "created_at": "26-10-2017_15-24-12-170000"
            },
            "187986584686166017": {
                "name": "Head of Community Relations",
                "colour": 15632622,
                "position": 28,
                "permissions": 1610079487,
                "created_at": "02-06-2016_17-51-34-411000"
            },
            "430760351248809986": {
                "name": "Current Iteration",
                "colour": 0,
                "position": 9,
                "permissions": 0,
                "created_at": "03-04-2018_16-07-50-878000"
            },
            "403272352223461387": {
                "name": "Members",
                "colour": 0,
                "position": 10,
                "permissions": 104187968,
                "created_at": "17-01-2018_19-40-21-208000"
            },
            "400699163026653184": {
                "name": "Community Managers",
                "colour": 16728548,
                "position": 21,
                "permissions": 129,
                "created_at": "10-01-2018_17-15-25-096000"
            },
            "178667818152230912": {
                "name": "@everyone",
                "colour": 0,
                "position": 0,
                "permissions": 0,
                "created_at": "08-05-2016_00-42-07-335000"
            },
            "404068252361162759": {
                "name": "Under Where?",
                "colour": 0,
                "position": 16,
                "permissions": 0,
                "created_at": "20-01-2018_00-22-58-588000"
            },
            "403266285313589250": {
                "name": "Abandoned Ones",
                "colour": 16777215,
                "position": 11,
                "permissions": 0,
                "created_at": "17-01-2018_19-16-14-744000"
            }
        }
    },
    "created_at": "08-03-2016_20-33-58-292000",
    "joined_at": {
        "previous": {},
        "current": "08-05-2016_00-42-07-338000"
    },
    "id": "156862097043619840",
    "status": {
        "previous": {
            "05-12-2018_23-17-11-812802": "online",
            "06-12-2018_15-04-14-303670": "online",
            "06-12-2018_15-27-46-642824": "online",
            "05-12-2018_16-27-33-714312": "online",
            "06-12-2018_17-09-51-137367": "online",
            "06-12-2018_19-01-41-672098": "online",
            "06-12-2018_15-40-12-725739": "online"
        },
        "current": "offline"
    },
    "bans": {
        "previous": {},
        "current": "not banned"
    },
    "activity": {
        "2018": {
            "12": {
                "5": {
                    "18": {
                        "403086550851911681": 2
                    }
                }
            }
        }
    },
    "bot": false,
    "colour": {
        "previous": {},
        "current": 15632622
    },
    "cookies": {
        "cookie_transfer_quota": 0,
        "give": {
            "total_cookies": 0,
            "average": 0.0
        },
        "active_epochs": 0,
        "measured_epochs": 8,
        "get": {
            "total_cookies": 0,
            "average": 0.0
        },
        "cookies_in_jar": 0,
        "current_cookies": 0,
        "cookie_interest": 0,
        "active_this_epoch": false,
        "total_cookies": 0
    },
    "discriminator": {
        "previous": {},
        "current": "7744"
    },
    "game": {
        "previous": {},
        "current": {
            "name": null,
            "type": null,
            "url": null
        }
    }
}