{
    "name": {
        "previous": {},
        "current": "CoraCat"
    },
    "voice": {
        "previous": {},
        "current": {
            "server_mute": false,
            "self_deaf": false,
            "is_afk": false,
            "self_mute": false,
            "channel": {
                "name": null,
                "private": null,
                "id": null
            },
            "server_deaf": false
        }
    },
    "cookies": {
        "cookie_transfer_quota": 0,
        "give": {
            "average": 0.0,
            "total_cookies": 0
        },
        "active_epochs": 0,
        "measured_epochs": 1,
        "get": {
            "average": 0.0,
            "total_cookies": 0
        },
        "cookies_in_jar": 0,
        "current_cookies": 0,
        "cookie_interest": 0,
        "active_this_epoch": false,
        "total_cookies": 0
    },
    "roles": {
        "previous": {
            "06-12-2018_01-05-49-556858": {
                "403272352223461387": {
                    "name": "Members",
                    "colour": 0,
                    "position": 12,
                    "permissions": 104187968,
                    "created_at": "17-01-2018_19-40-21-208000"
                },
                "430760351248809986": {
                    "name": "Current Iteration",
                    "colour": 0,
                    "position": 10,
                    "permissions": 0,
                    "created_at": "03-04-2018_16-07-50-878000"
                },
                "178667818152230912": {
                    "name": "@everyone",
                    "colour": 0,
                    "position": 0,
                    "permissions": 0,
                    "created_at": "08-05-2016_00-42-07-335000"
                },
                "403266285313589250": {
                    "name": "Abandoned Ones",
                    "colour": 16777215,
                    "position": 13,
                    "permissions": 0,
                    "created_at": "17-01-2018_19-16-14-744000"
                }
            },
            "07-12-2018_09-02-35-892853": {
                "403272352223461387": {
                    "name": "Members",
                    "colour": 0,
                    "position": 11,
                    "permissions": 104187968,
                    "created_at": "17-01-2018_19-40-21-208000"
                },
                "430760351248809986": {
                    "name": "Current Iteration",
                    "colour": 0,
                    "position": 9,
                    "permissions": 0,
                    "created_at": "03-04-2018_16-07-50-878000"
                },
                "178667818152230912": {
                    "name": "@everyone",
                    "colour": 0,
                    "position": 0,
                    "permissions": 0,
                    "created_at": "08-05-2016_00-42-07-335000"
                },
                "403266285313589250": {
                    "name": "Abandoned Ones",
                    "colour": 16777215,
                    "position": 12,
                    "permissions": 0,
                    "created_at": "17-01-2018_19-16-14-744000"
                }
            }
        },
        "current": {
            "403272352223461387": {
                "name": "Members",
                "colour": 0,
                "position": 10,
                "permissions": 104187968,
                "created_at": "17-01-2018_19-40-21-208000"
            },
            "430760351248809986": {
                "name": "Current Iteration",
                "colour": 0,
                "position": 9,
                "permissions": 0,
                "created_at": "03-04-2018_16-07-50-878000"
            },
            "178667818152230912": {
                "name": "@everyone",
                "colour": 0,
                "position": 0,
                "permissions": 0,
                "created_at": "08-05-2016_00-42-07-335000"
            },
            "403266285313589250": {
                "name": "Abandoned Ones",
                "colour": 16777215,
                "position": 11,
                "permissions": 0,
                "created_at": "17-01-2018_19-16-14-744000"
            }
        }
    },
    "created_at": "20-04-2016_02-13-08-438000",
    "joined_at": {
        "previous": {},
        "current": "06-04-2018_16-22-16-702704"
    },
    "id": "172167742097457154",
    "status": {
        "previous": {
            "06-12-2018_00-51-35-336974": "online",
            "06-12-2018_15-16-54-897558": "idle",
            "06-12-2018_15-04-14-303670": "online",
            "06-12-2018_00-48-23-112938": "online",
            "05-12-2018_16-07-42-379538": "idle",
            "06-12-2018_17-09-51-137367": "offline",
            "06-12-2018_01-05-49-556858": "idle",
            "06-12-2018_19-01-41-672098": "offline",
            "05-12-2018_15-43-55-700669": "idle",
            "07-12-2018_07-51-11-182069": "online",
            "05-12-2018_16-27-33-714312": "offline",
            "06-12-2018_14-37-28-467255": "idle",
            "08-12-2018_15-44-11-058097": "offline",
            "06-12-2018_14-50-02-697396": "online",
            "06-12-2018_15-14-45-002165": "idle",
            "06-12-2018_15-40-12-725739": "idle",
            "07-12-2018_09-02-35-892853": "online",
            "07-12-2018_19-07-03-633575": "offline"
        },
        "current": "online"
    },
    "bans": {
        "previous": {},
        "current": "not banned"
    },
    "activity": {},
    "bot": false,
    "colour": {
        "previous": {},
        "current": 16777215
    },
    "display_name": {
        "previous": {},
        "current": "Cora"
    },
    "discriminator": {
        "previous": {},
        "current": "1461"
    },
    "game": {
        "previous": {},
        "current": {
            "name": null,
            "type": null,
            "url": null
        }
    }
}