{
    "name": {
        "previous": {},
        "current": "Devnepte"
    },
    "voice": {
        "previous": {
            "08-12-2018_15-44-11-058097": {
                "channel": {
                    "name": "Under Where",
                    "private": false,
                    "id": "403086522146095104"
                },
                "self_deaf": false,
                "is_afk": false,
                "server_deaf": false,
                "server_mute": false,
                "self_mute": false
            }
        },
        "current": {
            "self_mute": false,
            "channel": {
                "name": null,
                "private": null,
                "id": null
            },
            "self_deaf": false,
            "server_deaf": false,
            "server_mute": false,
            "is_afk": false
        }
    },
    "cookies": {
        "measured_epochs": 1,
        "give": {
            "average": 0.0,
            "total_cookies": 0
        },
        "active_epochs": 0,
        "cookie_transfer_quota": 0,
        "get": {
            "average": 0.0,
            "total_cookies": 0
        },
        "cookies_in_jar": 0,
        "current_cookies": 0,
        "cookie_interest": 0,
        "active_this_epoch": false,
        "total_cookies": 0
    },
    "roles": {
        "previous": {
            "06-12-2018_01-05-49-556858": {
                "373129696960970762": {
                    "name": "Staff",
                    "colour": 16711680,
                    "created_at": "26-10-2017_15-24-12-170000",
                    "permissions": 0,
                    "position": 19
                },
                "363695886297071626": {
                    "name": "Event Managers",
                    "colour": 14747399,
                    "created_at": "30-09-2017_14-37-36-436000",
                    "permissions": 541200384,
                    "position": 23
                },
                "403272352223461387": {
                    "name": "Members",
                    "colour": 0,
                    "created_at": "17-01-2018_19-40-21-208000",
                    "permissions": 104187968,
                    "position": 12
                },
                "430760351248809986": {
                    "name": "Current Iteration",
                    "colour": 0,
                    "created_at": "03-04-2018_16-07-50-878000",
                    "permissions": 0,
                    "position": 10
                },
                "178667818152230912": {
                    "name": "@everyone",
                    "colour": 0,
                    "created_at": "08-05-2016_00-42-07-335000",
                    "permissions": 0,
                    "position": 0
                },
                "403266269220175892": {
                    "name": "Mythical Ones",
                    "colour": 1033914,
                    "created_at": "17-01-2018_19-16-10-907000",
                    "permissions": 262208,
                    "position": 16
                },
                "404068252361162759": {
                    "name": "Under Where?",
                    "colour": 0,
                    "created_at": "20-01-2018_00-22-58-588000",
                    "permissions": 0,
                    "position": 17
                }
            },
            "07-12-2018_09-02-35-892853": {
                "373129696960970762": {
                    "name": "Staff",
                    "colour": 16711680,
                    "created_at": "26-10-2017_15-24-12-170000",
                    "permissions": 0,
                    "position": 18
                },
                "363695886297071626": {
                    "name": "Event Managers",
                    "colour": 14747399,
                    "created_at": "30-09-2017_14-37-36-436000",
                    "permissions": 541200384,
                    "position": 22
                },
                "403272352223461387": {
                    "name": "Members",
                    "colour": 0,
                    "created_at": "17-01-2018_19-40-21-208000",
                    "permissions": 104187968,
                    "position": 11
                },
                "430760351248809986": {
                    "name": "Current Iteration",
                    "colour": 0,
                    "created_at": "03-04-2018_16-07-50-878000",
                    "permissions": 0,
                    "position": 9
                },
                "178667818152230912": {
                    "name": "@everyone",
                    "colour": 0,
                    "created_at": "08-05-2016_00-42-07-335000",
                    "permissions": 0,
                    "position": 0
                },
                "404068252361162759": {
                    "name": "Under Where?",
                    "colour": 0,
                    "created_at": "20-01-2018_00-22-58-588000",
                    "permissions": 0,
                    "position": 16
                },
                "403266285313589250": {
                    "name": "Abandoned Ones",
                    "colour": 16777215,
                    "created_at": "17-01-2018_19-16-14-744000",
                    "permissions": 0,
                    "position": 12
                }
            },
            "07-12-2018_07-51-11-182069": {
                "373129696960970762": {
                    "name": "Staff",
                    "colour": 16711680,
                    "created_at": "26-10-2017_15-24-12-170000",
                    "permissions": 0,
                    "position": 18
                },
                "363695886297071626": {
                    "name": "Event Managers",
                    "colour": 14747399,
                    "created_at": "30-09-2017_14-37-36-436000",
                    "permissions": 541200384,
                    "position": 22
                },
                "403272352223461387": {
                    "name": "Members",
                    "colour": 0,
                    "created_at": "17-01-2018_19-40-21-208000",
                    "permissions": 104187968,
                    "position": 11
                },
                "430760351248809986": {
                    "name": "Current Iteration",
                    "colour": 0,
                    "created_at": "03-04-2018_16-07-50-878000",
                    "permissions": 0,
                    "position": 9
                },
                "178667818152230912": {
                    "name": "@everyone",
                    "colour": 0,
                    "created_at": "08-05-2016_00-42-07-335000",
                    "permissions": 0,
                    "position": 0
                },
                "403266269220175892": {
                    "name": "Mythical Ones",
                    "colour": 1033914,
                    "created_at": "17-01-2018_19-16-10-907000",
                    "permissions": 262208,
                    "position": 15
                },
                "404068252361162759": {
                    "name": "Under Where?",
                    "colour": 0,
                    "created_at": "20-01-2018_00-22-58-588000",
                    "permissions": 0,
                    "position": 16
                }
            }
        },
        "current": {
            "373129696960970762": {
                "name": "Staff",
                "colour": 16711680,
                "created_at": "26-10-2017_15-24-12-170000",
                "permissions": 0,
                "position": 18
            },
            "363695886297071626": {
                "name": "Event Managers",
                "colour": 14747399,
                "created_at": "30-09-2017_14-37-36-436000",
                "permissions": 541200384,
                "position": 22
            },
            "403272352223461387": {
                "name": "Members",
                "colour": 0,
                "created_at": "17-01-2018_19-40-21-208000",
                "permissions": 104187968,
                "position": 10
            },
            "430760351248809986": {
                "name": "Current Iteration",
                "colour": 0,
                "created_at": "03-04-2018_16-07-50-878000",
                "permissions": 0,
                "position": 9
            },
            "178667818152230912": {
                "name": "@everyone",
                "colour": 0,
                "created_at": "08-05-2016_00-42-07-335000",
                "permissions": 0,
                "position": 0
            },
            "404068252361162759": {
                "name": "Under Where?",
                "colour": 0,
                "created_at": "20-01-2018_00-22-58-588000",
                "permissions": 0,
                "position": 16
            },
            "403266285313589250": {
                "name": "Abandoned Ones",
                "colour": 16777215,
                "created_at": "17-01-2018_19-16-14-744000",
                "permissions": 0,
                "position": 11
            }
        }
    },
    "created_at": "30-04-2016_14-19-57-424000",
    "joined_at": {
        "previous": {},
        "current": "17-01-2018_14-50-31-122000"
    },
    "id": "175974530098003968",
    "status": {
        "previous": {
            "06-12-2018_00-11-55-269398": "offline",
            "07-12-2018_07-42-43-243407": "idle",
            "08-12-2018_15-44-11-058097": "idle",
            "06-12-2018_01-05-49-556858": "online",
            "06-12-2018_19-01-41-672098": "online",
            "07-12-2018_19-07-03-633575": "idle"
        },
        "current": "online"
    },
    "bans": {
        "previous": {},
        "current": "not banned"
    },
    "activity": {},
    "bot": false,
    "colour": {
        "previous": {},
        "current": 14747399
    },
    "display_name": {
        "previous": {},
        "current": "Santa's little daughter"
    },
    "discriminator": {
        "previous": {},
        "current": "3909"
    },
    "game": {
        "previous": {},
        "current": {
            "name": null,
            "type": null,
            "url": null
        }
    }
}