{
    "name": {
        "previous": {},
        "current": "\ud83c\udf3b\ud835\ude77\ud835\ude98\ud835\ude97\ud835\ude8e\ud835\udea2\ud83c\udf3b"
    },
    "voice": {
        "previous": {},
        "current": {
            "server_mute": false,
            "self_deaf": false,
            "is_afk": false,
            "self_mute": false,
            "channel": {
                "name": null,
                "private": null,
                "id": null
            },
            "server_deaf": false
        }
    },
    "display_name": {
        "previous": {},
        "current": "Bees???"
    },
    "roles": {
        "previous": {
            "06-12-2018_01-05-49-556858": {
                "403272352223461387": {
                    "name": "Members",
                    "colour": 0,
                    "position": 12,
                    "permissions": 104187968,
                    "created_at": "17-01-2018_19-40-21-208000"
                },
                "430760351248809986": {
                    "name": "Current Iteration",
                    "colour": 0,
                    "position": 10,
                    "permissions": 0,
                    "created_at": "03-04-2018_16-07-50-878000"
                },
                "178667818152230912": {
                    "name": "@everyone",
                    "colour": 0,
                    "position": 0,
                    "permissions": 0,
                    "created_at": "08-05-2016_00-42-07-335000"
                },
                "403266285313589250": {
                    "name": "Abandoned Ones",
                    "colour": 16777215,
                    "position": 13,
                    "permissions": 0,
                    "created_at": "17-01-2018_19-16-14-744000"
                }
            },
            "07-12-2018_09-02-35-892853": {
                "403272352223461387": {
                    "name": "Members",
                    "colour": 0,
                    "position": 11,
                    "permissions": 104187968,
                    "created_at": "17-01-2018_19-40-21-208000"
                },
                "430760351248809986": {
                    "name": "Current Iteration",
                    "colour": 0,
                    "position": 9,
                    "permissions": 0,
                    "created_at": "03-04-2018_16-07-50-878000"
                },
                "178667818152230912": {
                    "name": "@everyone",
                    "colour": 0,
                    "position": 0,
                    "permissions": 0,
                    "created_at": "08-05-2016_00-42-07-335000"
                },
                "403266285313589250": {
                    "name": "Abandoned Ones",
                    "colour": 16777215,
                    "position": 12,
                    "permissions": 0,
                    "created_at": "17-01-2018_19-16-14-744000"
                }
            }
        },
        "current": {
            "403272352223461387": {
                "name": "Members",
                "colour": 0,
                "position": 10,
                "permissions": 104187968,
                "created_at": "17-01-2018_19-40-21-208000"
            },
            "430760351248809986": {
                "name": "Current Iteration",
                "colour": 0,
                "position": 9,
                "permissions": 0,
                "created_at": "03-04-2018_16-07-50-878000"
            },
            "178667818152230912": {
                "name": "@everyone",
                "colour": 0,
                "position": 0,
                "permissions": 0,
                "created_at": "08-05-2016_00-42-07-335000"
            },
            "403266285313589250": {
                "name": "Abandoned Ones",
                "colour": 16777215,
                "position": 11,
                "permissions": 0,
                "created_at": "17-01-2018_19-16-14-744000"
            }
        }
    },
    "created_at": "09-05-2017_21-17-31-842000",
    "joined_at": {
        "previous": {},
        "current": "27-03-2018_07-22-29-867919"
    },
    "id": "311612677678170113",
    "status": {
        "previous": {
            "07-12-2018_07-42-43-243407": "offline",
            "07-12-2018_09-02-35-892853": "online",
            "05-12-2018_16-27-33-714312": "online",
            "06-12-2018_00-25-10-559318": "offline",
            "05-12-2018_23-34-35-600797": "online",
            "06-12-2018_00-08-32-850108": "online",
            "06-12-2018_01-05-49-556858": "online",
            "06-12-2018_19-01-41-672098": "online",
            "06-12-2018_00-14-36-874566": "online",
            "06-12-2018_00-28-06-241263": "online"
        },
        "current": "offline"
    },
    "bans": {
        "previous": {},
        "current": "not banned"
    },
    "activity": {},
    "bot": false,
    "colour": {
        "previous": {},
        "current": 16777215
    },
    "cookies": {
        "cookie_transfer_quota": 0,
        "give": {
            "total_cookies": 0,
            "average": 0.0
        },
        "active_epochs": 0,
        "measured_epochs": 8,
        "get": {
            "total_cookies": 0,
            "average": 0.0
        },
        "cookies_in_jar": 0,
        "current_cookies": 0,
        "cookie_interest": 0,
        "active_this_epoch": false,
        "total_cookies": 0
    },
    "discriminator": {
        "previous": {},
        "current": "1763"
    },
    "game": {
        "previous": {
            "06-12-2018_01-05-49-556858": {
                "name": "Minecraft",
                "type": 0,
                "url": null
            }
        },
        "current": {
            "name": null,
            "type": null,
            "url": null
        }
    }
}