{
    "name": {
        "previous": {},
        "current": "Neon"
    },
    "voice": {
        "previous": {},
        "current": {
            "server_mute": false,
            "self_deaf": false,
            "server_deaf": false,
            "self_mute": false,
            "channel": {
                "name": null,
                "private": null,
                "id": null
            },
            "is_afk": false
        }
    },
    "cookies": {
        "cookies_in_jar": 0,
        "cookie_transfer_quota": 0,
        "cookie_interest": 0,
        "active_epochs": 0,
        "measured_epochs": 8,
        "give": {
            "total_cookies": 0,
            "average": 0.0
        },
        "current_cookies": 0,
        "get": {
            "total_cookies": 0,
            "average": 0.0
        },
        "active_this_epoch": false,
        "total_cookies": 0
    },
    "roles": {
        "previous": {
            "06-12-2018_00-55-15-699438": {
                "403272352223461387": {
                    "name": "Members",
                    "colour": 0,
                    "position": 12,
                    "permissions": 104187968,
                    "created_at": "17-01-2018_19-40-21-208000"
                },
                "373129696960970762": {
                    "name": "Staff",
                    "colour": 16711680,
                    "position": 19,
                    "permissions": 0,
                    "created_at": "26-10-2017_15-24-12-170000"
                },
                "401845161266642944": {
                    "name": "Media Creators",
                    "colour": 7962319,
                    "position": 21,
                    "permissions": 0,
                    "created_at": "13-01-2018_21-09-12-368000"
                },
                "430760351248809986": {
                    "name": "Current Iteration",
                    "colour": 0,
                    "position": 10,
                    "permissions": 0,
                    "created_at": "03-04-2018_16-07-50-878000"
                },
                "178667818152230912": {
                    "name": "@everyone",
                    "colour": 0,
                    "position": 0,
                    "permissions": 0,
                    "created_at": "08-05-2016_00-42-07-335000"
                },
                "403266269220175892": {
                    "name": "Mythical Ones",
                    "colour": 1033914,
                    "position": 16,
                    "permissions": 262208,
                    "created_at": "17-01-2018_19-16-10-907000"
                }
            },
            "07-12-2018_09-02-35-892853": {
                "403272352223461387": {
                    "name": "Members",
                    "colour": 0,
                    "position": 11,
                    "permissions": 104187968,
                    "created_at": "17-01-2018_19-40-21-208000"
                },
                "373129696960970762": {
                    "name": "Staff",
                    "colour": 16711680,
                    "position": 18,
                    "permissions": 0,
                    "created_at": "26-10-2017_15-24-12-170000"
                },
                "401845161266642944": {
                    "name": "Media Creators",
                    "colour": 7962319,
                    "position": 20,
                    "permissions": 0,
                    "created_at": "13-01-2018_21-09-12-368000"
                },
                "430760351248809986": {
                    "name": "Current Iteration",
                    "colour": 0,
                    "position": 9,
                    "permissions": 0,
                    "created_at": "03-04-2018_16-07-50-878000"
                },
                "178667818152230912": {
                    "name": "@everyone",
                    "colour": 0,
                    "position": 0,
                    "permissions": 0,
                    "created_at": "08-05-2016_00-42-07-335000"
                },
                "403266285313589250": {
                    "name": "Abandoned Ones",
                    "colour": 16777215,
                    "position": 12,
                    "permissions": 0,
                    "created_at": "17-01-2018_19-16-14-744000"
                }
            },
            "07-12-2018_07-51-11-182069": {
                "403272352223461387": {
                    "name": "Members",
                    "colour": 0,
                    "position": 11,
                    "permissions": 104187968,
                    "created_at": "17-01-2018_19-40-21-208000"
                },
                "373129696960970762": {
                    "name": "Staff",
                    "colour": 16711680,
                    "position": 18,
                    "permissions": 0,
                    "created_at": "26-10-2017_15-24-12-170000"
                },
                "401845161266642944": {
                    "name": "Media Creators",
                    "colour": 7962319,
                    "position": 20,
                    "permissions": 0,
                    "created_at": "13-01-2018_21-09-12-368000"
                },
                "430760351248809986": {
                    "name": "Current Iteration",
                    "colour": 0,
                    "position": 9,
                    "permissions": 0,
                    "created_at": "03-04-2018_16-07-50-878000"
                },
                "178667818152230912": {
                    "name": "@everyone",
                    "colour": 0,
                    "position": 0,
                    "permissions": 0,
                    "created_at": "08-05-2016_00-42-07-335000"
                },
                "403266269220175892": {
                    "name": "Mythical Ones",
                    "colour": 1033914,
                    "position": 15,
                    "permissions": 262208,
                    "created_at": "17-01-2018_19-16-10-907000"
                }
            }
        },
        "current": {
            "403272352223461387": {
                "name": "Members",
                "colour": 0,
                "position": 10,
                "permissions": 104187968,
                "created_at": "17-01-2018_19-40-21-208000"
            },
            "373129696960970762": {
                "name": "Staff",
                "colour": 16711680,
                "position": 18,
                "permissions": 0,
                "created_at": "26-10-2017_15-24-12-170000"
            },
            "401845161266642944": {
                "name": "Media Creators",
                "colour": 7962319,
                "position": 20,
                "permissions": 0,
                "created_at": "13-01-2018_21-09-12-368000"
            },
            "430760351248809986": {
                "name": "Current Iteration",
                "colour": 0,
                "position": 9,
                "permissions": 0,
                "created_at": "03-04-2018_16-07-50-878000"
            },
            "178667818152230912": {
                "name": "@everyone",
                "colour": 0,
                "position": 0,
                "permissions": 0,
                "created_at": "08-05-2016_00-42-07-335000"
            },
            "403266285313589250": {
                "name": "Abandoned Ones",
                "colour": 16777215,
                "position": 11,
                "permissions": 0,
                "created_at": "17-01-2018_19-16-14-744000"
            }
        }
    },
    "created_at": "10-07-2017_20-38-03-579000",
    "joined_at": {
        "previous": {},
        "current": "17-01-2018_09-28-15-816000"
    },
    "id": "334070792130265108",
    "status": {
        "previous": {
            "06-12-2018_15-16-54-897558": "dnd",
            "06-12-2018_15-04-14-303670": "offline",
            "06-12-2018_15-40-12-725739": "dnd",
            "06-12-2018_00-44-16-069543": "offline",
            "06-12-2018_00-43-19-590607": "dnd",
            "06-12-2018_14-27-10-018861": "dnd",
            "06-12-2018_13-18-30-157611": "dnd",
            "06-12-2018_01-05-49-556858": "offline",
            "06-12-2018_00-45-45-907811": "dnd",
            "06-12-2018_14-01-40-919859": "offline",
            "07-12-2018_19-07-03-633575": "dnd",
            "05-12-2018_16-23-43-417186": "dnd",
            "06-12-2018_19-01-41-672098": "offline",
            "06-12-2018_17-01-29-984225": "offline",
            "05-12-2018_16-27-33-714312": "offline",
            "08-12-2018_15-44-11-058097": "offline",
            "06-12-2018_00-55-15-699438": "offline",
            "06-12-2018_14-10-10-501058": "offline",
            "06-12-2018_14-32-19-309128": "offline",
            "06-12-2018_17-09-51-137367": "dnd",
            "07-12-2018_09-02-35-892853": "offline"
        },
        "current": "dnd"
    },
    "bans": {
        "previous": {},
        "current": "not banned"
    },
    "activity": {},
    "bot": false,
    "colour": {
        "previous": {},
        "current": 7962319
    },
    "display_name": {
        "previous": {},
        "current": "Neon"
    },
    "discriminator": {
        "previous": {},
        "current": "9774"
    },
    "game": {
        "previous": {
            "08-12-2018_15-44-11-058097": {
                "name": "Garry's Mod",
                "url": null,
                "type": 0
            },
            "05-12-2018_16-27-33-714312": {
                "name": "Minecraft",
                "type": 0,
                "url": null
            },
            "07-12-2018_19-07-03-633575": {
                "name": null,
                "type": null,
                "url": null
            },
            "06-12-2018_19-01-41-672098": {
                "name": "Grand Theft Auto V",
                "type": 0,
                "url": null
            }
        },
        "current": {
            "name": null,
            "url": null,
            "type": null
        }
    }
}