{
    "name": {
        "previous": {},
        "current": "omygoditsacat"
    },
    "voice": {
        "previous": {},
        "current": {
            "server_mute": false,
            "self_deaf": false,
            "is_afk": false,
            "self_mute": false,
            "channel": {
                "name": null,
                "private": null,
                "id": null
            },
            "server_deaf": false
        }
    },
    "display_name": {
        "previous": {},
        "current": "Cat"
    },
    "roles": {
        "previous": {
            "06-12-2018_01-05-49-556858": {
                "403272352223461387": {
                    "name": "Members",
                    "colour": 0,
                    "position": 12,
                    "permissions": 104187968,
                    "created_at": "17-01-2018_19-40-21-208000"
                },
                "430760351248809986": {
                    "name": "Current Iteration",
                    "colour": 0,
                    "position": 10,
                    "permissions": 0,
                    "created_at": "03-04-2018_16-07-50-878000"
                },
                "178667818152230912": {
                    "name": "@everyone",
                    "colour": 0,
                    "position": 0,
                    "permissions": 0,
                    "created_at": "08-05-2016_00-42-07-335000"
                },
                "403266269220175892": {
                    "name": "Mythical Ones",
                    "colour": 1033914,
                    "position": 16,
                    "permissions": 262208,
                    "created_at": "17-01-2018_19-16-10-907000"
                }
            },
            "07-12-2018_09-02-35-892853": {
                "403272352223461387": {
                    "name": "Members",
                    "colour": 0,
                    "position": 11,
                    "permissions": 104187968,
                    "created_at": "17-01-2018_19-40-21-208000"
                },
                "430760351248809986": {
                    "name": "Current Iteration",
                    "colour": 0,
                    "position": 9,
                    "permissions": 0,
                    "created_at": "03-04-2018_16-07-50-878000"
                },
                "178667818152230912": {
                    "name": "@everyone",
                    "colour": 0,
                    "position": 0,
                    "permissions": 0,
                    "created_at": "08-05-2016_00-42-07-335000"
                },
                "403266285313589250": {
                    "name": "Abandoned Ones",
                    "colour": 16777215,
                    "position": 12,
                    "permissions": 0,
                    "created_at": "17-01-2018_19-16-14-744000"
                }
            },
            "07-12-2018_07-51-11-182069": {
                "403272352223461387": {
                    "name": "Members",
                    "colour": 0,
                    "position": 11,
                    "permissions": 104187968,
                    "created_at": "17-01-2018_19-40-21-208000"
                },
                "430760351248809986": {
                    "name": "Current Iteration",
                    "colour": 0,
                    "position": 9,
                    "permissions": 0,
                    "created_at": "03-04-2018_16-07-50-878000"
                },
                "178667818152230912": {
                    "name": "@everyone",
                    "colour": 0,
                    "position": 0,
                    "permissions": 0,
                    "created_at": "08-05-2016_00-42-07-335000"
                },
                "403266269220175892": {
                    "name": "Mythical Ones",
                    "colour": 1033914,
                    "position": 15,
                    "permissions": 262208,
                    "created_at": "17-01-2018_19-16-10-907000"
                }
            }
        },
        "current": {
            "403272352223461387": {
                "name": "Members",
                "colour": 0,
                "position": 10,
                "permissions": 104187968,
                "created_at": "17-01-2018_19-40-21-208000"
            },
            "430760351248809986": {
                "name": "Current Iteration",
                "colour": 0,
                "position": 9,
                "permissions": 0,
                "created_at": "03-04-2018_16-07-50-878000"
            },
            "178667818152230912": {
                "name": "@everyone",
                "colour": 0,
                "position": 0,
                "permissions": 0,
                "created_at": "08-05-2016_00-42-07-335000"
            },
            "403266285313589250": {
                "name": "Abandoned Ones",
                "colour": 16777215,
                "position": 11,
                "permissions": 0,
                "created_at": "17-01-2018_19-16-14-744000"
            }
        }
    },
    "created_at": "05-09-2017_21-08-29-129000",
    "joined_at": {
        "previous": {},
        "current": "02-02-2018_20-37-01-689786"
    },
    "id": "354734557381132291",
    "status": {
        "previous": {
            "06-12-2018_01-05-49-556858": "online"
        },
        "current": "offline"
    },
    "bans": {
        "previous": {},
        "current": "not banned"
    },
    "activity": {},
    "bot": false,
    "colour": {
        "previous": {
            "07-12-2018_09-02-35-892853": 0,
            "07-12-2018_07-51-11-182069": 1033914
        },
        "current": 16777215
    },
    "cookies": {
        "cookie_transfer_quota": 0,
        "give": {
            "total_cookies": 0,
            "average": 0.0
        },
        "active_epochs": 0,
        "measured_epochs": 8,
        "get": {
            "total_cookies": 0,
            "average": 0.0
        },
        "cookies_in_jar": 0,
        "current_cookies": 0,
        "cookie_interest": 0,
        "active_this_epoch": false,
        "total_cookies": 0
    },
    "discriminator": {
        "previous": {},
        "current": "8372"
    },
    "game": {
        "previous": {},
        "current": {
            "name": null,
            "type": null,
            "url": null
        }
    }
}