{
    "id": "149381939428589568",
    "roles": {
        "previous": {
            "22-09-2018_01-13-22-888964": {}
        },
        "current": {
            "403243729072160790": {
                "position": 4,
                "name": "Admin",
                "colour": 0,
                "created_at": "17-01-2018_17-46-36-917000",
                "permissions": 104324169
            },
            "403243508833452032": {
                "position": 0,
                "name": "@everyone",
                "colour": 0,
                "created_at": "17-01-2018_17-45-44-408000",
                "permissions": 104324161
            }
        }
    },
    "joined_at": {
        "previous": {},
        "current": "17-01-2018_17-45-44-517000"
    },
    "status": {
        "previous": {},
        "current": "online"
    },
    "display_name": {
        "previous": {},
        "current": "Ely"
    },
    "colour": {
        "previous": {},
        "current": 0
    },
    "discriminator": {
        "previous": {},
        "current": "2273"
    },
    "game": {
        "previous": {
            "22-09-2018_01-13-22-889964": {}
        },
        "current": {
            "name": null,
            "url": null,
            "type": null
        }
    },
    "created_at": "17-02-2016_05-10-29-742000",
    "voice": {
        "previous": {
            "22-09-2018_01-13-22-889964": {}
        },
        "current": {
            "self_mute": false,
            "server_deaf": false,
            "channel": {
                "id": null,
                "name": null,
                "private": null
            },
            "self_deaf": false,
            "is_afk": false,
            "server_mute": false
        }
    },
    "name": {
        "previous": {},
        "current": "Ely"
    },
    "bot": false
}