{
    "id": "172002275412279296",
    "roles": {
        "previous": {
            "22-09-2018_01-13-22-831964": {}
        },
        "current": {
            "432544102194610176": {
                "position": 1,
                "name": "Tatsumaki",
                "colour": 0,
                "created_at": "08-04-2018_14-15-50-244000",
                "permissions": 12659727
            },
            "403243508833452032": {
                "position": 0,
                "name": "@everyone",
                "colour": 0,
                "created_at": "17-01-2018_17-45-44-408000",
                "permissions": 104324161
            }
        }
    },
    "joined_at": {
        "previous": {},
        "current": "08-04-2018_14-15-50-260189"
    },
    "status": {
        "previous": {},
        "current": "online"
    },
    "display_name": {
        "previous": {},
        "current": "Tatsumaki"
    },
    "colour": {
        "previous": {},
        "current": 0
    },
    "discriminator": {
        "previous": {},
        "current": "8792"
    },
    "game": {
        "previous": {
            "22-09-2018_01-13-22-831964": {}
        },
        "current": {
            "name": "2092 guilds",
            "url": "https://tatsumaki.xyz",
            "type": 1
        }
    },
    "created_at": "19-04-2016_15-15-38-106000",
    "voice": {
        "previous": {
            "22-09-2018_01-13-22-831964": {}
        },
        "current": {
            "self_mute": false,
            "server_deaf": false,
            "channel": {
                "id": null,
                "name": null,
                "private": null
            },
            "self_deaf": false,
            "is_afk": false,
            "server_mute": false
        }
    },
    "name": {
        "previous": {},
        "current": "Tatsumaki"
    },
    "bot": true
}