{
    "id": "246630352968220675",
    "roles": {
        "previous": {
            "22-09-2018_01-13-22-838965": {}
        },
        "current": {
            "403243508833452032": {
                "position": 0,
                "name": "@everyone",
                "colour": 0,
                "created_at": "17-01-2018_17-45-44-408000",
                "permissions": 104324161
            }
        }
    },
    "joined_at": {
        "previous": {},
        "current": "27-07-2018_04-33-37-063478"
    },
    "status": {
        "previous": {},
        "current": "online"
    },
    "display_name": {
        "previous": {},
        "current": "Sir E"
    },
    "colour": {
        "previous": {},
        "current": 0
    },
    "discriminator": {
        "previous": {},
        "current": "7204"
    },
    "game": {
        "previous": {
            "22-09-2018_01-13-22-838965": {}
        },
        "current": {
            "name": null,
            "url": null,
            "type": null
        }
    },
    "created_at": "11-11-2016_13-40-58-318000",
    "voice": {
        "previous": {
            "22-09-2018_01-13-22-838965": {}
        },
        "current": {
            "self_mute": false,
            "server_deaf": false,
            "channel": {
                "id": null,
                "name": null,
                "private": null
            },
            "self_deaf": false,
            "is_afk": false,
            "server_mute": false
        }
    },
    "name": {
        "previous": {},
        "current": "Sir E"
    },
    "bot": true
}