{
    "id": "292789588399751168",
    "roles": {
        "previous": {
            "22-09-2018_01-13-22-846964": {}
        },
        "current": {
            "428679063813750804": {
                "position": 1,
                "name": "Discord Duels",
                "colour": 0,
                "created_at": "28-03-2018_22-17-33-285000",
                "permissions": 268436481
            },
            "403243508833452032": {
                "position": 0,
                "name": "@everyone",
                "colour": 0,
                "created_at": "17-01-2018_17-45-44-408000",
                "permissions": 104324161
            }
        }
    },
    "joined_at": {
        "previous": {},
        "current": "28-03-2018_22-17-33-279480"
    },
    "status": {
        "previous": {},
        "current": "online"
    },
    "display_name": {
        "previous": {},
        "current": "Discord Duels"
    },
    "colour": {
        "previous": {},
        "current": 0
    },
    "discriminator": {
        "previous": {},
        "current": "6597"
    },
    "game": {
        "previous": {
            "22-09-2018_01-13-22-846964": {}
        },
        "current": {
            "name": " (*!create) to start | (*!help) for commands | Discord Duels v0.9.9",
            "url": null,
            "type": 0
        }
    },
    "created_at": "18-03-2017_22-41-17-642000",
    "voice": {
        "previous": {
            "22-09-2018_01-13-22-846964": {}
        },
        "current": {
            "self_mute": false,
            "server_deaf": false,
            "channel": {
                "id": null,
                "name": null,
                "private": null
            },
            "self_deaf": false,
            "is_afk": false,
            "server_mute": false
        }
    },
    "name": {
        "previous": {},
        "current": "Discord Duels"
    },
    "bot": true
}