{
    "id": "294882584201003009",
    "roles": {
        "previous": {
            "22-09-2018_01-13-22-854963": {}
        },
        "current": {
            "406822272691732490": {
                "position": 1,
                "name": "GiveawayBot",
                "colour": 0,
                "created_at": "27-01-2018_14-46-28-202000",
                "permissions": 347200
            },
            "403243508833452032": {
                "position": 0,
                "name": "@everyone",
                "colour": 0,
                "created_at": "17-01-2018_17-45-44-408000",
                "permissions": 104324161
            }
        }
    },
    "joined_at": {
        "previous": {},
        "current": "27-01-2018_14-46-28-196053"
    },
    "status": {
        "previous": {},
        "current": "online"
    },
    "display_name": {
        "previous": {},
        "current": "GiveawayBot"
    },
    "colour": {
        "previous": {},
        "current": 0
    },
    "discriminator": {
        "previous": {},
        "current": "2381"
    },
    "game": {
        "previous": {
            "22-09-2018_01-13-22-854963": {}
        },
        "current": {
            "name": "https://giveawaybot.party",
            "url": null,
            "type": 0
        }
    },
    "created_at": "24-03-2017_17-18-06-727000",
    "voice": {
        "previous": {
            "22-09-2018_01-13-22-854963": {}
        },
        "current": {
            "self_mute": false,
            "server_deaf": false,
            "channel": {
                "id": null,
                "name": null,
                "private": null
            },
            "self_deaf": false,
            "is_afk": false,
            "server_mute": false
        }
    },
    "name": {
        "previous": {},
        "current": "GiveawayBot"
    },
    "bot": true
}