{
    "id": "305797386926817281",
    "roles": {
        "previous": {
            "22-09-2018_01-13-22-868963": {}
        },
        "current": {
            "403243508833452032": {
                "position": 0,
                "name": "@everyone",
                "colour": 0,
                "created_at": "17-01-2018_17-45-44-408000",
                "permissions": 104324161
            }
        }
    },
    "joined_at": {
        "previous": {},
        "current": "26-01-2018_20-29-41-946165"
    },
    "status": {
        "previous": {},
        "current": "offline"
    },
    "display_name": {
        "previous": {},
        "current": "Zepher Aerlera"
    },
    "colour": {
        "previous": {},
        "current": 0
    },
    "discriminator": {
        "previous": {},
        "current": "1364"
    },
    "game": {
        "previous": {
            "22-09-2018_01-13-22-868963": {}
        },
        "current": {
            "name": null,
            "url": null,
            "type": null
        }
    },
    "created_at": "23-04-2017_20-09-38-484000",
    "voice": {
        "previous": {
            "22-09-2018_01-13-22-868963": {}
        },
        "current": {
            "self_mute": false,
            "server_deaf": false,
            "channel": {
                "id": null,
                "name": null,
                "private": null
            },
            "self_deaf": false,
            "is_afk": false,
            "server_mute": false
        }
    },
    "name": {
        "previous": {},
        "current": "Zepher Aerlera"
    },
    "bot": false
}