{
    "id": "325634360210620422",
    "roles": {
        "previous": {
            "22-09-2018_01-13-22-896964": {}
        },
        "current": {
            "428680087592894471": {
                "position": 1,
                "name": "DisWorld",
                "colour": 0,
                "created_at": "28-03-2018_22-21-37-373000",
                "permissions": 66560
            },
            "403243508833452032": {
                "position": 0,
                "name": "@everyone",
                "colour": 0,
                "created_at": "17-01-2018_17-45-44-408000",
                "permissions": 104324161
            }
        }
    },
    "joined_at": {
        "previous": {},
        "current": "28-03-2018_22-21-37-367247"
    },
    "status": {
        "previous": {},
        "current": "online"
    },
    "display_name": {
        "previous": {},
        "current": "DisWorld"
    },
    "colour": {
        "previous": {},
        "current": 0
    },
    "discriminator": {
        "previous": {},
        "current": "3666"
    },
    "game": {
        "previous": {
            "22-09-2018_01-13-22-896964": {}
        },
        "current": {
            "name": null,
            "url": null,
            "type": null
        }
    },
    "created_at": "17-06-2017_13-54-41-468000",
    "voice": {
        "previous": {
            "22-09-2018_01-13-22-896964": {}
        },
        "current": {
            "self_mute": false,
            "server_deaf": false,
            "channel": {
                "id": null,
                "name": null,
                "private": null
            },
            "self_deaf": false,
            "is_afk": false,
            "server_mute": false
        }
    },
    "name": {
        "previous": {},
        "current": "DisWorld"
    },
    "bot": true
}