{
    "id": "329759438816935936",
    "roles": {
        "previous": {
            "22-09-2018_01-13-22-861964": {}
        },
        "current": {
            "413625892640784394": {
                "position": 1,
                "name": "GLadOS",
                "colour": 0,
                "created_at": "15-02-2018_09-21-37-603000",
                "permissions": 24576
            },
            "403243508833452032": {
                "position": 0,
                "name": "@everyone",
                "colour": 0,
                "created_at": "17-01-2018_17-45-44-408000",
                "permissions": 104324161
            }
        }
    },
    "joined_at": {
        "previous": {},
        "current": "15-02-2018_09-21-37-598980"
    },
    "status": {
        "previous": {},
        "current": "online"
    },
    "display_name": {
        "previous": {},
        "current": "GLadOS"
    },
    "colour": {
        "previous": {},
        "current": 0
    },
    "discriminator": {
        "previous": {},
        "current": "5082"
    },
    "game": {
        "previous": {
            "22-09-2018_01-13-22-862963": {}
        },
        "current": {
            "name": "'help | 1620 Servers",
            "url": "https://www.twitch.tv/andrewjwin",
            "type": 1
        }
    },
    "created_at": "28-06-2017_23-06-16-848000",
    "voice": {
        "previous": {
            "22-09-2018_01-13-22-861964": {}
        },
        "current": {
            "self_mute": false,
            "server_deaf": false,
            "channel": {
                "id": null,
                "name": null,
                "private": null
            },
            "self_deaf": false,
            "is_afk": false,
            "server_mute": false
        }
    },
    "name": {
        "previous": {},
        "current": "GLadOS"
    },
    "bot": true
}