{
    "roles": {
        "previous": {
            "17-01-2019_17-37-42-106001": {
                "373129696960970762": {
                    "created_at": "26-10-2017_15-24-12-170000",
                    "name": "Staff",
                    "permissions": 0,
                    "position": 17,
                    "colour": 16711680
                },
                "324535144641986560": {
                    "created_at": "14-06-2017_13-06-48-054000",
                    "name": "Head of Development",
                    "permissions": 2116537599,
                    "position": 26,
                    "colour": 15844367
                },
                "189416410542374912": {
                    "created_at": "06-06-2016_16-33-11-460000",
                    "name": "Moderator",
                    "permissions": 267774166,
                    "position": 18,
                    "colour": 3447003
                },
                "403266269220175892": {
                    "created_at": "17-01-2018_19-16-10-907000",
                    "name": "Mythical Ones",
                    "permissions": 262208,
                    "position": 15,
                    "colour": 1033914
                },
                "178667818152230912": {
                    "created_at": "08-05-2016_00-42-07-335000",
                    "name": "@everyone",
                    "permissions": 0,
                    "position": 0,
                    "colour": 0
                },
                "469889716435812353": {
                    "created_at": "20-07-2018_15-33-58-527000",
                    "name": "High Council",
                    "permissions": 8,
                    "position": 29,
                    "colour": 0
                }
            },
            "16-12-2018_21-52-39-901037": {
                "373129696960970762": {
                    "created_at": "26-10-2017_15-24-12-170000",
                    "name": "Staff",
                    "permissions": 0,
                    "position": 18,
                    "colour": 16711680
                },
                "324535144641986560": {
                    "created_at": "14-06-2017_13-06-48-054000",
                    "name": "Head of Development",
                    "permissions": 2116537599,
                    "position": 27,
                    "colour": 16771132
                },
                "189416410542374912": {
                    "created_at": "06-06-2016_16-33-11-460000",
                    "name": "Moderator",
                    "permissions": 267775190,
                    "position": 19,
                    "colour": 3447003
                },
                "403266269220175892": {
                    "created_at": "17-01-2018_19-16-10-907000",
                    "name": "Mythical Ones",
                    "permissions": 262208,
                    "position": 15,
                    "colour": 1033914
                },
                "178667818152230912": {
                    "created_at": "08-05-2016_00-42-07-335000",
                    "name": "@everyone",
                    "permissions": 0,
                    "position": 0,
                    "colour": 0
                },
                "469889716435812353": {
                    "created_at": "20-07-2018_15-33-58-527000",
                    "name": "High Council",
                    "permissions": 8,
                    "position": 30,
                    "colour": 0
                }
            },
            "13-01-2019_18-58-47-852165": {
                "373129696960970762": {
                    "created_at": "26-10-2017_15-24-12-170000",
                    "name": "Staff",
                    "permissions": 0,
                    "position": 16,
                    "colour": 16711680
                },
                "324535144641986560": {
                    "created_at": "14-06-2017_13-06-48-054000",
                    "name": "Head of Development",
                    "permissions": 2116537599,
                    "position": 25,
                    "colour": 15844367
                },
                "189416410542374912": {
                    "created_at": "06-06-2016_16-33-11-460000",
                    "name": "Moderator",
                    "permissions": 267775190,
                    "position": 17,
                    "colour": 3447003
                },
                "403266269220175892": {
                    "created_at": "17-01-2018_19-16-10-907000",
                    "name": "Mythical Ones",
                    "permissions": 262208,
                    "position": 14,
                    "colour": 1033914
                },
                "178667818152230912": {
                    "created_at": "08-05-2016_00-42-07-335000",
                    "name": "@everyone",
                    "permissions": 0,
                    "position": 0,
                    "colour": 0
                },
                "469889716435812353": {
                    "created_at": "20-07-2018_15-33-58-527000",
                    "name": "High Council",
                    "permissions": 8,
                    "position": 28,
                    "colour": 0
                }
            },
            "06-12-2018_00-55-15-699438": {
                "373129696960970762": {
                    "created_at": "26-10-2017_15-24-12-170000",
                    "name": "Staff",
                    "permissions": 0,
                    "position": 19,
                    "colour": 16711680
                },
                "324535144641986560": {
                    "created_at": "14-06-2017_13-06-48-054000",
                    "name": "Head of Development",
                    "permissions": 2116537599,
                    "position": 28,
                    "colour": 16771132
                },
                "189416410542374912": {
                    "created_at": "06-06-2016_16-33-11-460000",
                    "name": "Moderator",
                    "permissions": 267775190,
                    "position": 20,
                    "colour": 3447003
                },
                "403266269220175892": {
                    "created_at": "17-01-2018_19-16-10-907000",
                    "name": "Mythical Ones",
                    "permissions": 262208,
                    "position": 16,
                    "colour": 1033914
                },
                "178667818152230912": {
                    "created_at": "08-05-2016_00-42-07-335000",
                    "name": "@everyone",
                    "permissions": 0,
                    "position": 0,
                    "colour": 0
                },
                "469889716435812353": {
                    "created_at": "20-07-2018_15-33-58-527000",
                    "name": "High Council",
                    "permissions": 8,
                    "position": 31,
                    "colour": 0
                }
            },
            "10-01-2019_00-18-24-072293": {
                "373129696960970762": {
                    "created_at": "26-10-2017_15-24-12-170000",
                    "name": "Staff",
                    "permissions": 0,
                    "position": 14,
                    "colour": 16711680
                },
                "324535144641986560": {
                    "created_at": "14-06-2017_13-06-48-054000",
                    "name": "Head of Development",
                    "permissions": 2116537599,
                    "position": 23,
                    "colour": 16771132
                },
                "189416410542374912": {
                    "created_at": "06-06-2016_16-33-11-460000",
                    "name": "Moderator",
                    "permissions": 267775190,
                    "position": 15,
                    "colour": 3447003
                },
                "403266269220175892": {
                    "created_at": "17-01-2018_19-16-10-907000",
                    "name": "Mythical Ones",
                    "permissions": 262208,
                    "position": 12,
                    "colour": 1033914
                },
                "178667818152230912": {
                    "created_at": "08-05-2016_00-42-07-335000",
                    "name": "@everyone",
                    "permissions": 0,
                    "position": 0,
                    "colour": 0
                },
                "469889716435812353": {
                    "created_at": "20-07-2018_15-33-58-527000",
                    "name": "High Council",
                    "permissions": 8,
                    "position": 26,
                    "colour": 0
                }
            },
            "07-02-2019_22-30-45-401502": {
                "373129696960970762": {
                    "created_at": "26-10-2017_15-24-12-170000",
                    "name": "Staff",
                    "permissions": 0,
                    "position": 19,
                    "colour": 0
                },
                "324535144641986560": {
                    "created_at": "14-06-2017_13-06-48-054000",
                    "name": "Head of Development",
                    "permissions": 2116537599,
                    "position": 24,
                    "colour": 15844367
                },
                "189416410542374912": {
                    "created_at": "06-06-2016_16-33-11-460000",
                    "name": "Moderator",
                    "permissions": 267774166,
                    "position": 15,
                    "colour": 3447003
                },
                "403266269220175892": {
                    "created_at": "17-01-2018_19-16-10-907000",
                    "name": "Mythical Ones",
                    "permissions": 262208,
                    "position": 14,
                    "colour": 1033914
                },
                "178667818152230912": {
                    "created_at": "08-05-2016_00-42-07-335000",
                    "name": "@everyone",
                    "permissions": 0,
                    "position": 0,
                    "colour": 0
                },
                "469889716435812353": {
                    "created_at": "20-07-2018_15-33-58-527000",
                    "name": "High Council",
                    "permissions": 2146954743,
                    "position": 27,
                    "colour": 0
                }
            },
            "25-01-2019_18-03-01-080213": {
                "373129696960970762": {
                    "created_at": "26-10-2017_15-24-12-170000",
                    "name": "Staff",
                    "permissions": 0,
                    "position": 17,
                    "colour": 16711680
                },
                "324535144641986560": {
                    "created_at": "14-06-2017_13-06-48-054000",
                    "name": "Head of Development",
                    "permissions": 2116537599,
                    "position": 26,
                    "colour": 15844367
                },
                "189416410542374912": {
                    "created_at": "06-06-2016_16-33-11-460000",
                    "name": "Moderator",
                    "permissions": 267774166,
                    "position": 18,
                    "colour": 3447003
                },
                "403266269220175892": {
                    "created_at": "17-01-2018_19-16-10-907000",
                    "name": "Mythical Ones",
                    "permissions": 262208,
                    "position": 15,
                    "colour": 1033914
                },
                "178667818152230912": {
                    "created_at": "08-05-2016_00-42-07-335000",
                    "name": "@everyone",
                    "permissions": 0,
                    "position": 0,
                    "colour": 0
                },
                "469889716435812353": {
                    "created_at": "20-07-2018_15-33-58-527000",
                    "name": "High Council",
                    "permissions": 2146954743,
                    "position": 29,
                    "colour": 0
                }
            },
            "07-12-2018_09-02-35-892853": {
                "189416410542374912": {
                    "created_at": "06-06-2016_16-33-11-460000",
                    "name": "Moderator",
                    "permissions": 267775190,
                    "position": 19,
                    "colour": 3447003
                },
                "373129696960970762": {
                    "created_at": "26-10-2017_15-24-12-170000",
                    "name": "Staff",
                    "permissions": 0,
                    "position": 18,
                    "colour": 16711680
                },
                "178667818152230912": {
                    "created_at": "08-05-2016_00-42-07-335000",
                    "name": "@everyone",
                    "permissions": 0,
                    "position": 0,
                    "colour": 0
                },
                "324535144641986560": {
                    "created_at": "14-06-2017_13-06-48-054000",
                    "name": "Head of Development",
                    "permissions": 2116537599,
                    "position": 27,
                    "colour": 16771132
                },
                "469889716435812353": {
                    "created_at": "20-07-2018_15-33-58-527000",
                    "name": "High Council",
                    "permissions": 8,
                    "position": 30,
                    "colour": 0
                }
            },
            "07-12-2018_07-51-11-182069": {
                "373129696960970762": {
                    "created_at": "26-10-2017_15-24-12-170000",
                    "name": "Staff",
                    "permissions": 0,
                    "position": 18,
                    "colour": 16711680
                },
                "324535144641986560": {
                    "created_at": "14-06-2017_13-06-48-054000",
                    "name": "Head of Development",
                    "permissions": 2116537599,
                    "position": 27,
                    "colour": 16771132
                },
                "189416410542374912": {
                    "created_at": "06-06-2016_16-33-11-460000",
                    "name": "Moderator",
                    "permissions": 267775190,
                    "position": 19,
                    "colour": 3447003
                },
                "403266269220175892": {
                    "created_at": "17-01-2018_19-16-10-907000",
                    "name": "Mythical Ones",
                    "permissions": 262208,
                    "position": 15,
                    "colour": 1033914
                },
                "178667818152230912": {
                    "created_at": "08-05-2016_00-42-07-335000",
                    "name": "@everyone",
                    "permissions": 0,
                    "position": 0,
                    "colour": 0
                },
                "469889716435812353": {
                    "created_at": "20-07-2018_15-33-58-527000",
                    "name": "High Council",
                    "permissions": 8,
                    "position": 30,
                    "colour": 0
                }
            }
        },
        "current": {
            "373129696960970762": {
                "created_at": "26-10-2017_15-24-12-170000",
                "name": "Staff",
                "permissions": 0,
                "position": 19,
                "colour": 0
            },
            "324535144641986560": {
                "created_at": "14-06-2017_13-06-48-054000",
                "name": "Head of Development",
                "permissions": 2116537599,
                "position": 24,
                "colour": 15844367
            },
            "189416410542374912": {
                "created_at": "06-06-2016_16-33-11-460000",
                "name": "Moderator",
                "permissions": 267774166,
                "position": 15,
                "colour": 3447003
            },
            "403266269220175892": {
                "created_at": "17-01-2018_19-16-10-907000",
                "name": "Mythical Ones",
                "permissions": 262208,
                "position": 14,
                "colour": 1033914
            },
            "178667818152230912": {
                "created_at": "08-05-2016_00-42-07-335000",
                "name": "@everyone",
                "permissions": 0,
                "position": 0,
                "colour": 0
            },
            "469889716435812353": {
                "created_at": "20-07-2018_15-33-58-527000",
                "name": "Nation Leaders",
                "permissions": 2146954743,
                "position": 27,
                "colour": 0
            }
        }
    },
    "status": {
        "previous": {
            "16-01-2019_22-00-47-241502": "online",
            "08-02-2019_19-09-26-882805": "idle",
            "06-12-2018_01-05-49-556858": "idle",
            "08-02-2019_19-38-42-445767": "online",
            "06-12-2018_00-44-16-069543": "offline",
            "26-01-2019_15-44-45-130911": "idle",
            "27-01-2019_00-03-40-224296": "online",
            "12-12-2018_11-49-23-541900": "idle",
            "29-01-2019_23-34-56-773453": "idle",
            "18-01-2019_23-28-09-275982": "online",
            "13-01-2019_18-58-47-852165": "idle",
            "06-12-2018_13-18-30-157611": "idle",
            "07-12-2018_19-07-03-633575": "offline",
            "23-01-2019_21-15-24-922386": "idle",
            "19-01-2019_23-47-11-591556": "online",
            "06-12-2018_15-04-14-303670": "offline",
            "26-01-2019_04-12-07-077616": "online",
            "31-01-2019_23-15-25-764869": "online",
            "19-01-2019_13-47-02-065430": "idle",
            "15-01-2019_20-05-24-063373": "idle",
            "09-12-2018_10-12-40-202519": "idle",
            "10-01-2019_03-33-44-007928": "idle",
            "30-01-2019_14-51-49-215528": "idle",
            "16-01-2019_15-03-07-147943": "idle",
            "25-01-2019_00-26-23-076062": "online",
            "10-12-2018_16-02-31-496869": "online",
            "12-01-2019_01-16-58-662867": "offline",
            "18-01-2019_15-04-28-265172": "idle",
            "17-01-2019_17-37-42-106001": "idle",
            "23-01-2019_23-06-46-438605": "online",
            "10-01-2019_03-36-57-747790": "idle",
            "07-12-2018_09-02-35-892853": "idle",
            "27-01-2019_13-19-36-209606": "idle",
            "06-12-2018_19-01-41-672098": "idle",
            "05-12-2018_16-27-33-714312": "idle",
            "13-01-2019_23-58-57-488890": "online",
            "07-12-2018_07-51-11-182069": "idle",
            "10-01-2019_00-18-24-072293": "online",
            "17-12-2018_08-19-13-303562": "online",
            "30-01-2019_23-45-18-912162": "idle",
            "25-01-2019_18-03-01-080213": "online",
            "25-01-2019_15-28-36-671537": "idle",
            "06-12-2018_14-27-10-018861": "offline",
            "11-12-2018_09-13-26-392726": "idle",
            "06-12-2018_17-09-51-137367": "idle",
            "07-02-2019_22-30-45-401502": "idle",
            "06-12-2018_00-29-32-919666": "offline",
            "31-01-2019_19-29-23-149190": "idle"
        },
        "current": "idle"
    },
    "colour": {
        "previous": {
            "10-01-2019_00-18-24-072293": 16771132
        },
        "current": 15844367
    },
    "id": "149381939428589568",
    "name": {
        "previous": {},
        "current": "Ely"
    },
    "discriminator": {
        "previous": {
            "31-01-2019_23-15-25-764869": "2273"
        },
        "current": "8192"
    },
    "bot": false,
    "joined_at": {
        "previous": {},
        "current": "05-07-2016_08-07-38-976000"
    },
    "bans": {
        "previous": {},
        "current": "not banned"
    },
    "game": {
        "previous": {
            "27-01-2019_13-19-36-209606": {
                "url": null,
                "name": "osu!",
                "type": 0
            },
            "07-12-2018_19-07-03-633575": {
                "url": null,
                "name": "osu!",
                "type": 0
            },
            "08-12-2018_15-44-11-058097": {
                "url": null,
                "name": "Counter-Strike: Global Offensive",
                "type": 0
            },
            "27-01-2019_00-03-40-224296": {
                "url": null,
                "name": "osu!",
                "type": 0
            },
            "26-01-2019_15-44-45-130911": {
                "url": null,
                "name": null,
                "type": null
            }
        },
        "current": {
            "url": null,
            "name": null,
            "type": null
        }
    },
    "activity": {
        "2019": {
            "2": {
                "1": {
                    "20": {
                        "403084655550791682": 2
                    },
                    "16": {
                        "403084655550791682": 113
                    },
                    "22": {
                        "403084790401728512": 2
                    },
                    "17": {
                        "403084655550791682": 3
                    },
                    "0": {
                        "403084655550791682": 29,
                        "403084763591606273": 1
                    }
                }
            },
            "1": {
                "19": {
                    "21": {
                        "403084655550791682": 2
                    },
                    "23": {
                        "403084655550791682": 12,
                        "535533512892219392": 2
                    },
                    "1": {
                        "535533512892219392": 10
                    },
                    "0": {
                        "535533512892219392": 9
                    }
                },
                "26": {
                    "15": {
                        "403084813680115712": 1
                    },
                    "22": {
                        "403084655550791682": 1
                    }
                },
                "17": {
                    "20": {
                        "404067128786944002": 1,
                        "523913649182605330": 10,
                        "403084655550791682": 1
                    },
                    "21": {
                        "403086614600876032": 5,
                        "403086550851911681": 1
                    },
                    "12": {
                        "403084655550791682": 1
                    },
                    "19": {
                        "404067128786944002": 3,
                        "403084655550791682": 2
                    },
                    "2": {
                        "523913649182605330": 11,
                        "403084655550791682": 5
                    },
                    "23": {
                        "535533512892219392": 3
                    },
                    "22": {
                        "535533512892219392": 1,
                        "403086550851911681": 2
                    }
                },
                "16": {
                    "19": {
                        "403084655550791682": 1
                    },
                    "23": {
                        "403085107386253312": 1
                    },
                    "22": {
                        "403085107386253312": 1
                    }
                },
                "15": {
                    "23": {
                        "404067128786944002": 3,
                        "403084655550791682": 4
                    },
                    "22": {
                        "403084655550791682": 6
                    }
                },
                "31": {
                    "19": {
                        "403084655550791682": 17
                    },
                    "23": {
                        "403084655550791682": 20
                    }
                },
                "25": {
                    "19": {
                        "523913649182605330": 1
                    },
                    "18": {
                        "523913649182605330": 1
                    },
                    "15": {
                        "403084655550791682": 7
                    },
                    "14": {
                        "535533512892219392": 4
                    },
                    "17": {
                        "403084655550791682": 1
                    },
                    "0": {
                        "410813767840956416": 10
                    }
                },
                "11": {
                    "23": {
                        "523913649182605330": 9
                    }
                },
                "20": {
                    "23": {
                        "535533512892219392": 1
                    },
                    "18": {
                        "403084655550791682": 10
                    }
                },
                "27": {
                    "14": {
                        "404067128786944002": 1
                    }
                },
                "12": {
                    "3": {
                        "523913649182605330": 9
                    },
                    "2": {
                        "523913649182605330": 22
                    },
                    "1": {
                        "523913649182605330": 70,
                        "403084655550791682": 30
                    },
                    "23": {
                        "523913649182605330": 1
                    },
                    "15": {
                        "404067128786944002": 1
                    },
                    "0": {
                        "523913649182605330": 56
                    }
                },
                "18": {
                    "20": {
                        "535533512892219392": 4
                    },
                    "21": {
                        "535533512892219392": 5
                    },
                    "2": {
                        "523913649182605330": 1
                    },
                    "23": {
                        "523913649182605330": 1,
                        "532712820454719492": 1,
                        "535533512892219392": 12
                    },
                    "22": {
                        "535533512892219392": 1
                    },
                    "0": {
                        "535533512892219392": 1
                    }
                },
                "14": {
                    "2": {
                        "523913649182605330": 8
                    },
                    "23": {
                        "523913649182605330": 4
                    },
                    "22": {
                        "403084854243098634": 1,
                        "403086614600876032": 2
                    },
                    "0": {
                        "403084655550791682": 1,
                        "523913649182605330": 30,
                        "403086614600876032": 5
                    }
                },
                "10": {
                    "19": {
                        "523913649182605330": 1
                    },
                    "18": {
                        "403086614600876032": 2
                    },
                    "0": {
                        "403086614600876032": 3
                    }
                },
                "13": {
                    "23": {
                        "403084655550791682": 42,
                        "523913649182605330": 11,
                        "403086614600876032": 2
                    },
                    "8": {
                        "403086614600876032": 1
                    }
                },
                "24": {
                    "14": {
                        "403084655550791682": 1
                    },
                    "1": {
                        "403084813680115712": 1
                    }
                }
            }
        },
        "2018": {
            "12": {
                "5": {
                    "16": {
                        "403086614600876032": 43
                    },
                    "22": {
                        "403086614600876032": 10
                    },
                    "15": {
                        "403086614600876032": 54
                    },
                    "17": {
                        "403086614600876032": 7
                    }
                },
                "16": {
                    "23": {
                        "523913649182605330": 2
                    },
                    "22": {
                        "523913649182605330": 4
                    }
                },
                "10": {
                    "19": {
                        "403084790401728512": 2
                    },
                    "22": {
                        "403084790401728512": 1
                    }
                },
                "6": {
                    "21": {
                        "403086614600876032": 4
                    },
                    "14": {
                        "403084655550791682": 4
                    },
                    "17": {
                        "403086614600876032": 6
                    },
                    "22": {
                        "403084655550791682": 7
                    },
                    "16": {
                        "403086614600876032": 11
                    },
                    "0": {
                        "403086614600876032": 4
                    }
                },
                "7": {
                    "19": {
                        "403086614600876032": 2
                    },
                    "9": {
                        "403086614600876032": 14
                    },
                    "8": {
                        "403086614600876032": 18
                    }
                },
                "11": {
                    "16": {
                        "403119788370690048": 1,
                        "403086691646046209": 1,
                        "403086614600876032": 15,
                        "403084763591606273": 1
                    }
                }
            }
        }
    },
    "voice": {
        "previous": {
            "11-01-2019_23-54-44-166805": {
                "self_mute": false,
                "is_afk": false,
                "server_deaf": false,
                "channel": {
                    "private": null,
                    "id": null,
                    "name": null
                },
                "self_deaf": false,
                "server_mute": false
            },
            "16-12-2018_21-52-39-901037": {
                "self_mute": false,
                "is_afk": false,
                "server_deaf": false,
                "channel": {
                    "private": null,
                    "id": null,
                    "name": null
                },
                "self_deaf": false,
                "server_mute": false
            },
            "17-12-2018_08-19-13-303562": {
                "self_mute": false,
                "is_afk": false,
                "server_deaf": false,
                "channel": {
                    "private": false,
                    "id": "403283673647939595",
                    "name": "General"
                },
                "self_deaf": false,
                "server_mute": false
            },
            "19-01-2019_23-47-11-591556": {
                "self_mute": false,
                "is_afk": false,
                "server_deaf": false,
                "channel": {
                    "private": false,
                    "id": "535533609617195018",
                    "name": "Kinky Kat Chat"
                },
                "self_deaf": false,
                "server_mute": false
            },
            "23-01-2019_23-06-46-438605": {
                "self_mute": false,
                "is_afk": false,
                "server_deaf": false,
                "channel": {
                    "private": false,
                    "id": "523902470724911105",
                    "name": "simply-yeet"
                },
                "self_deaf": false,
                "server_mute": false
            },
            "16-12-2018_22-46-26-221531": {
                "self_mute": false,
                "is_afk": false,
                "server_deaf": false,
                "channel": {
                    "private": false,
                    "id": "403086522146095104",
                    "name": "Under Where"
                },
                "self_deaf": false,
                "server_mute": false
            },
            "12-01-2019_01-16-58-662867": {
                "self_mute": false,
                "is_afk": false,
                "server_deaf": false,
                "channel": {
                    "private": false,
                    "id": "523902470724911105",
                    "name": "simply-yeet"
                },
                "self_deaf": false,
                "server_mute": false
            },
            "18-01-2019_15-04-28-265172": {
                "self_mute": false,
                "is_afk": false,
                "server_deaf": false,
                "channel": {
                    "private": null,
                    "id": null,
                    "name": null
                },
                "self_deaf": false,
                "server_mute": false
            },
            "17-01-2019_17-37-42-106001": {
                "self_mute": false,
                "is_afk": false,
                "server_deaf": false,
                "channel": {
                    "private": false,
                    "id": "523902470724911105",
                    "name": "simply-yeet"
                },
                "self_deaf": false,
                "server_mute": false
            },
            "25-01-2019_15-28-36-671537": {
                "self_mute": false,
                "is_afk": false,
                "server_deaf": false,
                "channel": {
                    "private": false,
                    "id": "403283673647939595",
                    "name": "General"
                },
                "self_deaf": false,
                "server_mute": false
            },
            "25-01-2019_18-03-01-080213": {
                "self_mute": false,
                "is_afk": false,
                "server_deaf": false,
                "channel": {
                    "private": false,
                    "id": "523902470724911105",
                    "name": "simply-yeet"
                },
                "self_deaf": false,
                "server_mute": false
            },
            "10-01-2019_03-36-57-747790": {
                "self_mute": false,
                "is_afk": false,
                "server_deaf": false,
                "channel": {
                    "private": false,
                    "id": "403283673647939595",
                    "name": "General"
                },
                "self_deaf": false,
                "server_mute": false
            },
            "11-12-2018_09-13-26-392726": {
                "self_mute": false,
                "is_afk": false,
                "server_deaf": false,
                "channel": {
                    "private": false,
                    "id": "403261388497354752",
                    "name": "Staff"
                },
                "self_deaf": false,
                "server_mute": false
            },
            "06-12-2018_19-01-41-672098": {
                "self_mute": false,
                "is_afk": false,
                "server_deaf": false,
                "channel": {
                    "private": false,
                    "id": "403283673647939595",
                    "name": "General"
                },
                "self_deaf": false,
                "server_mute": false
            },
            "31-01-2019_23-15-25-764869": {
                "self_mute": false,
                "is_afk": false,
                "server_deaf": false,
                "channel": {
                    "private": false,
                    "id": "403283673647939595",
                    "name": "General"
                },
                "self_deaf": false,
                "server_mute": false
            },
            "13-01-2019_23-58-57-488890": {
                "self_mute": false,
                "is_afk": false,
                "server_deaf": false,
                "channel": {
                    "private": false,
                    "id": "523902470724911105",
                    "name": "simply-yeet"
                },
                "self_deaf": false,
                "server_mute": false
            },
            "18-01-2019_22-56-50-509179": {
                "self_mute": false,
                "is_afk": false,
                "server_deaf": false,
                "channel": {
                    "private": false,
                    "id": "535533609617195018",
                    "name": "Kinky Kat Chat"
                },
                "self_deaf": false,
                "server_mute": false
            },
            "18-01-2019_23-28-09-275982": {
                "self_mute": false,
                "is_afk": false,
                "server_deaf": false,
                "channel": {
                    "private": false,
                    "id": "523902470724911105",
                    "name": "simply-yeet"
                },
                "self_deaf": false,
                "server_mute": false
            }
        },
        "current": {
            "self_mute": false,
            "is_afk": false,
            "server_deaf": false,
            "channel": {
                "private": null,
                "id": null,
                "name": null
            },
            "self_deaf": false,
            "server_mute": false
        }
    },
    "created_at": "17-02-2016_05-10-29-742000",
    "cookies": {
        "measured_epochs": 3,
        "total_cookies": 38,
        "get": {
            "total_cookies": 19,
            "average": 6.333333333333333
        },
        "active_this_epoch": false,
        "active_epochs": 3,
        "cookies_in_jar": 4,
        "give": {
            "total_cookies": 33,
            "average": 11.0
        },
        "cookie_interest": 0.8198698613462376,
        "current_cookies": 18,
        "cookie_transfer_quota": 0
    },
    "display_name": {
        "previous": {
            "07-02-2019_22-30-45-401502": "S. Tribal Chief Zeny"
        },
        "current": "Firelord Zeny"
    }
}