{
    "roles": {
        "previous": {
            "17-01-2019_17-37-42-106001": {
                "403239438802485259": {
                    "colour": 13079310,
                    "name": "Bots",
                    "created_at": "17-01-2018_17-29-34-037000",
                    "position": 10,
                    "permissions": 0
                },
                "178667818152230912": {
                    "colour": 0,
                    "name": "@everyone",
                    "created_at": "08-05-2016_00-42-07-335000",
                    "position": 0,
                    "permissions": 0
                },
                "403266285313589250": {
                    "colour": 16777215,
                    "name": "Abandoned Ones",
                    "created_at": "17-01-2018_19-16-14-744000",
                    "position": 9,
                    "permissions": 0
                },
                "529116178040487946": {
                    "colour": 0,
                    "name": "Rhythm",
                    "created_at": "31-12-2018_01-58-47-348000",
                    "position": 11,
                    "permissions": 36717632
                }
            },
            "25-01-2019_18-03-01-080213": {
                "403239438802485259": {
                    "colour": 13079310,
                    "name": "Bots",
                    "created_at": "17-01-2018_17-29-34-037000",
                    "position": 9,
                    "permissions": 0
                },
                "178667818152230912": {
                    "colour": 0,
                    "name": "@everyone",
                    "created_at": "08-05-2016_00-42-07-335000",
                    "position": 0,
                    "permissions": 0
                },
                "403266285313589250": {
                    "colour": 16777215,
                    "name": "Abandoned Ones",
                    "created_at": "17-01-2018_19-16-14-744000",
                    "position": 12,
                    "permissions": 0
                },
                "529116178040487946": {
                    "colour": 0,
                    "name": "Rhythm",
                    "created_at": "31-12-2018_01-58-47-348000",
                    "position": 10,
                    "permissions": 36717632
                }
            },
            "25-01-2019_00-26-23-076062": {
                "403239438802485259": {
                    "colour": 13079310,
                    "name": "Bots",
                    "created_at": "17-01-2018_17-29-34-037000",
                    "position": 11,
                    "permissions": 0
                },
                "178667818152230912": {
                    "colour": 0,
                    "name": "@everyone",
                    "created_at": "08-05-2016_00-42-07-335000",
                    "position": 0,
                    "permissions": 0
                },
                "403266285313589250": {
                    "colour": 16777215,
                    "name": "Abandoned Ones",
                    "created_at": "17-01-2018_19-16-14-744000",
                    "position": 10,
                    "permissions": 0
                },
                "529116178040487946": {
                    "colour": 0,
                    "name": "Rhythm",
                    "created_at": "31-12-2018_01-58-47-348000",
                    "position": 12,
                    "permissions": 36717632
                }
            }
        },
        "current": {
            "403239438802485259": {
                "colour": 13079310,
                "name": "Bots",
                "created_at": "17-01-2018_17-29-34-037000",
                "position": 8,
                "permissions": 0
            },
            "178667818152230912": {
                "colour": 0,
                "name": "@everyone",
                "created_at": "08-05-2016_00-42-07-335000",
                "position": 0,
                "permissions": 0
            },
            "403266285313589250": {
                "colour": 16777215,
                "name": "Abandoned Ones",
                "created_at": "17-01-2018_19-16-14-744000",
                "position": 11,
                "permissions": 0
            },
            "529116178040487946": {
                "colour": 0,
                "name": "Rhythm",
                "created_at": "31-12-2018_01-58-47-348000",
                "position": 9,
                "permissions": 36717632
            }
        }
    },
    "status": {
        "previous": {
            "15-01-2019_20-05-24-063373": "offline"
        },
        "current": "online"
    },
    "name": {
        "previous": {},
        "current": "Rythm"
    },
    "discriminator": {
        "previous": {},
        "current": "3722"
    },
    "created_at": "10-10-2016_17-18-57-438000",
    "bot": true,
    "joined_at": {
        "previous": {},
        "current": "31-12-2018_01-58-02-344191"
    },
    "bans": {
        "previous": {},
        "current": "not banned"
    },
    "game": {
        "previous": {},
        "current": {
            "url": null,
            "name": null,
            "type": null
        }
    },
    "activity": {
        "2019": {
            "1": {
                "19": {
                    "0": {
                        "532712820454719492": 1,
                        "535533512892219392": 21
                    }
                },
                "18": {
                    "23": {
                        "532712820454719492": 47,
                        "535533512892219392": 25
                    }
                }
            }
        }
    },
    "display_name": {
        "previous": {},
        "current": "Rythm"
    },
    "voice": {
        "previous": {
            "18-01-2019_22-56-50-509179": {
                "self_mute": false,
                "is_afk": false,
                "server_deaf": false,
                "channel": {
                    "private": null,
                    "id": null,
                    "name": null
                },
                "self_deaf": false,
                "server_mute": false
            },
            "18-01-2019_23-28-09-275982": {
                "self_mute": false,
                "is_afk": false,
                "server_deaf": false,
                "channel": {
                    "private": false,
                    "id": "523902470724911105",
                    "name": "simply-yeet"
                },
                "self_deaf": false,
                "server_mute": false
            }
        },
        "current": {
            "self_mute": false,
            "is_afk": false,
            "server_deaf": false,
            "channel": {
                "private": null,
                "id": null,
                "name": null
            },
            "self_deaf": false,
            "server_mute": false
        }
    },
    "id": "235088799074484224",
    "cookies": {
        "total_cookies": 0,
        "measured_epochs": 2,
        "get": {
            "total_cookies": 0,
            "average": 0.0
        },
        "active_this_epoch": false,
        "active_epochs": 0,
        "cookie_interest": 0,
        "cookies_in_jar": 0,
        "cookie_transfer_quota": 0,
        "current_cookies": 0,
        "give": {
            "total_cookies": 0,
            "average": 0.0
        }
    },
    "colour": {
        "previous": {
            "25-01-2019_00-26-23-076062": 13079310
        },
        "current": 16777215
    }
}