{
    "roles": {
        "previous": {
            "17-01-2019_17-37-42-106001": {
                "373129696960970762": {
                    "created_at": "26-10-2017_15-24-12-170000",
                    "name": "Staff",
                    "permissions": 0,
                    "position": 17,
                    "colour": 16711680
                },
                "403272352223461387": {
                    "created_at": "17-01-2018_19-40-21-208000",
                    "name": "Members",
                    "permissions": 104187968,
                    "position": 9,
                    "colour": 0
                },
                "469889439775326208": {
                    "created_at": "20-07-2018_15-32-52-566000",
                    "name": "Head of Media",
                    "permissions": 0,
                    "position": 24,
                    "colour": 16741437
                },
                "403266285313589250": {
                    "created_at": "17-01-2018_19-16-14-744000",
                    "name": "Abandoned Ones",
                    "permissions": 0,
                    "position": 10,
                    "colour": 16777215
                },
                "401845161266642944": {
                    "created_at": "13-01-2018_21-09-12-368000",
                    "name": "Media Creators",
                    "permissions": 0,
                    "position": 19,
                    "colour": 7962319
                },
                "430760351248809986": {
                    "created_at": "03-04-2018_16-07-50-878000",
                    "name": "Current Iteration",
                    "permissions": 0,
                    "position": 8,
                    "colour": 0
                },
                "178667818152230912": {
                    "created_at": "08-05-2016_00-42-07-335000",
                    "name": "@everyone",
                    "permissions": 0,
                    "position": 0,
                    "colour": 0
                },
                "469889716435812353": {
                    "created_at": "20-07-2018_15-33-58-527000",
                    "name": "High Council",
                    "permissions": 8,
                    "position": 29,
                    "colour": 0
                }
            },
            "10-01-2019_00-18-24-072293": {
                "373129696960970762": {
                    "created_at": "26-10-2017_15-24-12-170000",
                    "name": "Staff",
                    "permissions": 0,
                    "position": 14,
                    "colour": 16711680
                },
                "403272352223461387": {
                    "created_at": "17-01-2018_19-40-21-208000",
                    "name": "Members",
                    "permissions": 104187968,
                    "position": 7,
                    "colour": 0
                },
                "403266285313589250": {
                    "created_at": "17-01-2018_19-16-14-744000",
                    "name": "Abandoned Ones",
                    "permissions": 0,
                    "position": 8,
                    "colour": 16777215
                },
                "401845161266642944": {
                    "created_at": "13-01-2018_21-09-12-368000",
                    "name": "Media Creators",
                    "permissions": 0,
                    "position": 16,
                    "colour": 7962319
                },
                "430760351248809986": {
                    "created_at": "03-04-2018_16-07-50-878000",
                    "name": "Current Iteration",
                    "permissions": 0,
                    "position": 6,
                    "colour": 0
                },
                "178667818152230912": {
                    "created_at": "08-05-2016_00-42-07-335000",
                    "name": "@everyone",
                    "permissions": 0,
                    "position": 0,
                    "colour": 0
                }
            },
            "16-12-2018_21-52-39-901037": {
                "373129696960970762": {
                    "created_at": "26-10-2017_15-24-12-170000",
                    "name": "Staff",
                    "permissions": 0,
                    "position": 18,
                    "colour": 16711680
                },
                "403272352223461387": {
                    "created_at": "17-01-2018_19-40-21-208000",
                    "name": "Members",
                    "permissions": 104187968,
                    "position": 10,
                    "colour": 0
                },
                "403266285313589250": {
                    "created_at": "17-01-2018_19-16-14-744000",
                    "name": "Abandoned Ones",
                    "permissions": 0,
                    "position": 11,
                    "colour": 16777215
                },
                "401845161266642944": {
                    "created_at": "13-01-2018_21-09-12-368000",
                    "name": "Media Creators",
                    "permissions": 0,
                    "position": 20,
                    "colour": 7962319
                },
                "430760351248809986": {
                    "created_at": "03-04-2018_16-07-50-878000",
                    "name": "Current Iteration",
                    "permissions": 0,
                    "position": 9,
                    "colour": 0
                },
                "178667818152230912": {
                    "created_at": "08-05-2016_00-42-07-335000",
                    "name": "@everyone",
                    "permissions": 0,
                    "position": 0,
                    "colour": 0
                }
            },
            "07-12-2018_09-02-35-892853": {
                "373129696960970762": {
                    "created_at": "26-10-2017_15-24-12-170000",
                    "name": "Staff",
                    "permissions": 0,
                    "position": 18,
                    "colour": 16711680
                },
                "403272352223461387": {
                    "created_at": "17-01-2018_19-40-21-208000",
                    "name": "Members",
                    "permissions": 104187968,
                    "position": 11,
                    "colour": 0
                },
                "403266285313589250": {
                    "created_at": "17-01-2018_19-16-14-744000",
                    "name": "Abandoned Ones",
                    "permissions": 0,
                    "position": 12,
                    "colour": 16777215
                },
                "401845161266642944": {
                    "created_at": "13-01-2018_21-09-12-368000",
                    "name": "Media Creators",
                    "permissions": 0,
                    "position": 20,
                    "colour": 7962319
                },
                "430760351248809986": {
                    "created_at": "03-04-2018_16-07-50-878000",
                    "name": "Current Iteration",
                    "permissions": 0,
                    "position": 9,
                    "colour": 0
                },
                "178667818152230912": {
                    "created_at": "08-05-2016_00-42-07-335000",
                    "name": "@everyone",
                    "permissions": 0,
                    "position": 0,
                    "colour": 0
                }
            },
            "06-12-2018_00-55-15-699438": {
                "373129696960970762": {
                    "created_at": "26-10-2017_15-24-12-170000",
                    "name": "Staff",
                    "permissions": 0,
                    "position": 19,
                    "colour": 16711680
                },
                "403272352223461387": {
                    "created_at": "17-01-2018_19-40-21-208000",
                    "name": "Members",
                    "permissions": 104187968,
                    "position": 12,
                    "colour": 0
                },
                "401845161266642944": {
                    "created_at": "13-01-2018_21-09-12-368000",
                    "name": "Media Creators",
                    "permissions": 0,
                    "position": 21,
                    "colour": 7962319
                },
                "430760351248809986": {
                    "created_at": "03-04-2018_16-07-50-878000",
                    "name": "Current Iteration",
                    "permissions": 0,
                    "position": 10,
                    "colour": 0
                },
                "403266269220175892": {
                    "created_at": "17-01-2018_19-16-10-907000",
                    "name": "Mythical Ones",
                    "permissions": 262208,
                    "position": 16,
                    "colour": 1033914
                },
                "178667818152230912": {
                    "created_at": "08-05-2016_00-42-07-335000",
                    "name": "@everyone",
                    "permissions": 0,
                    "position": 0,
                    "colour": 0
                }
            },
            "25-01-2019_00-26-23-076062": {
                "373129696960970762": {
                    "created_at": "26-10-2017_15-24-12-170000",
                    "name": "Staff",
                    "permissions": 0,
                    "position": 17,
                    "colour": 16711680
                },
                "403272352223461387": {
                    "created_at": "17-01-2018_19-40-21-208000",
                    "name": "Members",
                    "permissions": 104187968,
                    "position": 9,
                    "colour": 0
                },
                "523917597138354193": {
                    "created_at": "16-12-2018_17-41-29-076000",
                    "name": "Yeeters",
                    "permissions": 0,
                    "position": 2,
                    "colour": 16714995
                },
                "403266285313589250": {
                    "created_at": "17-01-2018_19-16-14-744000",
                    "name": "Abandoned Ones",
                    "permissions": 0,
                    "position": 10,
                    "colour": 16777215
                },
                "469889439775326208": {
                    "created_at": "20-07-2018_15-32-52-566000",
                    "name": "Head of Media",
                    "permissions": 0,
                    "position": 24,
                    "colour": 16741437
                },
                "401845161266642944": {
                    "created_at": "13-01-2018_21-09-12-368000",
                    "name": "Media Creators",
                    "permissions": 0,
                    "position": 19,
                    "colour": 7962319
                },
                "430760351248809986": {
                    "created_at": "03-04-2018_16-07-50-878000",
                    "name": "Current Iteration",
                    "permissions": 0,
                    "position": 8,
                    "colour": 0
                },
                "178667818152230912": {
                    "created_at": "08-05-2016_00-42-07-335000",
                    "name": "@everyone",
                    "permissions": 0,
                    "position": 0,
                    "colour": 0
                },
                "469889716435812353": {
                    "created_at": "20-07-2018_15-33-58-527000",
                    "name": "High Council",
                    "permissions": 2146954743,
                    "position": 29,
                    "colour": 0
                }
            },
            "07-02-2019_22-30-45-401502": {
                "373129696960970762": {
                    "created_at": "26-10-2017_15-24-12-170000",
                    "name": "Staff",
                    "permissions": 0,
                    "position": 19,
                    "colour": 0
                },
                "403272352223461387": {
                    "created_at": "17-01-2018_19-40-21-208000",
                    "name": "Members",
                    "permissions": 104187968,
                    "position": 10,
                    "colour": 0
                },
                "523917597138354193": {
                    "created_at": "16-12-2018_17-41-29-076000",
                    "name": "Yeeters",
                    "permissions": 0,
                    "position": 2,
                    "colour": 16714995
                },
                "403266285313589250": {
                    "created_at": "17-01-2018_19-16-14-744000",
                    "name": "Abandoned Ones",
                    "permissions": 0,
                    "position": 11,
                    "colour": 16777215
                },
                "469889439775326208": {
                    "created_at": "20-07-2018_15-32-52-566000",
                    "name": "Head of Media",
                    "permissions": 0,
                    "position": 22,
                    "colour": 16741437
                },
                "401845161266642944": {
                    "created_at": "13-01-2018_21-09-12-368000",
                    "name": "Media Creators",
                    "permissions": 0,
                    "position": 16,
                    "colour": 7962319
                },
                "178667818152230912": {
                    "created_at": "08-05-2016_00-42-07-335000",
                    "name": "@everyone",
                    "permissions": 0,
                    "position": 0,
                    "colour": 0
                },
                "469889716435812353": {
                    "created_at": "20-07-2018_15-33-58-527000",
                    "name": "High Council",
                    "permissions": 2146954743,
                    "position": 27,
                    "colour": 0
                }
            },
            "25-01-2019_18-03-01-080213": {
                "373129696960970762": {
                    "created_at": "26-10-2017_15-24-12-170000",
                    "name": "Staff",
                    "permissions": 0,
                    "position": 17,
                    "colour": 16711680
                },
                "403272352223461387": {
                    "created_at": "17-01-2018_19-40-21-208000",
                    "name": "Members",
                    "permissions": 104187968,
                    "position": 11,
                    "colour": 0
                },
                "523917597138354193": {
                    "created_at": "16-12-2018_17-41-29-076000",
                    "name": "Yeeters",
                    "permissions": 0,
                    "position": 2,
                    "colour": 16714995
                },
                "403266285313589250": {
                    "created_at": "17-01-2018_19-16-14-744000",
                    "name": "Abandoned Ones",
                    "permissions": 0,
                    "position": 12,
                    "colour": 16777215
                },
                "469889439775326208": {
                    "created_at": "20-07-2018_15-32-52-566000",
                    "name": "Head of Media",
                    "permissions": 0,
                    "position": 24,
                    "colour": 16741437
                },
                "401845161266642944": {
                    "created_at": "13-01-2018_21-09-12-368000",
                    "name": "Media Creators",
                    "permissions": 0,
                    "position": 19,
                    "colour": 7962319
                },
                "178667818152230912": {
                    "created_at": "08-05-2016_00-42-07-335000",
                    "name": "@everyone",
                    "permissions": 0,
                    "position": 0,
                    "colour": 0
                },
                "469889716435812353": {
                    "created_at": "20-07-2018_15-33-58-527000",
                    "name": "High Council",
                    "permissions": 2146954743,
                    "position": 29,
                    "colour": 0
                }
            },
            "07-12-2018_07-51-11-182069": {
                "373129696960970762": {
                    "created_at": "26-10-2017_15-24-12-170000",
                    "name": "Staff",
                    "permissions": 0,
                    "position": 18,
                    "colour": 16711680
                },
                "403272352223461387": {
                    "created_at": "17-01-2018_19-40-21-208000",
                    "name": "Members",
                    "permissions": 104187968,
                    "position": 11,
                    "colour": 0
                },
                "401845161266642944": {
                    "created_at": "13-01-2018_21-09-12-368000",
                    "name": "Media Creators",
                    "permissions": 0,
                    "position": 20,
                    "colour": 7962319
                },
                "430760351248809986": {
                    "created_at": "03-04-2018_16-07-50-878000",
                    "name": "Current Iteration",
                    "permissions": 0,
                    "position": 9,
                    "colour": 0
                },
                "403266269220175892": {
                    "created_at": "17-01-2018_19-16-10-907000",
                    "name": "Mythical Ones",
                    "permissions": 262208,
                    "position": 15,
                    "colour": 1033914
                },
                "178667818152230912": {
                    "created_at": "08-05-2016_00-42-07-335000",
                    "name": "@everyone",
                    "permissions": 0,
                    "position": 0,
                    "colour": 0
                }
            }
        },
        "current": {
            "373129696960970762": {
                "created_at": "26-10-2017_15-24-12-170000",
                "name": "Staff",
                "permissions": 0,
                "position": 19,
                "colour": 0
            },
            "403272352223461387": {
                "created_at": "17-01-2018_19-40-21-208000",
                "name": "Members",
                "permissions": 104187968,
                "position": 10,
                "colour": 0
            },
            "523917597138354193": {
                "created_at": "16-12-2018_17-41-29-076000",
                "name": "Yeeters",
                "permissions": 0,
                "position": 2,
                "colour": 16714995
            },
            "403266285313589250": {
                "created_at": "17-01-2018_19-16-14-744000",
                "name": "Abandoned Ones",
                "permissions": 0,
                "position": 11,
                "colour": 16777215
            },
            "469889439775326208": {
                "created_at": "20-07-2018_15-32-52-566000",
                "name": "Head of Media",
                "permissions": 0,
                "position": 22,
                "colour": 16741437
            },
            "401845161266642944": {
                "created_at": "13-01-2018_21-09-12-368000",
                "name": "Media Creators",
                "permissions": 0,
                "position": 16,
                "colour": 7962319
            },
            "178667818152230912": {
                "created_at": "08-05-2016_00-42-07-335000",
                "name": "@everyone",
                "permissions": 0,
                "position": 0,
                "colour": 0
            },
            "469889716435812353": {
                "created_at": "20-07-2018_15-33-58-527000",
                "name": "Nation Leaders",
                "permissions": 2146954743,
                "position": 27,
                "colour": 0
            }
        }
    },
    "status": {
        "previous": {
            "16-01-2019_22-00-47-241502": "dnd",
            "16-12-2018_21-52-39-901037": "dnd",
            "07-12-2018_09-02-35-892853": "offline",
            "08-02-2019_19-38-42-445767": "offline",
            "06-12-2018_14-01-40-919859": "offline",
            "09-12-2018_10-10-43-790279": "dnd",
            "26-01-2019_15-44-45-130911": "offline",
            "27-01-2019_00-03-40-224296": "dnd",
            "12-12-2018_11-49-23-541900": "offline",
            "29-01-2019_23-34-56-773453": "online",
            "18-01-2019_23-28-09-275982": "idle",
            "13-01-2019_18-58-47-852165": "idle",
            "06-12-2018_13-18-30-157611": "dnd",
            "07-12-2018_19-07-03-633575": "dnd",
            "06-12-2018_15-40-12-725739": "dnd",
            "05-12-2018_16-23-43-417186": "dnd",
            "06-12-2018_15-04-14-303670": "offline",
            "26-01-2019_04-12-07-077616": "offline",
            "31-01-2019_23-15-25-764869": "dnd",
            "06-12-2018_00-43-19-590607": "dnd",
            "29-01-2019_19-57-05-628849": "offline",
            "15-01-2019_20-05-24-063373": "dnd",
            "09-12-2018_10-12-40-202519": "idle",
            "16-12-2018_22-46-26-221531": "offline",
            "30-01-2019_14-51-49-215528": "offline",
            "16-01-2019_15-03-07-147943": "offline",
            "25-01-2019_00-26-23-076062": "dnd",
            "19-01-2019_23-47-11-591556": "offline",
            "12-01-2019_01-16-58-662867": "online",
            "06-12-2018_14-32-19-309128": "offline",
            "18-01-2019_15-04-28-265172": "offline",
            "17-01-2019_17-37-42-106001": "dnd",
            "06-12-2018_00-45-45-907811": "dnd",
            "06-12-2018_14-27-10-018861": "dnd",
            "10-01-2019_03-36-57-747790": "offline",
            "06-12-2018_15-16-54-897558": "dnd",
            "06-12-2018_01-05-49-556858": "offline",
            "27-01-2019_13-19-36-209606": "dnd",
            "06-12-2018_19-01-41-672098": "offline",
            "05-12-2018_16-27-33-714312": "offline",
            "13-01-2019_23-58-57-488890": "offline",
            "06-12-2018_17-01-29-984225": "offline",
            "06-12-2018_14-10-10-501058": "offline",
            "06-12-2018_17-09-51-137367": "dnd",
            "11-01-2019_22-45-11-058689": "dnd",
            "17-12-2018_00-07-55-794219": "offline",
            "10-01-2019_00-18-24-072293": "offline",
            "17-12-2018_08-19-13-303562": "dnd",
            "06-12-2018_00-55-15-699438": "offline",
            "31-01-2019_15-07-05-822989": "dnd",
            "10-12-2018_16-02-31-496869": "offline",
            "30-01-2019_23-45-18-912162": "dnd",
            "25-01-2019_18-03-01-080213": "offline",
            "06-12-2018_00-44-16-069543": "offline",
            "25-01-2019_15-28-36-671537": "dnd",
            "19-01-2019_13-47-02-065430": "offline",
            "11-12-2018_09-13-26-392726": "idle",
            "23-01-2019_23-06-46-438605": "offline",
            "07-02-2019_22-30-45-401502": "offline",
            "08-12-2018_15-44-11-058097": "offline",
            "31-01-2019_19-29-23-149190": "offline"
        },
        "current": "dnd"
    },
    "name": {
        "previous": {},
        "current": "Neon"
    },
    "discriminator": {
        "previous": {
            "10-01-2019_00-18-24-072293": "9774",
            "23-01-2019_21-15-24-922386": "0770"
        },
        "current": "3285"
    },
    "created_at": "10-07-2017_20-38-03-579000",
    "bot": false,
    "joined_at": {
        "previous": {},
        "current": "17-01-2018_09-28-15-816000"
    },
    "colour": {
        "previous": {
            "10-01-2019_00-18-24-072293": 7962319
        },
        "current": 16741437
    },
    "game": {
        "previous": {
            "16-01-2019_22-00-47-241502": {
                "url": null,
                "name": "openCanvas 7",
                "type": 0
            },
            "11-12-2018_09-13-26-392726": {
                "url": null,
                "name": "The Forest",
                "type": 0
            },
            "13-01-2019_18-58-47-852165": {
                "url": null,
                "name": null,
                "type": null
            },
            "16-01-2019_15-03-07-147943": {
                "url": null,
                "name": "openCanvas 7",
                "type": 0
            },
            "25-01-2019_00-26-23-076062": {
                "url": null,
                "name": "Minecraft",
                "type": 0
            },
            "19-01-2019_23-47-11-591556": {
                "url": null,
                "name": "Minecraft",
                "type": 0
            },
            "12-01-2019_01-16-58-662867": {
                "url": null,
                "name": "openCanvas 7",
                "type": 0
            },
            "09-12-2018_10-10-43-790279": {
                "url": null,
                "name": "Garry's Mod",
                "type": 0
            },
            "16-12-2018_22-46-26-221531": {
                "url": null,
                "name": null,
                "type": null
            },
            "13-01-2019_23-58-57-488890": {
                "url": null,
                "name": "The Sims 4",
                "type": 0
            },
            "26-01-2019_15-44-45-130911": {
                "url": null,
                "name": null,
                "type": null
            },
            "16-12-2018_21-52-39-901037": {
                "url": null,
                "name": null,
                "type": null
            },
            "12-12-2018_11-49-23-541900": {
                "url": null,
                "name": "openCanvas 7",
                "type": 0
            },
            "06-12-2018_19-01-41-672098": {
                "url": null,
                "name": "Grand Theft Auto V",
                "type": 0
            },
            "05-12-2018_16-27-33-714312": {
                "url": null,
                "name": "Minecraft",
                "type": 0
            },
            "29-01-2019_23-34-56-773453": {
                "url": null,
                "name": "The Isle",
                "type": 0
            },
            "30-01-2019_22-01-10-201736": {
                "url": null,
                "name": null,
                "type": null
            },
            "08-12-2018_15-44-11-058097": {
                "url": null,
                "name": null,
                "type": null
            },
            "17-01-2019_17-37-42-106001": {
                "url": null,
                "name": "openCanvas 7",
                "type": 0
            },
            "17-12-2018_00-07-55-794219": {
                "url": null,
                "name": "Warframe",
                "type": 0
            },
            "23-01-2019_23-06-46-438605": {
                "url": null,
                "name": null,
                "type": null
            },
            "25-01-2019_18-03-01-080213": {
                "url": null,
                "name": "Warframe",
                "type": 0
            },
            "10-12-2018_16-02-31-496869": {
                "url": null,
                "name": "openCanvas 7",
                "type": 0
            },
            "27-01-2019_00-03-40-224296": {
                "url": null,
                "name": "Stick Fight: The Game",
                "type": 0
            },
            "27-01-2019_13-19-36-209606": {
                "url": null,
                "name": null,
                "type": null
            },
            "07-12-2018_19-07-03-633575": {
                "url": null,
                "name": null,
                "type": null
            },
            "26-01-2019_04-12-07-077616": {
                "url": null,
                "name": null,
                "type": null
            },
            "30-01-2019_23-45-18-912162": {
                "url": null,
                "name": "Coloring Pixels",
                "type": 0
            },
            "07-02-2019_22-30-45-401502": {
                "url": null,
                "name": "Warframe",
                "type": 0
            },
            "31-01-2019_23-15-25-764869": {
                "url": null,
                "name": "openCanvas 7",
                "type": 0
            },
            "15-01-2019_20-05-24-063373": {
                "url": null,
                "name": "Stick Fight: The Game",
                "type": 0
            },
            "29-01-2019_19-57-05-628849": {
                "url": null,
                "name": null,
                "type": null
            },
            "31-01-2019_19-29-23-149190": {
                "url": null,
                "name": "Warframe",
                "type": 0
            }
        },
        "current": {
            "url": null,
            "name": null,
            "type": null
        }
    },
    "activity": {
        "2019": {
            "2": {
                "1": {
                    "19": {
                        "403084655550791682": 4,
                        "403086550851911681": 1
                    }
                }
            },
            "1": {
                "25": {
                    "1": {
                        "410813767840956416": 4
                    }
                }
            }
        }
    },
    "display_name": {
        "previous": {
            "07-02-2019_22-30-45-401502": "Chi-Blocker Leader Neon"
        },
        "current": "S. Tribal Chief Neon"
    },
    "voice": {
        "previous": {
            "31-01-2019_23-15-25-764869": {
                "self_mute": false,
                "is_afk": false,
                "server_deaf": false,
                "channel": {
                    "private": false,
                    "id": "404218721922580481",
                    "name": "Media Staff"
                },
                "self_deaf": false,
                "server_mute": false
            }
        },
        "current": {
            "self_mute": false,
            "is_afk": false,
            "server_deaf": false,
            "channel": {
                "private": null,
                "id": null,
                "name": null
            },
            "self_deaf": false,
            "server_mute": false
        }
    },
    "id": "334070792130265108",
    "cookies": {
        "total_cookies": 0,
        "measured_epochs": 10,
        "get": {
            "total_cookies": 0,
            "average": 0.0
        },
        "active_this_epoch": false,
        "active_epochs": 0,
        "cookies_in_jar": 0,
        "cookie_transfer_quota": 0,
        "cookie_interest": 0,
        "current_cookies": 0,
        "give": {
            "total_cookies": 0,
            "average": 0.0
        }
    },
    "bans": {
        "previous": {},
        "current": "not banned"
    }
}