{
    "bans": {
        "previous": {},
        "current": "not banned"
    },
    "voice": {
        "previous": {
            "16-01-2019_22-00-47-241502": {
                "self_deaf": false,
                "channel": {
                    "name": "simply-yeet",
                    "id": "523902470724911105",
                    "private": false
                },
                "self_mute": false,
                "is_afk": false,
                "server_mute": false,
                "server_deaf": false
            },
            "16-12-2018_21-52-39-901037": {
                "self_deaf": false,
                "channel": {
                    "name": "Event Staff",
                    "id": "404217202737283072",
                    "private": false
                },
                "self_mute": false,
                "is_afk": false,
                "server_mute": false,
                "server_deaf": false
            },
            "10-01-2019_00-18-24-072293": {
                "self_deaf": false,
                "channel": {
                    "name": "simply-yeet",
                    "id": "523902470724911105",
                    "private": false
                },
                "self_mute": false,
                "is_afk": false,
                "server_mute": false,
                "server_deaf": false
            }
        },
        "current": {
            "self_deaf": false,
            "channel": {
                "name": null,
                "id": null,
                "private": null
            },
            "self_mute": false,
            "is_afk": false,
            "server_mute": false,
            "server_deaf": false
        }
    },
    "id": "140484622034272256",
    "status": {
        "previous": {
            "07-12-2018_19-07-03-633575": "online",
            "10-01-2019_03-36-57-747790": "online",
            "06-12-2018_19-01-41-672098": "idle",
            "11-01-2019_22-45-11-058689": "idle",
            "17-01-2019_17-37-42-106001": "online",
            "06-12-2018_00-25-10-559318": "idle",
            "07-12-2018_07-42-43-243407": "online",
            "11-12-2018_09-13-26-392726": "online",
            "17-12-2018_08-19-13-303562": "online",
            "07-12-2018_09-02-35-892853": "online",
            "11-01-2019_23-09-28-971572": "idle",
            "05-12-2018_23-34-35-600797": "online",
            "06-12-2018_01-05-49-556858": "online",
            "06-12-2018_17-09-51-137367": "idle",
            "16-12-2018_22-46-26-221531": "idle",
            "10-01-2019_00-18-24-072293": "online",
            "05-12-2018_16-27-33-714312": "online",
            "15-01-2019_20-05-24-063373": "online",
            "16-12-2018_21-52-39-901037": "idle",
            "06-12-2018_16-49-44-878444": "offline",
            "06-12-2018_17-01-29-984225": "online",
            "13-01-2019_23-58-57-488890": "idle",
            "10-12-2018_16-02-31-496869": "idle",
            "12-12-2018_11-49-23-541900": "offline",
            "16-01-2019_15-03-07-147943": "offline",
            "16-01-2019_20-42-02-533659": "idle",
            "16-01-2019_22-00-47-241502": "online",
            "12-01-2019_01-16-58-662867": "online",
            "11-01-2019_23-54-44-166805": "idle",
            "13-01-2019_23-57-05-695365": "online",
            "08-12-2018_15-44-11-058097": "online",
            "13-01-2019_18-58-47-852165": "idle"
        },
        "current": "idle"
    },
    "bot": false,
    "game": {
        "previous": {
            "16-01-2019_22-00-47-241502": {
                "name": "Spotify",
                "url": null,
                "type": 2
            }
        },
        "current": {
            "name": null,
            "url": null,
            "type": null
        }
    },
    "created_at": "23-01-2016_15-55-43-971000",
    "discriminator": {
        "previous": {},
        "current": "1042"
    },
    "roles": {
        "previous": {
            "17-01-2019_17-37-42-106001": {
                "469889716435812353": {
                    "name": "High Council",
                    "colour": 0,
                    "permissions": 2146954751,
                    "position": 29,
                    "created_at": "20-07-2018_15-33-58-527000"
                },
                "404068252361162759": {
                    "name": "Under Where?",
                    "colour": 10181046,
                    "permissions": 0,
                    "position": 3,
                    "created_at": "20-01-2018_00-22-58-588000"
                },
                "430760351248809986": {
                    "name": "Current Iteration",
                    "colour": 0,
                    "permissions": 0,
                    "position": 8,
                    "created_at": "03-04-2018_16-07-50-878000"
                },
                "363695886297071626": {
                    "name": "Event Managers",
                    "colour": 14747399,
                    "permissions": 541200384,
                    "position": 21,
                    "created_at": "30-09-2017_14-37-36-436000"
                },
                "469889632117456896": {
                    "name": "Head of Events",
                    "colour": 16713728,
                    "permissions": 0,
                    "position": 22,
                    "created_at": "20-07-2018_15-33-38-424000"
                },
                "403272352223461387": {
                    "name": "Members",
                    "colour": 0,
                    "permissions": 104187968,
                    "position": 9,
                    "created_at": "17-01-2018_19-40-21-208000"
                },
                "178667818152230912": {
                    "name": "@everyone",
                    "colour": 0,
                    "permissions": 0,
                    "position": 0,
                    "created_at": "08-05-2016_00-42-07-335000"
                },
                "373129696960970762": {
                    "name": "Staff",
                    "colour": 16711680,
                    "permissions": 0,
                    "position": 17,
                    "created_at": "26-10-2017_15-24-12-170000"
                },
                "403266285313589250": {
                    "name": "Abandoned Ones",
                    "colour": 16777215,
                    "permissions": 0,
                    "position": 10,
                    "created_at": "17-01-2018_19-16-14-744000"
                }
            },
            "10-01-2019_00-18-24-072293": {
                "469889716435812353": {
                    "name": "High Council",
                    "position": 26,
                    "created_at": "20-07-2018_15-33-58-527000",
                    "permissions": 8,
                    "colour": 0
                },
                "363695886297071626": {
                    "name": "Event Managers",
                    "position": 18,
                    "created_at": "30-09-2017_14-37-36-436000",
                    "permissions": 541200384,
                    "colour": 14747399
                },
                "404068252361162759": {
                    "name": "Under Where?",
                    "position": 2,
                    "created_at": "20-01-2018_00-22-58-588000",
                    "permissions": 0,
                    "colour": 0
                },
                "430760351248809986": {
                    "name": "Current Iteration",
                    "position": 6,
                    "created_at": "03-04-2018_16-07-50-878000",
                    "permissions": 0,
                    "colour": 0
                },
                "178667818152230912": {
                    "name": "@everyone",
                    "position": 0,
                    "created_at": "08-05-2016_00-42-07-335000",
                    "permissions": 0,
                    "colour": 0
                },
                "469889632117456896": {
                    "name": "Head of Events",
                    "position": 19,
                    "created_at": "20-07-2018_15-33-38-424000",
                    "permissions": 0,
                    "colour": 16713728
                },
                "403272352223461387": {
                    "name": "Members",
                    "position": 7,
                    "created_at": "17-01-2018_19-40-21-208000",
                    "permissions": 104187968,
                    "colour": 0
                },
                "403266285313589250": {
                    "name": "Abandoned Ones",
                    "position": 8,
                    "created_at": "17-01-2018_19-16-14-744000",
                    "permissions": 0,
                    "colour": 16777215
                },
                "373129696960970762": {
                    "name": "Staff",
                    "position": 14,
                    "created_at": "26-10-2017_15-24-12-170000",
                    "permissions": 0,
                    "colour": 16711680
                }
            },
            "07-12-2018_09-02-35-892853": {
                "469889716435812353": {
                    "name": "High Council",
                    "position": 30,
                    "created_at": "20-07-2018_15-33-58-527000",
                    "permissions": 8,
                    "colour": 0
                },
                "363695886297071626": {
                    "name": "Event Managers",
                    "position": 22,
                    "created_at": "30-09-2017_14-37-36-436000",
                    "permissions": 541200384,
                    "colour": 14747399
                },
                "404068252361162759": {
                    "name": "Under Where?",
                    "position": 16,
                    "created_at": "20-01-2018_00-22-58-588000",
                    "permissions": 0,
                    "colour": 0
                },
                "430760351248809986": {
                    "name": "Current Iteration",
                    "position": 9,
                    "created_at": "03-04-2018_16-07-50-878000",
                    "permissions": 0,
                    "colour": 0
                },
                "178667818152230912": {
                    "name": "@everyone",
                    "position": 0,
                    "created_at": "08-05-2016_00-42-07-335000",
                    "permissions": 0,
                    "colour": 0
                },
                "469889632117456896": {
                    "name": "Head of Events",
                    "position": 23,
                    "created_at": "20-07-2018_15-33-38-424000",
                    "permissions": 0,
                    "colour": 16713728
                },
                "403272352223461387": {
                    "name": "Members",
                    "position": 11,
                    "created_at": "17-01-2018_19-40-21-208000",
                    "permissions": 104187968,
                    "colour": 0
                },
                "403266285313589250": {
                    "name": "Abandoned Ones",
                    "position": 12,
                    "created_at": "17-01-2018_19-16-14-744000",
                    "permissions": 0,
                    "colour": 16777215
                },
                "373129696960970762": {
                    "name": "Staff",
                    "position": 18,
                    "created_at": "26-10-2017_15-24-12-170000",
                    "permissions": 0,
                    "colour": 16711680
                }
            },
            "16-12-2018_21-52-39-901037": {
                "469889716435812353": {
                    "name": "High Council",
                    "position": 30,
                    "created_at": "20-07-2018_15-33-58-527000",
                    "permissions": 8,
                    "colour": 0
                },
                "363695886297071626": {
                    "name": "Event Managers",
                    "position": 22,
                    "created_at": "30-09-2017_14-37-36-436000",
                    "permissions": 541200384,
                    "colour": 14747399
                },
                "404068252361162759": {
                    "name": "Under Where?",
                    "position": 16,
                    "created_at": "20-01-2018_00-22-58-588000",
                    "permissions": 0,
                    "colour": 0
                },
                "430760351248809986": {
                    "name": "Current Iteration",
                    "position": 9,
                    "created_at": "03-04-2018_16-07-50-878000",
                    "permissions": 0,
                    "colour": 0
                },
                "178667818152230912": {
                    "name": "@everyone",
                    "position": 0,
                    "created_at": "08-05-2016_00-42-07-335000",
                    "permissions": 0,
                    "colour": 0
                },
                "469889632117456896": {
                    "name": "Head of Events",
                    "position": 23,
                    "created_at": "20-07-2018_15-33-38-424000",
                    "permissions": 0,
                    "colour": 16713728
                },
                "403272352223461387": {
                    "name": "Members",
                    "position": 10,
                    "created_at": "17-01-2018_19-40-21-208000",
                    "permissions": 104187968,
                    "colour": 0
                },
                "403266285313589250": {
                    "name": "Abandoned Ones",
                    "position": 11,
                    "created_at": "17-01-2018_19-16-14-744000",
                    "permissions": 0,
                    "colour": 16777215
                },
                "373129696960970762": {
                    "name": "Staff",
                    "position": 18,
                    "created_at": "26-10-2017_15-24-12-170000",
                    "permissions": 0,
                    "colour": 16711680
                }
            },
            "07-12-2018_07-51-11-182069": {
                "469889716435812353": {
                    "name": "High Council",
                    "position": 30,
                    "created_at": "20-07-2018_15-33-58-527000",
                    "permissions": 8,
                    "colour": 0
                },
                "363695886297071626": {
                    "name": "Event Managers",
                    "position": 22,
                    "created_at": "30-09-2017_14-37-36-436000",
                    "permissions": 541200384,
                    "colour": 14747399
                },
                "404068252361162759": {
                    "name": "Under Where?",
                    "position": 16,
                    "created_at": "20-01-2018_00-22-58-588000",
                    "permissions": 0,
                    "colour": 0
                },
                "430760351248809986": {
                    "name": "Current Iteration",
                    "position": 9,
                    "created_at": "03-04-2018_16-07-50-878000",
                    "permissions": 0,
                    "colour": 0
                },
                "178667818152230912": {
                    "name": "@everyone",
                    "position": 0,
                    "created_at": "08-05-2016_00-42-07-335000",
                    "permissions": 0,
                    "colour": 0
                },
                "469889632117456896": {
                    "name": "Head of Events",
                    "position": 23,
                    "created_at": "20-07-2018_15-33-38-424000",
                    "permissions": 0,
                    "colour": 16713728
                },
                "403272352223461387": {
                    "name": "Members",
                    "position": 11,
                    "created_at": "17-01-2018_19-40-21-208000",
                    "permissions": 104187968,
                    "colour": 0
                },
                "403266269220175892": {
                    "name": "Mythical Ones",
                    "position": 15,
                    "created_at": "17-01-2018_19-16-10-907000",
                    "permissions": 262208,
                    "colour": 1033914
                },
                "373129696960970762": {
                    "name": "Staff",
                    "position": 18,
                    "created_at": "26-10-2017_15-24-12-170000",
                    "permissions": 0,
                    "colour": 16711680
                }
            },
            "06-12-2018_01-05-49-556858": {
                "469889716435812353": {
                    "name": "High Council",
                    "position": 31,
                    "created_at": "20-07-2018_15-33-58-527000",
                    "permissions": 8,
                    "colour": 0
                },
                "363695886297071626": {
                    "name": "Event Managers",
                    "position": 23,
                    "created_at": "30-09-2017_14-37-36-436000",
                    "permissions": 541200384,
                    "colour": 14747399
                },
                "404068252361162759": {
                    "name": "Under Where?",
                    "position": 17,
                    "created_at": "20-01-2018_00-22-58-588000",
                    "permissions": 0,
                    "colour": 0
                },
                "430760351248809986": {
                    "name": "Current Iteration",
                    "position": 10,
                    "created_at": "03-04-2018_16-07-50-878000",
                    "permissions": 0,
                    "colour": 0
                },
                "178667818152230912": {
                    "name": "@everyone",
                    "position": 0,
                    "created_at": "08-05-2016_00-42-07-335000",
                    "permissions": 0,
                    "colour": 0
                },
                "469889632117456896": {
                    "name": "Head of Events",
                    "position": 24,
                    "created_at": "20-07-2018_15-33-38-424000",
                    "permissions": 0,
                    "colour": 16713728
                },
                "403272352223461387": {
                    "name": "Members",
                    "position": 12,
                    "created_at": "17-01-2018_19-40-21-208000",
                    "permissions": 104187968,
                    "colour": 0
                },
                "403266269220175892": {
                    "name": "Mythical Ones",
                    "position": 16,
                    "created_at": "17-01-2018_19-16-10-907000",
                    "permissions": 262208,
                    "colour": 1033914
                },
                "373129696960970762": {
                    "name": "Staff",
                    "position": 19,
                    "created_at": "26-10-2017_15-24-12-170000",
                    "permissions": 0,
                    "colour": 16711680
                }
            }
        },
        "current": {
            "469889716435812353": {
                "name": "High Council",
                "colour": 0,
                "permissions": 2146954743,
                "position": 29,
                "created_at": "20-07-2018_15-33-58-527000"
            },
            "403266285313589250": {
                "name": "Abandoned Ones",
                "colour": 16777215,
                "permissions": 0,
                "position": 10,
                "created_at": "17-01-2018_19-16-14-744000"
            },
            "404068252361162759": {
                "name": "Under Where?",
                "colour": 10181046,
                "permissions": 0,
                "position": 3,
                "created_at": "20-01-2018_00-22-58-588000"
            },
            "430760351248809986": {
                "name": "Current Iteration",
                "colour": 0,
                "permissions": 0,
                "position": 8,
                "created_at": "03-04-2018_16-07-50-878000"
            },
            "363695886297071626": {
                "name": "Event Managers",
                "colour": 14747399,
                "permissions": 541200384,
                "position": 21,
                "created_at": "30-09-2017_14-37-36-436000"
            },
            "469889632117456896": {
                "name": "Head of Events",
                "colour": 16713728,
                "permissions": 0,
                "position": 22,
                "created_at": "20-07-2018_15-33-38-424000"
            },
            "403272352223461387": {
                "name": "Members",
                "colour": 0,
                "permissions": 104187968,
                "position": 9,
                "created_at": "17-01-2018_19-40-21-208000"
            },
            "178667818152230912": {
                "name": "@everyone",
                "colour": 0,
                "permissions": 0,
                "position": 0,
                "created_at": "08-05-2016_00-42-07-335000"
            },
            "373129696960970762": {
                "name": "Staff",
                "colour": 16711680,
                "permissions": 0,
                "position": 17,
                "created_at": "26-10-2017_15-24-12-170000"
            },
            "523917597138354193": {
                "name": "Yeeters",
                "colour": 16714995,
                "permissions": 0,
                "position": 2,
                "created_at": "16-12-2018_17-41-29-076000"
            }
        }
    },
    "display_name": {
        "previous": {
            "13-01-2019_23-58-57-488890": "35,595",
            "10-12-2018_16-02-31-496869": "Double-Ended Dildomon",
            "10-01-2019_00-18-24-072293": "35,555, Such an emo'tho",
            "16-01-2019_20-42-02-533659": "35,796",
            "16-01-2019_22-00-47-241502": "35,866 - god of sandwiches",
            "11-01-2019_22-45-11-058689": "such an emo. I need a haircut"
        },
        "current": "35,866 - God of Sandwiches"
    },
    "colour": {
        "previous": {},
        "current": 16713728
    },
    "name": {
        "previous": {},
        "current": "HarryBruceTV"
    },
    "cookies": {
        "cookies_in_jar": 0,
        "cookie_transfer_quota": 0,
        "get": {
            "total_cookies": 0,
            "average": 0.0
        },
        "cookie_interest": 0,
        "current_cookies": 0,
        "active_epochs": 0,
        "total_cookies": 0,
        "measured_epochs": 9,
        "give": {
            "total_cookies": 0,
            "average": 0.0
        },
        "active_this_epoch": false
    },
    "joined_at": {
        "previous": {},
        "current": "17-01-2018_10-10-50-119000"
    },
    "activity": {
        "2019": {
            "1": {
                "10": {
                    "0": {
                        "403084854243098634": 1
                    },
                    "1": {
                        "403084655550791682": 2
                    }
                },
                "16": {
                    "20": {
                        "403084763591606273": 1
                    },
                    "23": {
                        "532712820454719492": 9
                    },
                    "22": {
                        "404067128786944002": 1,
                        "532712820454719492": 10
                    },
                    "19": {
                        "403084763591606273": 3
                    }
                }
            }
        }
    }
}