{
    "bans": {
        "previous": {},
        "current": "not banned"
    },
    "voice": {
        "previous": {
            "17-01-2019_17-37-42-106001": {
                "self_deaf": false,
                "channel": {
                    "name": "Kinky Kat Chat",
                    "id": "535533609617195018",
                    "private": false
                },
                "self_mute": false,
                "is_afk": false,
                "server_mute": false,
                "server_deaf": false
            }
        },
        "current": {
            "self_deaf": false,
            "channel": {
                "name": null,
                "id": null,
                "private": null
            },
            "self_mute": false,
            "is_afk": false,
            "server_mute": false,
            "server_deaf": false
        }
    },
    "id": "186940731225669632",
    "status": {
        "previous": {
            "17-01-2019_17-37-42-106001": "offline"
        },
        "current": "online"
    },
    "bot": false,
    "game": {
        "previous": {},
        "current": {
            "name": null,
            "url": null,
            "type": null
        }
    },
    "created_at": "30-05-2016_20-35-43-515000",
    "discriminator": {
        "previous": {},
        "current": "7962"
    },
    "roles": {
        "previous": {
            "17-01-2019_17-37-42-106001": {
                "403272352223461387": {
                    "name": "Members",
                    "colour": 0,
                    "permissions": 104187968,
                    "position": 9,
                    "created_at": "17-01-2018_19-40-21-208000"
                },
                "178667818152230912": {
                    "name": "@everyone",
                    "colour": 0,
                    "permissions": 0,
                    "position": 0,
                    "created_at": "08-05-2016_00-42-07-335000"
                },
                "430760351248809986": {
                    "name": "Current Iteration",
                    "colour": 0,
                    "permissions": 0,
                    "position": 8,
                    "created_at": "03-04-2018_16-07-50-878000"
                },
                "535533082678394880": {
                    "name": "Kinksters",
                    "colour": 15277667,
                    "permissions": 0,
                    "position": 1,
                    "created_at": "17-01-2019_18-57-16-634000"
                },
                "403266285313589250": {
                    "name": "Abandoned Ones",
                    "colour": 16777215,
                    "permissions": 0,
                    "position": 10,
                    "created_at": "17-01-2018_19-16-14-744000"
                }
            }
        },
        "current": {
            "430760351248809986": {
                "name": "Current Iteration",
                "colour": 0,
                "permissions": 0,
                "position": 8,
                "created_at": "03-04-2018_16-07-50-878000"
            },
            "178667818152230912": {
                "name": "@everyone",
                "colour": 0,
                "permissions": 0,
                "position": 0,
                "created_at": "08-05-2016_00-42-07-335000"
            },
            "403272352223461387": {
                "name": "Members",
                "colour": 0,
                "permissions": 104187968,
                "position": 9,
                "created_at": "17-01-2018_19-40-21-208000"
            },
            "403266285313589250": {
                "name": "Abandoned Ones",
                "colour": 16777215,
                "permissions": 0,
                "position": 10,
                "created_at": "17-01-2018_19-16-14-744000"
            },
            "535533082678394880": {
                "name": "Kinksters",
                "colour": 15277667,
                "permissions": 0,
                "position": 1,
                "created_at": "17-01-2019_18-57-16-634000"
            },
            "523917597138354193": {
                "name": "Yeeters",
                "colour": 16714995,
                "permissions": 0,
                "position": 2,
                "created_at": "16-12-2018_17-41-29-076000"
            }
        }
    },
    "cookies": {
        "cookies_in_jar": 0,
        "current_cookies": 0,
        "get": {
            "total_cookies": 0,
            "average": 0
        },
        "cookie_interest": 0,
        "cookie_transfer_quota": 0,
        "active_epochs": 0,
        "total_cookies": 0,
        "measured_epochs": 0,
        "give": {
            "total_cookies": 0,
            "average": 0
        },
        "active_this_epoch": false
    },
    "colour": {
        "previous": {
            "17-01-2019_17-37-42-106001": 0
        },
        "current": 16777215
    },
    "name": {
        "previous": {},
        "current": "Theuncreativederp"
    },
    "display_name": {
        "previous": {},
        "current": "Theuncreativederp"
    },
    "joined_at": {
        "previous": {},
        "current": "17-01-2019_18-43-44-540606"
    },
    "activity": {
        "2019": {
            "1": {
                "17": {
                    "23": {
                        "403084763591606273": 1,
                        "535533512892219392": 22
                    },
                    "22": {
                        "403084763591606273": 1,
                        "535533512892219392": 3
                    },
                    "21": {
                        "535533512892219392": 1
                    }
                }
            }
        }
    }
}