{
    "bans": {
        "previous": {},
        "current": "not banned"
    },
    "cookies": {
        "cookies_in_jar": 0,
        "cookie_transfer_quota": 0,
        "get": {
            "total_cookies": 0,
            "average": 0.0
        },
        "cookie_interest": 0,
        "current_cookies": 0,
        "active_epochs": 0,
        "total_cookies": 0,
        "measured_epochs": 1,
        "give": {
            "total_cookies": 0,
            "average": 0.0
        },
        "active_this_epoch": false
    },
    "voice": {
        "previous": {},
        "current": {
            "self_deaf": false,
            "channel": {
                "name": null,
                "id": null,
                "private": null
            },
            "self_mute": false,
            "is_afk": false,
            "server_mute": false,
            "server_deaf": false
        }
    },
    "status": {
        "previous": {
            "15-01-2019_20-05-24-063373": "offline"
        },
        "current": "online"
    },
    "bot": true,
    "game": {
        "previous": {},
        "current": {
            "name": null,
            "url": null,
            "type": null
        }
    },
    "created_at": "10-10-2016_17-18-57-438000",
    "discriminator": {
        "previous": {},
        "current": "3722"
    },
    "roles": {
        "previous": {
            "17-01-2019_17-37-42-106001": {
                "178667818152230912": {
                    "name": "@everyone",
                    "position": 0,
                    "created_at": "08-05-2016_00-42-07-335000",
                    "permissions": 0,
                    "colour": 0
                },
                "403239438802485259": {
                    "name": "Bots",
                    "position": 10,
                    "created_at": "17-01-2018_17-29-34-037000",
                    "permissions": 0,
                    "colour": 13079310
                },
                "529116178040487946": {
                    "name": "Rhythm",
                    "position": 11,
                    "created_at": "31-12-2018_01-58-47-348000",
                    "permissions": 36717632,
                    "colour": 0
                },
                "403266285313589250": {
                    "name": "Abandoned Ones",
                    "position": 9,
                    "created_at": "17-01-2018_19-16-14-744000",
                    "permissions": 0,
                    "colour": 16777215
                }
            }
        },
        "current": {
            "178667818152230912": {
                "name": "@everyone",
                "colour": 0,
                "permissions": 0,
                "position": 0,
                "created_at": "08-05-2016_00-42-07-335000"
            },
            "403239438802485259": {
                "name": "Bots",
                "colour": 13079310,
                "permissions": 0,
                "position": 11,
                "created_at": "17-01-2018_17-29-34-037000"
            },
            "529116178040487946": {
                "name": "Rhythm",
                "colour": 0,
                "permissions": 36717632,
                "position": 12,
                "created_at": "31-12-2018_01-58-47-348000"
            },
            "403266285313589250": {
                "name": "Abandoned Ones",
                "colour": 16777215,
                "permissions": 0,
                "position": 10,
                "created_at": "17-01-2018_19-16-14-744000"
            }
        }
    },
    "id": "235088799074484224",
    "colour": {
        "previous": {},
        "current": 13079310
    },
    "name": {
        "previous": {},
        "current": "Rythm"
    },
    "display_name": {
        "previous": {},
        "current": "Rythm"
    },
    "joined_at": {
        "previous": {},
        "current": "31-12-2018_01-58-02-344191"
    },
    "activity": {}
}