{
    "bans": {
        "previous": {},
        "current": "not banned"
    },
    "display_name": {
        "previous": {},
        "current": "Ely"
    },
    "voice": {
        "previous": {},
        "current": {
            "self_deaf": false,
            "channel": {
                "name": null,
                "id": null,
                "private": null
            },
            "self_mute": false,
            "is_afk": false,
            "server_mute": false,
            "server_deaf": false
        }
    },
    "status": {
        "previous": {},
        "current": "online"
    },
    "bot": true,
    "game": {
        "previous": {},
        "current": {
            "name": null,
            "url": null,
            "type": null
        }
    },
    "created_at": "21-06-2017_13-33-13-742000",
    "discriminator": {
        "previous": {},
        "current": "3141"
    },
    "roles": {
        "previous": {
            "07-12-2018_09-02-35-892853": {
                "403188474292994049": {
                    "name": "Elybot",
                    "position": 17,
                    "created_at": "17-01-2018_14-07-03-151000",
                    "permissions": 335019096,
                    "colour": 0
                },
                "403266285313589250": {
                    "name": "Abandoned Ones",
                    "position": 12,
                    "created_at": "17-01-2018_19-16-14-744000",
                    "permissions": 0,
                    "colour": 16777215
                },
                "479754951917174784": {
                    "name": "Owner",
                    "position": 31,
                    "created_at": "16-08-2018_20-54-53-953000",
                    "permissions": 0,
                    "colour": 10181046
                },
                "403239438802485259": {
                    "name": "Bots",
                    "position": 10,
                    "created_at": "17-01-2018_17-29-34-037000",
                    "permissions": 7168,
                    "colour": 7506394
                },
                "178667818152230912": {
                    "name": "@everyone",
                    "position": 0,
                    "created_at": "08-05-2016_00-42-07-335000",
                    "permissions": 0,
                    "colour": 0
                }
            },
            "16-12-2018_21-52-39-901037": {
                "403188474292994049": {
                    "name": "Elybot",
                    "position": 17,
                    "created_at": "17-01-2018_14-07-03-151000",
                    "permissions": 335019096,
                    "colour": 0
                },
                "403266285313589250": {
                    "name": "Abandoned Ones",
                    "position": 11,
                    "created_at": "17-01-2018_19-16-14-744000",
                    "permissions": 0,
                    "colour": 16777215
                },
                "479754951917174784": {
                    "name": "Owner",
                    "position": 31,
                    "created_at": "16-08-2018_20-54-53-953000",
                    "permissions": 0,
                    "colour": 10181046
                },
                "403239438802485259": {
                    "name": "Bots",
                    "position": 12,
                    "created_at": "17-01-2018_17-29-34-037000",
                    "permissions": 7168,
                    "colour": 7506394
                },
                "178667818152230912": {
                    "name": "@everyone",
                    "position": 0,
                    "created_at": "08-05-2016_00-42-07-335000",
                    "permissions": 0,
                    "colour": 0
                }
            },
            "06-12-2018_00-55-15-699438": {
                "403188474292994049": {
                    "name": "Elybot",
                    "position": 18,
                    "created_at": "17-01-2018_14-07-03-151000",
                    "permissions": 335019088,
                    "colour": 0
                },
                "403266285313589250": {
                    "name": "Abandoned Ones",
                    "position": 13,
                    "created_at": "17-01-2018_19-16-14-744000",
                    "permissions": 0,
                    "colour": 16777215
                },
                "479754951917174784": {
                    "name": "Owner",
                    "position": 32,
                    "created_at": "16-08-2018_20-54-53-953000",
                    "permissions": 0,
                    "colour": 10181046
                },
                "403239438802485259": {
                    "name": "Bots",
                    "position": 11,
                    "created_at": "17-01-2018_17-29-34-037000",
                    "permissions": 7168,
                    "colour": 7506394
                },
                "178667818152230912": {
                    "name": "@everyone",
                    "position": 0,
                    "created_at": "08-05-2016_00-42-07-335000",
                    "permissions": 0,
                    "colour": 0
                }
            },
            "10-01-2019_00-18-24-072293": {
                "403188474292994049": {
                    "name": "Elybot",
                    "position": 13,
                    "created_at": "17-01-2018_14-07-03-151000",
                    "permissions": 335019096,
                    "colour": 0
                },
                "403266285313589250": {
                    "name": "Abandoned Ones",
                    "position": 8,
                    "created_at": "17-01-2018_19-16-14-744000",
                    "permissions": 0,
                    "colour": 16777215
                },
                "479754951917174784": {
                    "name": "Owner",
                    "position": 27,
                    "created_at": "16-08-2018_20-54-53-953000",
                    "permissions": 0,
                    "colour": 10181046
                },
                "403239438802485259": {
                    "name": "Bots",
                    "position": 9,
                    "created_at": "17-01-2018_17-29-34-037000",
                    "permissions": 7168,
                    "colour": 7506394
                },
                "178667818152230912": {
                    "name": "@everyone",
                    "position": 0,
                    "created_at": "08-05-2016_00-42-07-335000",
                    "permissions": 0,
                    "colour": 0
                }
            },
            "17-01-2019_17-37-42-106001": {
                "403188474292994049": {
                    "name": "Elybot",
                    "position": 15,
                    "created_at": "17-01-2018_14-07-03-151000",
                    "permissions": 335019096,
                    "colour": 0
                },
                "403266285313589250": {
                    "name": "Abandoned Ones",
                    "position": 9,
                    "created_at": "17-01-2018_19-16-14-744000",
                    "permissions": 0,
                    "colour": 16777215
                },
                "403239438802485259": {
                    "name": "Bots",
                    "position": 10,
                    "created_at": "17-01-2018_17-29-34-037000",
                    "permissions": 0,
                    "colour": 13079310
                },
                "178667818152230912": {
                    "name": "@everyone",
                    "position": 0,
                    "created_at": "08-05-2016_00-42-07-335000",
                    "permissions": 0,
                    "colour": 0
                }
            }
        },
        "current": {
            "403188474292994049": {
                "name": "Elybot",
                "colour": 0,
                "permissions": 335019096,
                "position": 16,
                "created_at": "17-01-2018_14-07-03-151000"
            },
            "178667818152230912": {
                "name": "@everyone",
                "colour": 0,
                "permissions": 0,
                "position": 0,
                "created_at": "08-05-2016_00-42-07-335000"
            },
            "403239438802485259": {
                "name": "Bots",
                "colour": 13079310,
                "permissions": 0,
                "position": 11,
                "created_at": "17-01-2018_17-29-34-037000"
            },
            "403266285313589250": {
                "name": "Abandoned Ones",
                "colour": 16777215,
                "permissions": 0,
                "position": 10,
                "created_at": "17-01-2018_19-16-14-744000"
            }
        }
    },
    "cookies": {
        "cookies_in_jar": 0,
        "cookie_transfer_quota": 0,
        "get": {
            "total_cookies": 0,
            "average": 0.0
        },
        "cookie_interest": 0,
        "current_cookies": 0,
        "active_epochs": 0,
        "total_cookies": 0,
        "measured_epochs": 2,
        "give": {
            "total_cookies": 0,
            "average": 0.0
        },
        "active_this_epoch": false
    },
    "colour": {
        "previous": {
            "10-01-2019_00-18-24-072293": 10181046
        },
        "current": 13079310
    },
    "name": {
        "previous": {},
        "current": "Ely"
    },
    "id": "327078510558445570",
    "joined_at": {
        "previous": {},
        "current": "17-01-2018_14-07-03-149000"
    },
    "activity": {
        "2019": {
            "1": {
                "12": {
                    "0": {
                        "403086645437661186": 80
                    },
                    "1": {
                        "403086645437661186": 8
                    },
                    "16": {
                        "403086645437661186": 4
                    }
                },
                "15": {
                    "0": {
                        "403086645437661186": 4
                    },
                    "21": {
                        "403086645437661186": 4
                    }
                },
                "10": {
                    "0": {
                        "403086645437661186": 69,
                        "403086614600876032": 3
                    },
                    "3": {
                        "403086645437661186": 4
                    },
                    "14": {
                        "403086645437661186": 4
                    },
                    "20": {
                        "403086645437661186": 4
                    },
                    "18": {
                        "403086645437661186": 6,
                        "403086614600876032": 5
                    },
                    "1": {
                        "403086645437661186": 2
                    }
                },
                "16": {
                    "19": {
                        "403086645437661186": 4
                    },
                    "15": {
                        "403086645437661186": 4
                    },
                    "2": {
                        "403086645437661186": 4
                    }
                },
                "17": {
                    "23": {
                        "403086645437661186": 9
                    },
                    "22": {
                        "403086550851911681": 1,
                        "403086645437661186": 15
                    },
                    "2": {
                        "403086645437661186": 9
                    },
                    "20": {
                        "403086645437661186": 6,
                        "403089470091427860": 1
                    },
                    "21": {
                        "403086614600876032": 10,
                        "403086645437661186": 5
                    },
                    "1": {
                        "403086645437661186": 4
                    },
                    "19": {
                        "403086645437661186": 4
                    }
                },
                "11": {
                    "23": {
                        "403086645437661186": 4
                    },
                    "22": {
                        "403086645437661186": 12
                    }
                },
                "13": {
                    "0": {
                        "403086645437661186": 8
                    },
                    "7": {
                        "403086645437661186": 4
                    },
                    "8": {
                        "403086645437661186": 1,
                        "403086614600876032": 4
                    },
                    "2": {
                        "403086645437661186": 4
                    },
                    "20": {
                        "403086645437661186": 4
                    },
                    "1": {
                        "403086645437661186": 9,
                        "523913649182605330": 1
                    },
                    "23": {
                        "403086645437661186": 42,
                        "403086614600876032": 2,
                        "403084655550791682": 3
                    },
                    "19": {
                        "403086645437661186": 6
                    }
                },
                "14": {
                    "0": {
                        "403086645437661186": 17,
                        "403086614600876032": 7
                    },
                    "20": {
                        "403086645437661186": 8
                    },
                    "22": {
                        "403086645437661186": 22,
                        "403086614600876032": 6
                    },
                    "12": {
                        "403086645437661186": 4
                    },
                    "2": {
                        "403086645437661186": 4
                    },
                    "23": {
                        "403086645437661186": 16
                    },
                    "21": {
                        "403086645437661186": 8
                    },
                    "19": {
                        "403086645437661186": 4
                    }
                }
            }
        },
        "2018": {
            "12": {
                "7": {
                    "8": {
                        "403086645437661186": 18,
                        "403086614600876032": 24
                    },
                    "9": {
                        "403086645437661186": 14,
                        "403086614600876032": 16
                    },
                    "19": {
                        "403086645437661186": 2,
                        "403086614600876032": 5
                    }
                },
                "9": {
                    "0": {
                        "403089470091427860": 1
                    }
                },
                "16": {
                    "22": {
                        "403086645437661186": 4
                    }
                },
                "6": {
                    "0": {
                        "403086645437661186": 4,
                        "403086614600876032": 4
                    },
                    "17": {
                        "403086645437661186": 6,
                        "403086614600876032": 4
                    },
                    "21": {
                        "403086645437661186": 4,
                        "403086614600876032": 4
                    },
                    "16": {
                        "403086645437661186": 14,
                        "403086614600876032": 7
                    }
                },
                "11": {
                    "16": {
                        "403086645437661186": 17,
                        "403086691646046209": 2,
                        "403086614600876032": 65,
                        "403119788370690048": 2
                    }
                },
                "5": {
                    "17": {
                        "403086645437661186": 7,
                        "403086614600876032": 17
                    },
                    "22": {
                        "403086645437661186": 9,
                        "403086614600876032": 11
                    },
                    "16": {
                        "403086645437661186": 43,
                        "403086614600876032": 56
                    },
                    "15": {
                        "403086645437661186": 28,
                        "403086614600876032": 52
                    }
                }
            }
        }
    }
}