{
    "bans": {
        "previous": {},
        "current": "not banned"
    },
    "cookies": {
        "cookies_in_jar": 0,
        "cookie_transfer_quota": 0,
        "get": {
            "total_cookies": 0,
            "average": 0.0
        },
        "cookie_interest": 0,
        "current_cookies": 0,
        "active_epochs": 0,
        "total_cookies": 0,
        "measured_epochs": 9,
        "give": {
            "total_cookies": 0,
            "average": 0.0
        },
        "active_this_epoch": false
    },
    "voice": {
        "previous": {},
        "current": {
            "self_deaf": false,
            "channel": {
                "name": null,
                "id": null,
                "private": null
            },
            "self_mute": false,
            "is_afk": false,
            "server_mute": false,
            "server_deaf": false
        }
    },
    "status": {
        "previous": {},
        "current": "offline"
    },
    "bot": false,
    "game": {
        "previous": {},
        "current": {
            "name": null,
            "url": null,
            "type": null
        }
    },
    "created_at": "26-08-2017_23-07-29-067000",
    "discriminator": {
        "previous": {},
        "current": "7721"
    },
    "roles": {
        "previous": {
            "07-12-2018_09-02-35-892853": {
                "469889716435812353": {
                    "name": "High Council",
                    "position": 30,
                    "created_at": "20-07-2018_15-33-58-527000",
                    "permissions": 8,
                    "colour": 0
                },
                "178667818152230912": {
                    "name": "@everyone",
                    "position": 0,
                    "created_at": "08-05-2016_00-42-07-335000",
                    "permissions": 0,
                    "colour": 0
                },
                "403272352223461387": {
                    "name": "Members",
                    "position": 11,
                    "created_at": "17-01-2018_19-40-21-208000",
                    "permissions": 104187968,
                    "colour": 0
                },
                "373129696960970762": {
                    "name": "Staff",
                    "position": 18,
                    "created_at": "26-10-2017_15-24-12-170000",
                    "permissions": 0,
                    "colour": 16711680
                },
                "401845161266642944": {
                    "name": "Media Creators",
                    "position": 20,
                    "created_at": "13-01-2018_21-09-12-368000",
                    "permissions": 0,
                    "colour": 7962319
                },
                "469889439775326208": {
                    "name": "Head of Media",
                    "position": 25,
                    "created_at": "20-07-2018_15-32-52-566000",
                    "permissions": 0,
                    "colour": 16741437
                },
                "403266285313589250": {
                    "name": "Abandoned Ones",
                    "position": 12,
                    "created_at": "17-01-2018_19-16-14-744000",
                    "permissions": 0,
                    "colour": 16777215
                }
            },
            "17-01-2019_17-37-42-106001": {
                "469889716435812353": {
                    "name": "High Council",
                    "colour": 0,
                    "permissions": 8,
                    "position": 29,
                    "created_at": "20-07-2018_15-33-58-527000"
                },
                "178667818152230912": {
                    "name": "@everyone",
                    "colour": 0,
                    "permissions": 0,
                    "position": 0,
                    "created_at": "08-05-2016_00-42-07-335000"
                },
                "403272352223461387": {
                    "name": "Members",
                    "colour": 0,
                    "permissions": 104187968,
                    "position": 9,
                    "created_at": "17-01-2018_19-40-21-208000"
                },
                "403266285313589250": {
                    "name": "Abandoned Ones",
                    "colour": 16777215,
                    "permissions": 0,
                    "position": 10,
                    "created_at": "17-01-2018_19-16-14-744000"
                },
                "401845161266642944": {
                    "name": "Media Creators",
                    "colour": 7962319,
                    "permissions": 0,
                    "position": 19,
                    "created_at": "13-01-2018_21-09-12-368000"
                },
                "469889439775326208": {
                    "name": "Head of Media",
                    "colour": 16741437,
                    "permissions": 0,
                    "position": 24,
                    "created_at": "20-07-2018_15-32-52-566000"
                },
                "373129696960970762": {
                    "name": "Staff",
                    "colour": 16711680,
                    "permissions": 0,
                    "position": 17,
                    "created_at": "26-10-2017_15-24-12-170000"
                }
            },
            "16-12-2018_21-52-39-901037": {
                "469889716435812353": {
                    "name": "High Council",
                    "position": 30,
                    "created_at": "20-07-2018_15-33-58-527000",
                    "permissions": 8,
                    "colour": 0
                },
                "178667818152230912": {
                    "name": "@everyone",
                    "position": 0,
                    "created_at": "08-05-2016_00-42-07-335000",
                    "permissions": 0,
                    "colour": 0
                },
                "403272352223461387": {
                    "name": "Members",
                    "position": 10,
                    "created_at": "17-01-2018_19-40-21-208000",
                    "permissions": 104187968,
                    "colour": 0
                },
                "373129696960970762": {
                    "name": "Staff",
                    "position": 18,
                    "created_at": "26-10-2017_15-24-12-170000",
                    "permissions": 0,
                    "colour": 16711680
                },
                "401845161266642944": {
                    "name": "Media Creators",
                    "position": 20,
                    "created_at": "13-01-2018_21-09-12-368000",
                    "permissions": 0,
                    "colour": 7962319
                },
                "469889439775326208": {
                    "name": "Head of Media",
                    "position": 25,
                    "created_at": "20-07-2018_15-32-52-566000",
                    "permissions": 0,
                    "colour": 16741437
                },
                "403266285313589250": {
                    "name": "Abandoned Ones",
                    "position": 11,
                    "created_at": "17-01-2018_19-16-14-744000",
                    "permissions": 0,
                    "colour": 16777215
                }
            },
            "06-12-2018_01-05-49-556858": {
                "469889716435812353": {
                    "name": "High Council",
                    "position": 31,
                    "created_at": "20-07-2018_15-33-58-527000",
                    "permissions": 8,
                    "colour": 0
                },
                "178667818152230912": {
                    "name": "@everyone",
                    "position": 0,
                    "created_at": "08-05-2016_00-42-07-335000",
                    "permissions": 0,
                    "colour": 0
                },
                "403272352223461387": {
                    "name": "Members",
                    "position": 12,
                    "created_at": "17-01-2018_19-40-21-208000",
                    "permissions": 104187968,
                    "colour": 0
                },
                "373129696960970762": {
                    "name": "Staff",
                    "position": 19,
                    "created_at": "26-10-2017_15-24-12-170000",
                    "permissions": 0,
                    "colour": 16711680
                },
                "401845161266642944": {
                    "name": "Media Creators",
                    "position": 21,
                    "created_at": "13-01-2018_21-09-12-368000",
                    "permissions": 0,
                    "colour": 7962319
                },
                "469889439775326208": {
                    "name": "Head of Media",
                    "position": 26,
                    "created_at": "20-07-2018_15-32-52-566000",
                    "permissions": 0,
                    "colour": 16741437
                },
                "403266285313589250": {
                    "name": "Abandoned Ones",
                    "position": 13,
                    "created_at": "17-01-2018_19-16-14-744000",
                    "permissions": 0,
                    "colour": 16777215
                }
            },
            "10-01-2019_00-18-24-072293": {
                "469889716435812353": {
                    "name": "High Council",
                    "position": 26,
                    "created_at": "20-07-2018_15-33-58-527000",
                    "permissions": 8,
                    "colour": 0
                },
                "178667818152230912": {
                    "name": "@everyone",
                    "position": 0,
                    "created_at": "08-05-2016_00-42-07-335000",
                    "permissions": 0,
                    "colour": 0
                },
                "403272352223461387": {
                    "name": "Members",
                    "position": 7,
                    "created_at": "17-01-2018_19-40-21-208000",
                    "permissions": 104187968,
                    "colour": 0
                },
                "373129696960970762": {
                    "name": "Staff",
                    "position": 14,
                    "created_at": "26-10-2017_15-24-12-170000",
                    "permissions": 0,
                    "colour": 16711680
                },
                "401845161266642944": {
                    "name": "Media Creators",
                    "position": 16,
                    "created_at": "13-01-2018_21-09-12-368000",
                    "permissions": 0,
                    "colour": 7962319
                },
                "469889439775326208": {
                    "name": "Head of Media",
                    "position": 21,
                    "created_at": "20-07-2018_15-32-52-566000",
                    "permissions": 0,
                    "colour": 16741437
                },
                "403266285313589250": {
                    "name": "Abandoned Ones",
                    "position": 8,
                    "created_at": "17-01-2018_19-16-14-744000",
                    "permissions": 0,
                    "colour": 16777215
                }
            }
        },
        "current": {
            "469889716435812353": {
                "name": "High Council",
                "colour": 0,
                "permissions": 2146954743,
                "position": 29,
                "created_at": "20-07-2018_15-33-58-527000"
            },
            "178667818152230912": {
                "name": "@everyone",
                "colour": 0,
                "permissions": 0,
                "position": 0,
                "created_at": "08-05-2016_00-42-07-335000"
            },
            "403272352223461387": {
                "name": "Members",
                "colour": 0,
                "permissions": 104187968,
                "position": 9,
                "created_at": "17-01-2018_19-40-21-208000"
            },
            "403266285313589250": {
                "name": "Abandoned Ones",
                "colour": 16777215,
                "permissions": 0,
                "position": 10,
                "created_at": "17-01-2018_19-16-14-744000"
            },
            "401845161266642944": {
                "name": "Media Creators",
                "colour": 7962319,
                "permissions": 0,
                "position": 19,
                "created_at": "13-01-2018_21-09-12-368000"
            },
            "469889439775326208": {
                "name": "Head of Media",
                "colour": 16741437,
                "permissions": 0,
                "position": 24,
                "created_at": "20-07-2018_15-32-52-566000"
            },
            "373129696960970762": {
                "name": "Staff",
                "colour": 16711680,
                "permissions": 0,
                "position": 17,
                "created_at": "26-10-2017_15-24-12-170000"
            }
        }
    },
    "id": "351140625795645452",
    "colour": {
        "previous": {},
        "current": 16741437
    },
    "name": {
        "previous": {},
        "current": "Rikolan's Anatidaephobia"
    },
    "display_name": {
        "previous": {},
        "current": "Rikolan's Anatidaephobia"
    },
    "joined_at": {
        "previous": {},
        "current": "05-02-2018_16-55-01-886059"
    },
    "activity": {}
}