{
    "bans": {
        "previous": {},
        "current": "not banned"
    },
    "cookies": {
        "cookies_in_jar": 0,
        "cookie_transfer_quota": 0,
        "get": {
            "total_cookies": 0,
            "average": 0.0
        },
        "cookie_interest": 0,
        "current_cookies": 0,
        "active_epochs": 0,
        "total_cookies": 0,
        "measured_epochs": 9,
        "give": {
            "total_cookies": 0,
            "average": 0.0
        },
        "active_this_epoch": false
    },
    "voice": {
        "previous": {},
        "current": {
            "self_deaf": false,
            "channel": {
                "name": null,
                "id": null,
                "private": null
            },
            "self_mute": false,
            "is_afk": false,
            "server_mute": false,
            "server_deaf": false
        }
    },
    "status": {
        "previous": {
            "16-12-2018_22-46-26-221531": "online",
            "06-12-2018_00-51-35-336974": "online",
            "11-12-2018_09-13-26-392726": "online",
            "17-01-2019_17-37-42-106001": "online",
            "06-12-2018_00-48-23-112938": "offline",
            "05-12-2018_15-29-30-194946": "online",
            "07-12-2018_09-02-35-892853": "online",
            "16-01-2019_22-00-47-241502": "online",
            "12-01-2019_01-16-58-662867": "online",
            "05-12-2018_15-43-55-700669": "online",
            "06-12-2018_01-05-49-556858": "online",
            "13-01-2019_18-58-47-852165": "online"
        },
        "current": "offline"
    },
    "bot": false,
    "game": {
        "previous": {},
        "current": {
            "name": null,
            "url": null,
            "type": null
        }
    },
    "created_at": "19-09-2018_19-28-43-016000",
    "discriminator": {
        "previous": {},
        "current": "6526"
    },
    "roles": {
        "previous": {
            "07-12-2018_09-02-35-892853": {
                "403272352223461387": {
                    "name": "Members",
                    "position": 11,
                    "created_at": "17-01-2018_19-40-21-208000",
                    "permissions": 104187968,
                    "colour": 0
                },
                "178667818152230912": {
                    "name": "@everyone",
                    "position": 0,
                    "created_at": "08-05-2016_00-42-07-335000",
                    "permissions": 0,
                    "colour": 0
                },
                "403266285313589250": {
                    "name": "Abandoned Ones",
                    "position": 12,
                    "created_at": "17-01-2018_19-16-14-744000",
                    "permissions": 0,
                    "colour": 16777215
                }
            },
            "16-12-2018_21-52-39-901037": {
                "403272352223461387": {
                    "name": "Members",
                    "position": 10,
                    "created_at": "17-01-2018_19-40-21-208000",
                    "permissions": 104187968,
                    "colour": 0
                },
                "178667818152230912": {
                    "name": "@everyone",
                    "position": 0,
                    "created_at": "08-05-2016_00-42-07-335000",
                    "permissions": 0,
                    "colour": 0
                },
                "403266285313589250": {
                    "name": "Abandoned Ones",
                    "position": 11,
                    "created_at": "17-01-2018_19-16-14-744000",
                    "permissions": 0,
                    "colour": 16777215
                }
            },
            "10-01-2019_00-18-24-072293": {
                "403272352223461387": {
                    "name": "Members",
                    "position": 7,
                    "created_at": "17-01-2018_19-40-21-208000",
                    "permissions": 104187968,
                    "colour": 0
                },
                "178667818152230912": {
                    "name": "@everyone",
                    "position": 0,
                    "created_at": "08-05-2016_00-42-07-335000",
                    "permissions": 0,
                    "colour": 0
                },
                "403266285313589250": {
                    "name": "Abandoned Ones",
                    "position": 8,
                    "created_at": "17-01-2018_19-16-14-744000",
                    "permissions": 0,
                    "colour": 16777215
                }
            },
            "06-12-2018_01-05-49-556858": {
                "403272352223461387": {
                    "name": "Members",
                    "position": 12,
                    "created_at": "17-01-2018_19-40-21-208000",
                    "permissions": 104187968,
                    "colour": 0
                },
                "178667818152230912": {
                    "name": "@everyone",
                    "position": 0,
                    "created_at": "08-05-2016_00-42-07-335000",
                    "permissions": 0,
                    "colour": 0
                },
                "403266285313589250": {
                    "name": "Abandoned Ones",
                    "position": 13,
                    "created_at": "17-01-2018_19-16-14-744000",
                    "permissions": 0,
                    "colour": 16777215
                }
            },
            "17-01-2019_17-37-42-106001": {
                "403272352223461387": {
                    "name": "Members",
                    "position": 8,
                    "created_at": "17-01-2018_19-40-21-208000",
                    "permissions": 104187968,
                    "colour": 0
                },
                "178667818152230912": {
                    "name": "@everyone",
                    "position": 0,
                    "created_at": "08-05-2016_00-42-07-335000",
                    "permissions": 0,
                    "colour": 0
                },
                "403266285313589250": {
                    "name": "Abandoned Ones",
                    "position": 9,
                    "created_at": "17-01-2018_19-16-14-744000",
                    "permissions": 0,
                    "colour": 16777215
                }
            }
        },
        "current": {
            "403272352223461387": {
                "name": "Members",
                "colour": 0,
                "permissions": 104187968,
                "position": 9,
                "created_at": "17-01-2018_19-40-21-208000"
            },
            "178667818152230912": {
                "name": "@everyone",
                "colour": 0,
                "permissions": 0,
                "position": 0,
                "created_at": "08-05-2016_00-42-07-335000"
            },
            "403266285313589250": {
                "name": "Abandoned Ones",
                "colour": 16777215,
                "permissions": 0,
                "position": 10,
                "created_at": "17-01-2018_19-16-14-744000"
            }
        }
    },
    "id": "492054450865831966",
    "colour": {
        "previous": {},
        "current": 16777215
    },
    "name": {
        "previous": {},
        "current": "catuca2"
    },
    "display_name": {
        "previous": {},
        "current": "Princess \ud83d\udc51"
    },
    "joined_at": {
        "previous": {},
        "current": "29-10-2018_20-12-48-360130"
    },
    "activity": {}
}