{
    "discriminator": {
        "current": "2926",
        "previous": {
            "12-02-2019_19-18-53-139616": "8192",
            "31-01-2019_23-15-25-764869": "2273"
        }
    },
    "id": "149381939428589568",
    "cookies": {
        "cookie_interest": 0,
        "measured_epochs": 6,
        "give": {
            "average": 0.16666666666666666,
            "total_cookies": 1
        },
        "get": {
            "average": 0.0,
            "total_cookies": 0
        },
        "current_cookies": 0,
        "cookie_transfer_quota": 0,
        "total_cookies": 0,
        "cookies_in_jar": 0,
        "active_epochs": 1,
        "active_this_epoch": false
    },
    "colour": {
        "current": 0,
        "previous": {
            "05-12-2018_23-34-35-600797": 15158332
        }
    },
    "voice": {
        "current": {
            "self_mute": false,
            "is_afk": false,
            "server_deaf": false,
            "channel": {
                "id": null,
                "private": null,
                "name": null
            },
            "server_mute": false,
            "self_deaf": false
        },
        "previous": {}
    },
    "display_name": {
        "current": "Ely",
        "previous": {}
    },
    "activity": {
        "2018": {
            "11": {
                "27": {
                    "0": {
                        "403243509324447755": 1
                    },
                    "14": {
                        "403514718482071554": 1,
                        "403243509324447755": 17
                    },
                    "1": {
                        "403514718482071554": 1
                    }
                },
                "25": {
                    "11": {
                        "403243509324447755": 12
                    },
                    "10": {
                        "403243509324447755": 13
                    }
                },
                "29": {
                    "18": {
                        "403243509324447755": 3
                    },
                    "16": {
                        "403243509324447755": 19,
                        "403515799794614273": 1
                    },
                    "17": {
                        "403243509324447755": 26,
                        "403515799794614273": 2
                    },
                    "21": {
                        "403243509324447755": 1
                    },
                    "15": {
                        "403243509324447755": 17
                    }
                },
                "30": {
                    "14": {
                        "403243509324447755": 5
                    },
                    "15": {
                        "403243509324447755": 15
                    }
                },
                "23": {
                    "10": {
                        "403243509324447755": 2
                    }
                },
                "26": {
                    "18": {
                        "403243509324447755": 11
                    },
                    "22": {
                        "403243509324447755": 1
                    },
                    "20": {
                        "403243509324447755": 18
                    },
                    "21": {
                        "403243509324447755": 2
                    },
                    "23": {
                        "403243509324447755": 1
                    }
                }
            },
            "12": {
                "7": {
                    "8": {
                        "403243509324447755": 1
                    }
                },
                "6": {
                    "16": {
                        "403243509324447755": 12
                    },
                    "14": {
                        "403243509324447755": 26
                    },
                    "15": {
                        "403243509324447755": 124
                    },
                    "13": {
                        "403243509324447755": 2
                    },
                    "0": {
                        "403243509324447755": 46
                    },
                    "17": {
                        "403514718482071554": 1,
                        "403243509324447755": 8
                    }
                },
                "5": {
                    "23": {
                        "403243509324447755": 16
                    },
                    "13": {
                        "403514718482071554": 1,
                        "403243509324447755": 1
                    },
                    "14": {
                        "403243509324447755": 16
                    },
                    "15": {
                        "403243509324447755": 18
                    }
                }
            }
        },
        "2019": {
            "1": {
                "10": {
                    "3": {
                        "403514718482071554": 1
                    }
                },
                "30": {
                    "22": {
                        "403243509324447755": 4
                    }
                }
            }
        }
    },
    "bans": {
        "current": "not banned",
        "previous": {}
    },
    "status": {
        "current": "idle",
        "previous": {
            "19-02-2019_17-56-03-144130": "idle",
            "05-12-2018_13-17-03-081678": "idle",
            "27-01-2019_13-19-36-209606": "idle",
            "27-01-2019_00-03-40-224296": "online",
            "25-01-2019_15-28-36-671537": "idle",
            "23-01-2019_23-06-46-438605": "online",
            "12-02-2019_19-18-53-139616": "online",
            "31-01-2019_23-15-25-764869": "online",
            "30-01-2019_14-51-49-215528": "idle",
            "11-02-2019_22-51-39-999500": "idle",
            "28-11-2018_00-16-39-854123": "idle",
            "12-01-2019_01-16-58-662867": "offline",
            "16-01-2019_22-00-47-241502": "online",
            "26-01-2019_15-44-45-130911": "idle",
            "25-01-2019_00-26-23-076062": "online",
            "18-01-2019_15-04-28-265172": "idle",
            "06-12-2018_01-05-49-556858": "idle",
            "27-11-2018_00-07-39-875521": "online",
            "19-01-2019_13-47-02-065430": "idle",
            "06-12-2018_19-01-41-672098": "idle",
            "06-12-2018_00-29-32-919666": "offline",
            "07-12-2018_09-02-35-892853": "idle",
            "29-11-2018_18-10-15-123035": "idle",
            "25-11-2018_10-52-16-906108": "offline",
            "11-12-2018_09-13-26-392726": "idle",
            "06-12-2018_17-09-51-137367": "idle",
            "26-11-2018_20-36-46-531378": "idle",
            "10-01-2019_03-36-57-747790": "idle",
            "10-12-2018_16-02-31-496869": "online",
            "31-01-2019_19-29-23-149190": "idle",
            "30-11-2018_15-49-54-556422": "online",
            "16-01-2019_15-03-07-147943": "idle",
            "10-02-2019_10-58-00-564986": "online",
            "10-01-2019_00-18-24-072293": "online",
            "30-01-2019_23-45-18-912162": "idle",
            "19-01-2019_23-47-11-591556": "online",
            "06-12-2018_14-27-10-018861": "offline",
            "08-02-2019_19-38-42-445767": "idle",
            "04-12-2018_18-44-39-823871": "idle",
            "17-12-2018_08-19-13-303562": "online",
            "08-02-2019_19-09-26-882805": "idle",
            "07-12-2018_19-07-03-633575": "offline",
            "18-02-2019_14-16-21-404972": "idle",
            "13-01-2019_18-58-47-852165": "idle",
            "23-01-2019_21-15-24-922386": "idle",
            "18-02-2019_21-46-13-382171": "idle",
            "15-01-2019_20-05-24-063373": "idle",
            "05-12-2018_16-27-33-714312": "idle",
            "19-02-2019_19-48-32-014694": "online",
            "29-01-2019_23-34-56-773453": "idle",
            "18-01-2019_23-28-09-275982": "online",
            "04-12-2018_21-50-21-537905": "online",
            "07-02-2019_22-30-45-401502": "idle",
            "25-01-2019_18-03-01-080213": "online",
            "06-12-2018_15-04-14-303670": "offline",
            "26-11-2018_18-53-23-927794": "idle",
            "16-02-2019_18-22-40-919504": "online",
            "06-12-2018_00-44-16-069543": "offline",
            "06-12-2018_13-18-30-157611": "idle",
            "12-12-2018_11-49-23-541900": "idle",
            "29-11-2018_17-57-37-201418": "offline",
            "09-02-2019_19-14-04-134526": "online",
            "17-01-2019_17-37-42-106001": "idle",
            "10-01-2019_03-33-44-007928": "idle",
            "07-12-2018_07-51-11-182069": "idle",
            "09-12-2018_10-12-40-202519": "idle",
            "27-11-2018_01-41-32-093419": "idle",
            "13-01-2019_23-58-57-488890": "online",
            "27-11-2018_01-45-46-914286": "idle",
            "26-01-2019_04-12-07-077616": "online"
        }
    },
    "name": {
        "current": "Ely",
        "previous": {}
    },
    "joined_at": {
        "current": "17-01-2018_17-45-44-517000",
        "previous": {}
    },
    "bot": false,
    "created_at": "17-02-2016_05-10-29-742000",
    "roles": {
        "current": {
            "403243729072160790": {
                "created_at": "17-01-2018_17-46-36-917000",
                "position": 6,
                "colour": 0,
                "permissions": 104324169,
                "name": "Admin"
            },
            "403243508833452032": {
                "created_at": "17-01-2018_17-45-44-408000",
                "position": 0,
                "colour": 0,
                "permissions": 104324161,
                "name": "@everyone"
            }
        },
        "previous": {
            "05-12-2018_23-34-35-600797": {
                "406523819545591808": {
                    "created_at": "26-01-2018_19-00-31-427000",
                    "position": 2,
                    "colour": 15158332,
                    "permissions": 0,
                    "name": "Color_Red"
                },
                "403243729072160790": {
                    "created_at": "17-01-2018_17-46-36-917000",
                    "position": 6,
                    "colour": 0,
                    "permissions": 104324169,
                    "name": "Admin"
                },
                "403243508833452032": {
                    "created_at": "17-01-2018_17-45-44-408000",
                    "position": 0,
                    "colour": 0,
                    "permissions": 104324161,
                    "name": "@everyone"
                }
            },
            "29-11-2018_15-09-24-930495": {
                "406523819545591808": {
                    "created_at": "26-01-2018_19-00-31-427000",
                    "position": 1,
                    "colour": 15158332,
                    "permissions": 0,
                    "name": "Color_Red"
                },
                "403243729072160790": {
                    "created_at": "17-01-2018_17-46-36-917000",
                    "position": 5,
                    "colour": 0,
                    "permissions": 104324169,
                    "name": "Admin"
                },
                "403243508833452032": {
                    "created_at": "17-01-2018_17-45-44-408000",
                    "position": 0,
                    "colour": 0,
                    "permissions": 104324161,
                    "name": "@everyone"
                }
            },
            "05-12-2018_14-55-08-280177": {
                "406523819545591808": {
                    "created_at": "26-01-2018_19-00-31-427000",
                    "position": 2,
                    "colour": 15158332,
                    "permissions": 0,
                    "name": "Color_Red"
                },
                "403243729072160790": {
                    "created_at": "17-01-2018_17-46-36-917000",
                    "position": 6,
                    "colour": 0,
                    "permissions": 104324169,
                    "name": "Admin"
                },
                "403243508833452032": {
                    "created_at": "17-01-2018_17-45-44-408000",
                    "position": 0,
                    "colour": 0,
                    "permissions": 104324161,
                    "name": "@everyone"
                },
                "517688783982952458": {
                    "created_at": "29-11-2018_13-10-24-294000",
                    "position": 1,
                    "colour": 3447003,
                    "permissions": 0,
                    "name": "Color_Blue"
                }
            }
        }
    },
    "game": {
        "current": {
            "type": null,
            "name": null,
            "url": null
        },
        "previous": {
            "27-01-2019_00-03-40-224296": {
                "type": 0,
                "name": "osu!",
                "url": null
            },
            "28-11-2018_00-16-39-854123": {
                "type": null,
                "name": null,
                "url": null
            },
            "08-12-2018_15-44-11-058097": {
                "type": 0,
                "name": "Counter-Strike: Global Offensive",
                "url": null
            },
            "07-12-2018_19-07-03-633575": {
                "type": 0,
                "name": "osu!",
                "url": null
            },
            "26-01-2019_15-44-45-130911": {
                "type": null,
                "name": null,
                "url": null
            },
            "30-11-2018_15-49-54-556422": {
                "type": 0,
                "name": "VRChat",
                "url": null
            },
            "27-01-2019_13-19-36-209606": {
                "type": 0,
                "name": "osu!",
                "url": null
            },
            "29-11-2018_15-09-24-930495": {
                "type": 0,
                "name": "VRChat",
                "url": null
            }
        }
    }
}