{
    "display_name": {
        "previous": {},
        "current": "Miki"
    },
    "created_at": "17-03-2016_19-24-03-647000",
    "status": {
        "previous": {
            "19-01-2019_23-47-11-591556": "offline",
            "15-01-2019_20-05-24-063373": "offline",
            "16-01-2019_15-03-07-147943": "offline",
            "10-01-2019_03-36-57-747790": "offline",
            "17-01-2019_17-37-42-106001": "offline",
            "12-01-2019_01-16-58-662867": "offline",
            "13-01-2019_23-58-57-488890": "offline"
        },
        "current": "online"
    },
    "colour": {
        "previous": {},
        "current": 0
    },
    "name": {
        "previous": {},
        "current": "Miki"
    },
    "activity": {},
    "id": "160105994217586689",
    "voice": {
        "previous": {},
        "current": {
            "self_mute": false,
            "server_deaf": false,
            "self_deaf": false,
            "server_mute": false,
            "channel": {
                "id": null,
                "private": null,
                "name": null
            },
            "is_afk": false
        }
    },
    "bans": {
        "previous": {},
        "current": "not banned"
    },
    "joined_at": {
        "previous": {},
        "current": "06-01-2019_19-32-24-343905"
    },
    "game": {
        "previous": {},
        "current": {
            "url": null,
            "type": null,
            "name": null
        }
    },
    "cookies": {
        "cookie_interest": 0,
        "cookies_in_jar": 0,
        "current_cookies": 0,
        "get": {
            "average": 0,
            "total_cookies": 0
        },
        "measured_epochs": 0,
        "cookie_transfer_quota": 0,
        "active_this_epoch": false,
        "active_epochs": 0,
        "total_cookies": 0,
        "give": {
            "average": 0,
            "total_cookies": 0
        }
    },
    "roles": {
        "previous": {},
        "current": {
            "403243508833452032": {
                "position": 0,
                "created_at": "17-01-2018_17-45-44-408000",
                "name": "@everyone",
                "colour": 0,
                "permissions": 104324161
            }
        }
    },
    "discriminator": {
        "previous": {},
        "current": "6045"
    },
    "bot": true
}