{
    "display_name": {
        "previous": {},
        "current": "MarriageBot"
    },
    "created_at": "16-07-2018_05-02-11-904000",
    "status": {
        "previous": {
            "18-01-2019_15-04-28-265172": "dnd",
            "17-01-2019_17-37-42-106001": "dnd",
            "19-01-2019_23-47-11-591556": "dnd",
            "16-01-2019_22-00-47-241502": "dnd",
            "11-01-2019_23-09-28-971572": "offline",
            "26-01-2019_15-44-45-130911": "dnd",
            "15-01-2019_20-05-24-063373": "dnd",
            "10-01-2019_03-36-57-747790": "dnd",
            "23-01-2019_23-06-46-438605": "dnd",
            "11-01-2019_22-45-11-058689": "online",
            "19-01-2019_13-47-02-065430": "dnd",
            "12-01-2019_01-16-58-662867": "dnd"
        },
        "current": "online"
    },
    "colour": {
        "previous": {},
        "current": 0
    },
    "name": {
        "previous": {},
        "current": "MarriageBot"
    },
    "activity": {},
    "id": "468281173072805889",
    "voice": {
        "previous": {},
        "current": {
            "self_mute": false,
            "server_deaf": false,
            "self_deaf": false,
            "server_mute": false,
            "channel": {
                "id": null,
                "private": null,
                "name": null
            },
            "is_afk": false
        }
    },
    "bans": {
        "previous": {},
        "current": "not banned"
    },
    "joined_at": {
        "previous": {},
        "current": "06-01-2019_19-39-58-066171"
    },
    "game": {
        "previous": {
            "18-01-2019_15-04-28-265172": {
                "url": null,
                "type": 0,
                "name": "Restarting..."
            },
            "17-01-2019_17-37-42-106001": {
                "url": null,
                "type": 0,
                "name": "Restarting..."
            },
            "19-01-2019_23-47-11-591556": {
                "url": null,
                "type": 0,
                "name": "Restarting..."
            },
            "16-01-2019_22-00-47-241502": {
                "url": null,
                "type": 0,
                "name": "Restarting..."
            },
            "11-01-2019_23-09-28-971572": {
                "url": null,
                "type": null,
                "name": null
            },
            "26-01-2019_15-44-45-130911": {
                "url": null,
                "type": 0,
                "name": "Restarting..."
            },
            "15-01-2019_20-05-24-063373": {
                "url": null,
                "type": 0,
                "name": "Restarting..."
            },
            "10-01-2019_03-36-57-747790": {
                "url": null,
                "type": 0,
                "name": "Restarting..."
            },
            "23-01-2019_23-06-46-438605": {
                "url": null,
                "type": 0,
                "name": "Restarting..."
            },
            "11-01-2019_22-45-11-058689": {
                "url": null,
                "type": 0,
                "name": "m!help (shard 8)"
            },
            "19-01-2019_13-47-02-065430": {
                "url": null,
                "type": 0,
                "name": "Restarting..."
            },
            "12-01-2019_01-16-58-662867": {
                "url": null,
                "type": 0,
                "name": "Restarting..."
            }
        },
        "current": {
            "url": null,
            "type": 0,
            "name": "m!help (shard 2)"
        }
    },
    "cookies": {
        "cookie_interest": 0,
        "cookies_in_jar": 0,
        "current_cookies": 0,
        "get": {
            "average": 0,
            "total_cookies": 0
        },
        "measured_epochs": 0,
        "cookie_transfer_quota": 0,
        "give": {
            "average": 0,
            "total_cookies": 0
        },
        "active_epochs": 0,
        "total_cookies": 0,
        "active_this_epoch": false
    },
    "roles": {
        "previous": {},
        "current": {
            "531557559757438985": {
                "position": 1,
                "created_at": "06-01-2019_19-39-58-108000",
                "name": "MarriageBot",
                "colour": 0,
                "permissions": 35840
            },
            "403243508833452032": {
                "position": 0,
                "created_at": "17-01-2018_17-45-44-408000",
                "name": "@everyone",
                "colour": 0,
                "permissions": 104324161
            }
        }
    },
    "discriminator": {
        "previous": {},
        "current": "7725"
    },
    "bot": true
}