{
    "name": {
        "current": "Rikolan",
        "previous": {}
    },
    "cookies": {
        "measured_epochs": 8,
        "cookie_transfer_quota": 0,
        "current_cookies": 0,
        "active_this_epoch": false,
        "get": {
            "average": 0.0,
            "total_cookies": 0
        },
        "active_epochs": 0,
        "cookies_in_jar": 0,
        "give": {
            "average": 0.0,
            "total_cookies": 0
        },
        "total_cookies": 0,
        "cookie_interest": 0
    },
    "id": "149582123697831937",
    "voice": {
        "current": {
            "server_mute": false,
            "server_deaf": false,
            "self_deaf": false,
            "channel": {
                "private": null,
                "id": null,
                "name": null
            },
            "self_mute": false,
            "is_afk": false
        },
        "previous": {}
    },
    "joined_at": {
        "current": "17-01-2018_09-51-30-747000",
        "previous": {}
    },
    "status": {
        "current": "offline",
        "previous": {
            "05-12-2018_16-27-33-714312": "online",
            "06-12-2018_01-05-49-556858": "online",
            "05-12-2018_15-43-55-700669": "online",
            "10-12-2018_16-02-31-496869": "online"
        }
    },
    "created_at": "17-02-2016_18-25-57-391000",
    "colour": {
        "current": 16741437,
        "previous": {}
    },
    "game": {
        "current": {
            "url": null,
            "name": null,
            "type": null
        },
        "previous": {}
    },
    "activity": {
        "2018": {
            "12": {
                "10": {
                    "19": {
                        "403084790401728512": 1
                    },
                    "17": {
                        "403084655550791682": 1
                    }
                },
                "5": {
                    "21": {
                        "403086550851911681": 4
                    }
                }
            }
        }
    },
    "bans": {
        "current": "not banned",
        "previous": {}
    },
    "roles": {
        "current": {
            "469889439775326208": {
                "colour": 16741437,
                "created_at": "20-07-2018_15-32-52-566000",
                "permissions": 0,
                "position": 25,
                "name": "Head of Media"
            },
            "469889716435812353": {
                "colour": 0,
                "created_at": "20-07-2018_15-33-58-527000",
                "permissions": 8,
                "position": 30,
                "name": "High Council"
            },
            "373129696960970762": {
                "colour": 16711680,
                "created_at": "26-10-2017_15-24-12-170000",
                "permissions": 0,
                "position": 18,
                "name": "Staff"
            },
            "430760351248809986": {
                "colour": 0,
                "created_at": "03-04-2018_16-07-50-878000",
                "permissions": 0,
                "position": 9,
                "name": "Current Iteration"
            },
            "403272352223461387": {
                "colour": 0,
                "created_at": "17-01-2018_19-40-21-208000",
                "permissions": 104187968,
                "position": 10,
                "name": "Members"
            },
            "178667818152230912": {
                "colour": 0,
                "created_at": "08-05-2016_00-42-07-335000",
                "permissions": 0,
                "position": 0,
                "name": "@everyone"
            },
            "401845161266642944": {
                "colour": 7962319,
                "created_at": "13-01-2018_21-09-12-368000",
                "permissions": 0,
                "position": 20,
                "name": "Media Creators"
            },
            "403266285313589250": {
                "colour": 16777215,
                "created_at": "17-01-2018_19-16-14-744000",
                "permissions": 0,
                "position": 11,
                "name": "Abandoned Ones"
            }
        },
        "previous": {
            "06-12-2018_01-05-49-556858": {
                "469889439775326208": {
                    "colour": 16741437,
                    "created_at": "20-07-2018_15-32-52-566000",
                    "permissions": 0,
                    "position": 26,
                    "name": "Head of Media"
                },
                "469889716435812353": {
                    "colour": 0,
                    "created_at": "20-07-2018_15-33-58-527000",
                    "permissions": 8,
                    "position": 31,
                    "name": "High Council"
                },
                "373129696960970762": {
                    "colour": 16711680,
                    "created_at": "26-10-2017_15-24-12-170000",
                    "permissions": 0,
                    "position": 19,
                    "name": "Staff"
                },
                "430760351248809986": {
                    "colour": 0,
                    "created_at": "03-04-2018_16-07-50-878000",
                    "permissions": 0,
                    "position": 10,
                    "name": "Current Iteration"
                },
                "403272352223461387": {
                    "colour": 0,
                    "created_at": "17-01-2018_19-40-21-208000",
                    "permissions": 104187968,
                    "position": 12,
                    "name": "Members"
                },
                "178667818152230912": {
                    "colour": 0,
                    "created_at": "08-05-2016_00-42-07-335000",
                    "permissions": 0,
                    "position": 0,
                    "name": "@everyone"
                },
                "403266269220175892": {
                    "colour": 1033914,
                    "created_at": "17-01-2018_19-16-10-907000",
                    "permissions": 262208,
                    "position": 16,
                    "name": "Mythical Ones"
                },
                "401845161266642944": {
                    "colour": 7962319,
                    "created_at": "13-01-2018_21-09-12-368000",
                    "permissions": 0,
                    "position": 21,
                    "name": "Media Creators"
                }
            },
            "07-12-2018_09-02-35-892853": {
                "469889439775326208": {
                    "colour": 16741437,
                    "created_at": "20-07-2018_15-32-52-566000",
                    "permissions": 0,
                    "position": 25,
                    "name": "Head of Media"
                },
                "469889716435812353": {
                    "colour": 0,
                    "created_at": "20-07-2018_15-33-58-527000",
                    "permissions": 8,
                    "position": 30,
                    "name": "High Council"
                },
                "373129696960970762": {
                    "colour": 16711680,
                    "created_at": "26-10-2017_15-24-12-170000",
                    "permissions": 0,
                    "position": 18,
                    "name": "Staff"
                },
                "430760351248809986": {
                    "colour": 0,
                    "created_at": "03-04-2018_16-07-50-878000",
                    "permissions": 0,
                    "position": 9,
                    "name": "Current Iteration"
                },
                "403272352223461387": {
                    "colour": 0,
                    "created_at": "17-01-2018_19-40-21-208000",
                    "permissions": 104187968,
                    "position": 11,
                    "name": "Members"
                },
                "178667818152230912": {
                    "colour": 0,
                    "created_at": "08-05-2016_00-42-07-335000",
                    "permissions": 0,
                    "position": 0,
                    "name": "@everyone"
                },
                "401845161266642944": {
                    "colour": 7962319,
                    "created_at": "13-01-2018_21-09-12-368000",
                    "permissions": 0,
                    "position": 20,
                    "name": "Media Creators"
                },
                "403266285313589250": {
                    "colour": 16777215,
                    "created_at": "17-01-2018_19-16-14-744000",
                    "permissions": 0,
                    "position": 12,
                    "name": "Abandoned Ones"
                }
            },
            "07-12-2018_07-51-11-182069": {
                "469889439775326208": {
                    "colour": 16741437,
                    "created_at": "20-07-2018_15-32-52-566000",
                    "permissions": 0,
                    "position": 25,
                    "name": "Head of Media"
                },
                "469889716435812353": {
                    "colour": 0,
                    "created_at": "20-07-2018_15-33-58-527000",
                    "permissions": 8,
                    "position": 30,
                    "name": "High Council"
                },
                "373129696960970762": {
                    "colour": 16711680,
                    "created_at": "26-10-2017_15-24-12-170000",
                    "permissions": 0,
                    "position": 18,
                    "name": "Staff"
                },
                "430760351248809986": {
                    "colour": 0,
                    "created_at": "03-04-2018_16-07-50-878000",
                    "permissions": 0,
                    "position": 9,
                    "name": "Current Iteration"
                },
                "403272352223461387": {
                    "colour": 0,
                    "created_at": "17-01-2018_19-40-21-208000",
                    "permissions": 104187968,
                    "position": 11,
                    "name": "Members"
                },
                "178667818152230912": {
                    "colour": 0,
                    "created_at": "08-05-2016_00-42-07-335000",
                    "permissions": 0,
                    "position": 0,
                    "name": "@everyone"
                },
                "403266269220175892": {
                    "colour": 1033914,
                    "created_at": "17-01-2018_19-16-10-907000",
                    "permissions": 262208,
                    "position": 15,
                    "name": "Mythical Ones"
                },
                "401845161266642944": {
                    "colour": 7962319,
                    "created_at": "13-01-2018_21-09-12-368000",
                    "permissions": 0,
                    "position": 20,
                    "name": "Media Creators"
                }
            }
        }
    },
    "bot": false,
    "discriminator": {
        "current": "7658",
        "previous": {}
    },
    "display_name": {
        "current": "Rikolan",
        "previous": {}
    }
}