{
    "name": {
        "current": "Hydrax",
        "previous": {}
    },
    "cookies": {
        "measured_epochs": 8,
        "cookie_transfer_quota": 0,
        "current_cookies": 0,
        "active_this_epoch": false,
        "get": {
            "average": 0.0,
            "total_cookies": 0
        },
        "active_epochs": 0,
        "cookies_in_jar": 0,
        "give": {
            "average": 0.0,
            "total_cookies": 0
        },
        "total_cookies": 0,
        "cookie_interest": 0
    },
    "id": "208699840090079235",
    "voice": {
        "current": {
            "server_mute": false,
            "server_deaf": false,
            "self_deaf": false,
            "channel": {
                "private": null,
                "id": null,
                "name": null
            },
            "self_mute": false,
            "is_afk": false
        },
        "previous": {}
    },
    "joined_at": {
        "current": "30-01-2018_21-18-00-980895",
        "previous": {}
    },
    "status": {
        "current": "offline",
        "previous": {}
    },
    "created_at": "29-07-2016_21-38-39-333000",
    "colour": {
        "current": 16777215,
        "previous": {}
    },
    "game": {
        "current": {
            "url": null,
            "name": null,
            "type": null
        },
        "previous": {}
    },
    "activity": {},
    "bans": {
        "current": "not banned",
        "previous": {}
    },
    "roles": {
        "current": {
            "403272352223461387": {
                "colour": 0,
                "created_at": "17-01-2018_19-40-21-208000",
                "permissions": 104187968,
                "position": 10,
                "name": "Members"
            },
            "178667818152230912": {
                "colour": 0,
                "created_at": "08-05-2016_00-42-07-335000",
                "permissions": 0,
                "position": 0,
                "name": "@everyone"
            },
            "430760351248809986": {
                "colour": 0,
                "created_at": "03-04-2018_16-07-50-878000",
                "permissions": 0,
                "position": 9,
                "name": "Current Iteration"
            },
            "403266285313589250": {
                "colour": 16777215,
                "created_at": "17-01-2018_19-16-14-744000",
                "permissions": 0,
                "position": 11,
                "name": "Abandoned Ones"
            }
        },
        "previous": {
            "06-12-2018_01-05-49-556858": {
                "403272352223461387": {
                    "colour": 0,
                    "created_at": "17-01-2018_19-40-21-208000",
                    "permissions": 104187968,
                    "position": 12,
                    "name": "Members"
                },
                "178667818152230912": {
                    "colour": 0,
                    "created_at": "08-05-2016_00-42-07-335000",
                    "permissions": 0,
                    "position": 0,
                    "name": "@everyone"
                },
                "430760351248809986": {
                    "colour": 0,
                    "created_at": "03-04-2018_16-07-50-878000",
                    "permissions": 0,
                    "position": 10,
                    "name": "Current Iteration"
                },
                "403266285313589250": {
                    "colour": 16777215,
                    "created_at": "17-01-2018_19-16-14-744000",
                    "permissions": 0,
                    "position": 13,
                    "name": "Abandoned Ones"
                }
            },
            "07-12-2018_09-02-35-892853": {
                "403272352223461387": {
                    "colour": 0,
                    "created_at": "17-01-2018_19-40-21-208000",
                    "permissions": 104187968,
                    "position": 11,
                    "name": "Members"
                },
                "178667818152230912": {
                    "colour": 0,
                    "created_at": "08-05-2016_00-42-07-335000",
                    "permissions": 0,
                    "position": 0,
                    "name": "@everyone"
                },
                "430760351248809986": {
                    "colour": 0,
                    "created_at": "03-04-2018_16-07-50-878000",
                    "permissions": 0,
                    "position": 9,
                    "name": "Current Iteration"
                },
                "403266285313589250": {
                    "colour": 16777215,
                    "created_at": "17-01-2018_19-16-14-744000",
                    "permissions": 0,
                    "position": 12,
                    "name": "Abandoned Ones"
                }
            }
        }
    },
    "bot": false,
    "discriminator": {
        "current": "8614",
        "previous": {}
    },
    "display_name": {
        "current": "Hydrax",
        "previous": {}
    }
}