{
    "name": {
        "current": "Yggdrasil",
        "previous": {}
    },
    "cookies": {
        "measured_epochs": 8,
        "cookie_transfer_quota": 0,
        "current_cookies": 0,
        "active_this_epoch": false,
        "get": {
            "average": 0.0,
            "total_cookies": 0
        },
        "active_epochs": 0,
        "cookies_in_jar": 0,
        "give": {
            "average": 0.0,
            "total_cookies": 0
        },
        "total_cookies": 0,
        "cookie_interest": 0
    },
    "id": "247283454440374274",
    "voice": {
        "current": {
            "server_mute": false,
            "server_deaf": false,
            "self_deaf": false,
            "channel": {
                "private": null,
                "id": null,
                "name": null
            },
            "self_mute": false,
            "is_afk": false
        },
        "previous": {}
    },
    "joined_at": {
        "current": "26-01-2018_18-16-09-296455",
        "previous": {}
    },
    "status": {
        "current": "online",
        "previous": {
            "07-12-2018_19-07-03-633575": "offline",
            "08-12-2018_15-44-11-058097": "offline"
        }
    },
    "created_at": "13-11-2016_08-56-09-843000",
    "colour": {
        "current": 7506394,
        "previous": {
            "07-12-2018_19-07-03-633575": 16777215,
            "07-12-2018_09-02-35-892853": 7506394
        }
    },
    "game": {
        "current": {
            "url": null,
            "name": "Type --help",
            "type": 0
        },
        "previous": {
            "07-12-2018_19-07-03-633575": {
                "url": null,
                "name": null,
                "type": null
            },
            "08-12-2018_15-44-11-058097": {
                "url": null,
                "name": null,
                "type": null
            },
            "07-12-2018_07-42-43-243407": {
                "url": null,
                "name": "Type --help",
                "type": 0
            }
        }
    },
    "activity": {},
    "bans": {
        "current": "not banned",
        "previous": {}
    },
    "roles": {
        "current": {
            "406512653796900867": {
                "colour": 0,
                "created_at": "26-01-2018_18-16-09-305000",
                "permissions": 3532864,
                "position": 7,
                "name": "Yggdrasil"
            },
            "178667818152230912": {
                "colour": 0,
                "created_at": "08-05-2016_00-42-07-335000",
                "permissions": 0,
                "position": 0,
                "name": "@everyone"
            },
            "403239438802485259": {
                "colour": 7506394,
                "created_at": "17-01-2018_17-29-34-037000",
                "permissions": 7168,
                "position": 12,
                "name": "Bots"
            },
            "403266285313589250": {
                "colour": 16777215,
                "created_at": "17-01-2018_19-16-14-744000",
                "permissions": 0,
                "position": 11,
                "name": "Abandoned Ones"
            }
        },
        "previous": {
            "06-12-2018_01-05-49-556858": {
                "406512653796900867": {
                    "colour": 0,
                    "created_at": "26-01-2018_18-16-09-305000",
                    "permissions": 3532864,
                    "position": 8,
                    "name": "Yggdrasil"
                },
                "178667818152230912": {
                    "colour": 0,
                    "created_at": "08-05-2016_00-42-07-335000",
                    "permissions": 0,
                    "position": 0,
                    "name": "@everyone"
                },
                "403239438802485259": {
                    "colour": 7506394,
                    "created_at": "17-01-2018_17-29-34-037000",
                    "permissions": 7168,
                    "position": 11,
                    "name": "Bots"
                }
            },
            "07-12-2018_09-02-35-892853": {
                "406512653796900867": {
                    "colour": 0,
                    "created_at": "26-01-2018_18-16-09-305000",
                    "permissions": 3532864,
                    "position": 7,
                    "name": "Yggdrasil"
                },
                "178667818152230912": {
                    "colour": 0,
                    "created_at": "08-05-2016_00-42-07-335000",
                    "permissions": 0,
                    "position": 0,
                    "name": "@everyone"
                },
                "403239438802485259": {
                    "colour": 7506394,
                    "created_at": "17-01-2018_17-29-34-037000",
                    "permissions": 7168,
                    "position": 10,
                    "name": "Bots"
                },
                "403266285313589250": {
                    "colour": 16777215,
                    "created_at": "17-01-2018_19-16-14-744000",
                    "permissions": 0,
                    "position": 12,
                    "name": "Abandoned Ones"
                }
            }
        }
    },
    "bot": true,
    "discriminator": {
        "current": "4195",
        "previous": {}
    },
    "display_name": {
        "current": "Yggdrasil",
        "previous": {}
    }
}