{
    "name": {
        "current": "LXLight",
        "previous": {}
    },
    "cookies": {
        "measured_epochs": 8,
        "cookie_transfer_quota": 0,
        "current_cookies": 0,
        "active_this_epoch": false,
        "get": {
            "average": 0.0,
            "total_cookies": 0
        },
        "active_epochs": 0,
        "cookie_interest": 0,
        "give": {
            "average": 0.0,
            "total_cookies": 0
        },
        "total_cookies": 0,
        "cookies_in_jar": 0
    },
    "id": "429658482799542282",
    "colour": {
        "current": 16777215,
        "previous": {}
    },
    "bans": {
        "current": "not banned",
        "previous": {}
    },
    "created_at": "31-03-2018_15-09-24-968000",
    "display_name": {
        "current": "Ebenezer",
        "previous": {}
    },
    "joined_at": {
        "current": "12-11-2018_20-36-07-928967",
        "previous": {}
    },
    "game": {
        "current": {
            "url": null,
            "name": null,
            "type": null
        },
        "previous": {}
    },
    "activity": {},
    "status": {
        "current": "online",
        "previous": {
            "07-12-2018_19-07-03-633575": "idle",
            "06-12-2018_19-01-41-672098": "online",
            "08-12-2018_15-44-11-058097": "online",
            "10-12-2018_16-02-31-496869": "idle",
            "07-12-2018_09-02-35-892853": "online"
        }
    },
    "roles": {
        "current": {
            "403266285313589250": {
                "colour": 16777215,
                "created_at": "17-01-2018_19-16-14-744000",
                "permissions": 0,
                "position": 11,
                "name": "Abandoned Ones"
            },
            "178667818152230912": {
                "colour": 0,
                "created_at": "08-05-2016_00-42-07-335000",
                "permissions": 0,
                "position": 0,
                "name": "@everyone"
            },
            "403272352223461387": {
                "colour": 0,
                "created_at": "17-01-2018_19-40-21-208000",
                "permissions": 104187968,
                "position": 10,
                "name": "Members"
            }
        },
        "previous": {
            "06-12-2018_01-05-49-556858": {
                "403266285313589250": {
                    "colour": 16777215,
                    "created_at": "17-01-2018_19-16-14-744000",
                    "permissions": 0,
                    "position": 13,
                    "name": "Abandoned Ones"
                },
                "178667818152230912": {
                    "colour": 0,
                    "created_at": "08-05-2016_00-42-07-335000",
                    "permissions": 0,
                    "position": 0,
                    "name": "@everyone"
                },
                "403272352223461387": {
                    "colour": 0,
                    "created_at": "17-01-2018_19-40-21-208000",
                    "permissions": 104187968,
                    "position": 12,
                    "name": "Members"
                }
            },
            "07-12-2018_09-02-35-892853": {
                "403266285313589250": {
                    "colour": 16777215,
                    "created_at": "17-01-2018_19-16-14-744000",
                    "permissions": 0,
                    "position": 12,
                    "name": "Abandoned Ones"
                },
                "178667818152230912": {
                    "colour": 0,
                    "created_at": "08-05-2016_00-42-07-335000",
                    "permissions": 0,
                    "position": 0,
                    "name": "@everyone"
                },
                "403272352223461387": {
                    "colour": 0,
                    "created_at": "17-01-2018_19-40-21-208000",
                    "permissions": 104187968,
                    "position": 11,
                    "name": "Members"
                }
            }
        }
    },
    "bot": false,
    "discriminator": {
        "current": "5627",
        "previous": {}
    },
    "voice": {
        "current": {
            "server_mute": false,
            "server_deaf": false,
            "self_deaf": false,
            "channel": {
                "private": null,
                "id": null,
                "name": null
            },
            "self_mute": false,
            "is_afk": false
        },
        "previous": {}
    }
}