{
    "roles": {
        "current": {
            "430760351248809986": {
                "position": 8,
                "permissions": 0,
                "created_at": "03-04-2018_16-07-50-878000",
                "name": "Current Iteration",
                "colour": 0
            },
            "403272352223461387": {
                "position": 9,
                "permissions": 104187968,
                "created_at": "17-01-2018_19-40-21-208000",
                "name": "Members",
                "colour": 0
            },
            "373129696960970762": {
                "position": 17,
                "permissions": 0,
                "created_at": "26-10-2017_15-24-12-170000",
                "name": "Staff",
                "colour": 16711680
            },
            "403266285313589250": {
                "position": 10,
                "permissions": 0,
                "created_at": "17-01-2018_19-16-14-744000",
                "name": "Abandoned Ones",
                "colour": 16777215
            },
            "178667818152230912": {
                "position": 0,
                "permissions": 0,
                "created_at": "08-05-2016_00-42-07-335000",
                "name": "@everyone",
                "colour": 0
            },
            "469889716435812353": {
                "position": 29,
                "permissions": 2146954743,
                "created_at": "20-07-2018_15-33-58-527000",
                "name": "High Council",
                "colour": 0
            },
            "189416410542374912": {
                "position": 18,
                "permissions": 267774166,
                "created_at": "06-06-2016_16-33-11-460000",
                "name": "Moderator",
                "colour": 3447003
            },
            "187985716284751872": {
                "position": 25,
                "permissions": 104324161,
                "created_at": "02-06-2016_17-48-07-368000",
                "name": "Head of Moderation",
                "colour": 7980799
            },
            "523917597138354193": {
                "position": 2,
                "permissions": 0,
                "created_at": "16-12-2018_17-41-29-076000",
                "name": "Yeeters",
                "colour": 16714995
            }
        },
        "previous": {
            "17-01-2019_17-37-42-106001": {
                "430760351248809986": {
                    "position": 8,
                    "permissions": 0,
                    "created_at": "03-04-2018_16-07-50-878000",
                    "name": "Current Iteration",
                    "colour": 0
                },
                "403272352223461387": {
                    "position": 9,
                    "permissions": 104187968,
                    "created_at": "17-01-2018_19-40-21-208000",
                    "name": "Members",
                    "colour": 0
                },
                "469889716435812353": {
                    "position": 29,
                    "permissions": 8,
                    "created_at": "20-07-2018_15-33-58-527000",
                    "name": "High Council",
                    "colour": 0
                },
                "403266285313589250": {
                    "position": 10,
                    "permissions": 0,
                    "created_at": "17-01-2018_19-16-14-744000",
                    "name": "Abandoned Ones",
                    "colour": 16777215
                },
                "178667818152230912": {
                    "position": 0,
                    "permissions": 0,
                    "created_at": "08-05-2016_00-42-07-335000",
                    "name": "@everyone",
                    "colour": 0
                },
                "373129696960970762": {
                    "position": 17,
                    "permissions": 0,
                    "created_at": "26-10-2017_15-24-12-170000",
                    "name": "Staff",
                    "colour": 16711680
                },
                "189416410542374912": {
                    "position": 18,
                    "permissions": 267774166,
                    "created_at": "06-06-2016_16-33-11-460000",
                    "name": "Moderator",
                    "colour": 3447003
                },
                "187985716284751872": {
                    "position": 25,
                    "permissions": 104324169,
                    "created_at": "02-06-2016_17-48-07-368000",
                    "name": "Head of Moderation",
                    "colour": 7980799
                }
            },
            "07-12-2018_07-51-11-182069": {
                "430760351248809986": {
                    "position": 9,
                    "permissions": 0,
                    "created_at": "03-04-2018_16-07-50-878000",
                    "name": "Current Iteration",
                    "colour": 0
                },
                "403272352223461387": {
                    "position": 11,
                    "permissions": 104187968,
                    "created_at": "17-01-2018_19-40-21-208000",
                    "name": "Members",
                    "colour": 0
                },
                "403266269220175892": {
                    "position": 15,
                    "permissions": 262208,
                    "created_at": "17-01-2018_19-16-10-907000",
                    "name": "Mythical Ones",
                    "colour": 1033914
                },
                "469889716435812353": {
                    "position": 30,
                    "permissions": 8,
                    "created_at": "20-07-2018_15-33-58-527000",
                    "name": "High Council",
                    "colour": 0
                },
                "189416410542374912": {
                    "position": 19,
                    "permissions": 267775190,
                    "created_at": "06-06-2016_16-33-11-460000",
                    "name": "Moderator",
                    "colour": 3447003
                },
                "178667818152230912": {
                    "position": 0,
                    "permissions": 0,
                    "created_at": "08-05-2016_00-42-07-335000",
                    "name": "@everyone",
                    "colour": 0
                },
                "373129696960970762": {
                    "position": 18,
                    "permissions": 0,
                    "created_at": "26-10-2017_15-24-12-170000",
                    "name": "Staff",
                    "colour": 16711680
                },
                "187985716284751872": {
                    "position": 26,
                    "permissions": 104324169,
                    "created_at": "02-06-2016_17-48-07-368000",
                    "name": "Head of Moderation",
                    "colour": 7980799
                }
            },
            "07-12-2018_09-02-35-892853": {
                "430760351248809986": {
                    "position": 9,
                    "permissions": 0,
                    "created_at": "03-04-2018_16-07-50-878000",
                    "name": "Current Iteration",
                    "colour": 0
                },
                "403272352223461387": {
                    "position": 11,
                    "permissions": 104187968,
                    "created_at": "17-01-2018_19-40-21-208000",
                    "name": "Members",
                    "colour": 0
                },
                "469889716435812353": {
                    "position": 30,
                    "permissions": 8,
                    "created_at": "20-07-2018_15-33-58-527000",
                    "name": "High Council",
                    "colour": 0
                },
                "403266285313589250": {
                    "position": 12,
                    "permissions": 0,
                    "created_at": "17-01-2018_19-16-14-744000",
                    "name": "Abandoned Ones",
                    "colour": 16777215
                },
                "178667818152230912": {
                    "position": 0,
                    "permissions": 0,
                    "created_at": "08-05-2016_00-42-07-335000",
                    "name": "@everyone",
                    "colour": 0
                },
                "373129696960970762": {
                    "position": 18,
                    "permissions": 0,
                    "created_at": "26-10-2017_15-24-12-170000",
                    "name": "Staff",
                    "colour": 16711680
                },
                "189416410542374912": {
                    "position": 19,
                    "permissions": 267775190,
                    "created_at": "06-06-2016_16-33-11-460000",
                    "name": "Moderator",
                    "colour": 3447003
                },
                "187985716284751872": {
                    "position": 26,
                    "permissions": 104324169,
                    "created_at": "02-06-2016_17-48-07-368000",
                    "name": "Head of Moderation",
                    "colour": 7980799
                }
            },
            "16-12-2018_21-52-39-901037": {
                "430760351248809986": {
                    "position": 9,
                    "permissions": 0,
                    "created_at": "03-04-2018_16-07-50-878000",
                    "name": "Current Iteration",
                    "colour": 0
                },
                "403272352223461387": {
                    "position": 10,
                    "permissions": 104187968,
                    "created_at": "17-01-2018_19-40-21-208000",
                    "name": "Members",
                    "colour": 0
                },
                "469889716435812353": {
                    "position": 30,
                    "permissions": 8,
                    "created_at": "20-07-2018_15-33-58-527000",
                    "name": "High Council",
                    "colour": 0
                },
                "403266285313589250": {
                    "position": 11,
                    "permissions": 0,
                    "created_at": "17-01-2018_19-16-14-744000",
                    "name": "Abandoned Ones",
                    "colour": 16777215
                },
                "178667818152230912": {
                    "position": 0,
                    "permissions": 0,
                    "created_at": "08-05-2016_00-42-07-335000",
                    "name": "@everyone",
                    "colour": 0
                },
                "373129696960970762": {
                    "position": 18,
                    "permissions": 0,
                    "created_at": "26-10-2017_15-24-12-170000",
                    "name": "Staff",
                    "colour": 16711680
                },
                "189416410542374912": {
                    "position": 19,
                    "permissions": 267775190,
                    "created_at": "06-06-2016_16-33-11-460000",
                    "name": "Moderator",
                    "colour": 3447003
                },
                "187985716284751872": {
                    "position": 26,
                    "permissions": 104324169,
                    "created_at": "02-06-2016_17-48-07-368000",
                    "name": "Head of Moderation",
                    "colour": 7980799
                }
            },
            "06-12-2018_01-05-49-556858": {
                "430760351248809986": {
                    "position": 10,
                    "permissions": 0,
                    "created_at": "03-04-2018_16-07-50-878000",
                    "name": "Current Iteration",
                    "colour": 0
                },
                "403272352223461387": {
                    "position": 12,
                    "permissions": 104187968,
                    "created_at": "17-01-2018_19-40-21-208000",
                    "name": "Members",
                    "colour": 0
                },
                "403266269220175892": {
                    "position": 16,
                    "permissions": 262208,
                    "created_at": "17-01-2018_19-16-10-907000",
                    "name": "Mythical Ones",
                    "colour": 1033914
                },
                "469889716435812353": {
                    "position": 31,
                    "permissions": 8,
                    "created_at": "20-07-2018_15-33-58-527000",
                    "name": "High Council",
                    "colour": 0
                },
                "189416410542374912": {
                    "position": 20,
                    "permissions": 267775190,
                    "created_at": "06-06-2016_16-33-11-460000",
                    "name": "Moderator",
                    "colour": 3447003
                },
                "178667818152230912": {
                    "position": 0,
                    "permissions": 0,
                    "created_at": "08-05-2016_00-42-07-335000",
                    "name": "@everyone",
                    "colour": 0
                },
                "373129696960970762": {
                    "position": 19,
                    "permissions": 0,
                    "created_at": "26-10-2017_15-24-12-170000",
                    "name": "Staff",
                    "colour": 16711680
                },
                "187985716284751872": {
                    "position": 27,
                    "permissions": 104324169,
                    "created_at": "02-06-2016_17-48-07-368000",
                    "name": "Head of Moderation",
                    "colour": 7980799
                }
            },
            "10-01-2019_00-18-24-072293": {
                "430760351248809986": {
                    "position": 6,
                    "permissions": 0,
                    "created_at": "03-04-2018_16-07-50-878000",
                    "name": "Current Iteration",
                    "colour": 0
                },
                "403272352223461387": {
                    "position": 7,
                    "permissions": 104187968,
                    "created_at": "17-01-2018_19-40-21-208000",
                    "name": "Members",
                    "colour": 0
                },
                "469889716435812353": {
                    "position": 26,
                    "permissions": 8,
                    "created_at": "20-07-2018_15-33-58-527000",
                    "name": "High Council",
                    "colour": 0
                },
                "403266285313589250": {
                    "position": 8,
                    "permissions": 0,
                    "created_at": "17-01-2018_19-16-14-744000",
                    "name": "Abandoned Ones",
                    "colour": 16777215
                },
                "178667818152230912": {
                    "position": 0,
                    "permissions": 0,
                    "created_at": "08-05-2016_00-42-07-335000",
                    "name": "@everyone",
                    "colour": 0
                },
                "373129696960970762": {
                    "position": 14,
                    "permissions": 0,
                    "created_at": "26-10-2017_15-24-12-170000",
                    "name": "Staff",
                    "colour": 16711680
                },
                "189416410542374912": {
                    "position": 15,
                    "permissions": 267775190,
                    "created_at": "06-06-2016_16-33-11-460000",
                    "name": "Moderator",
                    "colour": 3447003
                },
                "187985716284751872": {
                    "position": 22,
                    "permissions": 104324169,
                    "created_at": "02-06-2016_17-48-07-368000",
                    "name": "Head of Moderation",
                    "colour": 7980799
                }
            },
            "13-01-2019_23-50-53-236086": {
                "430760351248809986": {
                    "position": 7,
                    "permissions": 0,
                    "created_at": "03-04-2018_16-07-50-878000",
                    "name": "Current Iteration",
                    "colour": 0
                },
                "403272352223461387": {
                    "position": 8,
                    "permissions": 104187968,
                    "created_at": "17-01-2018_19-40-21-208000",
                    "name": "Members",
                    "colour": 0
                },
                "469889716435812353": {
                    "position": 28,
                    "permissions": 8,
                    "created_at": "20-07-2018_15-33-58-527000",
                    "name": "High Council",
                    "colour": 0
                },
                "403266285313589250": {
                    "position": 9,
                    "permissions": 0,
                    "created_at": "17-01-2018_19-16-14-744000",
                    "name": "Abandoned Ones",
                    "colour": 16777215
                },
                "178667818152230912": {
                    "position": 0,
                    "permissions": 0,
                    "created_at": "08-05-2016_00-42-07-335000",
                    "name": "@everyone",
                    "colour": 0
                },
                "373129696960970762": {
                    "position": 16,
                    "permissions": 0,
                    "created_at": "26-10-2017_15-24-12-170000",
                    "name": "Staff",
                    "colour": 16711680
                },
                "189416410542374912": {
                    "position": 17,
                    "permissions": 267775190,
                    "created_at": "06-06-2016_16-33-11-460000",
                    "name": "Moderator",
                    "colour": 3447003
                },
                "187985716284751872": {
                    "position": 24,
                    "permissions": 104324169,
                    "created_at": "02-06-2016_17-48-07-368000",
                    "name": "Head of Moderation",
                    "colour": 7980799
                }
            }
        }
    },
    "voice": {
        "current": {
            "server_deaf": false,
            "is_afk": false,
            "channel": {
                "private": null,
                "id": null,
                "name": null
            },
            "self_deaf": false,
            "server_mute": false,
            "self_mute": false
        },
        "previous": {
            "12-01-2019_01-16-58-662867": {
                "server_deaf": false,
                "is_afk": false,
                "channel": {
                    "private": false,
                    "id": "523902470724911105",
                    "name": "simply-yeet"
                },
                "self_deaf": false,
                "server_mute": false,
                "self_mute": false
            },
            "13-01-2019_23-58-57-488890": {
                "server_deaf": false,
                "is_afk": false,
                "channel": {
                    "private": false,
                    "id": "523902470724911105",
                    "name": "simply-yeet"
                },
                "self_deaf": false,
                "server_mute": false,
                "self_mute": false
            }
        }
    },
    "display_name": {
        "current": "n8erade",
        "previous": {
            "10-01-2019_00-18-24-072293": "Dubibells Dubibells"
        }
    },
    "bans": {
        "current": "not banned",
        "previous": {}
    },
    "id": "108734388258234368",
    "cookies": {
        "active_epochs": 0,
        "current_cookies": 0,
        "cookies_in_jar": 0,
        "cookie_transfer_quota": 0,
        "cookie_interest": 0,
        "measured_epochs": 9,
        "get": {
            "total_cookies": 0,
            "average": 0.0
        },
        "give": {
            "total_cookies": 0,
            "average": 0.0
        },
        "total_cookies": 0,
        "active_this_epoch": false
    },
    "bot": false,
    "discriminator": {
        "current": "2319",
        "previous": {}
    },
    "game": {
        "current": {
            "url": null,
            "type": null,
            "name": null
        },
        "previous": {
            "12-01-2019_01-16-58-662867": {
                "url": null,
                "type": 0,
                "name": "League of Legends"
            },
            "13-01-2019_18-58-47-852165": {
                "url": null,
                "type": 2,
                "name": "Spotify"
            }
        }
    },
    "joined_at": {
        "current": "17-01-2018_09-35-04-774000",
        "previous": {}
    },
    "activity": {
        "2019": {
            "1": {
                "10": {
                    "20": {
                        "523913649182605330": 2
                    },
                    "14": {
                        "523913649182605330": 2
                    },
                    "13": {
                        "403084655550791682": 1
                    }
                },
                "15": {
                    "0": {
                        "523913649182605330": 1
                    }
                },
                "12": {
                    "16": {
                        "523913649182605330": 11
                    },
                    "17": {
                        "523913649182605330": 12
                    }
                },
                "17": {
                    "22": {
                        "523913649182605330": 1
                    },
                    "23": {
                        "523913649182605330": 8
                    }
                }
            }
        },
        "2018": {
            "12": {
                "7": {
                    "15": {
                        "403084655550791682": 1
                    }
                }
            }
        }
    },
    "colour": {
        "current": 7980799,
        "previous": {}
    },
    "status": {
        "current": "dnd",
        "previous": {
            "06-12-2018_00-45-45-907811": "offline",
            "05-12-2018_16-23-43-417186": "dnd",
            "06-12-2018_01-05-49-556858": "dnd",
            "06-12-2018_14-18-11-466041": "offline",
            "07-12-2018_19-07-03-633575": "offline",
            "06-12-2018_15-04-14-303670": "dnd",
            "06-12-2018_14-50-02-697396": "dnd",
            "06-12-2018_15-16-54-897558": "dnd",
            "05-12-2018_23-34-35-600797": "dnd",
            "06-12-2018_13-18-30-157611": "dnd",
            "10-01-2019_03-33-44-007928": "offline",
            "05-12-2018_15-19-39-125060": "dnd",
            "05-12-2018_15-43-55-700669": "offline",
            "05-12-2018_23-17-11-812802": "dnd",
            "06-12-2018_15-14-45-002165": "offline",
            "06-12-2018_14-20-49-230798": "dnd",
            "06-12-2018_17-02-08-075871": "dnd",
            "06-12-2018_15-40-12-725739": "dnd",
            "06-12-2018_00-51-35-336974": "offline",
            "06-12-2018_17-09-51-137367": "offline",
            "06-12-2018_14-27-10-018861": "dnd",
            "05-12-2018_16-27-33-714312": "dnd",
            "10-01-2019_00-18-24-072293": "dnd",
            "06-12-2018_14-37-28-467255": "offline",
            "06-12-2018_19-01-41-672098": "offline",
            "05-12-2018_16-07-42-379538": "dnd"
        }
    },
    "created_at": "28-10-2015_01-11-38-348000",
    "name": {
        "current": "Resquiat",
        "previous": {}
    }
}