{
    "roles": {
        "current": {
            "523917597138354193": {
                "position": 2,
                "permissions": 0,
                "created_at": "16-12-2018_17-41-29-076000",
                "name": "Yeeters",
                "colour": 16714995
            },
            "178667818152230912": {
                "position": 0,
                "permissions": 0,
                "created_at": "08-05-2016_00-42-07-335000",
                "name": "@everyone",
                "colour": 0
            },
            "403266285313589250": {
                "position": 10,
                "permissions": 0,
                "created_at": "17-01-2018_19-16-14-744000",
                "name": "Abandoned Ones",
                "colour": 16777215
            },
            "531560461058179072": {
                "position": 5,
                "permissions": 49152,
                "created_at": "06-01-2019_19-51-29-832000",
                "name": "Miki",
                "colour": 1752220
            },
            "403239438802485259": {
                "position": 11,
                "permissions": 0,
                "created_at": "17-01-2018_17-29-34-037000",
                "name": "Bots",
                "colour": 13079310
            }
        },
        "previous": {
            "16-12-2018_21-52-39-901037": {
                "403266285313589250": {
                    "position": 11,
                    "permissions": 0,
                    "created_at": "17-01-2018_19-16-14-744000",
                    "name": "Abandoned Ones",
                    "colour": 16777215
                },
                "178667818152230912": {
                    "position": 0,
                    "permissions": 0,
                    "created_at": "08-05-2016_00-42-07-335000",
                    "name": "@everyone",
                    "colour": 0
                },
                "406569085380329472": {
                    "position": 5,
                    "permissions": 3405888,
                    "created_at": "26-01-2018_22-00-23-643000",
                    "name": "Miki",
                    "colour": 0
                },
                "403239438802485259": {
                    "position": 12,
                    "permissions": 7168,
                    "created_at": "17-01-2018_17-29-34-037000",
                    "name": "Bots",
                    "colour": 7506394
                }
            },
            "17-01-2019_17-37-42-106001": {
                "523917597138354193": {
                    "position": 2,
                    "permissions": 0,
                    "created_at": "16-12-2018_17-41-29-076000",
                    "name": "Yeeters",
                    "colour": 16714995
                },
                "178667818152230912": {
                    "position": 0,
                    "permissions": 0,
                    "created_at": "08-05-2016_00-42-07-335000",
                    "name": "@everyone",
                    "colour": 0
                },
                "531560461058179072": {
                    "position": 5,
                    "permissions": 49152,
                    "created_at": "06-01-2019_19-51-29-832000",
                    "name": "Miki",
                    "colour": 1752220
                },
                "403239438802485259": {
                    "position": 11,
                    "permissions": 0,
                    "created_at": "17-01-2018_17-29-34-037000",
                    "name": "Bots",
                    "colour": 13079310
                }
            },
            "06-12-2018_01-05-49-556858": {
                "178667818152230912": {
                    "position": 0,
                    "permissions": 0,
                    "created_at": "08-05-2016_00-42-07-335000",
                    "name": "@everyone",
                    "colour": 0
                },
                "406569085380329472": {
                    "position": 6,
                    "permissions": 3405888,
                    "created_at": "26-01-2018_22-00-23-643000",
                    "name": "Miki",
                    "colour": 0
                },
                "403239438802485259": {
                    "position": 11,
                    "permissions": 7168,
                    "created_at": "17-01-2018_17-29-34-037000",
                    "name": "Bots",
                    "colour": 7506394
                }
            },
            "10-01-2019_00-18-24-072293": {
                "403266285313589250": {
                    "position": 8,
                    "permissions": 0,
                    "created_at": "17-01-2018_19-16-14-744000",
                    "name": "Abandoned Ones",
                    "colour": 16777215
                },
                "178667818152230912": {
                    "position": 0,
                    "permissions": 0,
                    "created_at": "08-05-2016_00-42-07-335000",
                    "name": "@everyone",
                    "colour": 0
                },
                "406569085380329472": {
                    "position": 4,
                    "permissions": 3405888,
                    "created_at": "26-01-2018_22-00-23-643000",
                    "name": "Miki",
                    "colour": 0
                },
                "403239438802485259": {
                    "position": 9,
                    "permissions": 7168,
                    "created_at": "17-01-2018_17-29-34-037000",
                    "name": "Bots",
                    "colour": 7506394
                }
            },
            "07-12-2018_09-02-35-892853": {
                "403266285313589250": {
                    "position": 12,
                    "permissions": 0,
                    "created_at": "17-01-2018_19-16-14-744000",
                    "name": "Abandoned Ones",
                    "colour": 16777215
                },
                "178667818152230912": {
                    "position": 0,
                    "permissions": 0,
                    "created_at": "08-05-2016_00-42-07-335000",
                    "name": "@everyone",
                    "colour": 0
                },
                "406569085380329472": {
                    "position": 5,
                    "permissions": 3405888,
                    "created_at": "26-01-2018_22-00-23-643000",
                    "name": "Miki",
                    "colour": 0
                },
                "403239438802485259": {
                    "position": 10,
                    "permissions": 7168,
                    "created_at": "17-01-2018_17-29-34-037000",
                    "name": "Bots",
                    "colour": 7506394
                }
            }
        }
    },
    "voice": {
        "current": {
            "server_deaf": false,
            "is_afk": false,
            "channel": {
                "private": null,
                "id": null,
                "name": null
            },
            "self_deaf": false,
            "server_mute": false,
            "self_mute": false
        },
        "previous": {}
    },
    "display_name": {
        "current": "Miki",
        "previous": {}
    },
    "bans": {
        "current": "not banned",
        "previous": {}
    },
    "id": "160105994217586689",
    "cookies": {
        "active_epochs": 0,
        "current_cookies": 0,
        "cookies_in_jar": 0,
        "cookie_transfer_quota": 0,
        "cookie_interest": 0,
        "measured_epochs": 9,
        "get": {
            "total_cookies": 0,
            "average": 0.0
        },
        "give": {
            "total_cookies": 0,
            "average": 0.0
        },
        "total_cookies": 0,
        "active_this_epoch": false
    },
    "bot": true,
    "discriminator": {
        "current": "6045",
        "previous": {}
    },
    "game": {
        "current": {
            "url": null,
            "type": null,
            "name": null
        },
        "previous": {}
    },
    "joined_at": {
        "current": "06-01-2019_19-12-40-705620",
        "previous": {
            "10-01-2019_00-18-24-072293": "26-01-2018_22-00-23-635313"
        }
    },
    "activity": {
        "2019": {
            "1": {
                "18": {
                    "0": {
                        "535533512892219392": 1
                    },
                    "1": {
                        "523913649182605330": 2
                    },
                    "19": {
                        "535533512892219392": 3
                    },
                    "23": {
                        "535533512892219392": 1
                    }
                },
                "13": {
                    "19": {
                        "523913649182605330": 1
                    }
                },
                "17": {
                    "23": {
                        "535533512892219392": 2,
                        "523913649182605330": 1
                    }
                }
            }
        }
    },
    "colour": {
        "current": 13079310,
        "previous": {
            "07-12-2018_09-02-35-892853": 7506394,
            "07-12-2018_19-07-03-633575": 16777215,
            "10-01-2019_00-18-24-072293": 7506394
        }
    },
    "status": {
        "current": "online",
        "previous": {
            "17-12-2018_08-19-13-303562": "offline",
            "12-01-2019_01-16-58-662867": "offline",
            "08-12-2018_15-44-11-058097": "offline",
            "06-12-2018_01-05-49-556858": "offline",
            "16-01-2019_22-00-47-241502": "online",
            "10-01-2019_03-36-57-747790": "offline",
            "06-12-2018_14-35-48-128249": "offline",
            "17-01-2019_17-37-42-106001": "offline",
            "07-12-2018_19-07-03-633575": "offline",
            "15-01-2019_20-05-24-063373": "offline",
            "13-01-2019_23-58-57-488890": "offline",
            "06-12-2018_14-21-28-866312": "online",
            "06-12-2018_19-01-41-672098": "offline"
        }
    },
    "created_at": "17-03-2016_19-24-03-647000",
    "name": {
        "current": "Miki",
        "previous": {}
    }
}