{
    "roles": {
        "current": {
            "529116178040487946": {
                "position": 12,
                "permissions": 36717632,
                "created_at": "31-12-2018_01-58-47-348000",
                "name": "Rhythm",
                "colour": 0
            },
            "403266285313589250": {
                "position": 10,
                "permissions": 0,
                "created_at": "17-01-2018_19-16-14-744000",
                "name": "Abandoned Ones",
                "colour": 16777215
            },
            "178667818152230912": {
                "position": 0,
                "permissions": 0,
                "created_at": "08-05-2016_00-42-07-335000",
                "name": "@everyone",
                "colour": 0
            },
            "403239438802485259": {
                "position": 11,
                "permissions": 0,
                "created_at": "17-01-2018_17-29-34-037000",
                "name": "Bots",
                "colour": 13079310
            }
        },
        "previous": {
            "17-01-2019_17-37-42-106001": {
                "529116178040487946": {
                    "position": 11,
                    "permissions": 36717632,
                    "created_at": "31-12-2018_01-58-47-348000",
                    "name": "Rhythm",
                    "colour": 0
                },
                "403266285313589250": {
                    "position": 9,
                    "permissions": 0,
                    "created_at": "17-01-2018_19-16-14-744000",
                    "name": "Abandoned Ones",
                    "colour": 16777215
                },
                "178667818152230912": {
                    "position": 0,
                    "permissions": 0,
                    "created_at": "08-05-2016_00-42-07-335000",
                    "name": "@everyone",
                    "colour": 0
                },
                "403239438802485259": {
                    "position": 10,
                    "permissions": 0,
                    "created_at": "17-01-2018_17-29-34-037000",
                    "name": "Bots",
                    "colour": 13079310
                }
            }
        }
    },
    "status": {
        "current": "online",
        "previous": {
            "15-01-2019_20-05-24-063373": "offline"
        }
    },
    "display_name": {
        "current": "Rythm",
        "previous": {}
    },
    "bans": {
        "current": "not banned",
        "previous": {}
    },
    "id": "235088799074484224",
    "cookies": {
        "active_epochs": 0,
        "current_cookies": 0,
        "cookies_in_jar": 0,
        "cookie_transfer_quota": 0,
        "cookie_interest": 0,
        "measured_epochs": 1,
        "get": {
            "total_cookies": 0,
            "average": 0.0
        },
        "give": {
            "total_cookies": 0,
            "average": 0.0
        },
        "total_cookies": 0,
        "active_this_epoch": false
    },
    "bot": true,
    "discriminator": {
        "current": "3722",
        "previous": {}
    },
    "game": {
        "current": {
            "url": null,
            "type": null,
            "name": null
        },
        "previous": {}
    },
    "joined_at": {
        "current": "31-12-2018_01-58-02-344191",
        "previous": {}
    },
    "activity": {
        "2019": {
            "1": {
                "18": {
                    "23": {
                        "535533512892219392": 25,
                        "532712820454719492": 47
                    }
                }
            }
        }
    },
    "colour": {
        "current": 13079310,
        "previous": {}
    },
    "voice": {
        "current": {
            "server_deaf": false,
            "is_afk": false,
            "channel": {
                "private": false,
                "id": "523902470724911105",
                "name": "simply-yeet"
            },
            "self_deaf": false,
            "server_mute": false,
            "self_mute": false
        },
        "previous": {
            "18-01-2019_22-56-50-509179": {
                "server_deaf": false,
                "is_afk": false,
                "channel": {
                    "private": null,
                    "id": null,
                    "name": null
                },
                "self_deaf": false,
                "server_mute": false,
                "self_mute": false
            }
        }
    },
    "created_at": "10-10-2016_17-18-57-438000",
    "name": {
        "current": "Rythm",
        "previous": {}
    }
}