{
    "roles": {
        "current": {
            "403266285313589250": {
                "position": 10,
                "permissions": 0,
                "created_at": "17-01-2018_19-16-14-744000",
                "name": "Abandoned Ones",
                "colour": 16777215
            },
            "178667818152230912": {
                "position": 0,
                "permissions": 0,
                "created_at": "08-05-2016_00-42-07-335000",
                "name": "@everyone",
                "colour": 0
            },
            "504751410785812510": {
                "position": 6,
                "permissions": 470080,
                "created_at": "24-10-2018_20-21-54-159000",
                "name": "CAH",
                "colour": 0
            },
            "403239438802485259": {
                "position": 11,
                "permissions": 0,
                "created_at": "17-01-2018_17-29-34-037000",
                "name": "Bots",
                "colour": 13079310
            }
        },
        "previous": {
            "16-12-2018_21-52-39-901037": {
                "403266285313589250": {
                    "position": 11,
                    "permissions": 0,
                    "created_at": "17-01-2018_19-16-14-744000",
                    "name": "Abandoned Ones",
                    "colour": 16777215
                },
                "178667818152230912": {
                    "position": 0,
                    "permissions": 0,
                    "created_at": "08-05-2016_00-42-07-335000",
                    "name": "@everyone",
                    "colour": 0
                },
                "504751410785812510": {
                    "position": 1,
                    "permissions": 470080,
                    "created_at": "24-10-2018_20-21-54-159000",
                    "name": "CAH",
                    "colour": 0
                },
                "403239438802485259": {
                    "position": 12,
                    "permissions": 7168,
                    "created_at": "17-01-2018_17-29-34-037000",
                    "name": "Bots",
                    "colour": 7506394
                }
            },
            "07-12-2018_09-02-35-892853": {
                "403266285313589250": {
                    "position": 12,
                    "permissions": 0,
                    "created_at": "17-01-2018_19-16-14-744000",
                    "name": "Abandoned Ones",
                    "colour": 16777215
                },
                "178667818152230912": {
                    "position": 0,
                    "permissions": 0,
                    "created_at": "08-05-2016_00-42-07-335000",
                    "name": "@everyone",
                    "colour": 0
                },
                "504751410785812510": {
                    "position": 1,
                    "permissions": 470080,
                    "created_at": "24-10-2018_20-21-54-159000",
                    "name": "CAH",
                    "colour": 0
                },
                "403239438802485259": {
                    "position": 10,
                    "permissions": 7168,
                    "created_at": "17-01-2018_17-29-34-037000",
                    "name": "Bots",
                    "colour": 7506394
                }
            },
            "06-12-2018_01-05-49-556858": {
                "178667818152230912": {
                    "position": 0,
                    "permissions": 0,
                    "created_at": "08-05-2016_00-42-07-335000",
                    "name": "@everyone",
                    "colour": 0
                },
                "504751410785812510": {
                    "position": 2,
                    "permissions": 470080,
                    "created_at": "24-10-2018_20-21-54-159000",
                    "name": "CAH",
                    "colour": 0
                },
                "403239438802485259": {
                    "position": 11,
                    "permissions": 7168,
                    "created_at": "17-01-2018_17-29-34-037000",
                    "name": "Bots",
                    "colour": 7506394
                }
            },
            "10-01-2019_00-18-24-072293": {
                "403266285313589250": {
                    "position": 8,
                    "permissions": 0,
                    "created_at": "17-01-2018_19-16-14-744000",
                    "name": "Abandoned Ones",
                    "colour": 16777215
                },
                "178667818152230912": {
                    "position": 0,
                    "permissions": 0,
                    "created_at": "08-05-2016_00-42-07-335000",
                    "name": "@everyone",
                    "colour": 0
                },
                "504751410785812510": {
                    "position": 3,
                    "permissions": 470080,
                    "created_at": "24-10-2018_20-21-54-159000",
                    "name": "CAH",
                    "colour": 0
                },
                "403239438802485259": {
                    "position": 9,
                    "permissions": 7168,
                    "created_at": "17-01-2018_17-29-34-037000",
                    "name": "Bots",
                    "colour": 7506394
                }
            },
            "17-01-2019_17-37-42-106001": {
                "403266285313589250": {
                    "position": 9,
                    "permissions": 0,
                    "created_at": "17-01-2018_19-16-14-744000",
                    "name": "Abandoned Ones",
                    "colour": 16777215
                },
                "178667818152230912": {
                    "position": 0,
                    "permissions": 0,
                    "created_at": "08-05-2016_00-42-07-335000",
                    "name": "@everyone",
                    "colour": 0
                },
                "504751410785812510": {
                    "position": 5,
                    "permissions": 470080,
                    "created_at": "24-10-2018_20-21-54-159000",
                    "name": "CAH",
                    "colour": 0
                },
                "403239438802485259": {
                    "position": 10,
                    "permissions": 0,
                    "created_at": "17-01-2018_17-29-34-037000",
                    "name": "Bots",
                    "colour": 13079310
                }
            }
        }
    },
    "voice": {
        "current": {
            "server_deaf": false,
            "is_afk": false,
            "channel": {
                "private": null,
                "id": null,
                "name": null
            },
            "self_deaf": false,
            "server_mute": false,
            "self_mute": false
        },
        "previous": {}
    },
    "display_name": {
        "current": "CAH",
        "previous": {}
    },
    "bans": {
        "current": "not banned",
        "previous": {}
    },
    "id": "264069832574500866",
    "cookies": {
        "active_epochs": 0,
        "current_cookies": 0,
        "cookies_in_jar": 0,
        "cookie_transfer_quota": 0,
        "cookie_interest": 0,
        "measured_epochs": 2,
        "get": {
            "total_cookies": 0,
            "average": 0.0
        },
        "give": {
            "total_cookies": 0,
            "average": 0.0
        },
        "total_cookies": 0,
        "active_this_epoch": false
    },
    "bot": true,
    "discriminator": {
        "current": "4288",
        "previous": {}
    },
    "game": {
        "current": {
            "url": null,
            "type": null,
            "name": null
        },
        "previous": {}
    },
    "joined_at": {
        "current": "24-10-2018_20-21-54-146319",
        "previous": {}
    },
    "activity": {},
    "colour": {
        "current": 13079310,
        "previous": {
            "07-12-2018_09-02-35-892853": 7506394,
            "07-12-2018_19-07-03-633575": 16777215,
            "10-01-2019_00-18-24-072293": 7506394
        }
    },
    "status": {
        "current": "offline",
        "previous": {}
    },
    "created_at": "29-12-2016_16-39-14-266000",
    "name": {
        "current": "Smith",
        "previous": {}
    }
}