{
    "roles": {
        "current": {
            "403266269220175892": {
                "position": 15,
                "permissions": 262208,
                "created_at": "17-01-2018_19-16-10-907000",
                "name": "Mythical Ones",
                "colour": 1033914
            },
            "523917597138354193": {
                "position": 2,
                "permissions": 0,
                "created_at": "16-12-2018_17-41-29-076000",
                "name": "Yeeters",
                "colour": 16714995
            },
            "178667818152230912": {
                "position": 0,
                "permissions": 0,
                "created_at": "08-05-2016_00-42-07-335000",
                "name": "@everyone",
                "colour": 0
            },
            "535533082678394880": {
                "position": 1,
                "permissions": 0,
                "created_at": "17-01-2019_18-57-16-634000",
                "name": "Kinksters",
                "colour": 15277667
            },
            "403272352223461387": {
                "position": 9,
                "permissions": 104187968,
                "created_at": "17-01-2018_19-40-21-208000",
                "name": "Members",
                "colour": 0
            }
        },
        "previous": {
            "17-01-2019_17-37-42-106001": {
                "403266269220175892": {
                    "position": 15,
                    "permissions": 262208,
                    "created_at": "17-01-2018_19-16-10-907000",
                    "name": "Mythical Ones",
                    "colour": 1033914
                },
                "523917597138354193": {
                    "position": 2,
                    "permissions": 0,
                    "created_at": "16-12-2018_17-41-29-076000",
                    "name": "Yeeters",
                    "colour": 16714995
                },
                "178667818152230912": {
                    "position": 0,
                    "permissions": 0,
                    "created_at": "08-05-2016_00-42-07-335000",
                    "name": "@everyone",
                    "colour": 0
                },
                "403272352223461387": {
                    "position": 9,
                    "permissions": 104187968,
                    "created_at": "17-01-2018_19-40-21-208000",
                    "name": "Members",
                    "colour": 0
                }
            },
            "12-01-2019_01-16-58-662867": {
                "403266269220175892": {
                    "position": 14,
                    "permissions": 262208,
                    "created_at": "17-01-2018_19-16-10-907000",
                    "name": "Mythical Ones",
                    "colour": 1033914
                },
                "523917597138354193": {
                    "position": 3,
                    "permissions": 0,
                    "created_at": "16-12-2018_17-41-29-076000",
                    "name": "Yeeters",
                    "colour": 16714995
                },
                "178667818152230912": {
                    "position": 0,
                    "permissions": 0,
                    "created_at": "08-05-2016_00-42-07-335000",
                    "name": "@everyone",
                    "colour": 0
                },
                "403266285313589250": {
                    "position": 9,
                    "permissions": 0,
                    "created_at": "17-01-2018_19-16-14-744000",
                    "name": "Abandoned Ones",
                    "colour": 16777215
                },
                "403272352223461387": {
                    "position": 8,
                    "permissions": 104187968,
                    "created_at": "17-01-2018_19-40-21-208000",
                    "name": "Members",
                    "colour": 0
                }
            }
        }
    },
    "voice": {
        "current": {
            "server_deaf": false,
            "is_afk": false,
            "channel": {
                "private": null,
                "id": null,
                "name": null
            },
            "self_deaf": false,
            "server_mute": false,
            "self_mute": false
        },
        "previous": {
            "17-01-2019_17-37-42-106001": {
                "server_deaf": false,
                "is_afk": false,
                "channel": {
                    "private": false,
                    "id": "523902470724911105",
                    "name": "simply-yeet"
                },
                "self_deaf": false,
                "server_mute": false,
                "self_mute": false
            },
            "12-01-2019_01-16-58-662867": {
                "server_deaf": false,
                "is_afk": false,
                "channel": {
                    "private": false,
                    "id": "523902470724911105",
                    "name": "simply-yeet"
                },
                "self_deaf": false,
                "server_mute": false,
                "self_mute": false
            },
            "15-01-2019_20-05-24-063373": {
                "server_deaf": false,
                "is_afk": false,
                "channel": {
                    "private": false,
                    "id": "523902470724911105",
                    "name": "simply-yeet"
                },
                "self_deaf": false,
                "server_mute": false,
                "self_mute": false
            },
            "13-01-2019_23-58-57-488890": {
                "server_deaf": false,
                "is_afk": false,
                "channel": {
                    "private": false,
                    "id": "523902470724911105",
                    "name": "simply-yeet"
                },
                "self_deaf": false,
                "server_mute": false,
                "self_mute": false
            },
            "18-01-2019_15-04-28-265172": {
                "server_deaf": false,
                "is_afk": false,
                "channel": {
                    "private": false,
                    "id": "535533609617195018",
                    "name": "Kinky Kat Chat"
                },
                "self_deaf": false,
                "server_mute": false,
                "self_mute": false
            },
            "11-01-2019_22-45-11-058689": {
                "server_deaf": false,
                "is_afk": false,
                "channel": {
                    "private": null,
                    "id": null,
                    "name": null
                },
                "self_deaf": false,
                "server_mute": false,
                "self_mute": true
            },
            "13-01-2019_18-58-47-852165": {
                "server_deaf": false,
                "is_afk": false,
                "channel": {
                    "private": false,
                    "id": "523902470724911105",
                    "name": "simply-yeet"
                },
                "self_deaf": false,
                "server_mute": false,
                "self_mute": true
            },
            "10-01-2019_00-18-24-072293": {
                "server_deaf": false,
                "is_afk": false,
                "channel": {
                    "private": false,
                    "id": "523902470724911105",
                    "name": "simply-yeet"
                },
                "self_deaf": false,
                "server_mute": false,
                "self_mute": true
            },
            "18-01-2019_22-56-50-509179": {
                "server_deaf": false,
                "is_afk": false,
                "channel": {
                    "private": false,
                    "id": "535533609617195018",
                    "name": "Kinky Kat Chat"
                },
                "self_deaf": false,
                "server_mute": false,
                "self_mute": true
            },
            "10-01-2019_03-36-57-747790": {
                "server_deaf": false,
                "is_afk": false,
                "channel": {
                    "private": false,
                    "id": "523902470724911105",
                    "name": "simply-yeet"
                },
                "self_deaf": false,
                "server_mute": false,
                "self_mute": true
            }
        }
    },
    "display_name": {
        "current": "Kemboobies",
        "previous": {
            "10-01-2019_00-18-24-072293": "Bot abuser"
        }
    },
    "bans": {
        "current": "not banned",
        "previous": {}
    },
    "id": "340607843201712129",
    "cookies": {
        "active_epochs": 1,
        "current_cookies": 2,
        "cookies_in_jar": 0,
        "cookie_transfer_quota": 0,
        "cookie_interest": 0,
        "measured_epochs": 1,
        "get": {
            "total_cookies": 2,
            "average": 2.0
        },
        "give": {
            "total_cookies": 0,
            "average": 0.0
        },
        "total_cookies": 2,
        "active_this_epoch": false
    },
    "bot": false,
    "discriminator": {
        "current": "8223",
        "previous": {}
    },
    "game": {
        "current": {
            "url": null,
            "type": null,
            "name": null
        },
        "previous": {}
    },
    "joined_at": {
        "current": "09-01-2019_18-11-34-599932",
        "previous": {}
    },
    "activity": {
        "2019": {
            "1": {
                "10": {
                    "21": {
                        "523913649182605330": 1
                    },
                    "0": {
                        "403084854243098634": 2,
                        "523913649182605330": 9
                    },
                    "3": {
                        "523913649182605330": 6
                    },
                    "19": {
                        "523913649182605330": 1
                    },
                    "2": {
                        "523913649182605330": 5
                    }
                },
                "14": {
                    "21": {
                        "523913649182605330": 9
                    },
                    "0": {
                        "523913649182605330": 9
                    },
                    "22": {
                        "523913649182605330": 2
                    },
                    "20": {
                        "523913649182605330": 1
                    }
                },
                "18": {
                    "21": {
                        "535533512892219392": 3,
                        "523913649182605330": 2
                    },
                    "0": {
                        "523913649182605330": 1
                    },
                    "20": {
                        "535533512892219392": 4
                    },
                    "1": {
                        "523913649182605330": 1
                    }
                },
                "13": {
                    "1": {
                        "523913649182605330": 10
                    },
                    "23": {
                        "403084655550791682": 3,
                        "523913649182605330": 1
                    }
                },
                "17": {
                    "21": {
                        "535533512892219392": 1,
                        "523913649182605330": 1
                    },
                    "23": {
                        "535533512892219392": 2
                    }
                }
            }
        }
    },
    "colour": {
        "current": 1033914,
        "previous": {
            "12-01-2019_01-16-58-662867": 16714995
        }
    },
    "status": {
        "current": "online",
        "previous": {
            "17-01-2019_17-37-42-106001": "online",
            "12-01-2019_01-16-58-662867": "online",
            "15-01-2019_20-05-24-063373": "online",
            "16-01-2019_15-03-07-147943": "idle",
            "18-01-2019_15-04-28-265172": "idle",
            "13-01-2019_23-58-57-488890": "online",
            "16-01-2019_22-00-47-241502": "offline",
            "10-01-2019_03-36-57-747790": "online",
            "13-01-2019_18-58-47-852165": "offline"
        }
    },
    "created_at": "28-07-2017_21-33-58-007000",
    "name": {
        "current": "Kemphy",
        "previous": {}
    }
}