{
    "roles": {
        "current": {
            "430760351248809986": {
                "position": 8,
                "permissions": 0,
                "created_at": "03-04-2018_16-07-50-878000",
                "name": "Current Iteration",
                "colour": 0
            },
            "403266285313589250": {
                "position": 10,
                "permissions": 0,
                "created_at": "17-01-2018_19-16-14-744000",
                "name": "Abandoned Ones",
                "colour": 16777215
            },
            "178667818152230912": {
                "position": 0,
                "permissions": 0,
                "created_at": "08-05-2016_00-42-07-335000",
                "name": "@everyone",
                "colour": 0
            },
            "403272352223461387": {
                "position": 9,
                "permissions": 104187968,
                "created_at": "17-01-2018_19-40-21-208000",
                "name": "Members",
                "colour": 0
            }
        },
        "previous": {
            "17-01-2019_17-37-42-106001": {
                "430760351248809986": {
                    "position": 7,
                    "permissions": 0,
                    "created_at": "03-04-2018_16-07-50-878000",
                    "name": "Current Iteration",
                    "colour": 0
                },
                "403266285313589250": {
                    "position": 9,
                    "permissions": 0,
                    "created_at": "17-01-2018_19-16-14-744000",
                    "name": "Abandoned Ones",
                    "colour": 16777215
                },
                "178667818152230912": {
                    "position": 0,
                    "permissions": 0,
                    "created_at": "08-05-2016_00-42-07-335000",
                    "name": "@everyone",
                    "colour": 0
                },
                "403272352223461387": {
                    "position": 8,
                    "permissions": 104187968,
                    "created_at": "17-01-2018_19-40-21-208000",
                    "name": "Members",
                    "colour": 0
                }
            },
            "07-12-2018_07-51-11-182069": {
                "403266269220175892": {
                    "position": 15,
                    "permissions": 262208,
                    "created_at": "17-01-2018_19-16-10-907000",
                    "name": "Mythical Ones",
                    "colour": 1033914
                },
                "430760351248809986": {
                    "position": 9,
                    "permissions": 0,
                    "created_at": "03-04-2018_16-07-50-878000",
                    "name": "Current Iteration",
                    "colour": 0
                },
                "178667818152230912": {
                    "position": 0,
                    "permissions": 0,
                    "created_at": "08-05-2016_00-42-07-335000",
                    "name": "@everyone",
                    "colour": 0
                },
                "403272352223461387": {
                    "position": 11,
                    "permissions": 104187968,
                    "created_at": "17-01-2018_19-40-21-208000",
                    "name": "Members",
                    "colour": 0
                }
            },
            "07-12-2018_09-02-35-892853": {
                "430760351248809986": {
                    "position": 9,
                    "permissions": 0,
                    "created_at": "03-04-2018_16-07-50-878000",
                    "name": "Current Iteration",
                    "colour": 0
                },
                "403266285313589250": {
                    "position": 12,
                    "permissions": 0,
                    "created_at": "17-01-2018_19-16-14-744000",
                    "name": "Abandoned Ones",
                    "colour": 16777215
                },
                "178667818152230912": {
                    "position": 0,
                    "permissions": 0,
                    "created_at": "08-05-2016_00-42-07-335000",
                    "name": "@everyone",
                    "colour": 0
                },
                "403272352223461387": {
                    "position": 11,
                    "permissions": 104187968,
                    "created_at": "17-01-2018_19-40-21-208000",
                    "name": "Members",
                    "colour": 0
                }
            },
            "16-12-2018_21-52-39-901037": {
                "430760351248809986": {
                    "position": 9,
                    "permissions": 0,
                    "created_at": "03-04-2018_16-07-50-878000",
                    "name": "Current Iteration",
                    "colour": 0
                },
                "403266285313589250": {
                    "position": 11,
                    "permissions": 0,
                    "created_at": "17-01-2018_19-16-14-744000",
                    "name": "Abandoned Ones",
                    "colour": 16777215
                },
                "178667818152230912": {
                    "position": 0,
                    "permissions": 0,
                    "created_at": "08-05-2016_00-42-07-335000",
                    "name": "@everyone",
                    "colour": 0
                },
                "403272352223461387": {
                    "position": 10,
                    "permissions": 104187968,
                    "created_at": "17-01-2018_19-40-21-208000",
                    "name": "Members",
                    "colour": 0
                }
            },
            "10-01-2019_00-18-24-072293": {
                "430760351248809986": {
                    "position": 6,
                    "permissions": 0,
                    "created_at": "03-04-2018_16-07-50-878000",
                    "name": "Current Iteration",
                    "colour": 0
                },
                "403266285313589250": {
                    "position": 8,
                    "permissions": 0,
                    "created_at": "17-01-2018_19-16-14-744000",
                    "name": "Abandoned Ones",
                    "colour": 16777215
                },
                "178667818152230912": {
                    "position": 0,
                    "permissions": 0,
                    "created_at": "08-05-2016_00-42-07-335000",
                    "name": "@everyone",
                    "colour": 0
                },
                "403272352223461387": {
                    "position": 7,
                    "permissions": 104187968,
                    "created_at": "17-01-2018_19-40-21-208000",
                    "name": "Members",
                    "colour": 0
                }
            },
            "06-12-2018_01-05-49-556858": {
                "403266269220175892": {
                    "position": 16,
                    "permissions": 262208,
                    "created_at": "17-01-2018_19-16-10-907000",
                    "name": "Mythical Ones",
                    "colour": 1033914
                },
                "430760351248809986": {
                    "position": 10,
                    "permissions": 0,
                    "created_at": "03-04-2018_16-07-50-878000",
                    "name": "Current Iteration",
                    "colour": 0
                },
                "178667818152230912": {
                    "position": 0,
                    "permissions": 0,
                    "created_at": "08-05-2016_00-42-07-335000",
                    "name": "@everyone",
                    "colour": 0
                },
                "403272352223461387": {
                    "position": 12,
                    "permissions": 104187968,
                    "created_at": "17-01-2018_19-40-21-208000",
                    "name": "Members",
                    "colour": 0
                }
            }
        }
    },
    "voice": {
        "current": {
            "server_deaf": false,
            "is_afk": false,
            "channel": {
                "private": null,
                "id": null,
                "name": null
            },
            "self_deaf": false,
            "server_mute": false,
            "self_mute": false
        },
        "previous": {}
    },
    "display_name": {
        "current": "Cat",
        "previous": {}
    },
    "bans": {
        "current": "not banned",
        "previous": {}
    },
    "id": "354734557381132291",
    "cookies": {
        "active_epochs": 0,
        "current_cookies": 0,
        "cookies_in_jar": 0,
        "cookie_transfer_quota": 0,
        "cookie_interest": 0,
        "measured_epochs": 9,
        "get": {
            "total_cookies": 0,
            "average": 0.0
        },
        "give": {
            "total_cookies": 0,
            "average": 0.0
        },
        "total_cookies": 0,
        "active_this_epoch": false
    },
    "bot": false,
    "discriminator": {
        "current": "8372",
        "previous": {}
    },
    "game": {
        "current": {
            "url": null,
            "type": null,
            "name": null
        },
        "previous": {}
    },
    "joined_at": {
        "current": "02-02-2018_20-37-01-689786",
        "previous": {}
    },
    "activity": {
        "2019": {
            "1": {
                "12": {
                    "1": {
                        "403084655550791682": 1
                    }
                },
                "14": {
                    "17": {
                        "403084655550791682": 5
                    }
                },
                "13": {
                    "20": {
                        "403084655550791682": 1
                    }
                }
            }
        },
        "2018": {
            "12": {
                "10": {
                    "17": {
                        "403084655550791682": 1
                    }
                }
            }
        }
    },
    "colour": {
        "current": 16777215,
        "previous": {
            "07-12-2018_09-02-35-892853": 0,
            "07-12-2018_07-51-11-182069": 1033914
        }
    },
    "status": {
        "current": "offline",
        "previous": {
            "11-12-2018_09-13-26-392726": "online",
            "12-01-2019_01-16-58-662867": "online",
            "13-01-2019_23-58-57-488890": "online",
            "06-12-2018_01-05-49-556858": "online",
            "10-12-2018_16-02-31-496869": "online",
            "13-01-2019_23-50-53-236086": "online",
            "13-01-2019_18-58-47-852165": "online"
        }
    },
    "created_at": "05-09-2017_21-08-29-129000",
    "name": {
        "current": "omygoditsacat",
        "previous": {}
    }
}