{
    "bans": {
        "previous": {},
        "current": "not banned"
    },
    "roles": {
        "previous": {
            "16-12-2018_21-52-39-901037": {
                "403272352223461387": {
                    "colour": 0,
                    "position": 10,
                    "name": "Members",
                    "permissions": 104187968,
                    "created_at": "17-01-2018_19-40-21-208000"
                },
                "373129696960970762": {
                    "colour": 16711680,
                    "position": 18,
                    "name": "Staff",
                    "permissions": 0,
                    "created_at": "26-10-2017_15-24-12-170000"
                },
                "189416410542374912": {
                    "colour": 3447003,
                    "position": 19,
                    "name": "Moderator",
                    "permissions": 267775190,
                    "created_at": "06-06-2016_16-33-11-460000"
                },
                "403266285313589250": {
                    "colour": 16777215,
                    "position": 11,
                    "name": "Abandoned Ones",
                    "permissions": 0,
                    "created_at": "17-01-2018_19-16-14-744000"
                },
                "187985716284751872": {
                    "colour": 7980799,
                    "position": 26,
                    "name": "Head of Moderation",
                    "permissions": 104324169,
                    "created_at": "02-06-2016_17-48-07-368000"
                },
                "178667818152230912": {
                    "colour": 0,
                    "position": 0,
                    "name": "@everyone",
                    "permissions": 0,
                    "created_at": "08-05-2016_00-42-07-335000"
                },
                "430760351248809986": {
                    "colour": 0,
                    "position": 9,
                    "name": "Current Iteration",
                    "permissions": 0,
                    "created_at": "03-04-2018_16-07-50-878000"
                },
                "469889716435812353": {
                    "colour": 0,
                    "position": 30,
                    "name": "High Council",
                    "permissions": 8,
                    "created_at": "20-07-2018_15-33-58-527000"
                }
            },
            "25-01-2019_18-03-01-080213": {
                "535533082678394880": {
                    "colour": 15277667,
                    "position": 1,
                    "name": "Kinksters",
                    "permissions": 0,
                    "created_at": "17-01-2019_18-57-16-634000"
                },
                "403272352223461387": {
                    "colour": 0,
                    "position": 11,
                    "name": "Members",
                    "permissions": 104187968,
                    "created_at": "17-01-2018_19-40-21-208000"
                },
                "373129696960970762": {
                    "colour": 16711680,
                    "position": 17,
                    "name": "Staff",
                    "permissions": 0,
                    "created_at": "26-10-2017_15-24-12-170000"
                },
                "523917597138354193": {
                    "colour": 16714995,
                    "position": 2,
                    "name": "Yeeters",
                    "permissions": 0,
                    "created_at": "16-12-2018_17-41-29-076000"
                },
                "189416410542374912": {
                    "colour": 3447003,
                    "position": 18,
                    "name": "Moderator",
                    "permissions": 267774166,
                    "created_at": "06-06-2016_16-33-11-460000"
                },
                "403266285313589250": {
                    "colour": 16777215,
                    "position": 12,
                    "name": "Abandoned Ones",
                    "permissions": 0,
                    "created_at": "17-01-2018_19-16-14-744000"
                },
                "187985716284751872": {
                    "colour": 7980799,
                    "position": 25,
                    "name": "Head of Moderation",
                    "permissions": 104324161,
                    "created_at": "02-06-2016_17-48-07-368000"
                },
                "178667818152230912": {
                    "colour": 0,
                    "position": 0,
                    "name": "@everyone",
                    "permissions": 0,
                    "created_at": "08-05-2016_00-42-07-335000"
                },
                "469889716435812353": {
                    "colour": 0,
                    "position": 29,
                    "name": "High Council",
                    "permissions": 2146954743,
                    "created_at": "20-07-2018_15-33-58-527000"
                }
            },
            "10-01-2019_00-18-24-072293": {
                "403272352223461387": {
                    "colour": 0,
                    "position": 7,
                    "name": "Members",
                    "permissions": 104187968,
                    "created_at": "17-01-2018_19-40-21-208000"
                },
                "373129696960970762": {
                    "colour": 16711680,
                    "position": 14,
                    "name": "Staff",
                    "permissions": 0,
                    "created_at": "26-10-2017_15-24-12-170000"
                },
                "189416410542374912": {
                    "colour": 3447003,
                    "position": 15,
                    "name": "Moderator",
                    "permissions": 267775190,
                    "created_at": "06-06-2016_16-33-11-460000"
                },
                "403266285313589250": {
                    "colour": 16777215,
                    "position": 8,
                    "name": "Abandoned Ones",
                    "permissions": 0,
                    "created_at": "17-01-2018_19-16-14-744000"
                },
                "187985716284751872": {
                    "colour": 7980799,
                    "position": 22,
                    "name": "Head of Moderation",
                    "permissions": 104324169,
                    "created_at": "02-06-2016_17-48-07-368000"
                },
                "178667818152230912": {
                    "colour": 0,
                    "position": 0,
                    "name": "@everyone",
                    "permissions": 0,
                    "created_at": "08-05-2016_00-42-07-335000"
                },
                "430760351248809986": {
                    "colour": 0,
                    "position": 6,
                    "name": "Current Iteration",
                    "permissions": 0,
                    "created_at": "03-04-2018_16-07-50-878000"
                },
                "469889716435812353": {
                    "colour": 0,
                    "position": 26,
                    "name": "High Council",
                    "permissions": 8,
                    "created_at": "20-07-2018_15-33-58-527000"
                }
            },
            "18-01-2019_23-28-09-275982": {
                "403272352223461387": {
                    "colour": 0,
                    "position": 9,
                    "name": "Members",
                    "permissions": 104187968,
                    "created_at": "17-01-2018_19-40-21-208000"
                },
                "373129696960970762": {
                    "colour": 16711680,
                    "position": 17,
                    "name": "Staff",
                    "permissions": 0,
                    "created_at": "26-10-2017_15-24-12-170000"
                },
                "523917597138354193": {
                    "colour": 16714995,
                    "position": 2,
                    "name": "Yeeters",
                    "permissions": 0,
                    "created_at": "16-12-2018_17-41-29-076000"
                },
                "189416410542374912": {
                    "colour": 3447003,
                    "position": 18,
                    "name": "Moderator",
                    "permissions": 267774166,
                    "created_at": "06-06-2016_16-33-11-460000"
                },
                "403266285313589250": {
                    "colour": 16777215,
                    "position": 10,
                    "name": "Abandoned Ones",
                    "permissions": 0,
                    "created_at": "17-01-2018_19-16-14-744000"
                },
                "187985716284751872": {
                    "colour": 7980799,
                    "position": 25,
                    "name": "Head of Moderation",
                    "permissions": 104324161,
                    "created_at": "02-06-2016_17-48-07-368000"
                },
                "178667818152230912": {
                    "colour": 0,
                    "position": 0,
                    "name": "@everyone",
                    "permissions": 0,
                    "created_at": "08-05-2016_00-42-07-335000"
                },
                "430760351248809986": {
                    "colour": 0,
                    "position": 8,
                    "name": "Current Iteration",
                    "permissions": 0,
                    "created_at": "03-04-2018_16-07-50-878000"
                },
                "469889716435812353": {
                    "colour": 0,
                    "position": 29,
                    "name": "High Council",
                    "permissions": 2146954743,
                    "created_at": "20-07-2018_15-33-58-527000"
                }
            },
            "07-12-2018_09-02-35-892853": {
                "403272352223461387": {
                    "colour": 0,
                    "position": 11,
                    "name": "Members",
                    "permissions": 104187968,
                    "created_at": "17-01-2018_19-40-21-208000"
                },
                "373129696960970762": {
                    "colour": 16711680,
                    "position": 18,
                    "name": "Staff",
                    "permissions": 0,
                    "created_at": "26-10-2017_15-24-12-170000"
                },
                "189416410542374912": {
                    "colour": 3447003,
                    "position": 19,
                    "name": "Moderator",
                    "permissions": 267775190,
                    "created_at": "06-06-2016_16-33-11-460000"
                },
                "403266285313589250": {
                    "colour": 16777215,
                    "position": 12,
                    "name": "Abandoned Ones",
                    "permissions": 0,
                    "created_at": "17-01-2018_19-16-14-744000"
                },
                "187985716284751872": {
                    "colour": 7980799,
                    "position": 26,
                    "name": "Head of Moderation",
                    "permissions": 104324169,
                    "created_at": "02-06-2016_17-48-07-368000"
                },
                "178667818152230912": {
                    "colour": 0,
                    "position": 0,
                    "name": "@everyone",
                    "permissions": 0,
                    "created_at": "08-05-2016_00-42-07-335000"
                },
                "430760351248809986": {
                    "colour": 0,
                    "position": 9,
                    "name": "Current Iteration",
                    "permissions": 0,
                    "created_at": "03-04-2018_16-07-50-878000"
                },
                "469889716435812353": {
                    "colour": 0,
                    "position": 30,
                    "name": "High Council",
                    "permissions": 8,
                    "created_at": "20-07-2018_15-33-58-527000"
                }
            },
            "10-02-2019_10-58-00-564986": {
                "535533082678394880": {
                    "colour": 15277667,
                    "position": 2,
                    "name": "Kinksters",
                    "permissions": 0,
                    "created_at": "17-01-2019_18-57-16-634000"
                },
                "403272352223461387": {
                    "colour": 0,
                    "position": 11,
                    "name": "Members",
                    "permissions": 104187968,
                    "created_at": "17-01-2018_19-40-21-208000"
                },
                "373129696960970762": {
                    "colour": 0,
                    "position": 20,
                    "name": "Staff",
                    "permissions": 0,
                    "created_at": "26-10-2017_15-24-12-170000"
                },
                "523917597138354193": {
                    "colour": 16714995,
                    "position": 3,
                    "name": "Yeeters",
                    "permissions": 0,
                    "created_at": "16-12-2018_17-41-29-076000"
                },
                "189416410542374912": {
                    "colour": 3447003,
                    "position": 16,
                    "name": "Moderator",
                    "permissions": 267774166,
                    "created_at": "06-06-2016_16-33-11-460000"
                },
                "403266285313589250": {
                    "colour": 16777215,
                    "position": 12,
                    "name": "Abandoned Ones",
                    "permissions": 0,
                    "created_at": "17-01-2018_19-16-14-744000"
                },
                "187985716284751872": {
                    "colour": 7980799,
                    "position": 24,
                    "name": "Head of Moderation",
                    "permissions": 104324161,
                    "created_at": "02-06-2016_17-48-07-368000"
                },
                "178667818152230912": {
                    "colour": 0,
                    "position": 0,
                    "name": "@everyone",
                    "permissions": 0,
                    "created_at": "08-05-2016_00-42-07-335000"
                },
                "469889716435812353": {
                    "colour": 0,
                    "position": 28,
                    "name": "Nation Leaders",
                    "permissions": 2146954743,
                    "created_at": "20-07-2018_15-33-58-527000"
                }
            },
            "25-01-2019_00-26-23-076062": {
                "535533082678394880": {
                    "colour": 15277667,
                    "position": 1,
                    "name": "Kinksters",
                    "permissions": 0,
                    "created_at": "17-01-2019_18-57-16-634000"
                },
                "403272352223461387": {
                    "colour": 0,
                    "position": 9,
                    "name": "Members",
                    "permissions": 104187968,
                    "created_at": "17-01-2018_19-40-21-208000"
                },
                "373129696960970762": {
                    "colour": 16711680,
                    "position": 17,
                    "name": "Staff",
                    "permissions": 0,
                    "created_at": "26-10-2017_15-24-12-170000"
                },
                "523917597138354193": {
                    "colour": 16714995,
                    "position": 2,
                    "name": "Yeeters",
                    "permissions": 0,
                    "created_at": "16-12-2018_17-41-29-076000"
                },
                "189416410542374912": {
                    "colour": 3447003,
                    "position": 18,
                    "name": "Moderator",
                    "permissions": 267774166,
                    "created_at": "06-06-2016_16-33-11-460000"
                },
                "403266285313589250": {
                    "colour": 16777215,
                    "position": 10,
                    "name": "Abandoned Ones",
                    "permissions": 0,
                    "created_at": "17-01-2018_19-16-14-744000"
                },
                "187985716284751872": {
                    "colour": 7980799,
                    "position": 25,
                    "name": "Head of Moderation",
                    "permissions": 104324161,
                    "created_at": "02-06-2016_17-48-07-368000"
                },
                "178667818152230912": {
                    "colour": 0,
                    "position": 0,
                    "name": "@everyone",
                    "permissions": 0,
                    "created_at": "08-05-2016_00-42-07-335000"
                },
                "430760351248809986": {
                    "colour": 0,
                    "position": 8,
                    "name": "Current Iteration",
                    "permissions": 0,
                    "created_at": "03-04-2018_16-07-50-878000"
                },
                "469889716435812353": {
                    "colour": 0,
                    "position": 29,
                    "name": "High Council",
                    "permissions": 2146954743,
                    "created_at": "20-07-2018_15-33-58-527000"
                }
            },
            "07-12-2018_07-51-11-182069": {
                "403272352223461387": {
                    "colour": 0,
                    "position": 11,
                    "name": "Members",
                    "permissions": 104187968,
                    "created_at": "17-01-2018_19-40-21-208000"
                },
                "403266269220175892": {
                    "colour": 1033914,
                    "position": 15,
                    "name": "Mythical Ones",
                    "permissions": 262208,
                    "created_at": "17-01-2018_19-16-10-907000"
                },
                "189416410542374912": {
                    "colour": 3447003,
                    "position": 19,
                    "name": "Moderator",
                    "permissions": 267775190,
                    "created_at": "06-06-2016_16-33-11-460000"
                },
                "373129696960970762": {
                    "colour": 16711680,
                    "position": 18,
                    "name": "Staff",
                    "permissions": 0,
                    "created_at": "26-10-2017_15-24-12-170000"
                },
                "187985716284751872": {
                    "colour": 7980799,
                    "position": 26,
                    "name": "Head of Moderation",
                    "permissions": 104324169,
                    "created_at": "02-06-2016_17-48-07-368000"
                },
                "178667818152230912": {
                    "colour": 0,
                    "position": 0,
                    "name": "@everyone",
                    "permissions": 0,
                    "created_at": "08-05-2016_00-42-07-335000"
                },
                "430760351248809986": {
                    "colour": 0,
                    "position": 9,
                    "name": "Current Iteration",
                    "permissions": 0,
                    "created_at": "03-04-2018_16-07-50-878000"
                },
                "469889716435812353": {
                    "colour": 0,
                    "position": 30,
                    "name": "High Council",
                    "permissions": 8,
                    "created_at": "20-07-2018_15-33-58-527000"
                }
            },
            "06-12-2018_01-05-49-556858": {
                "403272352223461387": {
                    "colour": 0,
                    "position": 12,
                    "name": "Members",
                    "permissions": 104187968,
                    "created_at": "17-01-2018_19-40-21-208000"
                },
                "403266269220175892": {
                    "colour": 1033914,
                    "position": 16,
                    "name": "Mythical Ones",
                    "permissions": 262208,
                    "created_at": "17-01-2018_19-16-10-907000"
                },
                "189416410542374912": {
                    "colour": 3447003,
                    "position": 20,
                    "name": "Moderator",
                    "permissions": 267775190,
                    "created_at": "06-06-2016_16-33-11-460000"
                },
                "373129696960970762": {
                    "colour": 16711680,
                    "position": 19,
                    "name": "Staff",
                    "permissions": 0,
                    "created_at": "26-10-2017_15-24-12-170000"
                },
                "187985716284751872": {
                    "colour": 7980799,
                    "position": 27,
                    "name": "Head of Moderation",
                    "permissions": 104324169,
                    "created_at": "02-06-2016_17-48-07-368000"
                },
                "178667818152230912": {
                    "colour": 0,
                    "position": 0,
                    "name": "@everyone",
                    "permissions": 0,
                    "created_at": "08-05-2016_00-42-07-335000"
                },
                "430760351248809986": {
                    "colour": 0,
                    "position": 10,
                    "name": "Current Iteration",
                    "permissions": 0,
                    "created_at": "03-04-2018_16-07-50-878000"
                },
                "469889716435812353": {
                    "colour": 0,
                    "position": 31,
                    "name": "High Council",
                    "permissions": 8,
                    "created_at": "20-07-2018_15-33-58-527000"
                }
            },
            "09-02-2019_19-14-04-134526": {
                "535533082678394880": {
                    "colour": 15277667,
                    "position": 1,
                    "name": "Kinksters",
                    "permissions": 0,
                    "created_at": "17-01-2019_18-57-16-634000"
                },
                "403272352223461387": {
                    "colour": 0,
                    "position": 10,
                    "name": "Members",
                    "permissions": 104187968,
                    "created_at": "17-01-2018_19-40-21-208000"
                },
                "373129696960970762": {
                    "colour": 0,
                    "position": 19,
                    "name": "Staff",
                    "permissions": 0,
                    "created_at": "26-10-2017_15-24-12-170000"
                },
                "523917597138354193": {
                    "colour": 16714995,
                    "position": 2,
                    "name": "Yeeters",
                    "permissions": 0,
                    "created_at": "16-12-2018_17-41-29-076000"
                },
                "189416410542374912": {
                    "colour": 3447003,
                    "position": 15,
                    "name": "Moderator",
                    "permissions": 267774166,
                    "created_at": "06-06-2016_16-33-11-460000"
                },
                "403266285313589250": {
                    "colour": 16777215,
                    "position": 11,
                    "name": "Abandoned Ones",
                    "permissions": 0,
                    "created_at": "17-01-2018_19-16-14-744000"
                },
                "187985716284751872": {
                    "colour": 7980799,
                    "position": 23,
                    "name": "Head of Moderation",
                    "permissions": 104324161,
                    "created_at": "02-06-2016_17-48-07-368000"
                },
                "178667818152230912": {
                    "colour": 0,
                    "position": 0,
                    "name": "@everyone",
                    "permissions": 0,
                    "created_at": "08-05-2016_00-42-07-335000"
                },
                "469889716435812353": {
                    "colour": 0,
                    "position": 27,
                    "name": "Nation Leaders",
                    "permissions": 2146954743,
                    "created_at": "20-07-2018_15-33-58-527000"
                }
            },
            "13-01-2019_23-50-53-236086": {
                "403272352223461387": {
                    "colour": 0,
                    "position": 8,
                    "name": "Members",
                    "permissions": 104187968,
                    "created_at": "17-01-2018_19-40-21-208000"
                },
                "373129696960970762": {
                    "colour": 16711680,
                    "position": 16,
                    "name": "Staff",
                    "permissions": 0,
                    "created_at": "26-10-2017_15-24-12-170000"
                },
                "189416410542374912": {
                    "colour": 3447003,
                    "position": 17,
                    "name": "Moderator",
                    "permissions": 267775190,
                    "created_at": "06-06-2016_16-33-11-460000"
                },
                "403266285313589250": {
                    "colour": 16777215,
                    "position": 9,
                    "name": "Abandoned Ones",
                    "permissions": 0,
                    "created_at": "17-01-2018_19-16-14-744000"
                },
                "187985716284751872": {
                    "colour": 7980799,
                    "position": 24,
                    "name": "Head of Moderation",
                    "permissions": 104324169,
                    "created_at": "02-06-2016_17-48-07-368000"
                },
                "178667818152230912": {
                    "colour": 0,
                    "position": 0,
                    "name": "@everyone",
                    "permissions": 0,
                    "created_at": "08-05-2016_00-42-07-335000"
                },
                "430760351248809986": {
                    "colour": 0,
                    "position": 7,
                    "name": "Current Iteration",
                    "permissions": 0,
                    "created_at": "03-04-2018_16-07-50-878000"
                },
                "469889716435812353": {
                    "colour": 0,
                    "position": 28,
                    "name": "High Council",
                    "permissions": 8,
                    "created_at": "20-07-2018_15-33-58-527000"
                }
            },
            "07-02-2019_22-30-45-401502": {
                "535533082678394880": {
                    "colour": 15277667,
                    "position": 1,
                    "name": "Kinksters",
                    "permissions": 0,
                    "created_at": "17-01-2019_18-57-16-634000"
                },
                "403272352223461387": {
                    "colour": 0,
                    "position": 10,
                    "name": "Members",
                    "permissions": 104187968,
                    "created_at": "17-01-2018_19-40-21-208000"
                },
                "373129696960970762": {
                    "colour": 0,
                    "position": 19,
                    "name": "Staff",
                    "permissions": 0,
                    "created_at": "26-10-2017_15-24-12-170000"
                },
                "523917597138354193": {
                    "colour": 16714995,
                    "position": 2,
                    "name": "Yeeters",
                    "permissions": 0,
                    "created_at": "16-12-2018_17-41-29-076000"
                },
                "189416410542374912": {
                    "colour": 3447003,
                    "position": 15,
                    "name": "Moderator",
                    "permissions": 267774166,
                    "created_at": "06-06-2016_16-33-11-460000"
                },
                "403266285313589250": {
                    "colour": 16777215,
                    "position": 11,
                    "name": "Abandoned Ones",
                    "permissions": 0,
                    "created_at": "17-01-2018_19-16-14-744000"
                },
                "187985716284751872": {
                    "colour": 7980799,
                    "position": 23,
                    "name": "Head of Moderation",
                    "permissions": 104324161,
                    "created_at": "02-06-2016_17-48-07-368000"
                },
                "178667818152230912": {
                    "colour": 0,
                    "position": 0,
                    "name": "@everyone",
                    "permissions": 0,
                    "created_at": "08-05-2016_00-42-07-335000"
                },
                "469889716435812353": {
                    "colour": 0,
                    "position": 27,
                    "name": "High Council",
                    "permissions": 2146954743,
                    "created_at": "20-07-2018_15-33-58-527000"
                }
            },
            "17-01-2019_17-37-42-106001": {
                "403272352223461387": {
                    "colour": 0,
                    "position": 9,
                    "name": "Members",
                    "permissions": 104187968,
                    "created_at": "17-01-2018_19-40-21-208000"
                },
                "373129696960970762": {
                    "colour": 16711680,
                    "position": 17,
                    "name": "Staff",
                    "permissions": 0,
                    "created_at": "26-10-2017_15-24-12-170000"
                },
                "189416410542374912": {
                    "colour": 3447003,
                    "position": 18,
                    "name": "Moderator",
                    "permissions": 267774166,
                    "created_at": "06-06-2016_16-33-11-460000"
                },
                "403266285313589250": {
                    "colour": 16777215,
                    "position": 10,
                    "name": "Abandoned Ones",
                    "permissions": 0,
                    "created_at": "17-01-2018_19-16-14-744000"
                },
                "187985716284751872": {
                    "colour": 7980799,
                    "position": 25,
                    "name": "Head of Moderation",
                    "permissions": 104324169,
                    "created_at": "02-06-2016_17-48-07-368000"
                },
                "178667818152230912": {
                    "colour": 0,
                    "position": 0,
                    "name": "@everyone",
                    "permissions": 0,
                    "created_at": "08-05-2016_00-42-07-335000"
                },
                "430760351248809986": {
                    "colour": 0,
                    "position": 8,
                    "name": "Current Iteration",
                    "permissions": 0,
                    "created_at": "03-04-2018_16-07-50-878000"
                },
                "469889716435812353": {
                    "colour": 0,
                    "position": 29,
                    "name": "High Council",
                    "permissions": 8,
                    "created_at": "20-07-2018_15-33-58-527000"
                }
            }
        },
        "current": {
            "535533082678394880": {
                "colour": 15277667,
                "position": 1,
                "name": "Kinksters",
                "permissions": 0,
                "created_at": "17-01-2019_18-57-16-634000"
            },
            "403272352223461387": {
                "colour": 0,
                "position": 10,
                "name": "Members",
                "permissions": 104187968,
                "created_at": "17-01-2018_19-40-21-208000"
            },
            "373129696960970762": {
                "colour": 0,
                "position": 20,
                "name": "Staff",
                "permissions": 0,
                "created_at": "26-10-2017_15-24-12-170000"
            },
            "523917597138354193": {
                "colour": 16714995,
                "position": 2,
                "name": "Yeeters",
                "permissions": 0,
                "created_at": "16-12-2018_17-41-29-076000"
            },
            "189416410542374912": {
                "colour": 3447003,
                "position": 15,
                "name": "Moderator",
                "permissions": 267774166,
                "created_at": "06-06-2016_16-33-11-460000"
            },
            "403266285313589250": {
                "colour": 16777215,
                "position": 11,
                "name": "Abandoned Ones",
                "permissions": 0,
                "created_at": "17-01-2018_19-16-14-744000"
            },
            "187985716284751872": {
                "colour": 7980799,
                "position": 26,
                "name": "Head of Moderation",
                "permissions": 104324161,
                "created_at": "02-06-2016_17-48-07-368000"
            },
            "178667818152230912": {
                "colour": 0,
                "position": 0,
                "name": "@everyone",
                "permissions": 0,
                "created_at": "08-05-2016_00-42-07-335000"
            },
            "469889716435812353": {
                "colour": 0,
                "position": 22,
                "name": "High Council",
                "permissions": 2146954743,
                "created_at": "20-07-2018_15-33-58-527000"
            }
        }
    },
    "created_at": "28-10-2015_01-11-38-348000",
    "voice": {
        "previous": {
            "23-01-2019_23-06-46-438605": {
                "server_mute": false,
                "is_afk": false,
                "server_deaf": false,
                "self_mute": false,
                "self_deaf": false,
                "channel": {
                    "private": false,
                    "id": "523902470724911105",
                    "name": "simply-yeet"
                }
            },
            "08-02-2019_19-38-42-445767": {
                "server_mute": false,
                "is_afk": false,
                "server_deaf": false,
                "self_mute": false,
                "self_deaf": false,
                "channel": {
                    "private": false,
                    "id": "535533609617195018",
                    "name": "Kinky Kat Chat"
                }
            },
            "18-01-2019_23-28-09-275982": {
                "server_mute": false,
                "is_afk": false,
                "server_deaf": false,
                "self_mute": false,
                "self_deaf": false,
                "channel": {
                    "private": false,
                    "id": "523902470724911105",
                    "name": "simply-yeet"
                }
            },
            "13-01-2019_23-58-57-488890": {
                "server_mute": false,
                "is_afk": false,
                "server_deaf": false,
                "self_mute": false,
                "self_deaf": false,
                "channel": {
                    "private": false,
                    "id": "523902470724911105",
                    "name": "simply-yeet"
                }
            },
            "07-02-2019_22-30-45-401502": {
                "server_mute": false,
                "is_afk": false,
                "server_deaf": false,
                "self_mute": false,
                "self_deaf": false,
                "channel": {
                    "private": false,
                    "id": "523902470724911105",
                    "name": "simply-yeet"
                }
            },
            "31-01-2019_23-15-25-764869": {
                "server_mute": false,
                "is_afk": false,
                "server_deaf": false,
                "self_mute": false,
                "self_deaf": false,
                "channel": {
                    "private": false,
                    "id": "403283673647939595",
                    "name": "General"
                }
            },
            "09-02-2019_19-14-04-134526": {
                "server_mute": false,
                "is_afk": false,
                "server_deaf": false,
                "self_mute": false,
                "self_deaf": false,
                "channel": {
                    "private": false,
                    "id": "410813824162201620",
                    "name": "High Staff"
                }
            },
            "12-01-2019_01-16-58-662867": {
                "server_mute": false,
                "is_afk": false,
                "server_deaf": false,
                "self_mute": false,
                "self_deaf": false,
                "channel": {
                    "private": false,
                    "id": "523902470724911105",
                    "name": "simply-yeet"
                }
            }
        },
        "current": {
            "server_mute": false,
            "is_afk": false,
            "server_deaf": false,
            "self_mute": false,
            "self_deaf": false,
            "channel": {
                "private": null,
                "id": null,
                "name": null
            }
        }
    },
    "colour": {
        "previous": {},
        "current": 7980799
    },
    "id": "108734388258234368",
    "display_name": {
        "previous": {
            "23-01-2019_23-06-46-438605": "C4ndi3n",
            "25-01-2019_00-26-23-076062": "C4n4di4n",
            "10-01-2019_00-18-24-072293": "Dubibells Dubibells",
            "10-02-2019_10-58-00-564986": "N. Tribal Chief Nate",
            "07-02-2019_22-30-45-401502": "S.Tribal Chief Nate",
            "31-01-2019_23-15-25-764869": "Frozone"
        },
        "current": "Shaggy"
    },
    "cookies": {
        "total_cookies": 0,
        "give": {
            "total_cookies": 0,
            "average": 0.0
        },
        "current_cookies": 0,
        "active_this_epoch": false,
        "measured_epochs": 12,
        "cookie_interest": 0,
        "active_epochs": 0,
        "cookies_in_jar": 0,
        "cookie_transfer_quota": 0,
        "get": {
            "total_cookies": 0,
            "average": 0.0
        }
    },
    "activity": {
        "2018": {
            "12": {
                "7": {
                    "15": {
                        "403084655550791682": 1
                    }
                }
            }
        },
        "2019": {
            "2": {
                "1": {
                    "17": {
                        "403084655550791682": 1
                    },
                    "16": {
                        "403084655550791682": 46
                    },
                    "3": {
                        "403084655550791682": 4
                    },
                    "20": {
                        "403086550851911681": 1
                    },
                    "2": {
                        "403084655550791682": 4
                    },
                    "0": {
                        "403084655550791682": 35,
                        "403084763591606273": 4,
                        "523913649182605330": 4
                    }
                },
                "5": {
                    "16": {
                        "403084655550791682": 2
                    },
                    "3": {
                        "403084655550791682": 1
                    }
                },
                "9": {
                    "20": {
                        "410813767840956416": 3
                    },
                    "19": {
                        "410813767840956416": 1
                    },
                    "1": {
                        "403084763591606273": 1
                    }
                },
                "3": {
                    "2": {
                        "403084655550791682": 1
                    }
                },
                "10": {
                    "18": {
                        "403084655550791682": 7
                    },
                    "19": {
                        "403084655550791682": 5
                    }
                },
                "2": {
                    "20": {
                        "403084655550791682": 5
                    }
                },
                "12": {
                    "15": {
                        "403084655550791682": 1
                    }
                },
                "14": {
                    "14": {
                        "403084655550791682": 1
                    },
                    "19": {
                        "403084655550791682": 1
                    }
                },
                "8": {
                    "20": {
                        "403084655550791682": 1
                    },
                    "2": {
                        "409087531074977832": 1
                    },
                    "14": {
                        "404067128786944002": 1
                    },
                    "1": {
                        "403084655550791682": 5,
                        "409087531074977832": 2,
                        "404067128786944002": 2,
                        "523913649182605330": 2,
                        "543213512046936077": 2
                    }
                }
            },
            "1": {
                "23": {
                    "21": {
                        "523913649182605330": 3
                    }
                },
                "15": {
                    "0": {
                        "523913649182605330": 1
                    }
                },
                "17": {
                    "22": {
                        "523913649182605330": 1
                    },
                    "23": {
                        "523913649182605330": 8
                    }
                },
                "24": {
                    "0": {
                        "403084813680115712": 2
                    },
                    "1": {
                        "403084813680115712": 3
                    }
                },
                "31": {
                    "23": {
                        "403084655550791682": 32
                    }
                },
                "10": {
                    "13": {
                        "403084655550791682": 1
                    },
                    "14": {
                        "523913649182605330": 2
                    },
                    "20": {
                        "523913649182605330": 2
                    }
                },
                "25": {
                    "11": {
                        "403084655550791682": 3
                    },
                    "3": {
                        "403084655550791682": 3
                    },
                    "0": {
                        "410813767840956416": 11
                    }
                },
                "12": {
                    "17": {
                        "523913649182605330": 12
                    },
                    "16": {
                        "523913649182605330": 11
                    }
                },
                "19": {
                    "1": {
                        "403084763591606273": 3,
                        "403084813680115712": 1
                    }
                },
                "20": {
                    "14": {
                        "403084655550791682": 3
                    }
                }
            }
        }
    },
    "bot": false,
    "name": {
        "previous": {},
        "current": "Resquiat"
    },
    "discriminator": {
        "previous": {},
        "current": "2319"
    },
    "game": {
        "previous": {
            "23-01-2019_23-06-46-438605": {
                "url": null,
                "type": 0,
                "name": "Dead by Daylight"
            },
            "19-01-2019_23-47-11-591556": {
                "url": null,
                "type": null,
                "name": null
            },
            "26-01-2019_04-12-07-077616": {
                "url": null,
                "type": 0,
                "name": "Dead by Daylight"
            },
            "25-01-2019_00-26-23-076062": {
                "url": null,
                "type": 0,
                "name": "Dead by Daylight"
            },
            "12-02-2019_19-18-53-139616": {
                "name": "Spotify",
                "type": 2,
                "url": null
            },
            "31-01-2019_23-15-25-764869": {
                "url": null,
                "type": 0,
                "name": "League of Legends"
            },
            "12-01-2019_01-16-58-662867": {
                "url": null,
                "type": 0,
                "name": "League of Legends"
            },
            "27-01-2019_00-03-40-224296": {
                "url": null,
                "type": 0,
                "name": "Sid Meier's Civilization V"
            },
            "13-01-2019_18-58-47-852165": {
                "url": null,
                "type": 2,
                "name": "Spotify"
            },
            "23-01-2019_21-15-24-922386": {
                "url": null,
                "type": 0,
                "name": "Sid Meier's Civilization V"
            },
            "11-02-2019_22-51-39-999500": {
                "url": null,
                "type": 0,
                "name": "Slay the Spire"
            },
            "07-02-2019_22-30-45-401502": {
                "url": null,
                "type": 0,
                "name": "The Elder Scrolls V: Skyrim Special Edition"
            },
            "26-01-2019_15-44-45-130911": {
                "url": null,
                "type": null,
                "name": null
            }
        },
        "current": {
            "name": null,
            "type": null,
            "url": null
        }
    },
    "status": {
        "previous": {
            "06-12-2018_14-20-49-230798": "dnd",
            "06-12-2018_14-18-11-466041": "offline",
            "30-01-2019_23-45-18-912162": "dnd",
            "06-12-2018_14-50-02-697396": "dnd",
            "06-12-2018_15-14-45-002165": "offline",
            "06-12-2018_19-01-41-672098": "offline",
            "31-01-2019_23-15-25-764869": "offline",
            "05-12-2018_23-34-35-600797": "dnd",
            "07-12-2018_19-07-03-633575": "offline",
            "05-12-2018_16-23-43-417186": "dnd",
            "06-12-2018_15-40-12-725739": "dnd",
            "05-12-2018_16-27-33-714312": "dnd",
            "06-12-2018_17-09-51-137367": "offline",
            "30-01-2019_22-01-10-201736": "offline",
            "06-12-2018_01-05-49-556858": "dnd",
            "27-01-2019_13-19-36-209606": "dnd",
            "30-01-2019_14-51-49-215528": "offline",
            "19-01-2019_13-47-02-065430": "dnd",
            "05-12-2018_15-43-55-700669": "offline",
            "06-12-2018_14-27-10-018861": "dnd",
            "19-01-2019_23-47-11-591556": "offline",
            "06-12-2018_15-04-14-303670": "dnd",
            "05-12-2018_15-19-39-125060": "dnd",
            "05-12-2018_16-07-42-379538": "dnd",
            "10-01-2019_00-18-24-072293": "dnd",
            "06-12-2018_15-16-54-897558": "dnd",
            "10-01-2019_03-33-44-007928": "offline",
            "06-12-2018_14-37-28-467255": "offline",
            "12-02-2019_19-18-53-139616": "offline",
            "31-01-2019_15-07-05-822989": "dnd",
            "06-12-2018_00-51-35-336974": "offline",
            "25-01-2019_00-26-23-076062": "offline",
            "05-12-2018_23-17-11-812802": "dnd",
            "06-12-2018_13-18-30-157611": "dnd",
            "08-02-2019_19-38-42-445767": "dnd",
            "06-12-2018_17-02-08-075871": "dnd",
            "06-12-2018_00-45-45-907811": "offline",
            "09-02-2019_19-14-04-134526": "offline",
            "29-01-2019_23-34-56-773453": "dnd",
            "31-01-2019_19-29-23-149190": "offline",
            "29-01-2019_19-57-05-628849": "offline"
        },
        "current": "dnd"
    },
    "joined_at": {
        "previous": {},
        "current": "17-01-2018_09-35-04-774000"
    }
}