{
    "bans": {
        "previous": {},
        "current": "not banned"
    },
    "roles": {
        "previous": {
            "25-01-2019_00-26-23-076062": {
                "403266285313589250": {
                    "colour": 16777215,
                    "position": 10,
                    "name": "Abandoned Ones",
                    "permissions": 0,
                    "created_at": "17-01-2018_19-16-14-744000"
                },
                "403272352223461387": {
                    "colour": 0,
                    "position": 9,
                    "name": "Members",
                    "permissions": 104187968,
                    "created_at": "17-01-2018_19-40-21-208000"
                },
                "178667818152230912": {
                    "colour": 0,
                    "position": 0,
                    "name": "@everyone",
                    "permissions": 0,
                    "created_at": "08-05-2016_00-42-07-335000"
                },
                "523917597138354193": {
                    "colour": 16714995,
                    "position": 2,
                    "name": "Yeeters",
                    "permissions": 0,
                    "created_at": "16-12-2018_17-41-29-076000"
                },
                "430760351248809986": {
                    "colour": 0,
                    "position": 8,
                    "name": "Current Iteration",
                    "permissions": 0,
                    "created_at": "03-04-2018_16-07-50-878000"
                }
            },
            "16-12-2018_21-52-39-901037": {
                "403266285313589250": {
                    "colour": 16777215,
                    "position": 11,
                    "name": "Abandoned Ones",
                    "permissions": 0,
                    "created_at": "17-01-2018_19-16-14-744000"
                },
                "403272352223461387": {
                    "colour": 0,
                    "position": 10,
                    "name": "Members",
                    "permissions": 104187968,
                    "created_at": "17-01-2018_19-40-21-208000"
                },
                "178667818152230912": {
                    "colour": 0,
                    "position": 0,
                    "name": "@everyone",
                    "permissions": 0,
                    "created_at": "08-05-2016_00-42-07-335000"
                },
                "430760351248809986": {
                    "colour": 0,
                    "position": 9,
                    "name": "Current Iteration",
                    "permissions": 0,
                    "created_at": "03-04-2018_16-07-50-878000"
                }
            },
            "25-01-2019_18-03-01-080213": {
                "403266285313589250": {
                    "colour": 16777215,
                    "position": 12,
                    "name": "Abandoned Ones",
                    "permissions": 0,
                    "created_at": "17-01-2018_19-16-14-744000"
                },
                "403272352223461387": {
                    "colour": 0,
                    "position": 11,
                    "name": "Members",
                    "permissions": 104187968,
                    "created_at": "17-01-2018_19-40-21-208000"
                },
                "178667818152230912": {
                    "colour": 0,
                    "position": 0,
                    "name": "@everyone",
                    "permissions": 0,
                    "created_at": "08-05-2016_00-42-07-335000"
                },
                "523917597138354193": {
                    "colour": 16714995,
                    "position": 2,
                    "name": "Yeeters",
                    "permissions": 0,
                    "created_at": "16-12-2018_17-41-29-076000"
                }
            },
            "06-12-2018_01-05-49-556858": {
                "403266285313589250": {
                    "colour": 16777215,
                    "position": 13,
                    "name": "Abandoned Ones",
                    "permissions": 0,
                    "created_at": "17-01-2018_19-16-14-744000"
                },
                "403272352223461387": {
                    "colour": 0,
                    "position": 12,
                    "name": "Members",
                    "permissions": 104187968,
                    "created_at": "17-01-2018_19-40-21-208000"
                },
                "178667818152230912": {
                    "colour": 0,
                    "position": 0,
                    "name": "@everyone",
                    "permissions": 0,
                    "created_at": "08-05-2016_00-42-07-335000"
                },
                "430760351248809986": {
                    "colour": 0,
                    "position": 10,
                    "name": "Current Iteration",
                    "permissions": 0,
                    "created_at": "03-04-2018_16-07-50-878000"
                }
            },
            "10-01-2019_00-18-24-072293": {
                "403266285313589250": {
                    "colour": 16777215,
                    "position": 8,
                    "name": "Abandoned Ones",
                    "permissions": 0,
                    "created_at": "17-01-2018_19-16-14-744000"
                },
                "403272352223461387": {
                    "colour": 0,
                    "position": 7,
                    "name": "Members",
                    "permissions": 104187968,
                    "created_at": "17-01-2018_19-40-21-208000"
                },
                "178667818152230912": {
                    "colour": 0,
                    "position": 0,
                    "name": "@everyone",
                    "permissions": 0,
                    "created_at": "08-05-2016_00-42-07-335000"
                },
                "430760351248809986": {
                    "colour": 0,
                    "position": 6,
                    "name": "Current Iteration",
                    "permissions": 0,
                    "created_at": "03-04-2018_16-07-50-878000"
                }
            },
            "10-02-2019_10-58-00-564986": {
                "403272352223461387": {
                    "colour": 0,
                    "position": 11,
                    "name": "Members",
                    "permissions": 104187968,
                    "created_at": "17-01-2018_19-40-21-208000"
                },
                "373129696960970762": {
                    "colour": 0,
                    "position": 20,
                    "name": "Staff",
                    "permissions": 0,
                    "created_at": "26-10-2017_15-24-12-170000"
                },
                "523917597138354193": {
                    "colour": 16714995,
                    "position": 3,
                    "name": "Yeeters",
                    "permissions": 0,
                    "created_at": "16-12-2018_17-41-29-076000"
                },
                "189416410542374912": {
                    "colour": 3447003,
                    "position": 16,
                    "name": "Moderator",
                    "permissions": 267774166,
                    "created_at": "06-06-2016_16-33-11-460000"
                },
                "403266285313589250": {
                    "colour": 16777215,
                    "position": 12,
                    "name": "Abandoned Ones",
                    "permissions": 0,
                    "created_at": "17-01-2018_19-16-14-744000"
                },
                "178667818152230912": {
                    "colour": 0,
                    "position": 0,
                    "name": "@everyone",
                    "permissions": 0,
                    "created_at": "08-05-2016_00-42-07-335000"
                }
            },
            "07-12-2018_09-02-35-892853": {
                "403266285313589250": {
                    "colour": 16777215,
                    "position": 12,
                    "name": "Abandoned Ones",
                    "permissions": 0,
                    "created_at": "17-01-2018_19-16-14-744000"
                },
                "403272352223461387": {
                    "colour": 0,
                    "position": 11,
                    "name": "Members",
                    "permissions": 104187968,
                    "created_at": "17-01-2018_19-40-21-208000"
                },
                "178667818152230912": {
                    "colour": 0,
                    "position": 0,
                    "name": "@everyone",
                    "permissions": 0,
                    "created_at": "08-05-2016_00-42-07-335000"
                },
                "430760351248809986": {
                    "colour": 0,
                    "position": 9,
                    "name": "Current Iteration",
                    "permissions": 0,
                    "created_at": "03-04-2018_16-07-50-878000"
                }
            },
            "09-02-2019_19-14-04-134526": {
                "403266285313589250": {
                    "colour": 16777215,
                    "position": 11,
                    "name": "Abandoned Ones",
                    "permissions": 0,
                    "created_at": "17-01-2018_19-16-14-744000"
                },
                "403272352223461387": {
                    "colour": 0,
                    "position": 10,
                    "name": "Members",
                    "permissions": 104187968,
                    "created_at": "17-01-2018_19-40-21-208000"
                },
                "178667818152230912": {
                    "colour": 0,
                    "position": 0,
                    "name": "@everyone",
                    "permissions": 0,
                    "created_at": "08-05-2016_00-42-07-335000"
                },
                "523917597138354193": {
                    "colour": 16714995,
                    "position": 2,
                    "name": "Yeeters",
                    "permissions": 0,
                    "created_at": "16-12-2018_17-41-29-076000"
                }
            },
            "11-01-2019_22-45-11-058689": {
                "403266285313589250": {
                    "colour": 16777215,
                    "position": 9,
                    "name": "Abandoned Ones",
                    "permissions": 0,
                    "created_at": "17-01-2018_19-16-14-744000"
                },
                "403272352223461387": {
                    "colour": 0,
                    "position": 8,
                    "name": "Members",
                    "permissions": 104187968,
                    "created_at": "17-01-2018_19-40-21-208000"
                },
                "178667818152230912": {
                    "colour": 0,
                    "position": 0,
                    "name": "@everyone",
                    "permissions": 0,
                    "created_at": "08-05-2016_00-42-07-335000"
                },
                "430760351248809986": {
                    "colour": 0,
                    "position": 7,
                    "name": "Current Iteration",
                    "permissions": 0,
                    "created_at": "03-04-2018_16-07-50-878000"
                }
            },
            "17-01-2019_17-37-42-106001": {
                "403266285313589250": {
                    "colour": 16777215,
                    "position": 9,
                    "name": "Abandoned Ones",
                    "permissions": 0,
                    "created_at": "17-01-2018_19-16-14-744000"
                },
                "403272352223461387": {
                    "colour": 0,
                    "position": 8,
                    "name": "Members",
                    "permissions": 104187968,
                    "created_at": "17-01-2018_19-40-21-208000"
                },
                "178667818152230912": {
                    "colour": 0,
                    "position": 0,
                    "name": "@everyone",
                    "permissions": 0,
                    "created_at": "08-05-2016_00-42-07-335000"
                },
                "523917597138354193": {
                    "colour": 16714995,
                    "position": 3,
                    "name": "Yeeters",
                    "permissions": 0,
                    "created_at": "16-12-2018_17-41-29-076000"
                },
                "430760351248809986": {
                    "colour": 0,
                    "position": 7,
                    "name": "Current Iteration",
                    "permissions": 0,
                    "created_at": "03-04-2018_16-07-50-878000"
                }
            }
        },
        "current": {
            "403272352223461387": {
                "colour": 0,
                "position": 10,
                "name": "Members",
                "permissions": 104187968,
                "created_at": "17-01-2018_19-40-21-208000"
            },
            "373129696960970762": {
                "colour": 0,
                "position": 20,
                "name": "Staff",
                "permissions": 0,
                "created_at": "26-10-2017_15-24-12-170000"
            },
            "523917597138354193": {
                "colour": 16714995,
                "position": 2,
                "name": "Yeeters",
                "permissions": 0,
                "created_at": "16-12-2018_17-41-29-076000"
            },
            "189416410542374912": {
                "colour": 3447003,
                "position": 15,
                "name": "Moderator",
                "permissions": 267774166,
                "created_at": "06-06-2016_16-33-11-460000"
            },
            "403266285313589250": {
                "colour": 16777215,
                "position": 11,
                "name": "Abandoned Ones",
                "permissions": 0,
                "created_at": "17-01-2018_19-16-14-744000"
            },
            "178667818152230912": {
                "colour": 0,
                "position": 0,
                "name": "@everyone",
                "permissions": 0,
                "created_at": "08-05-2016_00-42-07-335000"
            }
        }
    },
    "created_at": "28-01-2016_21-27-05-320000",
    "voice": {
        "previous": {
            "11-02-2019_22-51-39-999500": {
                "server_mute": false,
                "is_afk": false,
                "server_deaf": false,
                "self_mute": true,
                "self_deaf": false,
                "channel": {
                    "private": null,
                    "id": null,
                    "name": null
                }
            },
            "10-02-2019_10-58-00-564986": {
                "server_mute": false,
                "is_afk": false,
                "server_deaf": false,
                "self_mute": true,
                "self_deaf": false,
                "channel": {
                    "private": false,
                    "id": "410112729014206467",
                    "name": "Loli Dungeon"
                }
            }
        },
        "current": {
            "server_mute": false,
            "is_afk": false,
            "server_deaf": false,
            "self_mute": false,
            "self_deaf": false,
            "channel": {
                "private": null,
                "id": null,
                "name": null
            }
        }
    },
    "colour": {
        "previous": {
            "10-02-2019_10-58-00-564986": 16777215
        },
        "current": 3447003
    },
    "id": "142379949783777281",
    "display_name": {
        "previous": {
            "10-02-2019_10-58-00-564986": "FrostFlame"
        },
        "current": "Dagaz \u16de"
    },
    "cookies": {
        "total_cookies": 0,
        "give": {
            "total_cookies": 0,
            "average": 0.0
        },
        "current_cookies": 0,
        "active_this_epoch": false,
        "measured_epochs": 5,
        "cookie_interest": 0,
        "active_epochs": 0,
        "cookies_in_jar": 0,
        "cookie_transfer_quota": 0,
        "get": {
            "total_cookies": 0,
            "average": 0.0
        }
    },
    "activity": {
        "2019": {
            "2": {
                "10": {
                    "23": {
                        "403084655550791682": 1
                    }
                },
                "13": {
                    "3": {
                        "403084655550791682": 1
                    }
                }
            }
        }
    },
    "bot": false,
    "name": {
        "previous": {},
        "current": "FrostFlame"
    },
    "discriminator": {
        "previous": {},
        "current": "6009"
    },
    "game": {
        "previous": {
            "25-01-2019_18-03-01-080213": {
                "url": null,
                "type": 0,
                "name": "FINAL FANTASY XIV"
            },
            "30-01-2019_23-45-18-912162": {
                "url": null,
                "type": 0,
                "name": "They Are Billions"
            },
            "18-01-2019_23-28-09-275982": {
                "url": null,
                "type": 0,
                "name": "League of Legends"
            },
            "26-01-2019_04-12-07-077616": {
                "url": null,
                "type": null,
                "name": null
            },
            "31-01-2019_23-15-25-764869": {
                "url": null,
                "type": null,
                "name": null
            },
            "11-01-2019_22-45-11-058689": {
                "url": null,
                "type": 0,
                "name": "FINAL FANTASY XIV"
            },
            "15-01-2019_20-05-24-063373": {
                "url": null,
                "type": 0,
                "name": "FINAL FANTASY XIV"
            },
            "12-01-2019_01-16-58-662867": {
                "url": null,
                "type": 0,
                "name": "FINAL FANTASY XIV"
            },
            "11-01-2019_23-54-44-166805": {
                "url": null,
                "type": null,
                "name": null
            },
            "30-01-2019_22-01-10-201736": {
                "url": null,
                "type": 0,
                "name": "Minecraft"
            },
            "27-01-2019_00-03-40-224296": {
                "url": null,
                "type": 0,
                "name": "Sid Meier's Civilization V"
            },
            "10-01-2019_03-36-57-747790": {
                "url": null,
                "type": null,
                "name": null
            },
            "19-01-2019_13-47-02-065430": {
                "url": null,
                "type": 0,
                "name": "Minecraft"
            },
            "07-02-2019_22-30-45-401502": {
                "url": null,
                "type": 0,
                "name": "Minecraft"
            },
            "13-01-2019_18-58-47-852165": {
                "url": null,
                "type": 0,
                "name": "SMITE"
            },
            "26-01-2019_15-44-45-130911": {
                "url": null,
                "type": 0,
                "name": "Minecraft"
            },
            "16-01-2019_22-00-47-241502": {
                "url": null,
                "type": 0,
                "name": "Minecraft"
            },
            "23-01-2019_23-06-46-438605": {
                "url": null,
                "type": 0,
                "name": "VRChat"
            },
            "19-01-2019_23-47-11-591556": {
                "url": null,
                "type": 0,
                "name": "Minecraft"
            },
            "10-01-2019_00-18-24-072293": {
                "url": null,
                "type": null,
                "name": null
            },
            "12-02-2019_19-18-53-139616": {
                "name": "Slay the Spire",
                "type": 0,
                "url": null
            },
            "10-01-2019_03-33-44-007928": {
                "url": null,
                "type": 0,
                "name": "Dead Cells"
            },
            "13-01-2019_23-50-53-236086": {
                "url": null,
                "type": null,
                "name": null
            },
            "10-02-2019_10-58-00-564986": {
                "url": null,
                "type": 0,
                "name": "Left 4 Dead 2"
            },
            "30-01-2019_14-51-49-215528": {
                "url": null,
                "type": null,
                "name": null
            },
            "25-01-2019_00-26-23-076062": {
                "url": null,
                "type": null,
                "name": null
            },
            "11-02-2019_22-51-39-999500": {
                "url": null,
                "type": 0,
                "name": "VRChat"
            },
            "08-02-2019_19-38-42-445767": {
                "url": null,
                "type": 0,
                "name": "They Are Billions"
            },
            "25-01-2019_15-28-36-671537": {
                "url": null,
                "type": 0,
                "name": "League of Legends"
            },
            "13-01-2019_23-58-57-488890": {
                "url": null,
                "type": 0,
                "name": "Endless Legend"
            },
            "09-02-2019_19-14-04-134526": {
                "url": null,
                "type": 0,
                "name": "They Are Billions"
            },
            "29-01-2019_23-34-56-773453": {
                "url": null,
                "type": 0,
                "name": "FINAL FANTASY XIV"
            },
            "17-01-2019_17-37-42-106001": {
                "url": null,
                "type": 0,
                "name": "League of Legends"
            }
        },
        "current": {
            "name": null,
            "type": null,
            "url": null
        }
    },
    "status": {
        "previous": {
            "16-12-2018_21-52-39-901037": "offline",
            "30-01-2019_22-01-10-201736": "online",
            "07-12-2018_19-07-03-633575": "idle",
            "18-01-2019_15-04-28-265172": "online",
            "26-01-2019_04-12-07-077616": "offline",
            "31-01-2019_23-15-25-764869": "idle",
            "11-01-2019_22-45-11-058689": "online",
            "13-01-2019_18-58-47-852165": "idle",
            "06-12-2018_15-40-12-725739": "online",
            "05-12-2018_16-27-33-714312": "offline",
            "09-12-2018_10-10-43-790279": "offline",
            "18-01-2019_23-28-09-275982": "idle",
            "27-01-2019_13-19-36-209606": "idle",
            "12-12-2018_11-49-23-541900": "online",
            "19-01-2019_13-47-02-065430": "online",
            "07-02-2019_22-30-45-401502": "online",
            "06-12-2018_00-51-35-336974": "online",
            "23-01-2019_23-06-46-438605": "online",
            "23-01-2019_21-15-24-922386": "online",
            "12-02-2019_19-18-53-139616": "offline",
            "07-12-2018_09-02-35-892853": "online",
            "26-01-2019_15-44-45-130911": "idle",
            "09-12-2018_10-12-40-202519": "online",
            "16-01-2019_22-00-47-241502": "online",
            "17-12-2018_08-19-13-303562": "online",
            "31-01-2019_15-07-05-822989": "online",
            "25-01-2019_00-26-23-076062": "idle",
            "16-01-2019_20-42-02-533659": "online",
            "08-02-2019_19-38-42-445767": "online",
            "06-12-2018_15-14-45-002165": "offline",
            "13-01-2019_23-58-57-488890": "online",
            "09-02-2019_19-14-04-134526": "offline",
            "10-02-2019_10-58-00-564986": "offline",
            "17-01-2019_17-37-42-106001": "online",
            "25-01-2019_18-03-01-080213": "idle",
            "30-01-2019_23-45-18-912162": "offline",
            "16-01-2019_15-03-07-147943": "offline",
            "06-12-2018_15-12-52-654103": "online",
            "06-12-2018_19-01-41-672098": "offline",
            "12-01-2019_01-16-58-662867": "online",
            "15-01-2019_20-05-24-063373": "online",
            "31-01-2019_19-29-23-149190": "online",
            "06-12-2018_17-09-51-137367": "online",
            "06-12-2018_01-05-49-556858": "online",
            "11-12-2018_09-13-26-392726": "online",
            "10-01-2019_03-36-57-747790": "offline",
            "30-01-2019_14-51-49-215528": "idle",
            "11-01-2019_23-09-28-971572": "offline",
            "08-12-2018_15-44-11-058097": "online",
            "19-01-2019_23-47-11-591556": "offline",
            "05-12-2018_15-38-01-422650": "online",
            "27-01-2019_00-03-40-224296": "idle",
            "10-01-2019_00-18-24-072293": "idle",
            "06-12-2018_15-16-54-897558": "online",
            "29-01-2019_19-57-05-628849": "online",
            "07-12-2018_07-42-43-243407": "online",
            "06-12-2018_15-04-14-303670": "offline",
            "05-12-2018_16-23-43-417186": "offline",
            "11-02-2019_22-51-39-999500": "online",
            "07-12-2018_07-51-11-182069": "online",
            "10-12-2018_16-02-31-496869": "offline",
            "29-01-2019_23-34-56-773453": "offline"
        },
        "current": "online"
    },
    "joined_at": {
        "previous": {},
        "current": "20-02-2018_20-57-08-520487"
    }
}