{
    "activity": {
        "2018": {
            "12": {
                "5": {
                    "21": {
                        "403086550851911681": 4
                    }
                },
                "17": {
                    "0": {
                        "403084790401728512": 1
                    }
                },
                "16": {
                    "22": {
                        "523913649182605330": 1
                    },
                    "23": {
                        "403084790401728512": 1,
                        "523913649182605330": 2
                    }
                },
                "10": {
                    "17": {
                        "403084655550791682": 1
                    },
                    "19": {
                        "403084790401728512": 1
                    }
                }
            }
        },
        "2019": {
            "2": {
                "2": {
                    "16": {
                        "403084790401728512": 1
                    },
                    "19": {
                        "403086550851911681": 4
                    },
                    "14": {
                        "403086550851911681": 1
                    }
                },
                "9": {
                    "18": {
                        "403084655550791682": 33
                    }
                },
                "3": {
                    "10": {
                        "403086550851911681": 1
                    },
                    "13": {
                        "403084655550791682": 6
                    }
                },
                "1": {
                    "17": {
                        "403084655550791682": 6
                    },
                    "16": {
                        "403084655550791682": 85
                    }
                }
            },
            "1": {
                "17": {
                    "20": {
                        "404067128786944002": 1
                    }
                }
            }
        }
    },
    "roles": {
        "previous": {
            "16-12-2018_21-52-39-901037": {
                "403272352223461387": {
                    "name": "Members",
                    "colour": 0,
                    "created_at": "17-01-2018_19-40-21-208000",
                    "permissions": 104187968,
                    "position": 10
                },
                "373129696960970762": {
                    "name": "Staff",
                    "colour": 16711680,
                    "created_at": "26-10-2017_15-24-12-170000",
                    "permissions": 0,
                    "position": 18
                },
                "469889439775326208": {
                    "name": "Head of Media",
                    "colour": 16741437,
                    "created_at": "20-07-2018_15-32-52-566000",
                    "permissions": 0,
                    "position": 25
                },
                "403266285313589250": {
                    "name": "Abandoned Ones",
                    "colour": 16777215,
                    "created_at": "17-01-2018_19-16-14-744000",
                    "permissions": 0,
                    "position": 11
                },
                "401845161266642944": {
                    "name": "Media Creators",
                    "colour": 7962319,
                    "created_at": "13-01-2018_21-09-12-368000",
                    "permissions": 0,
                    "position": 20
                },
                "178667818152230912": {
                    "name": "@everyone",
                    "colour": 0,
                    "created_at": "08-05-2016_00-42-07-335000",
                    "permissions": 0,
                    "position": 0
                },
                "430760351248809986": {
                    "name": "Current Iteration",
                    "colour": 0,
                    "created_at": "03-04-2018_16-07-50-878000",
                    "permissions": 0,
                    "position": 9
                },
                "469889716435812353": {
                    "name": "High Council",
                    "colour": 0,
                    "created_at": "20-07-2018_15-33-58-527000",
                    "permissions": 8,
                    "position": 30
                }
            },
            "25-01-2019_18-03-01-080213": {
                "403272352223461387": {
                    "name": "Members",
                    "colour": 0,
                    "created_at": "17-01-2018_19-40-21-208000",
                    "permissions": 104187968,
                    "position": 11
                },
                "373129696960970762": {
                    "name": "Staff",
                    "colour": 16711680,
                    "created_at": "26-10-2017_15-24-12-170000",
                    "permissions": 0,
                    "position": 17
                },
                "469889439775326208": {
                    "name": "Head of Media",
                    "colour": 16741437,
                    "created_at": "20-07-2018_15-32-52-566000",
                    "permissions": 0,
                    "position": 24
                },
                "403266285313589250": {
                    "name": "Abandoned Ones",
                    "colour": 16777215,
                    "created_at": "17-01-2018_19-16-14-744000",
                    "permissions": 0,
                    "position": 12
                },
                "401845161266642944": {
                    "name": "Media Creators",
                    "colour": 7962319,
                    "created_at": "13-01-2018_21-09-12-368000",
                    "permissions": 0,
                    "position": 19
                },
                "178667818152230912": {
                    "name": "@everyone",
                    "colour": 0,
                    "created_at": "08-05-2016_00-42-07-335000",
                    "permissions": 0,
                    "position": 0
                },
                "469889716435812353": {
                    "name": "High Council",
                    "colour": 0,
                    "created_at": "20-07-2018_15-33-58-527000",
                    "permissions": 2146954743,
                    "position": 29
                }
            },
            "10-01-2019_00-18-24-072293": {
                "403272352223461387": {
                    "name": "Members",
                    "colour": 0,
                    "created_at": "17-01-2018_19-40-21-208000",
                    "permissions": 104187968,
                    "position": 7
                },
                "373129696960970762": {
                    "name": "Staff",
                    "colour": 16711680,
                    "created_at": "26-10-2017_15-24-12-170000",
                    "permissions": 0,
                    "position": 14
                },
                "469889439775326208": {
                    "name": "Head of Media",
                    "colour": 16741437,
                    "created_at": "20-07-2018_15-32-52-566000",
                    "permissions": 0,
                    "position": 21
                },
                "403266285313589250": {
                    "name": "Abandoned Ones",
                    "colour": 16777215,
                    "created_at": "17-01-2018_19-16-14-744000",
                    "permissions": 0,
                    "position": 8
                },
                "401845161266642944": {
                    "name": "Media Creators",
                    "colour": 7962319,
                    "created_at": "13-01-2018_21-09-12-368000",
                    "permissions": 0,
                    "position": 16
                },
                "178667818152230912": {
                    "name": "@everyone",
                    "colour": 0,
                    "created_at": "08-05-2016_00-42-07-335000",
                    "permissions": 0,
                    "position": 0
                },
                "430760351248809986": {
                    "name": "Current Iteration",
                    "colour": 0,
                    "created_at": "03-04-2018_16-07-50-878000",
                    "permissions": 0,
                    "position": 6
                },
                "469889716435812353": {
                    "name": "High Council",
                    "colour": 0,
                    "created_at": "20-07-2018_15-33-58-527000",
                    "permissions": 8,
                    "position": 26
                }
            },
            "10-02-2019_10-58-00-564986": {
                "403272352223461387": {
                    "name": "Members",
                    "colour": 0,
                    "created_at": "17-01-2018_19-40-21-208000",
                    "permissions": 104187968,
                    "position": 11
                },
                "373129696960970762": {
                    "name": "Staff",
                    "colour": 0,
                    "created_at": "26-10-2017_15-24-12-170000",
                    "permissions": 0,
                    "position": 20
                },
                "469889439775326208": {
                    "name": "Head of Media",
                    "colour": 16741437,
                    "created_at": "20-07-2018_15-32-52-566000",
                    "permissions": 0,
                    "position": 23
                },
                "403266269220175892": {
                    "name": "Mythical Ones",
                    "colour": 1033914,
                    "created_at": "17-01-2018_19-16-10-907000",
                    "permissions": 262208,
                    "position": 15
                },
                "401845161266642944": {
                    "name": "Media Creators",
                    "colour": 7962319,
                    "created_at": "13-01-2018_21-09-12-368000",
                    "permissions": 0,
                    "position": 17
                },
                "178667818152230912": {
                    "name": "@everyone",
                    "colour": 0,
                    "created_at": "08-05-2016_00-42-07-335000",
                    "permissions": 0,
                    "position": 0
                },
                "469889716435812353": {
                    "name": "Nation Leaders",
                    "colour": 0,
                    "created_at": "20-07-2018_15-33-58-527000",
                    "permissions": 2146954743,
                    "position": 28
                }
            },
            "07-12-2018_09-02-35-892853": {
                "403272352223461387": {
                    "name": "Members",
                    "colour": 0,
                    "created_at": "17-01-2018_19-40-21-208000",
                    "permissions": 104187968,
                    "position": 11
                },
                "373129696960970762": {
                    "name": "Staff",
                    "colour": 16711680,
                    "created_at": "26-10-2017_15-24-12-170000",
                    "permissions": 0,
                    "position": 18
                },
                "469889439775326208": {
                    "name": "Head of Media",
                    "colour": 16741437,
                    "created_at": "20-07-2018_15-32-52-566000",
                    "permissions": 0,
                    "position": 25
                },
                "403266285313589250": {
                    "name": "Abandoned Ones",
                    "colour": 16777215,
                    "created_at": "17-01-2018_19-16-14-744000",
                    "permissions": 0,
                    "position": 12
                },
                "401845161266642944": {
                    "name": "Media Creators",
                    "colour": 7962319,
                    "created_at": "13-01-2018_21-09-12-368000",
                    "permissions": 0,
                    "position": 20
                },
                "178667818152230912": {
                    "name": "@everyone",
                    "colour": 0,
                    "created_at": "08-05-2016_00-42-07-335000",
                    "permissions": 0,
                    "position": 0
                },
                "430760351248809986": {
                    "name": "Current Iteration",
                    "colour": 0,
                    "created_at": "03-04-2018_16-07-50-878000",
                    "permissions": 0,
                    "position": 9
                },
                "469889716435812353": {
                    "name": "High Council",
                    "colour": 0,
                    "created_at": "20-07-2018_15-33-58-527000",
                    "permissions": 8,
                    "position": 30
                }
            },
            "31-01-2019_23-15-25-764869": {
                "403272352223461387": {
                    "name": "Members",
                    "colour": 0,
                    "created_at": "17-01-2018_19-40-21-208000",
                    "permissions": 104187968,
                    "position": 10
                },
                "373129696960970762": {
                    "name": "Staff",
                    "colour": 0,
                    "created_at": "26-10-2017_15-24-12-170000",
                    "permissions": 0,
                    "position": 20
                },
                "403266285313589250": {
                    "name": "Abandoned Ones",
                    "colour": 16777215,
                    "created_at": "17-01-2018_19-16-14-744000",
                    "permissions": 0,
                    "position": 11
                },
                "469889439775326208": {
                    "name": "Head of Media",
                    "colour": 16741437,
                    "created_at": "20-07-2018_15-32-52-566000",
                    "permissions": 0,
                    "position": 23
                },
                "403266269220175892": {
                    "name": "Mythical Ones",
                    "colour": 1033914,
                    "created_at": "17-01-2018_19-16-10-907000",
                    "permissions": 262208,
                    "position": 14
                },
                "401845161266642944": {
                    "name": "Media Creators",
                    "colour": 7962319,
                    "created_at": "13-01-2018_21-09-12-368000",
                    "permissions": 0,
                    "position": 17
                },
                "178667818152230912": {
                    "name": "@everyone",
                    "colour": 0,
                    "created_at": "08-05-2016_00-42-07-335000",
                    "permissions": 0,
                    "position": 0
                },
                "469889716435812353": {
                    "name": "High Council",
                    "colour": 0,
                    "created_at": "20-07-2018_15-33-58-527000",
                    "permissions": 2146954743,
                    "position": 28
                }
            },
            "25-01-2019_00-26-23-076062": {
                "403272352223461387": {
                    "name": "Members",
                    "colour": 0,
                    "created_at": "17-01-2018_19-40-21-208000",
                    "permissions": 104187968,
                    "position": 9
                },
                "373129696960970762": {
                    "name": "Staff",
                    "colour": 16711680,
                    "created_at": "26-10-2017_15-24-12-170000",
                    "permissions": 0,
                    "position": 17
                },
                "469889439775326208": {
                    "name": "Head of Media",
                    "colour": 16741437,
                    "created_at": "20-07-2018_15-32-52-566000",
                    "permissions": 0,
                    "position": 24
                },
                "403266285313589250": {
                    "name": "Abandoned Ones",
                    "colour": 16777215,
                    "created_at": "17-01-2018_19-16-14-744000",
                    "permissions": 0,
                    "position": 10
                },
                "401845161266642944": {
                    "name": "Media Creators",
                    "colour": 7962319,
                    "created_at": "13-01-2018_21-09-12-368000",
                    "permissions": 0,
                    "position": 19
                },
                "178667818152230912": {
                    "name": "@everyone",
                    "colour": 0,
                    "created_at": "08-05-2016_00-42-07-335000",
                    "permissions": 0,
                    "position": 0
                },
                "430760351248809986": {
                    "name": "Current Iteration",
                    "colour": 0,
                    "created_at": "03-04-2018_16-07-50-878000",
                    "permissions": 0,
                    "position": 8
                },
                "469889716435812353": {
                    "name": "High Council",
                    "colour": 0,
                    "created_at": "20-07-2018_15-33-58-527000",
                    "permissions": 2146954743,
                    "position": 29
                }
            },
            "07-12-2018_07-51-11-182069": {
                "403272352223461387": {
                    "name": "Members",
                    "colour": 0,
                    "created_at": "17-01-2018_19-40-21-208000",
                    "permissions": 104187968,
                    "position": 11
                },
                "373129696960970762": {
                    "name": "Staff",
                    "colour": 16711680,
                    "created_at": "26-10-2017_15-24-12-170000",
                    "permissions": 0,
                    "position": 18
                },
                "469889439775326208": {
                    "name": "Head of Media",
                    "colour": 16741437,
                    "created_at": "20-07-2018_15-32-52-566000",
                    "permissions": 0,
                    "position": 25
                },
                "403266269220175892": {
                    "name": "Mythical Ones",
                    "colour": 1033914,
                    "created_at": "17-01-2018_19-16-10-907000",
                    "permissions": 262208,
                    "position": 15
                },
                "401845161266642944": {
                    "name": "Media Creators",
                    "colour": 7962319,
                    "created_at": "13-01-2018_21-09-12-368000",
                    "permissions": 0,
                    "position": 20
                },
                "178667818152230912": {
                    "name": "@everyone",
                    "colour": 0,
                    "created_at": "08-05-2016_00-42-07-335000",
                    "permissions": 0,
                    "position": 0
                },
                "430760351248809986": {
                    "name": "Current Iteration",
                    "colour": 0,
                    "created_at": "03-04-2018_16-07-50-878000",
                    "permissions": 0,
                    "position": 9
                },
                "469889716435812353": {
                    "name": "High Council",
                    "colour": 0,
                    "created_at": "20-07-2018_15-33-58-527000",
                    "permissions": 8,
                    "position": 30
                }
            },
            "06-12-2018_01-05-49-556858": {
                "403272352223461387": {
                    "name": "Members",
                    "colour": 0,
                    "created_at": "17-01-2018_19-40-21-208000",
                    "permissions": 104187968,
                    "position": 12
                },
                "373129696960970762": {
                    "name": "Staff",
                    "colour": 16711680,
                    "created_at": "26-10-2017_15-24-12-170000",
                    "permissions": 0,
                    "position": 19
                },
                "469889439775326208": {
                    "name": "Head of Media",
                    "colour": 16741437,
                    "created_at": "20-07-2018_15-32-52-566000",
                    "permissions": 0,
                    "position": 26
                },
                "403266269220175892": {
                    "name": "Mythical Ones",
                    "colour": 1033914,
                    "created_at": "17-01-2018_19-16-10-907000",
                    "permissions": 262208,
                    "position": 16
                },
                "401845161266642944": {
                    "name": "Media Creators",
                    "colour": 7962319,
                    "created_at": "13-01-2018_21-09-12-368000",
                    "permissions": 0,
                    "position": 21
                },
                "178667818152230912": {
                    "name": "@everyone",
                    "colour": 0,
                    "created_at": "08-05-2016_00-42-07-335000",
                    "permissions": 0,
                    "position": 0
                },
                "430760351248809986": {
                    "name": "Current Iteration",
                    "colour": 0,
                    "created_at": "03-04-2018_16-07-50-878000",
                    "permissions": 0,
                    "position": 10
                },
                "469889716435812353": {
                    "name": "High Council",
                    "colour": 0,
                    "created_at": "20-07-2018_15-33-58-527000",
                    "permissions": 8,
                    "position": 31
                }
            },
            "09-02-2019_19-14-04-134526": {
                "403272352223461387": {
                    "name": "Members",
                    "colour": 0,
                    "created_at": "17-01-2018_19-40-21-208000",
                    "permissions": 104187968,
                    "position": 10
                },
                "373129696960970762": {
                    "name": "Staff",
                    "colour": 0,
                    "created_at": "26-10-2017_15-24-12-170000",
                    "permissions": 0,
                    "position": 19
                },
                "469889439775326208": {
                    "name": "Head of Media",
                    "colour": 16741437,
                    "created_at": "20-07-2018_15-32-52-566000",
                    "permissions": 0,
                    "position": 22
                },
                "403266269220175892": {
                    "name": "Mythical Ones",
                    "colour": 1033914,
                    "created_at": "17-01-2018_19-16-10-907000",
                    "permissions": 262208,
                    "position": 14
                },
                "401845161266642944": {
                    "name": "Media Creators",
                    "colour": 7962319,
                    "created_at": "13-01-2018_21-09-12-368000",
                    "permissions": 0,
                    "position": 16
                },
                "178667818152230912": {
                    "name": "@everyone",
                    "colour": 0,
                    "created_at": "08-05-2016_00-42-07-335000",
                    "permissions": 0,
                    "position": 0
                },
                "469889716435812353": {
                    "name": "Nation Leaders",
                    "colour": 0,
                    "created_at": "20-07-2018_15-33-58-527000",
                    "permissions": 2146954743,
                    "position": 27
                }
            },
            "08-02-2019_19-09-26-882805": {
                "403272352223461387": {
                    "name": "Members",
                    "colour": 0,
                    "created_at": "17-01-2018_19-40-21-208000",
                    "permissions": 104187968,
                    "position": 10
                },
                "373129696960970762": {
                    "name": "Staff",
                    "colour": 0,
                    "created_at": "26-10-2017_15-24-12-170000",
                    "permissions": 0,
                    "position": 20
                },
                "469889439775326208": {
                    "name": "Head of Media",
                    "colour": 16741437,
                    "created_at": "20-07-2018_15-32-52-566000",
                    "permissions": 0,
                    "position": 23
                },
                "403266269220175892": {
                    "name": "Mythical Ones",
                    "colour": 1033914,
                    "created_at": "17-01-2018_19-16-10-907000",
                    "permissions": 262208,
                    "position": 14
                },
                "401845161266642944": {
                    "name": "Media Creators",
                    "colour": 7962319,
                    "created_at": "13-01-2018_21-09-12-368000",
                    "permissions": 0,
                    "position": 17
                },
                "178667818152230912": {
                    "name": "@everyone",
                    "colour": 0,
                    "created_at": "08-05-2016_00-42-07-335000",
                    "permissions": 0,
                    "position": 0
                },
                "469889716435812353": {
                    "name": "High Council",
                    "colour": 0,
                    "created_at": "20-07-2018_15-33-58-527000",
                    "permissions": 2146954743,
                    "position": 28
                }
            },
            "17-01-2019_17-37-42-106001": {
                "403272352223461387": {
                    "name": "Members",
                    "colour": 0,
                    "created_at": "17-01-2018_19-40-21-208000",
                    "permissions": 104187968,
                    "position": 9
                },
                "373129696960970762": {
                    "name": "Staff",
                    "colour": 16711680,
                    "created_at": "26-10-2017_15-24-12-170000",
                    "permissions": 0,
                    "position": 17
                },
                "469889439775326208": {
                    "name": "Head of Media",
                    "colour": 16741437,
                    "created_at": "20-07-2018_15-32-52-566000",
                    "permissions": 0,
                    "position": 24
                },
                "403266285313589250": {
                    "name": "Abandoned Ones",
                    "colour": 16777215,
                    "created_at": "17-01-2018_19-16-14-744000",
                    "permissions": 0,
                    "position": 10
                },
                "401845161266642944": {
                    "name": "Media Creators",
                    "colour": 7962319,
                    "created_at": "13-01-2018_21-09-12-368000",
                    "permissions": 0,
                    "position": 19
                },
                "178667818152230912": {
                    "name": "@everyone",
                    "colour": 0,
                    "created_at": "08-05-2016_00-42-07-335000",
                    "permissions": 0,
                    "position": 0
                },
                "430760351248809986": {
                    "name": "Current Iteration",
                    "colour": 0,
                    "created_at": "03-04-2018_16-07-50-878000",
                    "permissions": 0,
                    "position": 8
                },
                "469889716435812353": {
                    "name": "High Council",
                    "colour": 0,
                    "created_at": "20-07-2018_15-33-58-527000",
                    "permissions": 8,
                    "position": 29
                }
            }
        },
        "current": {
            "403272352223461387": {
                "name": "Members",
                "colour": 0,
                "created_at": "17-01-2018_19-40-21-208000",
                "permissions": 104187968,
                "position": 10
            },
            "373129696960970762": {
                "name": "Staff",
                "colour": 0,
                "created_at": "26-10-2017_15-24-12-170000",
                "permissions": 0,
                "position": 20
            },
            "469889439775326208": {
                "name": "Head of Media",
                "colour": 16741437,
                "created_at": "20-07-2018_15-32-52-566000",
                "permissions": 0,
                "position": 25
            },
            "403266269220175892": {
                "name": "Mythical Ones",
                "colour": 1033914,
                "created_at": "17-01-2018_19-16-10-907000",
                "permissions": 262208,
                "position": 14
            },
            "401845161266642944": {
                "name": "Media Creators",
                "colour": 7962319,
                "created_at": "13-01-2018_21-09-12-368000",
                "permissions": 0,
                "position": 16
            },
            "178667818152230912": {
                "name": "@everyone",
                "colour": 0,
                "created_at": "08-05-2016_00-42-07-335000",
                "permissions": 0,
                "position": 0
            },
            "469889716435812353": {
                "name": "High Council",
                "colour": 0,
                "created_at": "20-07-2018_15-33-58-527000",
                "permissions": 2146954743,
                "position": 22
            }
        }
    },
    "created_at": "17-02-2016_18-25-57-391000",
    "voice": {
        "previous": {
            "16-12-2018_21-52-39-901037": {
                "server_mute": false,
                "is_afk": false,
                "server_deaf": false,
                "self_mute": false,
                "self_deaf": false,
                "channel": {
                    "private": null,
                    "id": null,
                    "name": null
                }
            },
            "16-12-2018_22-46-26-221531": {
                "server_mute": false,
                "is_afk": false,
                "server_deaf": false,
                "self_mute": false,
                "self_deaf": false,
                "channel": {
                    "private": null,
                    "id": null,
                    "name": null
                }
            },
            "08-02-2019_19-38-42-445767": {
                "server_mute": false,
                "is_afk": false,
                "server_deaf": false,
                "self_mute": false,
                "self_deaf": false,
                "channel": {
                    "private": false,
                    "id": "403283673647939595",
                    "name": "General"
                }
            },
            "31-01-2019_23-15-25-764869": {
                "server_mute": false,
                "is_afk": false,
                "server_deaf": false,
                "self_mute": false,
                "self_deaf": false,
                "channel": {
                    "private": false,
                    "id": "403283673647939595",
                    "name": "General"
                }
            },
            "17-12-2018_00-07-55-794219": {
                "server_mute": false,
                "is_afk": false,
                "server_deaf": false,
                "self_mute": false,
                "self_deaf": false,
                "channel": {
                    "private": null,
                    "id": null,
                    "name": null
                }
            },
            "17-12-2018_08-19-13-303562": {
                "server_mute": false,
                "is_afk": false,
                "server_deaf": false,
                "self_mute": false,
                "self_deaf": false,
                "channel": {
                    "private": false,
                    "id": "403283673647939595",
                    "name": "General"
                }
            }
        },
        "current": {
            "server_mute": false,
            "is_afk": false,
            "server_deaf": false,
            "self_mute": false,
            "self_deaf": false,
            "channel": {
                "private": null,
                "id": null,
                "name": null
            }
        }
    },
    "colour": {
        "previous": {},
        "current": 16741437
    },
    "id": "149582123697831937",
    "display_name": {
        "previous": {},
        "current": "Rikolan"
    },
    "cookies": {
        "total_cookies": 12,
        "give": {
            "total_cookies": 0,
            "average": 0.0
        },
        "current_cookies": 12,
        "active_this_epoch": false,
        "measured_epochs": 12,
        "cookie_interest": 0,
        "active_epochs": 1,
        "cookies_in_jar": 0,
        "cookie_transfer_quota": 0,
        "get": {
            "total_cookies": 12,
            "average": 1.0
        }
    },
    "bans": {
        "previous": {},
        "current": "not banned"
    },
    "bot": false,
    "name": {
        "previous": {},
        "current": "Rikolan"
    },
    "discriminator": {
        "previous": {},
        "current": "7658"
    },
    "game": {
        "previous": {},
        "current": {
            "url": null,
            "type": null,
            "name": null
        }
    },
    "status": {
        "previous": {
            "16-12-2018_21-52-39-901037": "offline",
            "10-02-2019_10-58-00-564986": "online",
            "31-01-2019_23-15-25-764869": "online",
            "16-01-2019_22-00-47-241502": "online",
            "17-12-2018_08-19-13-303562": "online",
            "12-01-2019_01-16-58-662867": "online",
            "10-12-2018_16-02-31-496869": "online",
            "31-01-2019_19-29-23-149190": "online",
            "05-12-2018_16-27-33-714312": "online",
            "16-12-2018_22-46-26-221531": "offline",
            "06-12-2018_01-05-49-556858": "online",
            "08-02-2019_19-38-42-445767": "online",
            "17-12-2018_00-07-55-794219": "offline",
            "05-12-2018_15-43-55-700669": "online",
            "17-01-2019_17-37-42-106001": "online"
        },
        "current": "offline"
    },
    "joined_at": {
        "previous": {},
        "current": "17-01-2018_09-51-30-747000"
    }
}