{
    "activity": {
        "2019": {
            "2": {
                "11": {
                    "0": {
                        "523913649182605330": 1
                    }
                },
                "5": {
                    "12": {
                        "404067128786944002": 2
                    },
                    "4": {
                        "403084655550791682": 22,
                        "404067128786944002": 1
                    }
                },
                "13": {
                    "17": {
                        "403084763591606273": 2
                    }
                },
                "8": {
                    "23": {
                        "403084790401728512": 1,
                        "535533512892219392": 2
                    },
                    "0": {
                        "523913649182605330": 1
                    }
                },
                "10": {
                    "21": {
                        "523913649182605330": 1
                    }
                },
                "9": {
                    "23": {
                        "523913649182605330": 2
                    },
                    "1": {
                        "535533512892219392": 2
                    },
                    "21": {
                        "523913649182605330": 1
                    },
                    "0": {
                        "535533512892219392": 3
                    }
                },
                "12": {
                    "3": {
                        "404067128786944002": 4
                    }
                },
                "1": {
                    "2": {
                        "403084790401728512": 1
                    },
                    "3": {
                        "403084655550791682": 1
                    },
                    "0": {
                        "523913649182605330": 11
                    }
                }
            },
            "1": {
                "31": {
                    "23": {
                        "403084655550791682": 1,
                        "523913649182605330": 3
                    },
                    "1": {
                        "523913649182605330": 1
                    },
                    "2": {
                        "523913649182605330": 5
                    },
                    "0": {
                        "523913649182605330": 1
                    }
                }
            }
        }
    },
    "roles": {
        "previous": {
            "30-01-2019_14-51-49-215528": {
                "403266285313589250": {
                    "created_at": "17-01-2018_19-16-14-744000",
                    "colour": 16777215,
                    "name": "Abandoned Ones",
                    "permissions": 0,
                    "position": 11
                },
                "403272352223461387": {
                    "created_at": "17-01-2018_19-40-21-208000",
                    "colour": 0,
                    "name": "Members",
                    "permissions": 104187968,
                    "position": 10
                },
                "178667818152230912": {
                    "created_at": "08-05-2016_00-42-07-335000",
                    "colour": 0,
                    "name": "@everyone",
                    "permissions": 0,
                    "position": 0
                }
            },
            "09-02-2019_19-14-04-134526": {
                "403266285313589250": {
                    "created_at": "17-01-2018_19-16-14-744000",
                    "colour": 16777215,
                    "name": "Abandoned Ones",
                    "permissions": 0,
                    "position": 11
                },
                "535533082678394880": {
                    "created_at": "17-01-2019_18-57-16-634000",
                    "colour": 15277667,
                    "name": "Kinksters",
                    "permissions": 0,
                    "position": 1
                },
                "403272352223461387": {
                    "created_at": "17-01-2018_19-40-21-208000",
                    "colour": 0,
                    "name": "Members",
                    "permissions": 104187968,
                    "position": 10
                },
                "178667818152230912": {
                    "created_at": "08-05-2016_00-42-07-335000",
                    "colour": 0,
                    "name": "@everyone",
                    "permissions": 0,
                    "position": 0
                },
                "523917597138354193": {
                    "created_at": "16-12-2018_17-41-29-076000",
                    "colour": 16714995,
                    "name": "Yeeters",
                    "permissions": 0,
                    "position": 2
                }
            },
            "30-01-2019_23-45-18-912162": {
                "403266285313589250": {
                    "created_at": "17-01-2018_19-16-14-744000",
                    "colour": 16777215,
                    "name": "Abandoned Ones",
                    "permissions": 0,
                    "position": 11
                },
                "403272352223461387": {
                    "created_at": "17-01-2018_19-40-21-208000",
                    "colour": 0,
                    "name": "Members",
                    "permissions": 104187968,
                    "position": 10
                },
                "178667818152230912": {
                    "created_at": "08-05-2016_00-42-07-335000",
                    "colour": 0,
                    "name": "@everyone",
                    "permissions": 0,
                    "position": 0
                },
                "523917597138354193": {
                    "created_at": "16-12-2018_17-41-29-076000",
                    "colour": 16714995,
                    "name": "Yeeters",
                    "permissions": 0,
                    "position": 2
                }
            },
            "10-02-2019_10-58-00-564986": {
                "403266285313589250": {
                    "created_at": "17-01-2018_19-16-14-744000",
                    "colour": 16777215,
                    "name": "Abandoned Ones",
                    "permissions": 0,
                    "position": 12
                },
                "535533082678394880": {
                    "created_at": "17-01-2019_18-57-16-634000",
                    "colour": 15277667,
                    "name": "Kinksters",
                    "permissions": 0,
                    "position": 2
                },
                "403272352223461387": {
                    "created_at": "17-01-2018_19-40-21-208000",
                    "colour": 0,
                    "name": "Members",
                    "permissions": 104187968,
                    "position": 11
                },
                "178667818152230912": {
                    "created_at": "08-05-2016_00-42-07-335000",
                    "colour": 0,
                    "name": "@everyone",
                    "permissions": 0,
                    "position": 0
                },
                "523917597138354193": {
                    "created_at": "16-12-2018_17-41-29-076000",
                    "colour": 16714995,
                    "name": "Yeeters",
                    "permissions": 0,
                    "position": 3
                }
            }
        },
        "current": {
            "403266285313589250": {
                "created_at": "17-01-2018_19-16-14-744000",
                "colour": 16777215,
                "name": "Abandoned Ones",
                "permissions": 0,
                "position": 11
            },
            "535533082678394880": {
                "created_at": "17-01-2019_18-57-16-634000",
                "colour": 15277667,
                "name": "Kinksters",
                "permissions": 0,
                "position": 1
            },
            "403272352223461387": {
                "created_at": "17-01-2018_19-40-21-208000",
                "colour": 0,
                "name": "Members",
                "permissions": 104187968,
                "position": 10
            },
            "178667818152230912": {
                "created_at": "08-05-2016_00-42-07-335000",
                "colour": 0,
                "name": "@everyone",
                "permissions": 0,
                "position": 0
            },
            "523917597138354193": {
                "created_at": "16-12-2018_17-41-29-076000",
                "colour": 16714995,
                "name": "Yeeters",
                "permissions": 0,
                "position": 2
            }
        }
    },
    "created_at": "27-06-2016_01-07-47-423000",
    "voice": {
        "previous": {
            "09-02-2019_19-14-04-134526": {
                "server_mute": false,
                "is_afk": false,
                "server_deaf": false,
                "self_mute": false,
                "self_deaf": false,
                "channel": {
                    "private": null,
                    "id": null,
                    "name": null
                }
            },
            "30-01-2019_23-45-18-912162": {
                "server_mute": false,
                "is_afk": false,
                "server_deaf": false,
                "self_mute": false,
                "self_deaf": false,
                "channel": {
                    "private": false,
                    "id": "523902470724911105",
                    "name": "simply-yeet"
                }
            },
            "31-01-2019_23-15-25-764869": {
                "server_mute": false,
                "is_afk": false,
                "server_deaf": false,
                "self_mute": false,
                "self_deaf": false,
                "channel": {
                    "private": false,
                    "id": "403283673647939595",
                    "name": "General"
                }
            },
            "08-02-2019_19-38-42-445767": {
                "server_mute": false,
                "is_afk": false,
                "server_deaf": false,
                "self_mute": false,
                "self_deaf": false,
                "channel": {
                    "private": false,
                    "id": "535533609617195018",
                    "name": "Kinky Kat Chat"
                }
            },
            "10-02-2019_10-58-00-564986": {
                "server_mute": false,
                "is_afk": false,
                "server_deaf": false,
                "self_mute": false,
                "self_deaf": false,
                "channel": {
                    "private": false,
                    "id": "523902470724911105",
                    "name": "simply-yeet"
                }
            }
        },
        "current": {
            "server_mute": false,
            "is_afk": false,
            "server_deaf": false,
            "self_mute": false,
            "self_deaf": false,
            "channel": {
                "private": null,
                "id": null,
                "name": null
            }
        }
    },
    "colour": {
        "previous": {},
        "current": 16777215
    },
    "id": "196793671029358592",
    "display_name": {
        "previous": {
            "12-02-2019_18-22-01-172163": "Genosi_CAl"
        },
        "current": "Genosi_Cal"
    },
    "cookies": {
        "total_cookies": 0,
        "give": {
            "total_cookies": 0,
            "average": 0.0
        },
        "current_cookies": 0,
        "active_this_epoch": false,
        "measured_epochs": 3,
        "cookie_interest": 0,
        "active_epochs": 0,
        "cookies_in_jar": 0,
        "cookie_transfer_quota": 0,
        "get": {
            "total_cookies": 0,
            "average": 0.0
        }
    },
    "bans": {
        "previous": {},
        "current": "not banned"
    },
    "bot": false,
    "name": {
        "previous": {
            "11-02-2019_22-51-39-999500": "Pinkman ZFT"
        },
        "current": "Genosi_Cal"
    },
    "discriminator": {
        "previous": {},
        "current": "1838"
    },
    "game": {
        "previous": {
            "12-02-2019_19-03-22-820778": {
                "url": null,
                "type": null,
                "name": null
            },
            "30-01-2019_23-45-18-912162": {
                "url": null,
                "type": 2,
                "name": "Spotify"
            },
            "11-02-2019_22-51-39-999500": {
                "url": null,
                "type": 2,
                "name": "Spotify"
            },
            "08-02-2019_19-38-42-445767": {
                "url": null,
                "type": 2,
                "name": "Spotify"
            },
            "12-02-2019_19-18-53-139616": {
                "name": "Spotify",
                "type": 2,
                "url": null
            },
            "30-01-2019_14-51-49-215528": {
                "url": null,
                "type": null,
                "name": null
            },
            "09-02-2019_19-14-04-134526": {
                "url": null,
                "type": null,
                "name": null
            },
            "10-02-2019_10-58-00-564986": {
                "url": null,
                "type": 2,
                "name": "Spotify"
            },
            "31-01-2019_23-15-25-764869": {
                "url": null,
                "type": null,
                "name": null
            },
            "07-02-2019_22-30-45-401502": {
                "url": null,
                "type": 0,
                "name": "Kerbal Space Program"
            },
            "29-01-2019_23-34-56-773453": {
                "url": null,
                "type": 2,
                "name": "Spotify"
            }
        },
        "current": {
            "name": null,
            "type": null,
            "url": null
        }
    },
    "status": {
        "previous": {
            "30-01-2019_22-01-10-201736": "online",
            "12-02-2019_19-18-53-139616": "online",
            "10-02-2019_10-58-00-564986": "offline",
            "31-01-2019_23-15-25-764869": "idle",
            "30-01-2019_23-45-18-912162": "online",
            "29-01-2019_19-57-05-628849": "offline",
            "11-02-2019_22-51-39-999500": "offline",
            "08-02-2019_19-38-42-445767": "idle",
            "30-01-2019_14-51-49-215528": "offline",
            "07-02-2019_22-30-45-401502": "idle",
            "29-01-2019_23-34-56-773453": "online",
            "08-02-2019_19-09-26-882805": "offline"
        },
        "current": "idle"
    },
    "joined_at": {
        "previous": {},
        "current": "28-01-2019_18-10-53-502563"
    }
}