{
    "activity": {},
    "roles": {
        "previous": {
            "25-01-2019_00-26-23-076062": {
                "403239438802485259": {
                    "name": "Bots",
                    "colour": 13079310,
                    "created_at": "17-01-2018_17-29-34-037000",
                    "permissions": 0,
                    "position": 11
                },
                "178667818152230912": {
                    "name": "@everyone",
                    "colour": 0,
                    "created_at": "08-05-2016_00-42-07-335000",
                    "permissions": 0,
                    "position": 0
                },
                "504751410785812510": {
                    "name": "CAH",
                    "colour": 0,
                    "created_at": "24-10-2018_20-21-54-159000",
                    "permissions": 470080,
                    "position": 6
                },
                "403266285313589250": {
                    "name": "Abandoned Ones",
                    "colour": 16777215,
                    "created_at": "17-01-2018_19-16-14-744000",
                    "permissions": 0,
                    "position": 10
                }
            },
            "16-12-2018_21-52-39-901037": {
                "403239438802485259": {
                    "name": "Bots",
                    "colour": 7506394,
                    "created_at": "17-01-2018_17-29-34-037000",
                    "permissions": 7168,
                    "position": 12
                },
                "178667818152230912": {
                    "name": "@everyone",
                    "colour": 0,
                    "created_at": "08-05-2016_00-42-07-335000",
                    "permissions": 0,
                    "position": 0
                },
                "504751410785812510": {
                    "name": "CAH",
                    "colour": 0,
                    "created_at": "24-10-2018_20-21-54-159000",
                    "permissions": 470080,
                    "position": 1
                },
                "403266285313589250": {
                    "name": "Abandoned Ones",
                    "colour": 16777215,
                    "created_at": "17-01-2018_19-16-14-744000",
                    "permissions": 0,
                    "position": 11
                }
            },
            "25-01-2019_18-03-01-080213": {
                "403239438802485259": {
                    "name": "Bots",
                    "colour": 13079310,
                    "created_at": "17-01-2018_17-29-34-037000",
                    "permissions": 0,
                    "position": 9
                },
                "178667818152230912": {
                    "name": "@everyone",
                    "colour": 0,
                    "created_at": "08-05-2016_00-42-07-335000",
                    "permissions": 0,
                    "position": 0
                },
                "504751410785812510": {
                    "name": "CAH",
                    "colour": 0,
                    "created_at": "24-10-2018_20-21-54-159000",
                    "permissions": 470080,
                    "position": 6
                },
                "403266285313589250": {
                    "name": "Abandoned Ones",
                    "colour": 16777215,
                    "created_at": "17-01-2018_19-16-14-744000",
                    "permissions": 0,
                    "position": 12
                }
            },
            "06-12-2018_01-05-49-556858": {
                "403239438802485259": {
                    "name": "Bots",
                    "colour": 7506394,
                    "created_at": "17-01-2018_17-29-34-037000",
                    "permissions": 7168,
                    "position": 11
                },
                "178667818152230912": {
                    "name": "@everyone",
                    "colour": 0,
                    "created_at": "08-05-2016_00-42-07-335000",
                    "permissions": 0,
                    "position": 0
                },
                "504751410785812510": {
                    "name": "CAH",
                    "colour": 0,
                    "created_at": "24-10-2018_20-21-54-159000",
                    "permissions": 470080,
                    "position": 2
                }
            },
            "10-01-2019_00-18-24-072293": {
                "403239438802485259": {
                    "name": "Bots",
                    "colour": 7506394,
                    "created_at": "17-01-2018_17-29-34-037000",
                    "permissions": 7168,
                    "position": 9
                },
                "178667818152230912": {
                    "name": "@everyone",
                    "colour": 0,
                    "created_at": "08-05-2016_00-42-07-335000",
                    "permissions": 0,
                    "position": 0
                },
                "504751410785812510": {
                    "name": "CAH",
                    "colour": 0,
                    "created_at": "24-10-2018_20-21-54-159000",
                    "permissions": 470080,
                    "position": 3
                },
                "403266285313589250": {
                    "name": "Abandoned Ones",
                    "colour": 16777215,
                    "created_at": "17-01-2018_19-16-14-744000",
                    "permissions": 0,
                    "position": 8
                }
            },
            "10-02-2019_10-58-00-564986": {
                "403239438802485259": {
                    "name": "Bots",
                    "colour": 13079310,
                    "created_at": "17-01-2018_17-29-34-037000",
                    "permissions": 0,
                    "position": 9
                },
                "178667818152230912": {
                    "name": "@everyone",
                    "colour": 0,
                    "created_at": "08-05-2016_00-42-07-335000",
                    "permissions": 0,
                    "position": 0
                },
                "504751410785812510": {
                    "name": "CAH",
                    "colour": 0,
                    "created_at": "24-10-2018_20-21-54-159000",
                    "permissions": 470080,
                    "position": 7
                },
                "403266285313589250": {
                    "name": "Abandoned Ones",
                    "colour": 16777215,
                    "created_at": "17-01-2018_19-16-14-744000",
                    "permissions": 0,
                    "position": 12
                }
            },
            "07-12-2018_09-02-35-892853": {
                "403239438802485259": {
                    "name": "Bots",
                    "colour": 7506394,
                    "created_at": "17-01-2018_17-29-34-037000",
                    "permissions": 7168,
                    "position": 10
                },
                "178667818152230912": {
                    "name": "@everyone",
                    "colour": 0,
                    "created_at": "08-05-2016_00-42-07-335000",
                    "permissions": 0,
                    "position": 0
                },
                "504751410785812510": {
                    "name": "CAH",
                    "colour": 0,
                    "created_at": "24-10-2018_20-21-54-159000",
                    "permissions": 470080,
                    "position": 1
                },
                "403266285313589250": {
                    "name": "Abandoned Ones",
                    "colour": 16777215,
                    "created_at": "17-01-2018_19-16-14-744000",
                    "permissions": 0,
                    "position": 12
                }
            },
            "09-02-2019_19-14-04-134526": {
                "403239438802485259": {
                    "name": "Bots",
                    "colour": 13079310,
                    "created_at": "17-01-2018_17-29-34-037000",
                    "permissions": 0,
                    "position": 8
                },
                "178667818152230912": {
                    "name": "@everyone",
                    "colour": 0,
                    "created_at": "08-05-2016_00-42-07-335000",
                    "permissions": 0,
                    "position": 0
                },
                "504751410785812510": {
                    "name": "CAH",
                    "colour": 0,
                    "created_at": "24-10-2018_20-21-54-159000",
                    "permissions": 470080,
                    "position": 6
                },
                "403266285313589250": {
                    "name": "Abandoned Ones",
                    "colour": 16777215,
                    "created_at": "17-01-2018_19-16-14-744000",
                    "permissions": 0,
                    "position": 11
                }
            },
            "17-01-2019_17-37-42-106001": {
                "403239438802485259": {
                    "name": "Bots",
                    "colour": 13079310,
                    "created_at": "17-01-2018_17-29-34-037000",
                    "permissions": 0,
                    "position": 10
                },
                "178667818152230912": {
                    "name": "@everyone",
                    "colour": 0,
                    "created_at": "08-05-2016_00-42-07-335000",
                    "permissions": 0,
                    "position": 0
                },
                "504751410785812510": {
                    "name": "CAH",
                    "colour": 0,
                    "created_at": "24-10-2018_20-21-54-159000",
                    "permissions": 470080,
                    "position": 5
                },
                "403266285313589250": {
                    "name": "Abandoned Ones",
                    "colour": 16777215,
                    "created_at": "17-01-2018_19-16-14-744000",
                    "permissions": 0,
                    "position": 9
                }
            }
        },
        "current": {
            "403239438802485259": {
                "name": "Bots",
                "colour": 13079310,
                "created_at": "17-01-2018_17-29-34-037000",
                "permissions": 0,
                "position": 8
            },
            "178667818152230912": {
                "name": "@everyone",
                "colour": 0,
                "created_at": "08-05-2016_00-42-07-335000",
                "permissions": 0,
                "position": 0
            },
            "504751410785812510": {
                "name": "CAH",
                "colour": 0,
                "created_at": "24-10-2018_20-21-54-159000",
                "permissions": 470080,
                "position": 6
            },
            "403266285313589250": {
                "name": "Abandoned Ones",
                "colour": 16777215,
                "created_at": "17-01-2018_19-16-14-744000",
                "permissions": 0,
                "position": 11
            }
        }
    },
    "created_at": "29-12-2016_16-39-14-266000",
    "voice": {
        "previous": {},
        "current": {
            "server_mute": false,
            "is_afk": false,
            "server_deaf": false,
            "self_mute": false,
            "self_deaf": false,
            "channel": {
                "private": null,
                "id": null,
                "name": null
            }
        }
    },
    "colour": {
        "previous": {
            "25-01-2019_00-26-23-076062": 13079310,
            "07-12-2018_09-02-35-892853": 7506394,
            "10-01-2019_00-18-24-072293": 7506394,
            "07-12-2018_19-07-03-633575": 16777215
        },
        "current": 16777215
    },
    "id": "264069832574500866",
    "display_name": {
        "previous": {},
        "current": "CAH"
    },
    "cookies": {
        "total_cookies": 0,
        "give": {
            "total_cookies": 0,
            "average": 0.0
        },
        "current_cookies": 0,
        "active_this_epoch": false,
        "measured_epochs": 5,
        "cookie_interest": 0,
        "active_epochs": 0,
        "cookies_in_jar": 0,
        "cookie_transfer_quota": 0,
        "get": {
            "total_cookies": 0,
            "average": 0.0
        }
    },
    "bans": {
        "previous": {},
        "current": "not banned"
    },
    "bot": true,
    "name": {
        "previous": {},
        "current": "Smith"
    },
    "discriminator": {
        "previous": {},
        "current": "4288"
    },
    "game": {
        "previous": {},
        "current": {
            "url": null,
            "type": null,
            "name": null
        }
    },
    "status": {
        "previous": {},
        "current": "offline"
    },
    "joined_at": {
        "previous": {},
        "current": "24-10-2018_20-21-54-146319"
    }
}