{
    "activity": {},
    "roles": {
        "previous": {
            "25-01-2019_00-26-23-076062": {
                "403272352223461387": {
                    "name": "Members",
                    "colour": 0,
                    "created_at": "17-01-2018_19-40-21-208000",
                    "permissions": 104187968,
                    "position": 9
                },
                "373129696960970762": {
                    "name": "Staff",
                    "colour": 16711680,
                    "created_at": "26-10-2017_15-24-12-170000",
                    "permissions": 0,
                    "position": 17
                },
                "469889439775326208": {
                    "name": "Head of Media",
                    "colour": 16741437,
                    "created_at": "20-07-2018_15-32-52-566000",
                    "permissions": 0,
                    "position": 24
                },
                "403266285313589250": {
                    "name": "Abandoned Ones",
                    "colour": 16777215,
                    "created_at": "17-01-2018_19-16-14-744000",
                    "permissions": 0,
                    "position": 10
                },
                "401845161266642944": {
                    "name": "Media Creators",
                    "colour": 7962319,
                    "created_at": "13-01-2018_21-09-12-368000",
                    "permissions": 0,
                    "position": 19
                },
                "178667818152230912": {
                    "name": "@everyone",
                    "colour": 0,
                    "created_at": "08-05-2016_00-42-07-335000",
                    "permissions": 0,
                    "position": 0
                },
                "469889716435812353": {
                    "name": "High Council",
                    "colour": 0,
                    "created_at": "20-07-2018_15-33-58-527000",
                    "permissions": 2146954743,
                    "position": 29
                }
            },
            "16-12-2018_21-52-39-901037": {
                "403272352223461387": {
                    "name": "Members",
                    "colour": 0,
                    "created_at": "17-01-2018_19-40-21-208000",
                    "permissions": 104187968,
                    "position": 10
                },
                "373129696960970762": {
                    "name": "Staff",
                    "colour": 16711680,
                    "created_at": "26-10-2017_15-24-12-170000",
                    "permissions": 0,
                    "position": 18
                },
                "469889439775326208": {
                    "name": "Head of Media",
                    "colour": 16741437,
                    "created_at": "20-07-2018_15-32-52-566000",
                    "permissions": 0,
                    "position": 25
                },
                "403266285313589250": {
                    "name": "Abandoned Ones",
                    "colour": 16777215,
                    "created_at": "17-01-2018_19-16-14-744000",
                    "permissions": 0,
                    "position": 11
                },
                "401845161266642944": {
                    "name": "Media Creators",
                    "colour": 7962319,
                    "created_at": "13-01-2018_21-09-12-368000",
                    "permissions": 0,
                    "position": 20
                },
                "178667818152230912": {
                    "name": "@everyone",
                    "colour": 0,
                    "created_at": "08-05-2016_00-42-07-335000",
                    "permissions": 0,
                    "position": 0
                },
                "469889716435812353": {
                    "name": "High Council",
                    "colour": 0,
                    "created_at": "20-07-2018_15-33-58-527000",
                    "permissions": 8,
                    "position": 30
                }
            },
            "25-01-2019_18-03-01-080213": {
                "403272352223461387": {
                    "name": "Members",
                    "colour": 0,
                    "created_at": "17-01-2018_19-40-21-208000",
                    "permissions": 104187968,
                    "position": 11
                },
                "373129696960970762": {
                    "name": "Staff",
                    "colour": 16711680,
                    "created_at": "26-10-2017_15-24-12-170000",
                    "permissions": 0,
                    "position": 17
                },
                "469889439775326208": {
                    "name": "Head of Media",
                    "colour": 16741437,
                    "created_at": "20-07-2018_15-32-52-566000",
                    "permissions": 0,
                    "position": 24
                },
                "403266285313589250": {
                    "name": "Abandoned Ones",
                    "colour": 16777215,
                    "created_at": "17-01-2018_19-16-14-744000",
                    "permissions": 0,
                    "position": 12
                },
                "401845161266642944": {
                    "name": "Media Creators",
                    "colour": 7962319,
                    "created_at": "13-01-2018_21-09-12-368000",
                    "permissions": 0,
                    "position": 19
                },
                "178667818152230912": {
                    "name": "@everyone",
                    "colour": 0,
                    "created_at": "08-05-2016_00-42-07-335000",
                    "permissions": 0,
                    "position": 0
                },
                "469889716435812353": {
                    "name": "High Council",
                    "colour": 0,
                    "created_at": "20-07-2018_15-33-58-527000",
                    "permissions": 2146954743,
                    "position": 29
                }
            },
            "06-12-2018_01-05-49-556858": {
                "403272352223461387": {
                    "name": "Members",
                    "colour": 0,
                    "created_at": "17-01-2018_19-40-21-208000",
                    "permissions": 104187968,
                    "position": 12
                },
                "373129696960970762": {
                    "name": "Staff",
                    "colour": 16711680,
                    "created_at": "26-10-2017_15-24-12-170000",
                    "permissions": 0,
                    "position": 19
                },
                "469889439775326208": {
                    "name": "Head of Media",
                    "colour": 16741437,
                    "created_at": "20-07-2018_15-32-52-566000",
                    "permissions": 0,
                    "position": 26
                },
                "403266285313589250": {
                    "name": "Abandoned Ones",
                    "colour": 16777215,
                    "created_at": "17-01-2018_19-16-14-744000",
                    "permissions": 0,
                    "position": 13
                },
                "401845161266642944": {
                    "name": "Media Creators",
                    "colour": 7962319,
                    "created_at": "13-01-2018_21-09-12-368000",
                    "permissions": 0,
                    "position": 21
                },
                "178667818152230912": {
                    "name": "@everyone",
                    "colour": 0,
                    "created_at": "08-05-2016_00-42-07-335000",
                    "permissions": 0,
                    "position": 0
                },
                "469889716435812353": {
                    "name": "High Council",
                    "colour": 0,
                    "created_at": "20-07-2018_15-33-58-527000",
                    "permissions": 8,
                    "position": 31
                }
            },
            "10-01-2019_00-18-24-072293": {
                "403272352223461387": {
                    "name": "Members",
                    "colour": 0,
                    "created_at": "17-01-2018_19-40-21-208000",
                    "permissions": 104187968,
                    "position": 7
                },
                "373129696960970762": {
                    "name": "Staff",
                    "colour": 16711680,
                    "created_at": "26-10-2017_15-24-12-170000",
                    "permissions": 0,
                    "position": 14
                },
                "469889439775326208": {
                    "name": "Head of Media",
                    "colour": 16741437,
                    "created_at": "20-07-2018_15-32-52-566000",
                    "permissions": 0,
                    "position": 21
                },
                "403266285313589250": {
                    "name": "Abandoned Ones",
                    "colour": 16777215,
                    "created_at": "17-01-2018_19-16-14-744000",
                    "permissions": 0,
                    "position": 8
                },
                "401845161266642944": {
                    "name": "Media Creators",
                    "colour": 7962319,
                    "created_at": "13-01-2018_21-09-12-368000",
                    "permissions": 0,
                    "position": 16
                },
                "178667818152230912": {
                    "name": "@everyone",
                    "colour": 0,
                    "created_at": "08-05-2016_00-42-07-335000",
                    "permissions": 0,
                    "position": 0
                },
                "469889716435812353": {
                    "name": "High Council",
                    "colour": 0,
                    "created_at": "20-07-2018_15-33-58-527000",
                    "permissions": 8,
                    "position": 26
                }
            },
            "10-02-2019_10-58-00-564986": {
                "403272352223461387": {
                    "name": "Members",
                    "colour": 0,
                    "created_at": "17-01-2018_19-40-21-208000",
                    "permissions": 104187968,
                    "position": 11
                },
                "373129696960970762": {
                    "name": "Staff",
                    "colour": 0,
                    "created_at": "26-10-2017_15-24-12-170000",
                    "permissions": 0,
                    "position": 20
                },
                "469889439775326208": {
                    "name": "Head of Media",
                    "colour": 16741437,
                    "created_at": "20-07-2018_15-32-52-566000",
                    "permissions": 0,
                    "position": 23
                },
                "403266285313589250": {
                    "name": "Abandoned Ones",
                    "colour": 16777215,
                    "created_at": "17-01-2018_19-16-14-744000",
                    "permissions": 0,
                    "position": 12
                },
                "401845161266642944": {
                    "name": "Media Creators",
                    "colour": 7962319,
                    "created_at": "13-01-2018_21-09-12-368000",
                    "permissions": 0,
                    "position": 17
                },
                "178667818152230912": {
                    "name": "@everyone",
                    "colour": 0,
                    "created_at": "08-05-2016_00-42-07-335000",
                    "permissions": 0,
                    "position": 0
                },
                "469889716435812353": {
                    "name": "Nation Leaders",
                    "colour": 0,
                    "created_at": "20-07-2018_15-33-58-527000",
                    "permissions": 2146954743,
                    "position": 28
                }
            },
            "07-12-2018_09-02-35-892853": {
                "403272352223461387": {
                    "name": "Members",
                    "colour": 0,
                    "created_at": "17-01-2018_19-40-21-208000",
                    "permissions": 104187968,
                    "position": 11
                },
                "373129696960970762": {
                    "name": "Staff",
                    "colour": 16711680,
                    "created_at": "26-10-2017_15-24-12-170000",
                    "permissions": 0,
                    "position": 18
                },
                "469889439775326208": {
                    "name": "Head of Media",
                    "colour": 16741437,
                    "created_at": "20-07-2018_15-32-52-566000",
                    "permissions": 0,
                    "position": 25
                },
                "403266285313589250": {
                    "name": "Abandoned Ones",
                    "colour": 16777215,
                    "created_at": "17-01-2018_19-16-14-744000",
                    "permissions": 0,
                    "position": 12
                },
                "401845161266642944": {
                    "name": "Media Creators",
                    "colour": 7962319,
                    "created_at": "13-01-2018_21-09-12-368000",
                    "permissions": 0,
                    "position": 20
                },
                "178667818152230912": {
                    "name": "@everyone",
                    "colour": 0,
                    "created_at": "08-05-2016_00-42-07-335000",
                    "permissions": 0,
                    "position": 0
                },
                "469889716435812353": {
                    "name": "High Council",
                    "colour": 0,
                    "created_at": "20-07-2018_15-33-58-527000",
                    "permissions": 8,
                    "position": 30
                }
            },
            "09-02-2019_19-14-04-134526": {
                "403272352223461387": {
                    "name": "Members",
                    "colour": 0,
                    "created_at": "17-01-2018_19-40-21-208000",
                    "permissions": 104187968,
                    "position": 10
                },
                "373129696960970762": {
                    "name": "Staff",
                    "colour": 0,
                    "created_at": "26-10-2017_15-24-12-170000",
                    "permissions": 0,
                    "position": 19
                },
                "469889439775326208": {
                    "name": "Head of Media",
                    "colour": 16741437,
                    "created_at": "20-07-2018_15-32-52-566000",
                    "permissions": 0,
                    "position": 22
                },
                "403266285313589250": {
                    "name": "Abandoned Ones",
                    "colour": 16777215,
                    "created_at": "17-01-2018_19-16-14-744000",
                    "permissions": 0,
                    "position": 11
                },
                "401845161266642944": {
                    "name": "Media Creators",
                    "colour": 7962319,
                    "created_at": "13-01-2018_21-09-12-368000",
                    "permissions": 0,
                    "position": 16
                },
                "178667818152230912": {
                    "name": "@everyone",
                    "colour": 0,
                    "created_at": "08-05-2016_00-42-07-335000",
                    "permissions": 0,
                    "position": 0
                },
                "469889716435812353": {
                    "name": "Nation Leaders",
                    "colour": 0,
                    "created_at": "20-07-2018_15-33-58-527000",
                    "permissions": 2146954743,
                    "position": 27
                }
            },
            "08-02-2019_19-09-26-882805": {
                "403272352223461387": {
                    "name": "Members",
                    "colour": 0,
                    "created_at": "17-01-2018_19-40-21-208000",
                    "permissions": 104187968,
                    "position": 10
                },
                "373129696960970762": {
                    "name": "Staff",
                    "colour": 0,
                    "created_at": "26-10-2017_15-24-12-170000",
                    "permissions": 0,
                    "position": 20
                },
                "469889439775326208": {
                    "name": "Head of Media",
                    "colour": 16741437,
                    "created_at": "20-07-2018_15-32-52-566000",
                    "permissions": 0,
                    "position": 23
                },
                "403266285313589250": {
                    "name": "Abandoned Ones",
                    "colour": 16777215,
                    "created_at": "17-01-2018_19-16-14-744000",
                    "permissions": 0,
                    "position": 11
                },
                "401845161266642944": {
                    "name": "Media Creators",
                    "colour": 7962319,
                    "created_at": "13-01-2018_21-09-12-368000",
                    "permissions": 0,
                    "position": 17
                },
                "178667818152230912": {
                    "name": "@everyone",
                    "colour": 0,
                    "created_at": "08-05-2016_00-42-07-335000",
                    "permissions": 0,
                    "position": 0
                },
                "469889716435812353": {
                    "name": "High Council",
                    "colour": 0,
                    "created_at": "20-07-2018_15-33-58-527000",
                    "permissions": 2146954743,
                    "position": 28
                }
            },
            "17-01-2019_17-37-42-106001": {
                "403272352223461387": {
                    "name": "Members",
                    "colour": 0,
                    "created_at": "17-01-2018_19-40-21-208000",
                    "permissions": 104187968,
                    "position": 9
                },
                "373129696960970762": {
                    "name": "Staff",
                    "colour": 16711680,
                    "created_at": "26-10-2017_15-24-12-170000",
                    "permissions": 0,
                    "position": 17
                },
                "469889439775326208": {
                    "name": "Head of Media",
                    "colour": 16741437,
                    "created_at": "20-07-2018_15-32-52-566000",
                    "permissions": 0,
                    "position": 24
                },
                "403266285313589250": {
                    "name": "Abandoned Ones",
                    "colour": 16777215,
                    "created_at": "17-01-2018_19-16-14-744000",
                    "permissions": 0,
                    "position": 10
                },
                "401845161266642944": {
                    "name": "Media Creators",
                    "colour": 7962319,
                    "created_at": "13-01-2018_21-09-12-368000",
                    "permissions": 0,
                    "position": 19
                },
                "178667818152230912": {
                    "name": "@everyone",
                    "colour": 0,
                    "created_at": "08-05-2016_00-42-07-335000",
                    "permissions": 0,
                    "position": 0
                },
                "469889716435812353": {
                    "name": "High Council",
                    "colour": 0,
                    "created_at": "20-07-2018_15-33-58-527000",
                    "permissions": 8,
                    "position": 29
                }
            }
        },
        "current": {
            "403272352223461387": {
                "name": "Members",
                "colour": 0,
                "created_at": "17-01-2018_19-40-21-208000",
                "permissions": 104187968,
                "position": 10
            },
            "373129696960970762": {
                "name": "Staff",
                "colour": 0,
                "created_at": "26-10-2017_15-24-12-170000",
                "permissions": 0,
                "position": 20
            },
            "469889439775326208": {
                "name": "Head of Media",
                "colour": 16741437,
                "created_at": "20-07-2018_15-32-52-566000",
                "permissions": 0,
                "position": 25
            },
            "403266285313589250": {
                "name": "Abandoned Ones",
                "colour": 16777215,
                "created_at": "17-01-2018_19-16-14-744000",
                "permissions": 0,
                "position": 11
            },
            "401845161266642944": {
                "name": "Media Creators",
                "colour": 7962319,
                "created_at": "13-01-2018_21-09-12-368000",
                "permissions": 0,
                "position": 16
            },
            "178667818152230912": {
                "name": "@everyone",
                "colour": 0,
                "created_at": "08-05-2016_00-42-07-335000",
                "permissions": 0,
                "position": 0
            },
            "469889716435812353": {
                "name": "High Council",
                "colour": 0,
                "created_at": "20-07-2018_15-33-58-527000",
                "permissions": 2146954743,
                "position": 22
            }
        }
    },
    "created_at": "26-08-2017_23-07-29-067000",
    "voice": {
        "previous": {},
        "current": {
            "server_mute": false,
            "is_afk": false,
            "server_deaf": false,
            "self_mute": false,
            "self_deaf": false,
            "channel": {
                "private": null,
                "id": null,
                "name": null
            }
        }
    },
    "colour": {
        "previous": {},
        "current": 16741437
    },
    "id": "351140625795645452",
    "display_name": {
        "previous": {},
        "current": "Rikolan's Anatidaephobia"
    },
    "cookies": {
        "total_cookies": 0,
        "give": {
            "total_cookies": 0,
            "average": 0.0
        },
        "current_cookies": 0,
        "active_this_epoch": false,
        "measured_epochs": 12,
        "cookie_interest": 0,
        "active_epochs": 0,
        "cookies_in_jar": 0,
        "cookie_transfer_quota": 0,
        "get": {
            "total_cookies": 0,
            "average": 0.0
        }
    },
    "bans": {
        "previous": {},
        "current": "not banned"
    },
    "bot": false,
    "name": {
        "previous": {},
        "current": "Rikolan's Anatidaephobia"
    },
    "discriminator": {
        "previous": {},
        "current": "7721"
    },
    "game": {
        "previous": {},
        "current": {
            "url": null,
            "type": null,
            "name": null
        }
    },
    "status": {
        "previous": {},
        "current": "offline"
    },
    "joined_at": {
        "previous": {},
        "current": "05-02-2018_16-55-01-886059"
    }
}