{
    "created_at": "01-05-2016_15-29-15-397000",
    "cookies": {
        "cookie_interest": 0,
        "active_epochs": 0,
        "cookie_transfer_quota": 0,
        "give": {
            "total_cookies": 0,
            "average": 0.0
        },
        "total_cookies": 0,
        "active_this_epoch": false,
        "get": {
            "total_cookies": 0,
            "average": 0.0
        },
        "current_cookies": 0,
        "cookies_in_jar": 0,
        "measured_epochs": 9
    },
    "name": {
        "current": "Socko God",
        "previous": {}
    },
    "roles": {
        "current": {
            "430760351248809986": {
                "created_at": "03-04-2018_16-07-50-878000",
                "name": "Current Iteration",
                "permissions": 0,
                "position": 7,
                "colour": 0
            },
            "523917597138354193": {
                "created_at": "16-12-2018_17-41-29-076000",
                "name": "Yeeters",
                "permissions": 0,
                "position": 3,
                "colour": 16714995
            },
            "404068252361162759": {
                "created_at": "20-01-2018_00-22-58-588000",
                "name": "Under Where?",
                "permissions": 0,
                "position": 4,
                "colour": 0
            },
            "403266285313589250": {
                "created_at": "17-01-2018_19-16-14-744000",
                "name": "Abandoned Ones",
                "permissions": 0,
                "position": 9,
                "colour": 16777215
            },
            "403272352223461387": {
                "created_at": "17-01-2018_19-40-21-208000",
                "name": "Members",
                "permissions": 104187968,
                "position": 8,
                "colour": 0
            },
            "189416410542374912": {
                "created_at": "06-06-2016_16-33-11-460000",
                "name": "Moderator",
                "permissions": 267774166,
                "position": 17,
                "colour": 3447003
            },
            "373129696960970762": {
                "created_at": "26-10-2017_15-24-12-170000",
                "name": "Staff",
                "permissions": 0,
                "position": 16,
                "colour": 16711680
            },
            "178667818152230912": {
                "created_at": "08-05-2016_00-42-07-335000",
                "name": "@everyone",
                "permissions": 0,
                "position": 0,
                "colour": 0
            }
        },
        "previous": {
            "13-01-2019_23-50-53-236086": {
                "430760351248809986": {
                    "created_at": "03-04-2018_16-07-50-878000",
                    "name": "Current Iteration",
                    "permissions": 0,
                    "position": 7,
                    "colour": 0
                },
                "523917597138354193": {
                    "created_at": "16-12-2018_17-41-29-076000",
                    "name": "Yeeters",
                    "permissions": 0,
                    "position": 3,
                    "colour": 16714995
                },
                "404068252361162759": {
                    "created_at": "20-01-2018_00-22-58-588000",
                    "name": "Under Where?",
                    "permissions": 0,
                    "position": 4,
                    "colour": 0
                },
                "403266285313589250": {
                    "created_at": "17-01-2018_19-16-14-744000",
                    "name": "Abandoned Ones",
                    "permissions": 0,
                    "position": 9,
                    "colour": 16777215
                },
                "403272352223461387": {
                    "created_at": "17-01-2018_19-40-21-208000",
                    "name": "Members",
                    "permissions": 104187968,
                    "position": 8,
                    "colour": 0
                },
                "189416410542374912": {
                    "created_at": "06-06-2016_16-33-11-460000",
                    "name": "Moderator",
                    "permissions": 267775190,
                    "position": 17,
                    "colour": 3447003
                },
                "373129696960970762": {
                    "created_at": "26-10-2017_15-24-12-170000",
                    "name": "Staff",
                    "permissions": 0,
                    "position": 16,
                    "colour": 16711680
                },
                "178667818152230912": {
                    "created_at": "08-05-2016_00-42-07-335000",
                    "name": "@everyone",
                    "permissions": 0,
                    "position": 0,
                    "colour": 0
                }
            },
            "06-12-2018_01-05-49-556858": {
                "430760351248809986": {
                    "created_at": "03-04-2018_16-07-50-878000",
                    "name": "Current Iteration",
                    "permissions": 0,
                    "position": 10,
                    "colour": 0
                },
                "404068252361162759": {
                    "created_at": "20-01-2018_00-22-58-588000",
                    "name": "Under Where?",
                    "permissions": 0,
                    "position": 17,
                    "colour": 0
                },
                "403266285313589250": {
                    "created_at": "17-01-2018_19-16-14-744000",
                    "name": "Abandoned Ones",
                    "permissions": 0,
                    "position": 13,
                    "colour": 16777215
                },
                "403272352223461387": {
                    "created_at": "17-01-2018_19-40-21-208000",
                    "name": "Members",
                    "permissions": 104187968,
                    "position": 12,
                    "colour": 0
                },
                "178667818152230912": {
                    "created_at": "08-05-2016_00-42-07-335000",
                    "name": "@everyone",
                    "permissions": 0,
                    "position": 0,
                    "colour": 0
                },
                "373129696960970762": {
                    "created_at": "26-10-2017_15-24-12-170000",
                    "name": "Staff",
                    "permissions": 0,
                    "position": 19,
                    "colour": 16711680
                },
                "189416410542374912": {
                    "created_at": "06-06-2016_16-33-11-460000",
                    "name": "Moderator",
                    "permissions": 267775190,
                    "position": 20,
                    "colour": 3447003
                }
            },
            "16-12-2018_21-52-39-901037": {
                "430760351248809986": {
                    "created_at": "03-04-2018_16-07-50-878000",
                    "name": "Current Iteration",
                    "permissions": 0,
                    "position": 9,
                    "colour": 0
                },
                "404068252361162759": {
                    "created_at": "20-01-2018_00-22-58-588000",
                    "name": "Under Where?",
                    "permissions": 0,
                    "position": 16,
                    "colour": 0
                },
                "403266285313589250": {
                    "created_at": "17-01-2018_19-16-14-744000",
                    "name": "Abandoned Ones",
                    "permissions": 0,
                    "position": 11,
                    "colour": 16777215
                },
                "403272352223461387": {
                    "created_at": "17-01-2018_19-40-21-208000",
                    "name": "Members",
                    "permissions": 104187968,
                    "position": 10,
                    "colour": 0
                },
                "178667818152230912": {
                    "created_at": "08-05-2016_00-42-07-335000",
                    "name": "@everyone",
                    "permissions": 0,
                    "position": 0,
                    "colour": 0
                },
                "373129696960970762": {
                    "created_at": "26-10-2017_15-24-12-170000",
                    "name": "Staff",
                    "permissions": 0,
                    "position": 18,
                    "colour": 16711680
                },
                "189416410542374912": {
                    "created_at": "06-06-2016_16-33-11-460000",
                    "name": "Moderator",
                    "permissions": 267775190,
                    "position": 19,
                    "colour": 3447003
                }
            },
            "07-12-2018_09-02-35-892853": {
                "430760351248809986": {
                    "created_at": "03-04-2018_16-07-50-878000",
                    "name": "Current Iteration",
                    "permissions": 0,
                    "position": 9,
                    "colour": 0
                },
                "404068252361162759": {
                    "created_at": "20-01-2018_00-22-58-588000",
                    "name": "Under Where?",
                    "permissions": 0,
                    "position": 16,
                    "colour": 0
                },
                "403266285313589250": {
                    "created_at": "17-01-2018_19-16-14-744000",
                    "name": "Abandoned Ones",
                    "permissions": 0,
                    "position": 12,
                    "colour": 16777215
                },
                "403272352223461387": {
                    "created_at": "17-01-2018_19-40-21-208000",
                    "name": "Members",
                    "permissions": 104187968,
                    "position": 11,
                    "colour": 0
                },
                "178667818152230912": {
                    "created_at": "08-05-2016_00-42-07-335000",
                    "name": "@everyone",
                    "permissions": 0,
                    "position": 0,
                    "colour": 0
                },
                "373129696960970762": {
                    "created_at": "26-10-2017_15-24-12-170000",
                    "name": "Staff",
                    "permissions": 0,
                    "position": 18,
                    "colour": 16711680
                },
                "189416410542374912": {
                    "created_at": "06-06-2016_16-33-11-460000",
                    "name": "Moderator",
                    "permissions": 267775190,
                    "position": 19,
                    "colour": 3447003
                }
            },
            "10-01-2019_00-18-24-072293": {
                "430760351248809986": {
                    "created_at": "03-04-2018_16-07-50-878000",
                    "name": "Current Iteration",
                    "permissions": 0,
                    "position": 6,
                    "colour": 0
                },
                "404068252361162759": {
                    "created_at": "20-01-2018_00-22-58-588000",
                    "name": "Under Where?",
                    "permissions": 0,
                    "position": 2,
                    "colour": 0
                },
                "403266285313589250": {
                    "created_at": "17-01-2018_19-16-14-744000",
                    "name": "Abandoned Ones",
                    "permissions": 0,
                    "position": 8,
                    "colour": 16777215
                },
                "403272352223461387": {
                    "created_at": "17-01-2018_19-40-21-208000",
                    "name": "Members",
                    "permissions": 104187968,
                    "position": 7,
                    "colour": 0
                },
                "178667818152230912": {
                    "created_at": "08-05-2016_00-42-07-335000",
                    "name": "@everyone",
                    "permissions": 0,
                    "position": 0,
                    "colour": 0
                },
                "373129696960970762": {
                    "created_at": "26-10-2017_15-24-12-170000",
                    "name": "Staff",
                    "permissions": 0,
                    "position": 14,
                    "colour": 16711680
                },
                "189416410542374912": {
                    "created_at": "06-06-2016_16-33-11-460000",
                    "name": "Moderator",
                    "permissions": 267775190,
                    "position": 15,
                    "colour": 3447003
                }
            }
        }
    },
    "id": "176354357766389760",
    "joined_at": {
        "current": "18-02-2018_16-27-19-191319",
        "previous": {}
    },
    "display_name": {
        "current": "SockstroyerXx",
        "previous": {}
    },
    "discriminator": {
        "current": "8144",
        "previous": {}
    },
    "bot": false,
    "voice": {
        "current": {
            "self_mute": false,
            "is_afk": false,
            "channel": {
                "id": null,
                "private": null,
                "name": null
            },
            "server_deaf": false,
            "self_deaf": false,
            "server_mute": false
        },
        "previous": {}
    },
    "colour": {
        "current": 3447003,
        "previous": {}
    },
    "bans": {
        "current": "not banned",
        "previous": {}
    },
    "game": {
        "current": {
            "url": null,
            "name": null,
            "type": null
        },
        "previous": {}
    },
    "activity": {},
    "status": {
        "current": "online",
        "previous": {
            "06-12-2018_00-22-50-820027": "offline",
            "05-12-2018_23-34-35-600797": "online",
            "10-01-2019_03-36-57-747790": "offline",
            "09-12-2018_10-12-40-202519": "idle",
            "07-12-2018_09-02-35-892853": "online",
            "08-12-2018_15-44-11-058097": "online",
            "16-12-2018_22-46-26-221531": "idle",
            "05-12-2018_16-27-33-714312": "idle",
            "06-12-2018_14-37-28-467255": "offline",
            "06-12-2018_13-18-30-157611": "offline",
            "10-01-2019_00-18-24-072293": "online",
            "11-12-2018_09-13-26-392726": "online",
            "06-12-2018_00-27-42-854693": "idle",
            "17-12-2018_08-19-13-303562": "online",
            "13-01-2019_18-58-47-852165": "offline",
            "06-12-2018_17-09-51-137367": "idle",
            "16-12-2018_21-52-39-901037": "offline",
            "09-12-2018_10-10-43-790279": "idle",
            "11-01-2019_23-54-44-166805": "idle",
            "06-12-2018_01-05-49-556858": "online",
            "13-01-2019_23-58-57-488890": "idle",
            "12-01-2019_01-16-58-662867": "online",
            "07-12-2018_07-42-43-243407": "online",
            "07-12-2018_19-07-03-633575": "idle",
            "06-12-2018_19-01-41-672098": "idle",
            "10-12-2018_16-02-31-496869": "idle"
        }
    }
}