{
    "created_at": "16-05-2016_12-43-12-568000",
    "cookies": {
        "cookie_interest": 0,
        "active_epochs": 0,
        "cookie_transfer_quota": 0,
        "give": {
            "total_cookies": 0,
            "average": 0.0
        },
        "total_cookies": 0,
        "active_this_epoch": false,
        "get": {
            "total_cookies": 0,
            "average": 0.0
        },
        "current_cookies": 0,
        "cookies_in_jar": 0,
        "measured_epochs": 2
    },
    "name": {
        "current": "Maple",
        "previous": {}
    },
    "roles": {
        "current": {
            "430760351248809986": {
                "colour": 0,
                "name": "Current Iteration",
                "permissions": 0,
                "position": 7,
                "created_at": "03-04-2018_16-07-50-878000"
            },
            "523917597138354193": {
                "colour": 16714995,
                "name": "Yeeters",
                "permissions": 0,
                "position": 3,
                "created_at": "16-12-2018_17-41-29-076000"
            },
            "404068252361162759": {
                "colour": 0,
                "name": "Under Where?",
                "permissions": 0,
                "position": 4,
                "created_at": "20-01-2018_00-22-58-588000"
            },
            "403266285313589250": {
                "colour": 16777215,
                "name": "Abandoned Ones",
                "permissions": 0,
                "position": 9,
                "created_at": "17-01-2018_19-16-14-744000"
            },
            "373129696960970762": {
                "colour": 16711680,
                "name": "Staff",
                "permissions": 0,
                "position": 16,
                "created_at": "26-10-2017_15-24-12-170000"
            },
            "400699163026653184": {
                "colour": 16728548,
                "name": "Community Managers",
                "permissions": 1073741953,
                "position": 19,
                "created_at": "10-01-2018_17-15-25-096000"
            },
            "403272352223461387": {
                "colour": 0,
                "name": "Members",
                "permissions": 104187968,
                "position": 8,
                "created_at": "17-01-2018_19-40-21-208000"
            },
            "178667818152230912": {
                "colour": 0,
                "name": "@everyone",
                "permissions": 0,
                "position": 0,
                "created_at": "08-05-2016_00-42-07-335000"
            }
        },
        "previous": {
            "10-01-2019_00-18-24-072293": {
                "430760351248809986": {
                    "colour": 0,
                    "name": "Current Iteration",
                    "permissions": 0,
                    "position": 6,
                    "created_at": "03-04-2018_16-07-50-878000"
                },
                "403272352223461387": {
                    "colour": 0,
                    "name": "Members",
                    "permissions": 104187968,
                    "position": 7,
                    "created_at": "17-01-2018_19-40-21-208000"
                },
                "178667818152230912": {
                    "colour": 0,
                    "name": "@everyone",
                    "permissions": 0,
                    "position": 0,
                    "created_at": "08-05-2016_00-42-07-335000"
                },
                "404068252361162759": {
                    "colour": 0,
                    "name": "Under Where?",
                    "permissions": 0,
                    "position": 2,
                    "created_at": "20-01-2018_00-22-58-588000"
                },
                "403266285313589250": {
                    "colour": 16777215,
                    "name": "Abandoned Ones",
                    "permissions": 0,
                    "position": 8,
                    "created_at": "17-01-2018_19-16-14-744000"
                }
            },
            "07-12-2018_09-02-35-892853": {
                "430760351248809986": {
                    "colour": 0,
                    "name": "Current Iteration",
                    "permissions": 0,
                    "position": 9,
                    "created_at": "03-04-2018_16-07-50-878000"
                },
                "403272352223461387": {
                    "colour": 0,
                    "name": "Members",
                    "permissions": 104187968,
                    "position": 11,
                    "created_at": "17-01-2018_19-40-21-208000"
                },
                "178667818152230912": {
                    "colour": 0,
                    "name": "@everyone",
                    "permissions": 0,
                    "position": 0,
                    "created_at": "08-05-2016_00-42-07-335000"
                },
                "404068252361162759": {
                    "colour": 0,
                    "name": "Under Where?",
                    "permissions": 0,
                    "position": 16,
                    "created_at": "20-01-2018_00-22-58-588000"
                },
                "403266285313589250": {
                    "colour": 16777215,
                    "name": "Abandoned Ones",
                    "permissions": 0,
                    "position": 12,
                    "created_at": "17-01-2018_19-16-14-744000"
                }
            },
            "11-01-2019_23-54-44-166805": {
                "430760351248809986": {
                    "colour": 0,
                    "name": "Current Iteration",
                    "permissions": 0,
                    "position": 7,
                    "created_at": "03-04-2018_16-07-50-878000"
                },
                "523917597138354193": {
                    "colour": 16714995,
                    "name": "Yeeters",
                    "permissions": 0,
                    "position": 3,
                    "created_at": "16-12-2018_17-41-29-076000"
                },
                "404068252361162759": {
                    "colour": 0,
                    "name": "Under Where?",
                    "permissions": 0,
                    "position": 4,
                    "created_at": "20-01-2018_00-22-58-588000"
                },
                "403266285313589250": {
                    "colour": 16777215,
                    "name": "Abandoned Ones",
                    "permissions": 0,
                    "position": 9,
                    "created_at": "17-01-2018_19-16-14-744000"
                },
                "373129696960970762": {
                    "colour": 16711680,
                    "name": "Staff",
                    "permissions": 0,
                    "position": 16,
                    "created_at": "26-10-2017_15-24-12-170000"
                },
                "400699163026653184": {
                    "colour": 16728548,
                    "name": "Community Managers",
                    "permissions": 129,
                    "position": 19,
                    "created_at": "10-01-2018_17-15-25-096000"
                },
                "403272352223461387": {
                    "colour": 0,
                    "name": "Members",
                    "permissions": 104187968,
                    "position": 8,
                    "created_at": "17-01-2018_19-40-21-208000"
                },
                "178667818152230912": {
                    "colour": 0,
                    "name": "@everyone",
                    "permissions": 0,
                    "position": 0,
                    "created_at": "08-05-2016_00-42-07-335000"
                }
            },
            "06-12-2018_01-05-49-556858": {
                "430760351248809986": {
                    "colour": 0,
                    "name": "Current Iteration",
                    "permissions": 0,
                    "position": 10,
                    "created_at": "03-04-2018_16-07-50-878000"
                },
                "403272352223461387": {
                    "colour": 0,
                    "name": "Members",
                    "permissions": 104187968,
                    "position": 12,
                    "created_at": "17-01-2018_19-40-21-208000"
                },
                "178667818152230912": {
                    "colour": 0,
                    "name": "@everyone",
                    "permissions": 0,
                    "position": 0,
                    "created_at": "08-05-2016_00-42-07-335000"
                },
                "404068252361162759": {
                    "colour": 0,
                    "name": "Under Where?",
                    "permissions": 0,
                    "position": 17,
                    "created_at": "20-01-2018_00-22-58-588000"
                },
                "403266285313589250": {
                    "colour": 16777215,
                    "name": "Abandoned Ones",
                    "permissions": 0,
                    "position": 13,
                    "created_at": "17-01-2018_19-16-14-744000"
                }
            },
            "16-12-2018_21-52-39-901037": {
                "430760351248809986": {
                    "colour": 0,
                    "name": "Current Iteration",
                    "permissions": 0,
                    "position": 9,
                    "created_at": "03-04-2018_16-07-50-878000"
                },
                "403272352223461387": {
                    "colour": 0,
                    "name": "Members",
                    "permissions": 104187968,
                    "position": 10,
                    "created_at": "17-01-2018_19-40-21-208000"
                },
                "178667818152230912": {
                    "colour": 0,
                    "name": "@everyone",
                    "permissions": 0,
                    "position": 0,
                    "created_at": "08-05-2016_00-42-07-335000"
                },
                "404068252361162759": {
                    "colour": 0,
                    "name": "Under Where?",
                    "permissions": 0,
                    "position": 16,
                    "created_at": "20-01-2018_00-22-58-588000"
                },
                "403266285313589250": {
                    "colour": 16777215,
                    "name": "Abandoned Ones",
                    "permissions": 0,
                    "position": 11,
                    "created_at": "17-01-2018_19-16-14-744000"
                }
            }
        }
    },
    "id": "181748388616732672",
    "joined_at": {
        "current": "17-01-2018_13-55-29-706000",
        "previous": {}
    },
    "display_name": {
        "current": "Cutie Kurisu-chama",
        "previous": {}
    },
    "bot": false,
    "discriminator": {
        "current": "5483",
        "previous": {}
    },
    "voice": {
        "current": {
            "self_mute": false,
            "is_afk": false,
            "channel": {
                "id": "523902470724911105",
                "private": false,
                "name": "simply-yeet"
            },
            "server_deaf": false,
            "self_deaf": false,
            "server_mute": false
        },
        "previous": {
            "13-01-2019_23-58-57-488890": {
                "self_mute": false,
                "is_afk": false,
                "channel": {
                    "id": null,
                    "private": null,
                    "name": null
                },
                "server_deaf": false,
                "self_deaf": false,
                "server_mute": false
            },
            "12-01-2019_01-16-58-662867": {
                "self_mute": false,
                "is_afk": false,
                "channel": {
                    "id": "523902470724911105",
                    "private": false,
                    "name": "simply-yeet"
                },
                "server_deaf": false,
                "self_deaf": false,
                "server_mute": false
            },
            "11-01-2019_23-54-44-166805": {
                "self_mute": false,
                "is_afk": false,
                "channel": {
                    "id": null,
                    "private": null,
                    "name": null
                },
                "server_deaf": false,
                "self_deaf": false,
                "server_mute": false
            }
        }
    },
    "colour": {
        "current": 16728548,
        "previous": {
            "10-01-2019_00-18-24-072293": 16777215
        }
    },
    "bans": {
        "current": "not banned",
        "previous": {}
    },
    "game": {
        "current": {
            "url": null,
            "name": null,
            "type": null
        },
        "previous": {}
    },
    "activity": {
        "2019": {
            "1": {
                "12": {
                    "3": {
                        "403084655550791682": 1,
                        "523913649182605330": 3
                    },
                    "2": {
                        "403084655550791682": 1,
                        "523913649182605330": 6
                    },
                    "23": {
                        "523913649182605330": 1
                    },
                    "0": {
                        "523913649182605330": 26
                    },
                    "1": {
                        "403084655550791682": 1,
                        "523913649182605330": 9
                    }
                },
                "14": {
                    "22": {
                        "523913649182605330": 6
                    },
                    "0": {
                        "523913649182605330": 9
                    },
                    "2": {
                        "523913649182605330": 1
                    },
                    "23": {
                        "523913649182605330": 4
                    }
                },
                "11": {
                    "22": {
                        "523913649182605330": 6
                    },
                    "23": {
                        "523913649182605330": 5
                    }
                },
                "13": {
                    "20": {
                        "403084655550791682": 1
                    },
                    "19": {
                        "523913649182605330": 4
                    },
                    "1": {
                        "523913649182605330": 1
                    },
                    "22": {
                        "523913649182605330": 1
                    },
                    "23": {
                        "523913649182605330": 2
                    },
                    "0": {
                        "523913649182605330": 2
                    }
                }
            }
        },
        "2018": {
            "12": {
                "8": {
                    "19": {
                        "403084655550791682": 1
                    }
                }
            }
        }
    },
    "status": {
        "current": "online",
        "previous": {
            "05-12-2018_23-34-35-600797": "online",
            "10-01-2019_03-36-57-747790": "online",
            "09-12-2018_10-12-40-202519": "online",
            "07-12-2018_09-02-35-892853": "online",
            "08-12-2018_15-44-11-058097": "offline",
            "16-12-2018_22-46-26-221531": "online",
            "05-12-2018_16-27-33-714312": "offline",
            "12-12-2018_11-49-23-541900": "online",
            "10-01-2019_00-18-24-072293": "online",
            "11-12-2018_09-13-26-392726": "online",
            "17-12-2018_08-19-13-303562": "offline",
            "06-12-2018_00-45-45-907811": "online",
            "11-01-2019_22-45-11-058689": "offline",
            "13-01-2019_18-58-47-852165": "online",
            "07-12-2018_07-51-11-182069": "offline",
            "06-12-2018_00-25-10-559318": "online",
            "06-12-2018_01-05-49-556858": "online",
            "13-01-2019_23-58-57-488890": "offline",
            "12-01-2019_01-16-58-662867": "online",
            "13-01-2019_23-57-05-695365": "online",
            "16-12-2018_21-52-39-901037": "online",
            "05-12-2018_15-43-55-700669": "online",
            "06-12-2018_00-33-42-698457": "offline",
            "07-12-2018_19-07-03-633575": "online",
            "06-12-2018_00-19-28-339644": "offline",
            "06-12-2018_15-40-12-725739": "online",
            "13-01-2019_23-50-53-236086": "offline",
            "06-12-2018_19-01-41-672098": "online",
            "10-12-2018_16-02-31-496869": "offline",
            "06-12-2018_00-48-23-112938": "offline",
            "06-12-2018_00-23-55-487803": "online"
        }
    }
}