{
    "created_at": "10-07-2017_20-38-03-579000",
    "cookies": {
        "cookie_interest": 0,
        "active_epochs": 0,
        "cookie_transfer_quota": 0,
        "give": {
            "total_cookies": 0,
            "average": 0.0
        },
        "total_cookies": 0,
        "active_this_epoch": false,
        "get": {
            "total_cookies": 0,
            "average": 0.0
        },
        "current_cookies": 0,
        "cookies_in_jar": 0,
        "measured_epochs": 9
    },
    "name": {
        "current": "Neon",
        "previous": {}
    },
    "roles": {
        "current": {
            "469889439775326208": {
                "created_at": "20-07-2018_15-32-52-566000",
                "name": "Head of Media",
                "permissions": 0,
                "position": 23,
                "colour": 16741437
            },
            "469889716435812353": {
                "created_at": "20-07-2018_15-33-58-527000",
                "name": "High Council",
                "permissions": 8,
                "position": 28,
                "colour": 0
            },
            "401845161266642944": {
                "created_at": "13-01-2018_21-09-12-368000",
                "name": "Media Creators",
                "permissions": 0,
                "position": 18,
                "colour": 7962319
            },
            "403266285313589250": {
                "created_at": "17-01-2018_19-16-14-744000",
                "name": "Abandoned Ones",
                "permissions": 0,
                "position": 9,
                "colour": 16777215
            },
            "403272352223461387": {
                "created_at": "17-01-2018_19-40-21-208000",
                "name": "Members",
                "permissions": 104187968,
                "position": 8,
                "colour": 0
            },
            "430760351248809986": {
                "created_at": "03-04-2018_16-07-50-878000",
                "name": "Current Iteration",
                "permissions": 0,
                "position": 7,
                "colour": 0
            },
            "373129696960970762": {
                "created_at": "26-10-2017_15-24-12-170000",
                "name": "Staff",
                "permissions": 0,
                "position": 16,
                "colour": 16711680
            },
            "178667818152230912": {
                "created_at": "08-05-2016_00-42-07-335000",
                "name": "@everyone",
                "permissions": 0,
                "position": 0,
                "colour": 0
            }
        },
        "previous": {
            "10-01-2019_00-18-24-072293": {
                "430760351248809986": {
                    "created_at": "03-04-2018_16-07-50-878000",
                    "name": "Current Iteration",
                    "permissions": 0,
                    "position": 6,
                    "colour": 0
                },
                "401845161266642944": {
                    "created_at": "13-01-2018_21-09-12-368000",
                    "name": "Media Creators",
                    "permissions": 0,
                    "position": 16,
                    "colour": 7962319
                },
                "403266285313589250": {
                    "created_at": "17-01-2018_19-16-14-744000",
                    "name": "Abandoned Ones",
                    "permissions": 0,
                    "position": 8,
                    "colour": 16777215
                },
                "373129696960970762": {
                    "created_at": "26-10-2017_15-24-12-170000",
                    "name": "Staff",
                    "permissions": 0,
                    "position": 14,
                    "colour": 16711680
                },
                "403272352223461387": {
                    "created_at": "17-01-2018_19-40-21-208000",
                    "name": "Members",
                    "permissions": 104187968,
                    "position": 7,
                    "colour": 0
                },
                "178667818152230912": {
                    "created_at": "08-05-2016_00-42-07-335000",
                    "name": "@everyone",
                    "permissions": 0,
                    "position": 0,
                    "colour": 0
                }
            },
            "07-12-2018_07-51-11-182069": {
                "430760351248809986": {
                    "created_at": "03-04-2018_16-07-50-878000",
                    "name": "Current Iteration",
                    "permissions": 0,
                    "position": 9,
                    "colour": 0
                },
                "403266269220175892": {
                    "created_at": "17-01-2018_19-16-10-907000",
                    "name": "Mythical Ones",
                    "permissions": 262208,
                    "position": 15,
                    "colour": 1033914
                },
                "401845161266642944": {
                    "created_at": "13-01-2018_21-09-12-368000",
                    "name": "Media Creators",
                    "permissions": 0,
                    "position": 20,
                    "colour": 7962319
                },
                "373129696960970762": {
                    "created_at": "26-10-2017_15-24-12-170000",
                    "name": "Staff",
                    "permissions": 0,
                    "position": 18,
                    "colour": 16711680
                },
                "403272352223461387": {
                    "created_at": "17-01-2018_19-40-21-208000",
                    "name": "Members",
                    "permissions": 104187968,
                    "position": 11,
                    "colour": 0
                },
                "178667818152230912": {
                    "created_at": "08-05-2016_00-42-07-335000",
                    "name": "@everyone",
                    "permissions": 0,
                    "position": 0,
                    "colour": 0
                }
            },
            "16-12-2018_21-52-39-901037": {
                "430760351248809986": {
                    "created_at": "03-04-2018_16-07-50-878000",
                    "name": "Current Iteration",
                    "permissions": 0,
                    "position": 9,
                    "colour": 0
                },
                "401845161266642944": {
                    "created_at": "13-01-2018_21-09-12-368000",
                    "name": "Media Creators",
                    "permissions": 0,
                    "position": 20,
                    "colour": 7962319
                },
                "403266285313589250": {
                    "created_at": "17-01-2018_19-16-14-744000",
                    "name": "Abandoned Ones",
                    "permissions": 0,
                    "position": 11,
                    "colour": 16777215
                },
                "373129696960970762": {
                    "created_at": "26-10-2017_15-24-12-170000",
                    "name": "Staff",
                    "permissions": 0,
                    "position": 18,
                    "colour": 16711680
                },
                "403272352223461387": {
                    "created_at": "17-01-2018_19-40-21-208000",
                    "name": "Members",
                    "permissions": 104187968,
                    "position": 10,
                    "colour": 0
                },
                "178667818152230912": {
                    "created_at": "08-05-2016_00-42-07-335000",
                    "name": "@everyone",
                    "permissions": 0,
                    "position": 0,
                    "colour": 0
                }
            },
            "07-12-2018_09-02-35-892853": {
                "430760351248809986": {
                    "created_at": "03-04-2018_16-07-50-878000",
                    "name": "Current Iteration",
                    "permissions": 0,
                    "position": 9,
                    "colour": 0
                },
                "401845161266642944": {
                    "created_at": "13-01-2018_21-09-12-368000",
                    "name": "Media Creators",
                    "permissions": 0,
                    "position": 20,
                    "colour": 7962319
                },
                "403266285313589250": {
                    "created_at": "17-01-2018_19-16-14-744000",
                    "name": "Abandoned Ones",
                    "permissions": 0,
                    "position": 12,
                    "colour": 16777215
                },
                "373129696960970762": {
                    "created_at": "26-10-2017_15-24-12-170000",
                    "name": "Staff",
                    "permissions": 0,
                    "position": 18,
                    "colour": 16711680
                },
                "403272352223461387": {
                    "created_at": "17-01-2018_19-40-21-208000",
                    "name": "Members",
                    "permissions": 104187968,
                    "position": 11,
                    "colour": 0
                },
                "178667818152230912": {
                    "created_at": "08-05-2016_00-42-07-335000",
                    "name": "@everyone",
                    "permissions": 0,
                    "position": 0,
                    "colour": 0
                }
            },
            "06-12-2018_00-55-15-699438": {
                "430760351248809986": {
                    "created_at": "03-04-2018_16-07-50-878000",
                    "name": "Current Iteration",
                    "permissions": 0,
                    "position": 10,
                    "colour": 0
                },
                "403266269220175892": {
                    "created_at": "17-01-2018_19-16-10-907000",
                    "name": "Mythical Ones",
                    "permissions": 262208,
                    "position": 16,
                    "colour": 1033914
                },
                "401845161266642944": {
                    "created_at": "13-01-2018_21-09-12-368000",
                    "name": "Media Creators",
                    "permissions": 0,
                    "position": 21,
                    "colour": 7962319
                },
                "373129696960970762": {
                    "created_at": "26-10-2017_15-24-12-170000",
                    "name": "Staff",
                    "permissions": 0,
                    "position": 19,
                    "colour": 16711680
                },
                "403272352223461387": {
                    "created_at": "17-01-2018_19-40-21-208000",
                    "name": "Members",
                    "permissions": 104187968,
                    "position": 12,
                    "colour": 0
                },
                "178667818152230912": {
                    "created_at": "08-05-2016_00-42-07-335000",
                    "name": "@everyone",
                    "permissions": 0,
                    "position": 0,
                    "colour": 0
                }
            }
        }
    },
    "id": "334070792130265108",
    "joined_at": {
        "current": "17-01-2018_09-28-15-816000",
        "previous": {}
    },
    "display_name": {
        "current": "Neon",
        "previous": {}
    },
    "discriminator": {
        "current": "0770",
        "previous": {
            "10-01-2019_00-18-24-072293": "9774"
        }
    },
    "bot": false,
    "voice": {
        "current": {
            "self_mute": false,
            "is_afk": false,
            "channel": {
                "id": null,
                "private": null,
                "name": null
            },
            "server_deaf": false,
            "self_deaf": false,
            "server_mute": false
        },
        "previous": {}
    },
    "colour": {
        "current": 16741437,
        "previous": {
            "10-01-2019_00-18-24-072293": 7962319
        }
    },
    "bans": {
        "current": "not banned",
        "previous": {}
    },
    "game": {
        "current": {
            "url": null,
            "name": "The Sims 4",
            "type": 0
        },
        "previous": {
            "09-12-2018_10-10-43-790279": {
                "url": null,
                "name": "Garry's Mod",
                "type": 0
            },
            "08-12-2018_15-44-11-058097": {
                "url": null,
                "name": null,
                "type": null
            },
            "13-01-2019_23-58-57-488890": {
                "url": null,
                "name": null,
                "type": null
            },
            "16-12-2018_22-46-26-221531": {
                "url": null,
                "name": null,
                "type": null
            },
            "05-12-2018_16-27-33-714312": {
                "url": null,
                "name": "Minecraft",
                "type": 0
            },
            "16-12-2018_21-52-39-901037": {
                "url": null,
                "name": null,
                "type": null
            },
            "12-12-2018_11-49-23-541900": {
                "url": null,
                "name": "openCanvas 7",
                "type": 0
            },
            "13-01-2019_18-58-47-852165": {
                "url": null,
                "name": null,
                "type": null
            },
            "07-12-2018_19-07-03-633575": {
                "url": null,
                "name": null,
                "type": null
            },
            "11-12-2018_09-13-26-392726": {
                "url": null,
                "name": "The Forest",
                "type": 0
            },
            "06-12-2018_19-01-41-672098": {
                "url": null,
                "name": "Grand Theft Auto V",
                "type": 0
            },
            "17-12-2018_00-07-55-794219": {
                "url": null,
                "name": "Warframe",
                "type": 0
            },
            "10-12-2018_16-02-31-496869": {
                "url": null,
                "name": "openCanvas 7",
                "type": 0
            },
            "12-01-2019_01-16-58-662867": {
                "url": null,
                "name": "openCanvas 7",
                "type": 0
            }
        }
    },
    "activity": {},
    "status": {
        "current": "dnd",
        "previous": {
            "06-12-2018_14-27-10-018861": "dnd",
            "09-12-2018_10-12-40-202519": "idle",
            "07-12-2018_09-02-35-892853": "offline",
            "08-12-2018_15-44-11-058097": "offline",
            "06-12-2018_15-16-54-897558": "dnd",
            "16-12-2018_22-46-26-221531": "offline",
            "05-12-2018_16-27-33-714312": "offline",
            "06-12-2018_14-10-10-501058": "offline",
            "06-12-2018_13-18-30-157611": "dnd",
            "10-01-2019_00-18-24-072293": "offline",
            "06-12-2018_15-40-12-725739": "dnd",
            "11-12-2018_09-13-26-392726": "idle",
            "17-12-2018_08-19-13-303562": "dnd",
            "10-01-2019_03-36-57-747790": "offline",
            "06-12-2018_00-43-19-590607": "dnd",
            "11-01-2019_22-45-11-058689": "dnd",
            "13-01-2019_18-58-47-852165": "idle",
            "05-12-2018_16-23-43-417186": "dnd",
            "06-12-2018_17-09-51-137367": "dnd",
            "06-12-2018_15-04-14-303670": "offline",
            "09-12-2018_10-10-43-790279": "dnd",
            "06-12-2018_14-01-40-919859": "offline",
            "06-12-2018_01-05-49-556858": "offline",
            "06-12-2018_00-55-15-699438": "offline",
            "13-01-2019_23-58-57-488890": "offline",
            "12-01-2019_01-16-58-662867": "online",
            "06-12-2018_00-44-16-069543": "offline",
            "16-12-2018_21-52-39-901037": "dnd",
            "06-12-2018_14-32-19-309128": "offline",
            "06-12-2018_17-01-29-984225": "offline",
            "07-12-2018_19-07-03-633575": "dnd",
            "06-12-2018_19-01-41-672098": "offline",
            "06-12-2018_00-45-45-907811": "dnd",
            "17-12-2018_00-07-55-794219": "offline",
            "10-12-2018_16-02-31-496869": "offline",
            "12-12-2018_11-49-23-541900": "offline"
        }
    }
}