{
    "created_at": "18-02-2018_23-25-05-990000",
    "cookies": {
        "cookie_interest": 0,
        "active_epochs": 0,
        "cookie_transfer_quota": 0,
        "give": {
            "total_cookies": 0,
            "average": 0.0
        },
        "total_cookies": 0,
        "current_cookies": 0,
        "get": {
            "total_cookies": 0,
            "average": 0.0
        },
        "active_this_epoch": false,
        "cookies_in_jar": 0,
        "measured_epochs": 1
    },
    "name": {
        "current": "KDBot",
        "previous": {}
    },
    "roles": {
        "current": {
            "403239438802485259": {
                "created_at": "17-01-2018_17-29-34-037000",
                "name": "Bots",
                "permissions": 0,
                "position": 10,
                "colour": 13079310
            },
            "403272352223461387": {
                "created_at": "17-01-2018_19-40-21-208000",
                "name": "Members",
                "permissions": 104187968,
                "position": 8,
                "colour": 0
            },
            "403266285313589250": {
                "created_at": "17-01-2018_19-16-14-744000",
                "name": "Abandoned Ones",
                "permissions": 0,
                "position": 9,
                "colour": 16777215
            },
            "178667818152230912": {
                "created_at": "08-05-2016_00-42-07-335000",
                "name": "@everyone",
                "permissions": 0,
                "position": 0,
                "colour": 0
            }
        },
        "previous": {
            "10-01-2019_00-18-24-072293": {
                "403272352223461387": {
                    "created_at": "17-01-2018_19-40-21-208000",
                    "name": "Members",
                    "permissions": 104187968,
                    "position": 8,
                    "colour": 0
                },
                "403266285313589250": {
                    "created_at": "17-01-2018_19-16-14-744000",
                    "name": "Abandoned Ones",
                    "permissions": 0,
                    "position": 9,
                    "colour": 16777215
                },
                "178667818152230912": {
                    "created_at": "08-05-2016_00-42-07-335000",
                    "name": "@everyone",
                    "permissions": 0,
                    "position": 0,
                    "colour": 0
                }
            }
        }
    },
    "id": "414925323197612032",
    "joined_at": {
        "current": "10-01-2019_00-04-46-582610",
        "previous": {}
    },
    "display_name": {
        "current": "KDBot",
        "previous": {}
    },
    "discriminator": {
        "current": "9735",
        "previous": {}
    },
    "bot": true,
    "voice": {
        "current": {
            "self_mute": false,
            "is_afk": false,
            "channel": {
                "id": null,
                "private": null,
                "name": null
            },
            "server_deaf": false,
            "self_deaf": false,
            "server_mute": false
        },
        "previous": {
            "10-01-2019_00-18-24-072293": {
                "self_mute": false,
                "is_afk": false,
                "channel": {
                    "id": null,
                    "private": null,
                    "name": null
                },
                "server_deaf": false,
                "self_deaf": false,
                "server_mute": false
            },
            "10-01-2019_03-36-57-747790": {
                "self_mute": false,
                "is_afk": false,
                "channel": {
                    "id": "523902470724911105",
                    "private": false,
                    "name": "simply-yeet"
                },
                "server_deaf": false,
                "self_deaf": false,
                "server_mute": false
            },
            "11-01-2019_23-54-44-166805": {
                "self_mute": false,
                "is_afk": false,
                "channel": {
                    "id": "523902470724911105",
                    "private": false,
                    "name": "simply-yeet"
                },
                "server_deaf": false,
                "self_deaf": false,
                "server_mute": false
            }
        }
    },
    "colour": {
        "current": 13079310,
        "previous": {
            "10-01-2019_00-18-24-072293": 16777215
        }
    },
    "bans": {
        "current": "not banned",
        "previous": {}
    },
    "game": {
        "current": {
            "url": null,
            "name": "1869 servers | say 'help",
            "type": 0
        },
        "previous": {
            "10-01-2019_00-18-24-072293": {
                "url": null,
                "name": "1679 servers | say 'help",
                "type": 0
            },
            "10-01-2019_03-36-57-747790": {
                "url": null,
                "name": "1719 servers | say 'help",
                "type": 0
            },
            "11-01-2019_23-54-44-166805": {
                "url": null,
                "name": "1766 servers | say 'help",
                "type": 0
            },
            "10-01-2019_03-33-44-007928": {
                "url": null,
                "name": "1680 servers | say 'help",
                "type": 0
            },
            "13-01-2019_23-58-57-488890": {
                "url": null,
                "name": "1868 servers | say 'help",
                "type": 0
            },
            "12-01-2019_01-16-58-662867": {
                "url": null,
                "name": "1820 servers | say 'help",
                "type": 0
            },
            "11-01-2019_22-45-11-058689": {
                "url": null,
                "name": "1761 servers | say 'help",
                "type": 0
            },
            "13-01-2019_18-58-47-852165": {
                "url": null,
                "name": "1836 servers | say 'help",
                "type": 0
            }
        }
    },
    "activity": {
        "2019": {
            "1": {
                "12": {
                    "0": {
                        "532712820454719492": 1
                    }
                },
                "10": {
                    "2": {
                        "523913649182605330": 4
                    }
                }
            }
        }
    },
    "status": {
        "current": "online",
        "previous": {
            "10-01-2019_00-18-24-072293": "offline",
            "12-01-2019_01-16-58-662867": "offline",
            "13-01-2019_18-58-47-852165": "offline"
        }
    }
}