{
    "created_at": "31-03-2018_15-09-24-968000",
    "cookies": {
        "cookie_interest": 0,
        "active_epochs": 0,
        "cookie_transfer_quota": 0,
        "give": {
            "total_cookies": 0,
            "average": 0.0
        },
        "total_cookies": 0,
        "cookies_in_jar": 0,
        "current_cookies": 0,
        "active_this_epoch": false,
        "get": {
            "total_cookies": 0,
            "average": 0.0
        },
        "measured_epochs": 9
    },
    "name": {
        "current": "LXLight",
        "previous": {}
    },
    "roles": {
        "current": {
            "403272352223461387": {
                "created_at": "17-01-2018_19-40-21-208000",
                "name": "Members",
                "permissions": 104187968,
                "position": 8,
                "colour": 0
            },
            "178667818152230912": {
                "created_at": "08-05-2016_00-42-07-335000",
                "name": "@everyone",
                "permissions": 0,
                "position": 0,
                "colour": 0
            },
            "403266285313589250": {
                "created_at": "17-01-2018_19-16-14-744000",
                "name": "Abandoned Ones",
                "permissions": 0,
                "position": 9,
                "colour": 16777215
            }
        },
        "previous": {
            "10-01-2019_00-18-24-072293": {
                "403272352223461387": {
                    "created_at": "17-01-2018_19-40-21-208000",
                    "name": "Members",
                    "permissions": 104187968,
                    "position": 7,
                    "colour": 0
                },
                "178667818152230912": {
                    "created_at": "08-05-2016_00-42-07-335000",
                    "name": "@everyone",
                    "permissions": 0,
                    "position": 0,
                    "colour": 0
                },
                "403266285313589250": {
                    "created_at": "17-01-2018_19-16-14-744000",
                    "name": "Abandoned Ones",
                    "permissions": 0,
                    "position": 8,
                    "colour": 16777215
                }
            },
            "07-12-2018_09-02-35-892853": {
                "403272352223461387": {
                    "created_at": "17-01-2018_19-40-21-208000",
                    "name": "Members",
                    "permissions": 104187968,
                    "position": 11,
                    "colour": 0
                },
                "178667818152230912": {
                    "created_at": "08-05-2016_00-42-07-335000",
                    "name": "@everyone",
                    "permissions": 0,
                    "position": 0,
                    "colour": 0
                },
                "403266285313589250": {
                    "created_at": "17-01-2018_19-16-14-744000",
                    "name": "Abandoned Ones",
                    "permissions": 0,
                    "position": 12,
                    "colour": 16777215
                }
            },
            "06-12-2018_01-05-49-556858": {
                "403272352223461387": {
                    "created_at": "17-01-2018_19-40-21-208000",
                    "name": "Members",
                    "permissions": 104187968,
                    "position": 12,
                    "colour": 0
                },
                "178667818152230912": {
                    "created_at": "08-05-2016_00-42-07-335000",
                    "name": "@everyone",
                    "permissions": 0,
                    "position": 0,
                    "colour": 0
                },
                "403266285313589250": {
                    "created_at": "17-01-2018_19-16-14-744000",
                    "name": "Abandoned Ones",
                    "permissions": 0,
                    "position": 13,
                    "colour": 16777215
                }
            },
            "16-12-2018_21-52-39-901037": {
                "403272352223461387": {
                    "created_at": "17-01-2018_19-40-21-208000",
                    "name": "Members",
                    "permissions": 104187968,
                    "position": 10,
                    "colour": 0
                },
                "178667818152230912": {
                    "created_at": "08-05-2016_00-42-07-335000",
                    "name": "@everyone",
                    "permissions": 0,
                    "position": 0,
                    "colour": 0
                },
                "403266285313589250": {
                    "created_at": "17-01-2018_19-16-14-744000",
                    "name": "Abandoned Ones",
                    "permissions": 0,
                    "position": 11,
                    "colour": 16777215
                }
            }
        }
    },
    "id": "429658482799542282",
    "joined_at": {
        "current": "12-11-2018_20-36-07-928967",
        "previous": {}
    },
    "display_name": {
        "current": "Libby",
        "previous": {
            "17-12-2018_08-19-13-303562": "Ebenezer"
        }
    },
    "bot": false,
    "discriminator": {
        "current": "5627",
        "previous": {}
    },
    "voice": {
        "current": {
            "self_mute": false,
            "is_afk": false,
            "channel": {
                "id": null,
                "private": null,
                "name": null
            },
            "server_deaf": false,
            "self_deaf": false,
            "server_mute": false
        },
        "previous": {
            "16-12-2018_22-46-26-221531": {
                "self_mute": false,
                "is_afk": false,
                "channel": {
                    "id": "403283673647939595",
                    "private": false,
                    "name": "General"
                },
                "server_deaf": false,
                "self_deaf": false,
                "server_mute": false
            },
            "17-12-2018_00-07-55-794219": {
                "self_mute": false,
                "is_afk": false,
                "channel": {
                    "id": "403283673647939595",
                    "private": false,
                    "name": "General"
                },
                "server_deaf": false,
                "self_deaf": false,
                "server_mute": false
            },
            "17-12-2018_08-19-13-303562": {
                "self_mute": true,
                "is_afk": false,
                "channel": {
                    "id": "403283673647939595",
                    "private": false,
                    "name": "General"
                },
                "server_deaf": false,
                "self_deaf": false,
                "server_mute": false
            }
        }
    },
    "colour": {
        "current": 16777215,
        "previous": {}
    },
    "bans": {
        "current": "not banned",
        "previous": {}
    },
    "game": {
        "current": {
            "url": null,
            "name": null,
            "type": null
        },
        "previous": {}
    },
    "activity": {},
    "status": {
        "current": "idle",
        "previous": {
            "10-01-2019_03-36-57-747790": "idle",
            "11-01-2019_23-54-44-166805": "idle",
            "07-12-2018_09-02-35-892853": "online",
            "08-12-2018_15-44-11-058097": "online",
            "13-01-2019_23-58-57-488890": "online",
            "16-12-2018_22-46-26-221531": "offline",
            "07-12-2018_19-07-03-633575": "idle",
            "11-12-2018_09-13-26-392726": "online",
            "06-12-2018_19-01-41-672098": "online",
            "17-12-2018_08-19-13-303562": "online",
            "10-12-2018_16-02-31-496869": "idle",
            "12-01-2019_01-16-58-662867": "online"
        }
    }
}