{
    "bans": {
        "current": "not banned",
        "previous": {}
    },
    "voice": {
        "current": {
            "server_mute": false,
            "self_deaf": false,
            "is_afk": false,
            "channel": {
                "id": null,
                "name": null,
                "private": null
            },
            "server_deaf": false,
            "self_mute": false
        },
        "previous": {}
    },
    "cookies": {
        "active_epochs": 0,
        "give": {
            "total_cookies": 0,
            "average": 0.0
        },
        "current_cookies": 0,
        "cookie_interest": 0,
        "cookie_transfer_quota": 0,
        "active_this_epoch": false,
        "get": {
            "total_cookies": 0,
            "average": 0.0
        },
        "cookies_in_jar": 0,
        "total_cookies": 0,
        "measured_epochs": 3
    },
    "joined_at": {
        "current": "26-01-2018_20-29-41-946000",
        "previous": {}
    },
    "game": {
        "current": {
            "type": null,
            "url": null,
            "name": null
        },
        "previous": {
            "30-11-2018_15-49-54-556422": {
                "type": 0,
                "url": null,
                "name": "Slay the Spire"
            }
        }
    },
    "colour": {
        "current": 0,
        "previous": {}
    },
    "display_name": {
        "current": "Zepher Aerlera",
        "previous": {}
    },
    "activity": {},
    "name": {
        "current": "Zepher Aerlera",
        "previous": {}
    },
    "discriminator": {
        "current": "1364",
        "previous": {}
    },
    "roles": {
        "current": {
            "403243508833452032": {
                "created_at": "17-01-2018_17-45-44-408000",
                "name": "@everyone",
                "colour": 0,
                "permissions": 104324161,
                "position": 0
            }
        },
        "previous": {}
    },
    "id": "305797386926817281",
    "bot": false,
    "status": {
        "current": "offline",
        "previous": {
            "04-12-2018_18-44-39-823871": "online",
            "30-11-2018_15-49-54-556422": "idle",
            "29-11-2018_21-17-26-105126": "online",
            "04-12-2018_21-50-21-537905": "online",
            "30-11-2018_00-08-53-953188": "offline",
            "30-11-2018_14-33-05-991723": "online"
        }
    },
    "created_at": "23-04-2017_20-09-38-484000"
}