{
    "bans": {
        "current": "not banned",
        "previous": {}
    },
    "voice": {
        "current": {
            "server_mute": false,
            "self_deaf": false,
            "is_afk": false,
            "channel": {
                "id": null,
                "name": null,
                "private": null
            },
            "server_deaf": false,
            "self_mute": false
        },
        "previous": {}
    },
    "cookies": {
        "active_epochs": 0,
        "give": {
            "total_cookies": 0,
            "average": 0.0
        },
        "current_cookies": 0,
        "cookie_interest": 0,
        "cookie_transfer_quota": 0,
        "active_this_epoch": false,
        "get": {
            "total_cookies": 0,
            "average": 0.0
        },
        "cookies_in_jar": 0,
        "total_cookies": 0,
        "measured_epochs": 4
    },
    "joined_at": {
        "current": "17-01-2018_17-48-33-459000",
        "previous": {}
    },
    "game": {
        "current": {
            "type": null,
            "url": null,
            "name": null
        },
        "previous": {}
    },
    "colour": {
        "current": 0,
        "previous": {}
    },
    "display_name": {
        "current": "Ely",
        "previous": {}
    },
    "activity": {},
    "name": {
        "current": "Ely",
        "previous": {}
    },
    "discriminator": {
        "current": "3141",
        "previous": {}
    },
    "roles": {
        "current": {
            "403244217817628672": {
                "created_at": "17-01-2018_17-48-33-443000",
                "name": "Elybot",
                "colour": 0,
                "permissions": 268823616,
                "position": 3
            },
            "403243508833452032": {
                "created_at": "17-01-2018_17-45-44-408000",
                "name": "@everyone",
                "colour": 0,
                "permissions": 104324161,
                "position": 0
            }
        },
        "previous": {
            "29-11-2018_15-14-54-884202": {
                "403244217817628672": {
                    "created_at": "17-01-2018_17-48-33-443000",
                    "name": "Elybot",
                    "colour": 0,
                    "permissions": 268823616,
                    "position": 2
                },
                "403243508833452032": {
                    "created_at": "17-01-2018_17-45-44-408000",
                    "name": "@everyone",
                    "colour": 0,
                    "permissions": 104324161,
                    "position": 0
                }
            }
        }
    },
    "id": "327078510558445570",
    "bot": true,
    "status": {
        "current": "online",
        "previous": {
            "23-11-2018_09-56-35-181914": "offline",
            "26-11-2018_18-53-23-927794": "online",
            "29-11-2018_17-47-07-067353": "offline",
            "29-11-2018_15-09-24-930495": "online",
            "04-12-2018_21-50-21-537905": "offline",
            "28-11-2018_00-16-39-854123": "offline"
        }
    },
    "created_at": "21-06-2017_13-33-13-742000"
}