{
    "voice": {
        "previous": {},
        "current": {
            "is_afk": false,
            "self_deaf": false,
            "server_mute": false,
            "channel": {
                "private": null,
                "id": null,
                "name": null
            },
            "self_mute": false,
            "server_deaf": false
        }
    },
    "activity": {},
    "roles": {
        "previous": {},
        "current": {
            "403243508833452032": {
                "permissions": 104324161,
                "colour": 0,
                "position": 0,
                "created_at": "17-01-2018_17-45-44-408000",
                "name": "@everyone"
            }
        }
    },
    "bans": {
        "previous": {},
        "current": "not banned"
    },
    "name": {
        "previous": {},
        "current": "Miki"
    },
    "colour": {
        "previous": {},
        "current": 0
    },
    "bot": true,
    "joined_at": {
        "previous": {},
        "current": "06-01-2019_19-32-24-343905"
    },
    "cookies": {
        "cookie_interest": 0,
        "cookie_transfer_quota": 0,
        "get": {
            "total_cookies": 0,
            "average": 0
        },
        "active_epochs": 0,
        "current_cookies": 0,
        "active_this_epoch": false,
        "measured_epochs": 0,
        "cookies_in_jar": 0,
        "total_cookies": 0,
        "give": {
            "total_cookies": 0,
            "average": 0
        }
    },
    "id": "160105994217586689",
    "status": {
        "previous": {
            "15-01-2019_20-05-24-063373": "offline",
            "30-01-2019_23-45-18-912162": "online",
            "10-01-2019_03-36-57-747790": "offline",
            "31-01-2019_15-07-05-822989": "offline",
            "16-01-2019_15-03-07-147943": "offline",
            "18-02-2019_14-16-21-404972": "offline",
            "07-02-2019_22-30-45-401502": "offline",
            "12-02-2019_19-18-53-139616": "offline",
            "19-01-2019_23-47-11-591556": "offline",
            "12-01-2019_01-16-58-662867": "offline",
            "11-02-2019_22-51-39-999500": "offline",
            "31-01-2019_23-15-25-764869": "offline",
            "08-02-2019_19-38-42-445767": "online",
            "13-01-2019_23-58-57-488890": "offline",
            "09-02-2019_19-14-04-134526": "offline",
            "10-02-2019_10-58-00-564986": "offline",
            "17-01-2019_17-37-42-106001": "offline"
        },
        "current": "online"
    },
    "display_name": {
        "previous": {},
        "current": "Miki"
    },
    "discriminator": {
        "previous": {},
        "current": "6045"
    },
    "created_at": "17-03-2016_19-24-03-647000",
    "game": {
        "previous": {
            "18-02-2019_14-16-21-404972": {
                "type": 3,
                "url": null,
                "name": "veld's stream \ud83d\udc40 | >help"
            },
            "08-02-2019_19-38-42-445767": {
                "type": 0,
                "url": null,
                "name": "with discord \ud83e\udd16 | >help"
            },
            "11-02-2019_22-51-39-999500": {
                "type": 0,
                "url": null,
                "name": "cool meems \ud83d\ude0e | >help"
            },
            "16-02-2019_18-22-40-919504": {
                "type": 1,
                "url": "https://twitch.tv/velddev",
                "name": "league | >help"
            },
            "12-02-2019_19-18-53-139616": {
                "type": 0,
                "url": null,
                "name": ">flips \ud83d\udd38 | >help"
            }
        },
        "current": {
            "type": null,
            "url": null,
            "name": null
        }
    }
}