{
    "voice": {
        "previous": {},
        "current": {
            "is_afk": false,
            "self_deaf": false,
            "server_mute": false,
            "channel": {
                "private": null,
                "id": null,
                "name": null
            },
            "self_mute": false,
            "server_deaf": false
        }
    },
    "activity": {},
    "roles": {
        "previous": {},
        "current": {
            "531557559757438985": {
                "permissions": 35840,
                "colour": 0,
                "name": "MarriageBot",
                "created_at": "06-01-2019_19-39-58-108000",
                "position": 1
            },
            "403243508833452032": {
                "permissions": 104324161,
                "colour": 0,
                "name": "@everyone",
                "created_at": "17-01-2018_17-45-44-408000",
                "position": 0
            }
        }
    },
    "bans": {
        "previous": {},
        "current": "not banned"
    },
    "name": {
        "previous": {},
        "current": "MarriageBot"
    },
    "colour": {
        "previous": {},
        "current": 0
    },
    "bot": true,
    "joined_at": {
        "previous": {},
        "current": "06-01-2019_19-39-58-066171"
    },
    "discriminator": {
        "previous": {},
        "current": "7725"
    },
    "created_at": "16-07-2018_05-02-11-904000",
    "status": {
        "previous": {
            "18-02-2019_21-46-13-382171": "dnd",
            "07-02-2019_22-30-45-401502": "dnd",
            "12-02-2019_19-18-53-139616": "dnd",
            "23-01-2019_23-06-46-438605": "dnd",
            "18-01-2019_15-04-28-265172": "dnd",
            "31-01-2019_23-15-25-764869": "dnd",
            "12-02-2019_18-22-01-172163": "dnd",
            "17-01-2019_17-37-42-106001": "dnd",
            "15-01-2019_20-05-24-063373": "dnd",
            "10-01-2019_03-36-57-747790": "dnd",
            "12-01-2019_01-16-58-662867": "dnd",
            "16-02-2019_18-22-40-919504": "dnd",
            "11-01-2019_22-45-11-058689": "online",
            "11-01-2019_23-09-28-971572": "offline",
            "19-01-2019_23-47-11-591556": "dnd",
            "19-01-2019_13-47-02-065430": "dnd",
            "11-02-2019_22-51-39-999500": "offline",
            "16-01-2019_22-00-47-241502": "dnd",
            "12-02-2019_19-03-22-820778": "dnd",
            "08-02-2019_19-38-42-445767": "dnd",
            "26-01-2019_15-44-45-130911": "dnd",
            "09-02-2019_19-14-04-134526": "dnd",
            "10-02-2019_10-58-00-564986": "dnd"
        },
        "current": "offline"
    },
    "display_name": {
        "previous": {},
        "current": "MarriageBot"
    },
    "cookies": {
        "cookie_interest": 0,
        "cookie_transfer_quota": 0,
        "get": {
            "average": 0,
            "total_cookies": 0
        },
        "active_epochs": 0,
        "current_cookies": 0,
        "active_this_epoch": false,
        "measured_epochs": 0,
        "cookies_in_jar": 0,
        "total_cookies": 0,
        "give": {
            "average": 0,
            "total_cookies": 0
        }
    },
    "id": "468281173072805889",
    "game": {
        "previous": {
            "18-02-2019_21-46-13-382171": {
                "type": 0,
                "name": "Restarting...",
                "url": null
            },
            "07-02-2019_22-30-45-401502": {
                "type": 0,
                "name": "Restarting...",
                "url": null
            },
            "12-02-2019_19-18-53-139616": {
                "type": 0,
                "name": "Restarting...",
                "url": null
            },
            "23-01-2019_23-06-46-438605": {
                "type": 0,
                "name": "Restarting...",
                "url": null
            },
            "18-01-2019_15-04-28-265172": {
                "type": 0,
                "name": "Restarting...",
                "url": null
            },
            "31-01-2019_23-15-25-764869": {
                "type": 0,
                "name": "Restarting...",
                "url": null
            },
            "12-02-2019_18-22-01-172163": {
                "type": 0,
                "name": "Restarting...",
                "url": null
            },
            "17-01-2019_17-37-42-106001": {
                "type": 0,
                "name": "Restarting...",
                "url": null
            },
            "15-01-2019_20-05-24-063373": {
                "type": 0,
                "name": "Restarting...",
                "url": null
            },
            "10-01-2019_03-36-57-747790": {
                "type": 0,
                "name": "Restarting...",
                "url": null
            },
            "12-01-2019_01-16-58-662867": {
                "type": 0,
                "name": "Restarting...",
                "url": null
            },
            "16-02-2019_18-22-40-919504": {
                "type": 0,
                "name": "Restarting...",
                "url": null
            },
            "11-01-2019_22-45-11-058689": {
                "type": 0,
                "name": "m!help (shard 8)",
                "url": null
            },
            "11-01-2019_23-09-28-971572": {
                "type": null,
                "name": null,
                "url": null
            },
            "19-01-2019_23-47-11-591556": {
                "type": 0,
                "name": "Restarting...",
                "url": null
            },
            "19-01-2019_13-47-02-065430": {
                "type": 0,
                "name": "Restarting...",
                "url": null
            },
            "11-02-2019_22-51-39-999500": {
                "type": null,
                "name": null,
                "url": null
            },
            "16-01-2019_22-00-47-241502": {
                "type": 0,
                "name": "Restarting...",
                "url": null
            },
            "12-02-2019_19-03-22-820778": {
                "type": 0,
                "name": "Restarting...",
                "url": null
            },
            "08-02-2019_19-38-42-445767": {
                "type": 0,
                "name": "Restarting...",
                "url": null
            },
            "26-01-2019_15-44-45-130911": {
                "type": 0,
                "name": "Restarting...",
                "url": null
            },
            "09-02-2019_19-14-04-134526": {
                "type": 0,
                "name": "Restarting...",
                "url": null
            },
            "10-02-2019_10-58-00-564986": {
                "type": 0,
                "name": "Restarting...",
                "url": null
            }
        },
        "current": {
            "type": null,
            "url": null,
            "name": null
        }
    }
}